Portfolio Name,Symbol,ISIN,Name,Transaction Date,Transaction Type,Transaction Amount,Transaction Charges,Transaction Units,Transaction Price,Price,Date
Pai,AARTIDRUGS,INE767A01016,Aarti Drugs Limited,2022-10-24,Purchase,7355.2,0,16,459.7,,
Pai,AARTIDRUGS,INE767A01016,Aarti Drugs Limited,2022-11-02,Purchase,473.4,0,1,473.4,,
Pai,AARTIDRUGS,INE767A01016,Aarti Drugs Limited,2022-12-01,Purchase,452.65,0,1,452.65,,
Pai,AARTIDRUGS,INE767A01016,Aarti Drugs Limited,2023-01-12,Purchase,448.85,0,1,448.85,,
Pai,AARTIDRUGS,INE767A01016,Aarti Drugs Limited,2023-02-08,Dividend,19,0,0,0,,
Pai,AARTIDRUGS,INE767A01016,Aarti Drugs Limited,2023-03-13,Purchase,5381.6,0,16,336.35,,
Pai,AARTIDRUGS,INE767A01016,Aarti Drugs Limited,2023-08-24,Sale,-900,0,-1,900,,
Pai,AARTIDRUGS,INE767A01016,Aarti Drugs Limited,2024-02-06,Dividend,34,0,0,0,,
Pai,AARTIDRUGS,INE767A01016,Aarti Drugs Limited,2024-10-29,Sale,-7235.45,17.05,-15,483.5,,
Pai,AARTIDRUGS,INE767A01016,Aarti Drugs Limited,2024-10-29,Sale,-2417.25,0,-5,483.45,,
Pai,AARTIDRUGS,INE767A01016,Aarti Drugs Limited,2024-10-29,Sale,-6769.7,0,-14,483.55,,
Pai,AARTIPHARM,INE0LRU01027,Aarti Pharmalabs Limited,2023-10-23,Purchase,27132.7,0,71,382.15,,
Pai,AARTIPHARM,INE0LRU01027,Aarti Pharmalabs Limited,2024-02-16,Dividend,142,0,0,0,,
Pai,AARTIPHARM,INE0LRU01027,Aarti Pharmalabs Limited,2024-07-31,Dividend,71,0,0,0,,
Pai,AARTIPHARM,INE0LRU01027,Aarti Pharmalabs Limited,2025-02-14,Dividend,177.5,0,0,0,,
Pai,AARTIPHARM,INE0LRU01027,Aarti Pharmalabs Limited,2025-09-15,Dividend,177.5,0,0,0,,
Pai,AARTIPHARM,INE0LRU01027,Aarti Pharmalabs Limited,2025-11-11,Sale,-14312.7,0,-19,753.3,,
Pai,AARTIPHARM,INE0LRU01027,Aarti Pharmalabs Limited,2025-11-11,Sale,-14313.6,0,-19,753.35,,
Pai,AARTIPHARM,INE0LRU01027,Aarti Pharmalabs Limited,2025-11-11,Sale,-16500.7,70.83,-22,753.25,,
Pai,AARTIPHARM,INE0LRU01027,Aarti Pharmalabs Limited,2025-11-11,Sale,-753.65,0,-1,753.65,,
Pai,AARTIPHARM,INE0LRU01027,Aarti Pharmalabs Limited,2025-11-11,Sale,-3014.4,0,-4,753.6,,
Pai,AARTIPHARM,INE0LRU01027,Aarti Pharmalabs Limited,2025-11-11,Sale,-1507.1,0,-2,753.55,,
Pai,AARTIPHARM,INE0LRU01027,Aarti Pharmalabs Limited,2025-11-11,Sale,-3013.6,0,-4,753.4,,
Pai,POWERINDIA,INE07Y701011,ABB Power Products and Systems India Limited,2022-10-24,Purchase,16194.8,0,5,3238.95,33020,2026-05-11
Pai,POWERINDIA,INE07Y701011,ABB Power Products and Systems India Limited,2023-03-14,Sale,-16874.5,0,-5,3374.9,33020,2026-05-11
Pai,ACC,INE012A01025,ACC Limited,2025-02-17,Purchase,18947.6,24.59,10,1892.3,,
Pai,ACC,INE012A01025,ACC Limited,2025-02-17,Purchase,1892.35,0,1,1892.35,,
Pai,ACC,INE012A01025,ACC Limited,2025-03-12,Purchase,3724.96,4.86,2,1860.05,,
Pai,ACC,INE012A01025,ACC Limited,2025-04-29,Purchase,3841.78,4.98,2,1918.4,,
Pai,ACC,INE012A01025,ACC Limited,2025-05-29,Purchase,3842.58,4.98,2,1918.8,,
Pai,ACC,INE012A01025,ACC Limited,2025-06-02,Sale,-32004.9,48.59,-17,1885.5,,
Pai,ACMESOLAR,INE622W01025,ACME Solar Holdings Limited,2025-01-30,Purchase,129097,152.77,613,210.35,246.37,2026-03-20
Pai,ACMESOLAR,INE622W01025,ACME Solar Holdings Limited,2025-02-12,Purchase,9074.77,17.83,46,196.89,246.37,2026-03-20
Pai,ACMESOLAR,INE622W01025,ACME Solar Holdings Limited,2025-02-17,Sale,-2598.75,0,-15,173.25,246.37,2026-03-20
Pai,ACMESOLAR,INE622W01025,ACME Solar Holdings Limited,2025-02-17,Sale,-20772,0,-120,173.1,246.37,2026-03-20
Pai,ACMESOLAR,INE622W01025,ACME Solar Holdings Limited,2025-02-17,Sale,-3468.8,0,-20,173.44,246.37,2026-03-20
Pai,ACMESOLAR,INE622W01025,ACME Solar Holdings Limited,2025-02-17,Sale,-3294.98,0,-19,173.42,246.37,2026-03-20
Pai,ACMESOLAR,INE622W01025,ACME Solar Holdings Limited,2025-02-17,Sale,-4162.32,0,-24,173.43,246.37,2026-03-20
Pai,ACMESOLAR,INE622W01025,ACME Solar Holdings Limited,2025-02-17,Sale,-76687.2,133.67,-444,173.02,246.37,2026-03-20
Pai,ACMESOLAR,INE622W01025,ACME Solar Holdings Limited,2025-02-17,Sale,-173.5,0,-1,173.5,246.37,2026-03-20
Pai,ACMESOLAR,INE622W01025,ACME Solar Holdings Limited,2025-02-17,Sale,-2768.8,0,-16,173.05,246.37,2026-03-20
Pai,ACMESOLAR,INE622W01025,ACME Solar Holdings Limited,2025-03-21,Purchase,133375,158.2,659,202.15,246.37,2026-03-20
Pai,ACMESOLAR,INE622W01025,ACME Solar Holdings Limited,2025-03-27,Sale,-27051,0,-142,190.5,246.37,2026-03-20
Pai,ACMESOLAR,INE622W01025,ACME Solar Holdings Limited,2025-03-27,Sale,-79060,146.39,-416,190.4,246.37,2026-03-20
Pai,ACMESOLAR,INE622W01025,ACME Solar Holdings Limited,2025-03-27,Sale,-18854.5,0,-99,190.45,246.37,2026-03-20
Pai,ACMESOLAR,INE622W01025,ACME Solar Holdings Limited,2025-03-27,Sale,-381.1,0,-2,190.55,246.37,2026-03-20
Pai,ACMESOLAR,INE622W01025,ACME Solar Holdings Limited,2025-04-02,Purchase,127272,150.81,659,192.9,246.37,2026-03-20
Pai,ACMESOLAR,INE622W01025,ACME Solar Holdings Limited,2025-04-29,Purchase,10223.5,0,48,212.99,246.37,2026-03-20
Pai,ACMESOLAR,INE622W01025,ACME Solar Holdings Limited,2025-04-29,Purchase,13207.2,0,62,213.02,246.37,2026-03-20
Pai,ACMESOLAR,INE622W01025,ACME Solar Holdings Limited,2025-04-29,Purchase,17731.9,52.06,83,213.01,246.37,2026-03-20
Pai,ACMESOLAR,INE622W01025,ACME Solar Holdings Limited,2025-05-02,Dividend,170.4,0,0,0,246.37,2026-03-20
Pai,ACMESOLAR,INE622W01025,ACME Solar Holdings Limited,2025-05-29,Purchase,6241.72,7.47,25,249.37,246.37,2026-03-20
Pai,ACMESOLAR,INE622W01025,ACME Solar Holdings Limited,2025-06-30,Purchase,2990.4,0,12,249.2,246.37,2026-03-20
Pai,ACMESOLAR,INE622W01025,ACME Solar Holdings Limited,2025-06-30,Purchase,3497.22,7.72,14,249.25,246.37,2026-03-20
Pai,ACMESOLAR,INE622W01025,ACME Solar Holdings Limited,2025-08-29,Purchase,1734,1.8,6,288.7,246.37,2026-03-20
Pai,ACMESOLAR,INE622W01025,ACME Solar Holdings Limited,2025-09-29,Purchase,15280.6,17.83,56,272.55,246.37,2026-03-20
Pai,ACMESOLAR,INE622W01025,ACME Solar Holdings Limited,2025-10-29,Purchase,571.98,0.68,2,285.65,246.37,2026-03-20
Pai,ACMESOLAR,INE622W01025,ACME Solar Holdings Limited,2025-11-11,Sale,-15234,0,-60,253.9,246.37,2026-03-20
Pai,ACMESOLAR,INE622W01025,ACME Solar Holdings Limited,2025-11-11,Sale,-150261,271.98,-593,253.85,246.37,2026-03-20
Pai,ACMESOLAR,INE622W01025,ACME Solar Holdings Limited,2025-11-11,Sale,-15494,0,-61,254,246.37,2026-03-20
Pai,ACMESOLAR,INE622W01025,ACME Solar Holdings Limited,2025-11-11,Sale,-38831.4,0,-153,253.8,246.37,2026-03-20
Pai,ACMESOLAR,INE622W01025,ACME Solar Holdings Limited,2025-11-11,Sale,-12455.8,0,-49,254.2,246.37,2026-03-20
Pai,ACMESOLAR,INE622W01025,ACME Solar Holdings Limited,2025-11-11,Sale,-12956.5,0,-51,254.05,246.37,2026-03-20
Pai,ACMESOLAR,INE622W01025,ACME Solar Holdings Limited,2026-01-05,Purchase,118981,141.29,500,237.68,246.37,2026-03-20
Pai,ACMESOLAR,INE622W01025,ACME Solar Holdings Limited,2026-02-06,Dividend,100,0,0,0,246.37,2026-03-20
Pai,ACMESOLAR,INE622W01025,ACME Solar Holdings Limited,2026-03-12,Sale,-25261.6,0,-112,225.55,246.37,2026-03-20
Pai,ACMESOLAR,INE622W01025,ACME Solar Holdings Limited,2026-03-12,Sale,-225.65,0,-1,225.65,246.37,2026-03-20
Pai,ACMESOLAR,INE622W01025,ACME Solar Holdings Limited,2026-03-12,Sale,-38092.6,0,-169,225.4,246.37,2026-03-20
Pai,ACMESOLAR,INE622W01025,ACME Solar Holdings Limited,2026-03-12,Sale,-44280.5,133.19,-197,225.45,246.37,2026-03-20
Pai,ACMESOLAR,INE622W01025,ACME Solar Holdings Limited,2026-03-12,Sale,-4737.6,0,-21,225.6,246.37,2026-03-20
Pai,ACE,INE731H01025,Action Construction Equipment Limited,2023-05-03,Purchase,2169.75,0,5,433.95,1094.3,2026-08-07
Pai,ACE,INE731H01025,Action Construction Equipment Limited,2023-05-12,Purchase,901.6,0,2,450.8,1094.3,2026-08-07
Pai,ACE,INE731H01025,Action Construction Equipment Limited,2023-06-12,Purchase,1466.1,0,3,488.7,1094.3,2026-08-07
Pai,ACE,INE731H01025,Action Construction Equipment Limited,2023-07-13,Purchase,1818.6,0,3,606.2,1094.3,2026-08-07
Pai,ACE,INE731H01025,Action Construction Equipment Limited,2023-08-14,Purchase,779.85,0,1,779.85,1094.3,2026-08-07
Pai,ACE,INE731H01025,Action Construction Equipment Limited,2023-08-17,Dividend,14,0,0,0,1094.3,2026-08-07
Pai,ACE,INE731H01025,Action Construction Equipment Limited,2023-09-12,Purchase,2752,0,4,688,1094.3,2026-08-07
Pai,ACE,INE731H01025,Action Construction Equipment Limited,2023-10-12,Purchase,3599.5,0,5,719.9,1094.3,2026-08-07
Pai,ACE,INE731H01025,Action Construction Equipment Limited,2023-10-12,Purchase,718.15,0,1,718.15,1094.3,2026-08-07
Pai,ACE,INE731H01025,Action Construction Equipment Limited,2024-07-19,Sale,-32945.5,49.67,-24,1374.8,1094.3,2026-08-07
Pai,ACE,INE731H01025,Action Construction Equipment Limited,2025-11-25,Purchase,20451.1,24.36,21,972.7,1094.3,2026-08-07
Pai,ACE,INE731H01025,Action Construction Equipment Limited,2026-02-23,Purchase,2616.31,2.71,3,871.2,1094.3,2026-08-07
Pai,ACE,INE731H01025,Action Construction Equipment Limited,2026-03-12,Sale,-20166.9,36.3,-24,841.8,1094.3,2026-08-07
Pai,ACE,INE731H01025,Action Construction Equipment Limited,2026-04-20,Purchase,12833,15.3,14,915.55,1094.3,2026-08-07
Pai,AWL,INE699H01024,Adani Wilmar Limited,2022-10-24,Purchase,13798,0,20,689.9,,
Pai,AWL,INE699H01024,Adani Wilmar Limited,2022-10-24,Purchase,3449,0,5,689.8,,
Pai,AWL,INE699H01024,Adani Wilmar Limited,2022-12-01,Purchase,652.35,0,1,652.35,,
Pai,AWL,INE699H01024,Adani Wilmar Limited,2023-01-12,Purchase,1724.4,0,3,574.8,,
Pai,AWL,INE699H01024,Adani Wilmar Limited,2023-02-13,Purchase,2898.7,0,7,414.1,,
Pai,AWL,INE699H01024,Adani Wilmar Limited,2023-03-13,Sale,-16147.8,0,-36,448.55,,
Pai,AWL,INE699H01024,Adani Wilmar Limited,2025-10-20,Purchase,13015.5,15.49,50,260,,
Pai,AWL,INE699H01024,Adani Wilmar Limited,2025-10-29,Purchase,540.64,0.64,2,270,,
Pai,AWL,INE699H01024,Adani Wilmar Limited,2025-11-25,Sale,-13729.6,29.61,-52,264.6,,
Pai,ABCAPITAL,INE674K01013,Aditya Birla Capital Limited,2025-04-11,Purchase,12362.9,27.54,66,186.9,408.05,2026-08-07
Pai,ABCAPITAL,INE674K01013,Aditya Birla Capital Limited,2025-04-11,Purchase,11587.2,0,62,186.89,408.05,2026-08-07
Pai,ABCAPITAL,INE674K01013,Aditya Birla Capital Limited,2025-04-29,Purchase,3635.73,4.77,18,201.72,408.05,2026-08-07
Pai,ABCAPITAL,INE674K01013,Aditya Birla Capital Limited,2025-05-29,Purchase,669.09,0.69,3,222.8,408.05,2026-08-07
Pai,ABCAPITAL,INE674K01013,Aditya Birla Capital Limited,2025-07-29,Purchase,3269.64,3.39,13,251.25,408.05,2026-08-07
Pai,ABCAPITAL,INE674K01013,Aditya Birla Capital Limited,2025-08-29,Purchase,4484.85,5.65,16,279.95,408.05,2026-08-07
Pai,ABCAPITAL,INE674K01013,Aditya Birla Capital Limited,2025-09-29,Purchase,4836.56,6.01,17,284.15,408.05,2026-08-07
Pai,ABCAPITAL,INE674K01013,Aditya Birla Capital Limited,2025-10-29,Purchase,1879.63,2.23,6,312.9,408.05,2026-08-07
Pai,ABCAPITAL,INE674K01013,Aditya Birla Capital Limited,2025-11-17,Purchase,4004.75,5.15,12,333.3,408.05,2026-08-07
Pai,ABCAPITAL,INE674K01013,Aditya Birla Capital Limited,2025-12-02,Sale,-4974.14,23.86,-14,357,408.05,2026-08-07
Pai,ABCAPITAL,INE674K01013,Aditya Birla Capital Limited,2025-12-02,Sale,-3213.45,0,-9,357.05,408.05,2026-08-07
Pai,ADOR,INE045A01017,Ador Welding Limited,2023-05-03,Purchase,2148.1,0,2,1074.05,,
Pai,ADOR,INE045A01017,Ador Welding Limited,2023-05-12,Purchase,1172.35,0,1,1172.35,,
Pai,ADOR,INE045A01017,Ador Welding Limited,2023-06-12,Purchase,1177.9,0,1,1177.9,,
Pai,ADOR,INE045A01017,Ador Welding Limited,2023-07-13,Purchase,1266.75,0,1,1266.75,,
Pai,ADOR,INE045A01017,Ador Welding Limited,2023-07-13,Purchase,2535.3,0,2,1267.65,,
Pai,ADOR,INE045A01017,Ador Welding Limited,2023-08-02,Dividend,122.5,0,0,0,,
Pai,ADOR,INE045A01017,Ador Welding Limited,2023-08-14,Purchase,2224,0,2,1112,,
Pai,ADOR,INE045A01017,Ador Welding Limited,2023-08-14,Purchase,1111.45,0,1,1111.45,,
Pai,ADOR,INE045A01017,Ador Welding Limited,2023-09-12,Purchase,1094.85,0,1,1094.85,,
Pai,ADOR,INE045A01017,Ador Welding Limited,2023-10-12,Purchase,1130.5,0,1,1130.5,,
Pai,ADOR,INE045A01017,Ador Welding Limited,2024-05-15,Dividend,222,0,0,0,,
Pai,ADOR,INE045A01017,Ador Welding Limited,2024-12-16,Sale,-1154.2,0,-1,1154.2,,
Pai,ADOR,INE045A01017,Ador Welding Limited,2024-12-16,Sale,-1154.15,0,-1,1154.15,,
Pai,ADOR,INE045A01017,Ador Welding Limited,2024-12-16,Sale,-11520.3,29.72,-10,1155,,
Pai,AFFLE,INE00WC01019,Affle (India) Limited,2026-05-25,Purchase,15923.4,18.5,11,1445.9,1645.6,2026-08-07
Pai,AIAENG,INE212H01026,AIA Engineering Limited,2022-10-24,Purchase,5247.9,0,2,2623.95,,
Pai,AIAENG,INE212H01026,AIA Engineering Limited,2023-09-12,Dividend,32,0,0,0,,
Pai,AIAENG,INE212H01026,AIA Engineering Limited,2024-08-20,Dividend,32,0,0,0,,
Pai,AIAENG,INE212H01026,AIA Engineering Limited,2024-10-29,Sale,-3853.95,0,-1,3853.95,,
Pai,AIAENG,INE212H01026,AIA Engineering Limited,2024-10-29,Sale,-3846,8,-1,3854,,
Pai,AMBER,INE371P01015,Amber Enterprises India Limited,2026-02-10,Purchase,118544,0,16,7409,6746.5,2026-03-25
Pai,AMBER,INE371P01015,Amber Enterprises India Limited,2026-02-10,Purchase,163323,336.1,22,7408.5,6746.5,2026-03-25
Pai,AMBER,INE371P01015,Amber Enterprises India Limited,2026-03-12,Sale,-139649,291.19,-20,6997,6746.5,2026-03-25
Pai,AMBER,INE371P01015,Amber Enterprises India Limited,2026-03-12,Sale,-62977.5,0,-9,6997.5,6746.5,2026-03-25
Pai,AMBER,INE371P01015,Amber Enterprises India Limited,2026-03-12,Sale,-62982,0,-9,6998,6746.5,2026-03-25
Pai,ANANTRAJ,INE242C01024,Anant Raj Limited,2026-02-10,Purchase,575.55,0,1,575.55,615.9,2026-08-07
Pai,ANANTRAJ,INE242C01024,Anant Raj Limited,2026-02-10,Purchase,575.7,0,1,575.7,615.9,2026-08-07
Pai,ANANTRAJ,INE242C01024,Anant Raj Limited,2026-02-10,Purchase,2302,0,4,575.5,615.9,2026-08-07
Pai,ANANTRAJ,INE242C01024,Anant Raj Limited,2026-02-10,Purchase,30509.5,0,53,575.65,615.9,2026-08-07
Pai,ANANTRAJ,INE242C01024,Anant Raj Limited,2026-02-10,Purchase,52496.5,103.28,91,575.75,615.9,2026-08-07
Pai,ANANTRAJ,INE242C01024,Anant Raj Limited,2026-03-12,Sale,-69159.8,87.73,-150,461.65,615.9,2026-08-07
Pai,ANANTRAJ,INE242C01024,Anant Raj Limited,2026-03-24,Purchase,9908.8,0,22,450.4,615.9,2026-08-07
Pai,ANANTRAJ,INE242C01024,Anant Raj Limited,2026-03-24,Purchase,36936.9,0,82,450.45,615.9,2026-08-07
Pai,ANANTRAJ,INE242C01024,Anant Raj Limited,2026-03-24,Purchase,81272.5,182.52,180,450.5,615.9,2026-08-07
Pai,ANANTRAJ,INE242C01024,Anant Raj Limited,2026-03-24,Purchase,7208.8,0,16,450.55,615.9,2026-08-07
Pai,ANANTRAJ,INE242C01024,Anant Raj Limited,2026-03-24,Purchase,17587,0,39,450.95,615.9,2026-08-07
Pai,ANANTRAJ,INE242C01024,Anant Raj Limited,2026-04-01,Purchase,435320,520.34,1000,434.8,615.9,2026-08-07
Pai,ANANTRAJ,INE242C01024,Anant Raj Limited,2026-04-20,Purchase,80178.3,95.72,156,513.35,615.9,2026-08-07
Pai,ANGELONE,INE732I01021,Angel One Limited,2023-11-02,Purchase,13255.8,0,5,2651.15,,
Pai,ANGELONE,INE732I01021,Angel One Limited,2023-11-13,Purchase,2735,0,1,2735,,
Pai,ANGELONE,INE732I01021,Angel One Limited,2023-12-01,Sale,-18378.3,0,-6,3063.05,,
Pai,APARINDS,INE372A01015,Apar Industries Limited,2022-10-24,Purchase,17710.2,0,12,1475.85,,
Pai,APARINDS,INE372A01015,Apar Industries Limited,2022-11-02,Purchase,1428.85,0,1,1428.85,,
Pai,APARINDS,INE372A01015,Apar Industries Limited,2022-12-01,Purchase,1502.8,0,1,1502.8,,
Pai,APARINDS,INE372A01015,Apar Industries Limited,2023-03-14,Sale,-6871.5,0,-3,2290.5,,
Pai,APARINDS,INE372A01015,Apar Industries Limited,2023-04-03,Purchase,2604,0,1,2604,,
Pai,APARINDS,INE372A01015,Apar Industries Limited,2023-05-12,Purchase,5290,0,2,2645,,
Pai,APARINDS,INE372A01015,Apar Industries Limited,2023-08-04,Dividend,560,0,0,0,,
Pai,APARINDS,INE372A01015,Apar Industries Limited,2023-11-02,Sale,-5134.85,0,-1,5134.85,,
Pai,APARINDS,INE372A01015,Apar Industries Limited,2023-11-02,Sale,-51349,0,-10,5134.9,,
Pai,APARINDS,INE372A01015,Apar Industries Limited,2023-11-02,Sale,-15402.6,0,-3,5134.2,,
Pai,APLAPOLLO,INE702C01019,APL Apollo Tubes Limited,2025-12-19,Purchase,45278,60.54,25,1808.7,1817.6,2026-06-12
Pai,APLAPOLLO,INE702C01019,APL Apollo Tubes Limited,2025-12-19,Purchase,5425.8,0,3,1808.6,1817.6,2026-06-12
Pai,APLAPOLLO,INE702C01019,APL Apollo Tubes Limited,2026-04-20,Purchase,99650.1,118.25,47,2117.7,1817.6,2026-06-12
Pai,APLAPOLLO,INE702C01019,APL Apollo Tubes Limited,2026-06-11,Sale,-131693,153.18,-75,1757.95,1817.6,2026-06-12
Pai,APOLLO,INE713T01010,Apollo Micro Systems Limited,2026-01-02,Purchase,200121,238.78,725,275.7,198.63,2026-03-20
Pai,APOLLO,INE713T01010,Apollo Micro Systems Limited,2026-03-12,Sale,-149904,171.03,-725,207,198.63,2026-03-20
Pai,ARTEMISMED,INE025R01021,Artemis Medicare Services Limited,2022-11-23,Purchase,14359.8,0,182,78.9,,
Pai,ARTEMISMED,INE025R01021,Artemis Medicare Services Limited,2022-12-01,Purchase,563.5,0,7,80.5,,
Pai,ARTEMISMED,INE025R01021,Artemis Medicare Services Limited,2023-01-12,Purchase,1152,0,16,72,,
Pai,ARTEMISMED,INE025R01021,Artemis Medicare Services Limited,2023-02-13,Purchase,135.2,0,2,67.6,,
Pai,ARTEMISMED,INE025R01021,Artemis Medicare Services Limited,2023-03-13,Purchase,1704.3,0,26,65.55,,
Pai,ARTEMISMED,INE025R01021,Artemis Medicare Services Limited,2023-03-13,Purchase,2421.65,0,37,65.45,,
Pai,ARTEMISMED,INE025R01021,Artemis Medicare Services Limited,2023-07-14,Dividend,121.5,0,0,0,,
Pai,ARTEMISMED,INE025R01021,Artemis Medicare Services Limited,2024-07-05,Dividend,121.5,0,0,0,,
Pai,ARTEMISMED,INE025R01021,Artemis Medicare Services Limited,2025-03-03,Sale,-1768.4,0,-8,221.05,,
Pai,ARTEMISMED,INE025R01021,Artemis Medicare Services Limited,2025-03-03,Sale,-13266,0,-60,221.1,,
Pai,ARTEMISMED,INE025R01021,Artemis Medicare Services Limited,2025-03-03,Sale,-11278.6,0,-51,221.15,,
Pai,ARTEMISMED,INE025R01021,Artemis Medicare Services Limited,2025-03-03,Sale,-12829.6,0,-58,221.2,,
Pai,ARTEMISMED,INE025R01021,Artemis Medicare Services Limited,2025-03-03,Sale,-20056,77.77,-91,221.25,,
Pai,ARTEMISMED,INE025R01021,Artemis Medicare Services Limited,2025-03-03,Sale,-221.3,0,-1,221.3,,
Pai,ARTEMISMED,INE025R01021,Artemis Medicare Services Limited,2025-03-03,Sale,-221.35,0,-1,221.35,,
Pai,ARTEMISMED,INE025R01021,Artemis Medicare Services Limited,2025-03-21,Purchase,68917.9,81.41,270,254.95,,
Pai,ARTEMISMED,INE025R01021,Artemis Medicare Services Limited,2025-05-08,Sale,-64865.3,83.24,-270,240.55,,
Pai,ARVINDFASN,INE955V01021,Arvind Fashions Limited,2023-05-03,Purchase,564.8,0,2,282.4,,
Pai,ARVINDFASN,INE955V01021,Arvind Fashions Limited,2023-05-03,Purchase,1129.8,0,4,282.45,,
Pai,ARVINDFASN,INE955V01021,Arvind Fashions Limited,2023-05-12,Purchase,1124.05,1.05,4,280.75,,
Pai,ARVINDFASN,INE955V01021,Arvind Fashions Limited,2023-06-12,Purchase,315.45,0,1,315.45,,
Pai,ARVINDFASN,INE955V01021,Arvind Fashions Limited,2023-06-12,Purchase,630.8,0,2,315.4,,
Pai,ARVINDFASN,INE955V01021,Arvind Fashions Limited,2023-07-13,Purchase,1040.85,0,3,346.95,,
Pai,ARVINDFASN,INE955V01021,Arvind Fashions Limited,2023-07-13,Purchase,1734.5,0,5,346.9,,
Pai,ARVINDFASN,INE955V01021,Arvind Fashions Limited,2023-08-14,Purchase,2436,0,8,304.5,,
Pai,ARVINDFASN,INE955V01021,Arvind Fashions Limited,2023-08-14,Purchase,609.5,0,2,304.75,,
Pai,ARVINDFASN,INE955V01021,Arvind Fashions Limited,2023-09-01,Dividend,31,0,0,0,,
Pai,ARVINDFASN,INE955V01021,Arvind Fashions Limited,2023-09-12,Purchase,324.9,0,1,324.9,,
Pai,ARVINDFASN,INE955V01021,Arvind Fashions Limited,2023-10-12,Purchase,658,0,2,329,,
Pai,ARVINDFASN,INE955V01021,Arvind Fashions Limited,2024-08-09,Dividend,42.5,0,0,0,,
Pai,ARVINDFASN,INE955V01021,Arvind Fashions Limited,2025-01-15,Sale,-17004.4,33.01,-34,501.1,,
Pai,ASAHISONG,INE228I01012,Asahi Songwon Colors Limited,2022-10-24,Purchase,2379.6,0,8,297.45,,
Pai,ASAHISONG,INE228I01012,Asahi Songwon Colors Limited,2022-10-24,Purchase,10115,0,34,297.5,,
Pai,ASAHISONG,INE228I01012,Asahi Songwon Colors Limited,2022-11-02,Purchase,878.1,0,3,292.7,,
Pai,ASAHISONG,INE228I01012,Asahi Songwon Colors Limited,2022-12-01,Purchase,1071,0,4,267.75,,
Pai,ASAHISONG,INE228I01012,Asahi Songwon Colors Limited,2023-01-12,Purchase,521.2,0,2,260.6,,
Pai,ASAHISONG,INE228I01012,Asahi Songwon Colors Limited,2023-02-13,Purchase,665.7,0,3,221.9,,
Pai,ASAHISONG,INE228I01012,Asahi Songwon Colors Limited,2023-03-13,Sale,-1867,0,-10,186.7,,
Pai,ASAHISONG,INE228I01012,Asahi Songwon Colors Limited,2023-03-13,Sale,-2239.8,0,-12,186.65,,
Pai,ASAHISONG,INE228I01012,Asahi Songwon Colors Limited,2023-03-13,Sale,-5971.2,0,-32,186.6,,
Pai,ASHAPURMIN,INE348A01023,Ashapura Minechem Limited,2026-04-20,Purchase,130036,154.78,211,615.55,738.35,2026-08-07
Pai,ASHOKLEY,INE208A01029,Ashok Leyland Limited,2025-02-17,Purchase,10803.5,24,49,219.99,158.21,2026-05-22
Pai,ASHOKLEY,INE208A01029,Ashok Leyland Limited,2025-02-17,Purchase,2420,0,11,220,158.21,2026-05-22
Pai,ASHOKLEY,INE208A01029,Ashok Leyland Limited,2025-02-17,Purchase,7040.96,0,32,220.03,158.21,2026-05-22
Pai,ASHOKLEY,INE208A01029,Ashok Leyland Limited,2025-03-12,Purchase,5203.27,6.39,26,199.88,158.21,2026-05-22
Pai,ASHOKLEY,INE208A01029,Ashok Leyland Limited,2025-04-11,Sale,-24650.5,40.96,-118,209.25,158.21,2026-05-22
Pai,ASHOKLEY,INE208A01029,Ashok Leyland Limited,2025-11-03,Purchase,37443.4,71.06,263,142.1,158.21,2026-05-22
Pai,ASHOKLEY,INE208A01029,Ashok Leyland Limited,2025-11-03,Purchase,22450.2,0,158,142.09,158.21,2026-05-22
Pai,ASHOKLEY,INE208A01029,Ashok Leyland Limited,2025-11-17,Purchase,1187.15,1.23,8,148.24,158.21,2026-05-22
Pai,ASHOKLEY,INE208A01029,Ashok Leyland Limited,2025-11-18,Dividend,429,0,0,0,158.21,2026-05-22
Pai,ASHOKLEY,INE208A01029,Ashok Leyland Limited,2026-05-20,Sale,-10607.4,0,-71,149.4,158.21,2026-05-22
Pai,ASHOKLEY,INE208A01029,Ashok Leyland Limited,2026-05-20,Sale,-53420.7,82.36,-358,149.45,158.21,2026-05-22
Pai,ASIANTILES,INE022I01019,Asian Granito India Limited,2025-12-19,Purchase,4209.6,0,60,70.16,60.44,2026-03-20
Pai,ASIANTILES,INE022I01019,Asian Granito India Limited,2025-12-19,Purchase,701,0,10,70.1,60.44,2026-03-20
Pai,ASIANTILES,INE022I01019,Asian Granito India Limited,2025-12-19,Purchase,7925.82,0,113,70.14,60.44,2026-03-20
Pai,ASIANTILES,INE022I01019,Asian Granito India Limited,2025-12-19,Purchase,9189.65,0,131,70.15,60.44,2026-03-20
Pai,ASIANTILES,INE022I01019,Asian Granito India Limited,2025-12-19,Purchase,28088.3,60.33,400,70.07,60.44,2026-03-20
Pai,ASIANTILES,INE022I01019,Asian Granito India Limited,2026-03-12,Sale,-7247.52,0,-112,64.71,60.44,2026-03-20
Pai,ASIANTILES,INE022I01019,Asian Granito India Limited,2026-03-12,Sale,-64.8,0,-1,64.8,60.44,2026-03-20
Pai,ASIANTILES,INE022I01019,Asian Granito India Limited,2026-03-12,Sale,-2913.3,0,-45,64.74,60.44,2026-03-20
Pai,ASIANTILES,INE022I01019,Asian Granito India Limited,2026-03-12,Sale,-29518,63.66,-457,64.73,60.44,2026-03-20
Pai,ASIANTILES,INE022I01019,Asian Granito India Limited,2026-03-12,Sale,-6416.19,0,-99,64.81,60.44,2026-03-20
Pai,ASIANPAINT,INE021A01026,Asian Paints Limited,2022-10-24,Purchase,6278.1,0,2,3139.05,,
Pai,ASIANPAINT,INE021A01026,Asian Paints Limited,2022-10-31,Dividend,8.8,0,0,0,,
Pai,ASIANPAINT,INE021A01026,Asian Paints Limited,2023-01-12,Purchase,2905.95,0,1,2905.95,,
Pai,ASIANPAINT,INE021A01026,Asian Paints Limited,2023-04-12,Purchase,2792.65,0,1,2792.65,,
Pai,ASIANPAINT,INE021A01026,Asian Paints Limited,2023-06-09,Dividend,85,0,0,0,,
Pai,ASIANPAINT,INE021A01026,Asian Paints Limited,2023-07-13,Purchase,3396.5,0,1,3396.5,,
Pai,ASIANPAINT,INE021A01026,Asian Paints Limited,2023-10-12,Purchase,3156.7,0,1,3156.7,,
Pai,ASIANPAINT,INE021A01026,Asian Paints Limited,2023-11-03,Dividend,31,0,0,0,,
Pai,ASIANPAINT,INE021A01026,Asian Paints Limited,2024-03-05,Sale,-16970.4,0,-6,2828.4,,
Pai,ASTEC,INE563J01010,Astec LifeSciences Limited,2022-11-23,Purchase,2167.9,0,1,2167.9,,
Pai,ASTEC,INE563J01010,Astec LifeSciences Limited,2022-11-23,Purchase,2167.95,0,1,2167.95,,
Pai,ASTEC,INE563J01010,Astec LifeSciences Limited,2023-07-21,Dividend,3,0,0,0,,
Pai,ASTEC,INE563J01010,Astec LifeSciences Limited,2023-10-23,Sale,-2458.9,0,-2,1229.45,,
Pai,ASTERDM,INE914M01019,Aster DM Healthcare Limited,2022-10-24,Purchase,2985.6,0,12,248.8,,
Pai,ASTERDM,INE914M01019,Aster DM Healthcare Limited,2022-11-02,Purchase,519,0,2,259.5,,
Pai,ASTERDM,INE914M01019,Aster DM Healthcare Limited,2022-12-01,Purchase,465.3,0,2,232.65,,
Pai,ASTERDM,INE914M01019,Aster DM Healthcare Limited,2023-10-23,Sale,-5281.6,0,-16,330.1,,
Pai,ASTRAL,INE006I01046,Astral Poly Technik Limited,2022-10-24,Purchase,6074.1,0,3,2024.7,,
Pai,ASTRAL,INE006I01046,Astral Poly Technik Limited,2022-11-18,Dividend,3.75,0,0,0,,
Pai,ASTRAL,INE006I01046,Astral Poly Technik Limited,2023-01-12,Purchase,2073.5,0,1,2073.5,,
Pai,ASTRAL,INE006I01046,Astral Poly Technik Limited,2023-02-13,Purchase,1915.65,0,1,1915.65,,
Pai,ASTRAL,INE006I01046,Astral Poly Technik Limited,2023-03-14,Bonus,0,0,1,0,,
Pai,ASTRAL,INE006I01046,Astral Poly Technik Limited,2023-03-14,Dividend,947.6,0,0,0,,
Pai,ASTRAL,INE006I01046,Astral Poly Technik Limited,2023-04-12,Purchase,1441.45,0,1,1441.45,,
Pai,ASTRAL,INE006I01046,Astral Poly Technik Limited,2023-07-13,Purchase,3678.5,0,2,1839.25,,
Pai,ASTRAL,INE006I01046,Astral Poly Technik Limited,2023-07-13,Purchase,3676.8,0,2,1838.4,,
Pai,ASTRAL,INE006I01046,Astral Poly Technik Limited,2023-08-04,Dividend,24.75,0,0,0,,
Pai,ASTRAL,INE006I01046,Astral Poly Technik Limited,2023-10-27,Dividend,16.5,0,0,0,,
Pai,ASTRAL,INE006I01046,Astral Poly Technik Limited,2024-08-16,Dividend,24.75,0,0,0,,
Pai,ASTRAL,INE006I01046,Astral Poly Technik Limited,2024-10-29,Sale,-3550,0,-2,1775,,
Pai,ASTRAL,INE006I01046,Astral Poly Technik Limited,2024-10-29,Sale,-5322.3,0,-3,1774.1,,
Pai,ASTRAL,INE006I01046,Astral Poly Technik Limited,2024-10-29,Sale,-3549,0,-2,1774.5,,
Pai,ASTRAL,INE006I01046,Astral Poly Technik Limited,2024-10-29,Sale,-7076.4,20.4,-4,1774.2,,
Pai,ATHERENERG,INE0LEZ01016,Ather Energy Limited,2025-11-20,Purchase,23046.9,0,34,677.85,1481.5,2026-08-07
Pai,ATHERENERG,INE0LEZ01016,Ather Energy Limited,2025-11-20,Purchase,34567.8,0,51,677.8,1481.5,2026-08-07
Pai,ATHERENERG,INE0LEZ01016,Ather Energy Limited,2025-11-20,Purchase,80834.6,164.46,119,677.9,1481.5,2026-08-07
Pai,ATHERENERG,INE0LEZ01016,Ather Energy Limited,2026-02-03,Sale,-6498,0,-10,649.8,1481.5,2026-08-07
Pai,ATHERENERG,INE0LEZ01016,Ather Energy Limited,2026-02-03,Sale,-7146.7,0,-11,649.7,1481.5,2026-08-07
Pai,ATHERENERG,INE0LEZ01016,Ather Energy Limited,2026-02-03,Sale,-27198.8,94.86,-42,649.85,1481.5,2026-08-07
Pai,ATHERENERG,INE0LEZ01016,Ather Energy Limited,2026-02-03,Sale,-18835.5,0,-29,649.5,1481.5,2026-08-07
Pai,ATHERENERG,INE0LEZ01016,Ather Energy Limited,2026-02-03,Sale,-16881.8,0,-26,649.3,1481.5,2026-08-07
Pai,ATHERENERG,INE0LEZ01016,Ather Energy Limited,2026-02-10,Purchase,13914.9,16.42,19,731.5,1481.5,2026-08-07
Pai,ATHERENERG,INE0LEZ01016,Ather Energy Limited,2026-05-22,Purchase,6157.51,10.11,7,878.2,1481.5,2026-08-07
Pai,ATHERENERG,INE0LEZ01016,Ather Energy Limited,2026-05-22,Purchase,2634.75,0,3,878.25,1481.5,2026-08-07
Pai,AUBANK,INE949L01017,AU Small Finance Bank Limited,2025-11-03,Purchase,60224.2,71.4,68,884.6,,
Pai,AUBANK,INE949L01017,AU Small Finance Bank Limited,2025-11-17,Purchase,914.85,0.95,1,913.9,,
Pai,AUBANK,INE949L01017,AU Small Finance Bank Limited,2025-12-09,Sale,-65528.7,83.41,-69,950.9,,
Pai,AUROPHARMA,INE406A01037,Aurobindo Pharma Limited,2022-10-24,Purchase,12574.8,0,24,523.95,1386.5,2026-04-16
Pai,AUROPHARMA,INE406A01037,Aurobindo Pharma Limited,2022-11-14,Sale,-11166,0,-24,465.25,1386.5,2026-04-16
Pai,AUROPHARMA,INE406A01037,Aurobindo Pharma Limited,2023-10-23,Purchase,4409.75,0,5,881.95,1386.5,2026-04-16
Pai,AUROPHARMA,INE406A01037,Aurobindo Pharma Limited,2023-11-02,Sale,-1715.3,0,-2,857.65,1386.5,2026-04-16
Pai,AUROPHARMA,INE406A01037,Aurobindo Pharma Limited,2023-11-02,Sale,-2572.8,0,-3,857.6,1386.5,2026-04-16
Pai,AUROPHARMA,INE406A01037,Aurobindo Pharma Limited,2024-01-02,Purchase,10932,0,10,1093.2,1386.5,2026-04-16
Pai,AUROPHARMA,INE406A01037,Aurobindo Pharma Limited,2024-01-12,Purchase,2186.6,0,2,1093.3,1386.5,2026-04-16
Pai,AUROPHARMA,INE406A01037,Aurobindo Pharma Limited,2024-02-01,Purchase,14990.5,0,14,1070.75,1386.5,2026-04-16
Pai,AUROPHARMA,INE406A01037,Aurobindo Pharma Limited,2024-02-12,Purchase,3052.65,0,3,1017.55,1386.5,2026-04-16
Pai,AUROPHARMA,INE406A01037,Aurobindo Pharma Limited,2024-02-20,Dividend,43.5,0,0,0,1386.5,2026-04-16
Pai,AUROPHARMA,INE406A01037,Aurobindo Pharma Limited,2024-03-05,Sale,-31534.6,0,-29,1087.4,1386.5,2026-04-16
Pai,AVALON,INE0LCL01028,Avalon Technologies Limited,2023-04-17,Purchase,192712,0,442,436,1965.3,2026-08-07
Pai,AVALON,INE0LCL01028,Avalon Technologies Limited,2024-10-29,Sale,-568.4,0,-1,568.4,1965.3,2026-08-07
Pai,AVALON,INE0LCL01028,Avalon Technologies Limited,2024-10-29,Sale,-6820.2,0,-12,568.35,1965.3,2026-08-07
Pai,AVALON,INE0LCL01028,Avalon Technologies Limited,2024-10-29,Sale,-2272.4,0,-4,568.1,1965.3,2026-08-07
Pai,AVALON,INE0LCL01028,Avalon Technologies Limited,2024-10-29,Sale,-10224.9,0,-18,568.05,1965.3,2026-08-07
Pai,AVALON,INE0LCL01028,Avalon Technologies Limited,2024-10-29,Sale,-7383.35,0,-13,567.95,1965.3,2026-08-07
Pai,AVALON,INE0LCL01028,Avalon Technologies Limited,2024-10-29,Sale,-3975.3,0,-7,567.9,1965.3,2026-08-07
Pai,AVALON,INE0LCL01028,Avalon Technologies Limited,2024-10-29,Sale,-567.75,0,-1,567.75,1965.3,2026-08-07
Pai,AVALON,INE0LCL01028,Avalon Technologies Limited,2024-10-29,Sale,-6811.2,0,-12,567.6,1965.3,2026-08-07
Pai,AVALON,INE0LCL01028,Avalon Technologies Limited,2024-10-29,Sale,-5675.5,0,-10,567.55,1965.3,2026-08-07
Pai,AVALON,INE0LCL01028,Avalon Technologies Limited,2024-10-29,Sale,-567.45,0,-1,567.45,1965.3,2026-08-07
Pai,AVALON,INE0LCL01028,Avalon Technologies Limited,2024-10-29,Sale,-5674,0,-10,567.4,1965.3,2026-08-07
Pai,AVALON,INE0LCL01028,Avalon Technologies Limited,2024-10-29,Sale,-10212.3,0,-18,567.35,1965.3,2026-08-07
Pai,AVALON,INE0LCL01028,Avalon Technologies Limited,2024-10-29,Sale,-10211.4,0,-18,567.3,1965.3,2026-08-07
Pai,AVALON,INE0LCL01028,Avalon Technologies Limited,2024-10-29,Sale,-42543.8,0,-75,567.25,1965.3,2026-08-07
Pai,AVALON,INE0LCL01028,Avalon Technologies Limited,2024-10-29,Sale,-58726.4,262.36,-104,567.2,1965.3,2026-08-07
Pai,AVALON,INE0LCL01028,Avalon Technologies Limited,2024-10-29,Sale,-18716,0,-33,567.15,1965.3,2026-08-07
Pai,AVALON,INE0LCL01028,Avalon Technologies Limited,2024-10-29,Sale,-57277.1,0,-101,567.1,1965.3,2026-08-07
Pai,AVALON,INE0LCL01028,Avalon Technologies Limited,2024-10-29,Sale,-2268.2,0,-4,567.05,1965.3,2026-08-07
Pai,AVALON,INE0LCL01028,Avalon Technologies Limited,2026-02-04,Purchase,18450,0,18,1025,1965.3,2026-08-07
Pai,AVALON,INE0LCL01028,Avalon Technologies Limited,2026-02-04,Purchase,25620,0,25,1024.8,1965.3,2026-08-07
Pai,AVALON,INE0LCL01028,Avalon Technologies Limited,2026-02-04,Purchase,43142.8,103.27,42,1024.75,1965.3,2026-08-07
Pai,AVALON,INE0LCL01028,Avalon Technologies Limited,2026-03-12,Sale,-23988.9,0,-26,922.65,1965.3,2026-08-07
Pai,AVALON,INE0LCL01028,Avalon Technologies Limited,2026-03-12,Sale,-13833.8,0,-15,922.25,1965.3,2026-08-07
Pai,AVALON,INE0LCL01028,Avalon Technologies Limited,2026-03-12,Sale,-32207.7,97.34,-35,923,1965.3,2026-08-07
Pai,AVALON,INE0LCL01028,Avalon Technologies Limited,2026-03-12,Sale,-8304.3,0,-9,922.7,1965.3,2026-08-07
Pai,AVALON,INE0LCL01028,Avalon Technologies Limited,2026-04-15,Purchase,37463.3,44.82,35,1069.1,1965.3,2026-08-07
Pai,AVALON,INE0LCL01028,Avalon Technologies Limited,2026-05-20,Purchase,59400.2,70.55,44,1348.4,1965.3,2026-08-07
Pai,AVALON,INE0LCL01028,Avalon Technologies Limited,2026-05-22,Purchase,5904.32,7.12,4,1474.3,1965.3,2026-08-07
Pai,AVANTIFEED,INE871C01038,Avanti Feeds Limited,2024-06-10,Purchase,10108.5,12.48,16,631,,
Pai,AVANTIFEED,INE871C01038,Avanti Feeds Limited,2024-07-30,Dividend,108,0,0,0,,
Pai,AVANTIFEED,INE871C01038,Avanti Feeds Limited,2025-08-01,Sale,-10684,26.45,-16,669.4,,
Pai,BANKBARODA,INE028A01039,Bank of Baroda,2024-12-09,Purchase,5521.11,6.72,21,262.59,,
Pai,BANKBARODA,INE028A01039,Bank of Baroda,2024-12-12,Purchase,2084.32,2.16,8,260.27,,
Pai,BANKBARODA,INE028A01039,Bank of Baroda,2025-01-13,Purchase,2225.51,2.31,10,222.32,,
Pai,BANKBARODA,INE028A01039,Bank of Baroda,2025-02-12,Purchase,2341.36,2.43,11,212.63,,
Pai,BANKBARODA,INE028A01039,Bank of Baroda,2025-03-12,Purchase,817.25,0.85,4,204.1,,
Pai,BANKBARODA,INE028A01039,Bank of Baroda,2025-04-29,Purchase,2828.06,2.93,11,256.83,,
Pai,BANKBARODA,INE028A01039,Bank of Baroda,2025-05-29,Purchase,4360.26,5.52,18,241.93,,
Pai,BANKBARODA,INE028A01039,Bank of Baroda,2025-06-06,Dividend,693.05,0,0,0,,
Pai,BANKBARODA,INE028A01039,Bank of Baroda,2025-06-30,Purchase,3215.5,3.33,13,247.09,,
Pai,BANKBARODA,INE028A01039,Bank of Baroda,2025-07-29,Purchase,1935.69,2.01,8,241.71,,
Pai,BANKBARODA,INE028A01039,Bank of Baroda,2025-08-29,Sale,-24292.3,40.58,-104,233.97,,
Pai,BANKINDIA,INE084A01016,Bank of India,2024-12-09,Purchase,12244,14.69,104,117.59,,
Pai,BANKINDIA,INE084A01016,Bank of India,2024-12-12,Purchase,3748.07,4.88,33,113.43,,
Pai,BANKINDIA,INE084A01016,Bank of India,2025-01-13,Purchase,5386.66,6.58,58,92.76,,
Pai,BANKINDIA,INE084A01016,Bank of India,2025-02-12,Purchase,610.71,1.05,6,101.61,,
Pai,BANKINDIA,INE084A01016,Bank of India,2025-02-12,Purchase,406.4,0,4,101.6,,
Pai,BANKINDIA,INE084A01016,Bank of India,2025-03-12,Purchase,4083.35,5.23,43,94.84,,
Pai,BANKINDIA,INE084A01016,Bank of India,2025-04-29,Purchase,118.42,0.12,1,118.3,,
Pai,BANKINDIA,INE084A01016,Bank of India,2025-05-29,Purchase,3692.28,4.83,31,118.95,,
Pai,BANKINDIA,INE084A01016,Bank of India,2025-06-02,Sale,-35079.8,51.79,-280,125.47,,
Pai,BANKINDIA,INE084A01016,Bank of India,2025-07-03,Purchase,17111.3,21.34,144,118.68,,
Pai,BANKINDIA,INE084A01016,Bank of India,2025-07-03,Purchase,593.35,0,5,118.67,,
Pai,BANKINDIA,INE084A01016,Bank of India,2025-07-29,Purchase,2239.12,2.32,20,111.84,,
Pai,BANKINDIA,INE084A01016,Bank of India,2025-08-29,Sale,-18803.5,34.88,-169,111.47,,
Pai,BANKINDIA,INE084A01016,Bank of India,2025-11-03,Purchase,33618.3,70.98,237,141.55,,
Pai,BANKINDIA,INE084A01016,Bank of India,2025-11-03,Purchase,26196,0,185,141.6,,
Pai,BANKINDIA,INE084A01016,Bank of India,2025-11-17,Purchase,746.67,0.77,5,149.18,,
Pai,BANKINDIA,INE084A01016,Bank of India,2025-12-09,Sale,-23816.9,0,-173,137.67,,
Pai,BANKINDIA,INE084A01016,Bank of India,2025-12-09,Sale,-34896.9,76.33,-254,137.69,,
Pai,BBL,INE464A01028,Bharat Bijlee Limited,2022-10-24,Purchase,10055,0,10,1005.5,,
Pai,BBL,INE464A01028,Bharat Bijlee Limited,2023-04-03,Purchase,5144.7,0,4,1286.18,,
Pai,BBL,INE464A01028,Bharat Bijlee Limited,2023-07-13,Purchase,3525.95,0,2,1762.98,,
Pai,BBL,INE464A01028,Bharat Bijlee Limited,2023-09-06,Dividend,320,0,0,0,,
Pai,BBL,INE464A01028,Bharat Bijlee Limited,2023-09-12,Purchase,3864.75,0,2,1932.38,,
Pai,BBL,INE464A01028,Bharat Bijlee Limited,2024-08-21,Dividend,630,0,0,0,,
Pai,BBL,INE464A01028,Bharat Bijlee Limited,2024-10-07,Purchase,4429.54,5.59,1,4423.95,,
Pai,BBL,INE464A01028,Bharat Bijlee Limited,2024-11-12,Purchase,7476.05,8.75,2,3733.65,,
Pai,BBL,INE464A01028,Bharat Bijlee Limited,2024-12-10,Sale,-22926,0,-6,3821,,
Pai,BBL,INE464A01028,Bharat Bijlee Limited,2024-12-10,Sale,-7641.9,0,-2,3820.95,,
Pai,BBL,INE464A01028,Bharat Bijlee Limited,2024-12-10,Sale,-11462.5,0,-3,3820.85,,
Pai,BBL,INE464A01028,Bharat Bijlee Limited,2024-12-10,Sale,-30465,98.58,-8,3820.45,,
Pai,BBL,INE464A01028,Bharat Bijlee Limited,2024-12-10,Sale,-3820.2,0,-1,3820.2,,
Pai,BBL,INE464A01028,Bharat Bijlee Limited,2024-12-10,Sale,-3820.15,0,-1,3820.15,,
Pai,BDL,INE171Z01018,Bharat Dynamics Limited,2025-06-02,Purchase,33798.6,40.02,17,1985.8,,
Pai,BDL,INE171Z01018,Bharat Dynamics Limited,2025-06-30,Purchase,5802.71,7.01,3,1931.9,,
Pai,BDL,INE171Z01018,Bharat Dynamics Limited,2025-07-29,Purchase,8001.29,9.29,5,1598.4,,
Pai,BDL,INE171Z01018,Bharat Dynamics Limited,2025-08-08,Sale,-35300.4,55.21,-23,1537.2,,
Pai,BDL,INE171Z01018,Bharat Dynamics Limited,2025-08-08,Sale,-3074.6,0,-2,1537.3,,
Pai,BHARATFORG,INE465A01025,Bharat Forge Limited,2023-03-13,Purchase,17890.4,0,22,813.2,,
Pai,BHARATFORG,INE465A01025,Bharat Forge Limited,2023-04-12,Purchase,775.3,0,1,775.3,,
Pai,BHARATFORG,INE465A01025,Bharat Forge Limited,2023-07-07,Dividend,126.5,0,0,0,,
Pai,BHARATFORG,INE465A01025,Bharat Forge Limited,2024-02-23,Dividend,57.5,0,0,0,,
Pai,BHARATFORG,INE465A01025,Bharat Forge Limited,2024-07-05,Dividend,149.5,0,0,0,,
Pai,BHARATFORG,INE465A01025,Bharat Forge Limited,2025-02-18,Dividend,57.5,0,0,0,,
Pai,BHARATFORG,INE465A01025,Bharat Forge Limited,2025-03-03,Sale,-22232.2,39.5,-22,1012.35,,
Pai,BHARATFORG,INE465A01025,Bharat Forge Limited,2025-03-03,Sale,-1012.4,0,-1,1012.4,,
Pai,BHARATSE,INE415D01024,Bharat Seats Limited,2026-02-10,Purchase,6506.5,7.74,38,171.02,240.8,2026-08-07
Pai,BHARATSE,INE415D01024,Bharat Seats Limited,2026-07-17,Dividend,57,0,0,0,240.8,2026-08-07
Pai,BHARTIHEXA,INE343G01021,Bharti Hexacom Limited,2025-06-02,Purchase,33038.6,39.23,18,1833.3,,
Pai,BHARTIHEXA,INE343G01021,Bharti Hexacom Limited,2025-06-30,Purchase,3844.98,4.98,2,1920,,
Pai,BHARTIHEXA,INE343G01021,Bharti Hexacom Limited,2025-07-25,Dividend,200,0,0,0,,
Pai,BHARTIHEXA,INE343G01021,Bharti Hexacom Limited,2025-07-29,Purchase,3481.61,6.41,2,1737.6,,
Pai,BHARTIHEXA,INE343G01021,Bharti Hexacom Limited,2025-07-29,Purchase,1737.7,0,1,1737.7,,
Pai,BHARTIHEXA,INE343G01021,Bharti Hexacom Limited,2025-08-08,Sale,-11939.9,0,-7,1705.7,,
Pai,BHARTIHEXA,INE343G01021,Bharti Hexacom Limited,2025-08-08,Sale,-17000,56.04,-10,1705.6,,
Pai,BHARTIHEXA,INE343G01021,Bharti Hexacom Limited,2025-08-08,Sale,-10236,0,-6,1706,,
Pai,BSOFT,INE836A01035,Birlasoft Limited,2024-03-05,Purchase,12145.6,0,16,759.1,,
Pai,BSOFT,INE836A01035,Birlasoft Limited,2024-03-28,Sale,-11964,0,-16,747.75,,
Pai,BLUESTARCO,INE472A01039,Blue Star Limited,2022-12-08,Purchase,3773.85,0,3,1257.95,,
Pai,BLUESTARCO,INE472A01039,Blue Star Limited,2023-06-20,Bonus,0,0,3,0,,
Pai,BLUESTARCO,INE472A01039,Blue Star Limited,2023-07-21,Dividend,36,0,0,0,,
Pai,BLUESTARCO,INE472A01039,Blue Star Limited,2023-10-23,Sale,-5325,0,-6,887.5,,
Pai,BLUESTARCO,INE472A01039,Blue Star Limited,2023-12-01,Purchase,15842.4,0,16,990.15,,
Pai,BLUESTARCO,INE472A01039,Blue Star Limited,2024-07-19,Dividend,112,0,0,0,,
Pai,BLUESTARCO,INE472A01039,Blue Star Limited,2025-03-03,Sale,-1920.15,0,-1,1920.15,,
Pai,BLUESTARCO,INE472A01039,Blue Star Limited,2025-03-03,Sale,-3840.7,0,-2,1920.35,,
Pai,BLUESTARCO,INE472A01039,Blue Star Limited,2025-03-03,Sale,-24917.7,47.46,-13,1920.4,,
Pai,BOROLTD,INE02PY01013,Borosil Limited,2023-05-03,Purchase,1539.02,0,7,219.86,264.99,2026-04-16
Pai,BOROLTD,INE02PY01013,Borosil Limited,2023-05-12,Purchase,1066.8,0,5,213.36,264.99,2026-04-16
Pai,BOROLTD,INE02PY01013,Borosil Limited,2023-06-12,Purchase,925.76,0,4,231.44,264.99,2026-04-16
Pai,BOROLTD,INE02PY01013,Borosil Limited,2023-07-13,Purchase,1328.46,0,6,221.41,264.99,2026-04-16
Pai,BOROLTD,INE02PY01013,Borosil Limited,2023-07-13,Purchase,1550.22,0,7,221.46,264.99,2026-04-16
Pai,BOROLTD,INE02PY01013,Borosil Limited,2023-08-14,Purchase,710.37,0,3,236.79,264.99,2026-04-16
Pai,BOROLTD,INE02PY01013,Borosil Limited,2023-08-14,Purchase,472.14,0,2,236.07,264.99,2026-04-16
Pai,BOROLTD,INE02PY01013,Borosil Limited,2023-08-17,Purchase,699.93,0,3,233.31,264.99,2026-04-16
Pai,BOROLTD,INE02PY01013,Borosil Limited,2023-08-17,Purchase,933.36,0,4,233.34,264.99,2026-04-16
Pai,BOROLTD,INE02PY01013,Borosil Limited,2023-09-12,Purchase,1750.96,0,8,218.87,264.99,2026-04-16
Pai,BOROLTD,INE02PY01013,Borosil Limited,2023-10-12,Purchase,640.23,0,3,213.41,264.99,2026-04-16
Pai,BOROLTD,INE02PY01013,Borosil Limited,2025-01-15,Sale,-4216.3,0,-11,383.3,264.99,2026-04-16
Pai,BOROLTD,INE02PY01013,Borosil Limited,2025-01-15,Sale,-15681.3,36.02,-41,383.35,264.99,2026-04-16
Pai,BORORENEW,INE666D01022,Borosil Renewables Limited,2022-10-24,Purchase,12674.2,0,22,576.1,548.65,2026-08-07
Pai,BORORENEW,INE666D01022,Borosil Renewables Limited,2022-12-01,Purchase,543,0,1,543,548.65,2026-08-07
Pai,BORORENEW,INE666D01022,Borosil Renewables Limited,2023-01-12,Purchase,2505,0,5,501,548.65,2026-08-07
Pai,BORORENEW,INE666D01022,Borosil Renewables Limited,2023-02-13,Purchase,1436.7,0,3,478.9,548.65,2026-08-07
Pai,BORORENEW,INE666D01022,Borosil Renewables Limited,2023-03-13,Purchase,461.2,0,1,461.2,548.65,2026-08-07
Pai,BORORENEW,INE666D01022,Borosil Renewables Limited,2023-04-03,Purchase,4194,0,10,419.4,548.65,2026-08-07
Pai,BORORENEW,INE666D01022,Borosil Renewables Limited,2023-07-13,Purchase,4796,0,10,479.6,548.65,2026-08-07
Pai,BORORENEW,INE666D01022,Borosil Renewables Limited,2023-07-13,Purchase,2391.75,0,5,478.35,548.65,2026-08-07
Pai,BORORENEW,INE666D01022,Borosil Renewables Limited,2023-08-14,Purchase,1830.2,0,4,457.55,548.65,2026-08-07
Pai,BORORENEW,INE666D01022,Borosil Renewables Limited,2023-10-12,Purchase,1680,0,4,420,548.65,2026-08-07
Pai,BORORENEW,INE666D01022,Borosil Renewables Limited,2023-11-02,Purchase,1250.1,0,3,416.7,548.65,2026-08-07
Pai,BORORENEW,INE666D01022,Borosil Renewables Limited,2023-11-02,Purchase,4584.25,0,11,416.75,548.65,2026-08-07
Pai,BORORENEW,INE666D01022,Borosil Renewables Limited,2023-11-02,Purchase,5418.4,0,13,416.8,548.65,2026-08-07
Pai,BORORENEW,INE666D01022,Borosil Renewables Limited,2023-11-13,Purchase,855.6,0,2,427.8,548.65,2026-08-07
Pai,BORORENEW,INE666D01022,Borosil Renewables Limited,2023-12-12,Purchase,1733.4,0,4,433.35,548.65,2026-08-07
Pai,BORORENEW,INE666D01022,Borosil Renewables Limited,2024-02-12,Purchase,10700.5,0,21,509.55,548.65,2026-08-07
Pai,BORORENEW,INE666D01022,Borosil Renewables Limited,2024-02-12,Purchase,509.5,0,1,509.5,548.65,2026-08-07
Pai,BORORENEW,INE666D01022,Borosil Renewables Limited,2024-04-12,Purchase,4416,0,8,552,548.65,2026-08-07
Pai,BORORENEW,INE666D01022,Borosil Renewables Limited,2024-05-13,Purchase,1484.1,0,3,494.7,548.65,2026-08-07
Pai,BORORENEW,INE666D01022,Borosil Renewables Limited,2024-06-12,Purchase,2517.7,2.7,5,503,548.65,2026-08-07
Pai,BORORENEW,INE666D01022,Borosil Renewables Limited,2024-07-12,Purchase,5653.17,6.87,11,513.3,548.65,2026-08-07
Pai,BORORENEW,INE666D01022,Borosil Renewables Limited,2024-07-19,Sale,-61985.7,87.26,-132,470.25,548.65,2026-08-07
Pai,BORORENEW,INE666D01022,Borosil Renewables Limited,2024-07-19,Sale,-7053,0,-15,470.2,548.65,2026-08-07
Pai,BORORENEW,INE666D01022,Borosil Renewables Limited,2024-12-10,Purchase,114505,132.87,193,592.6,548.65,2026-08-07
Pai,BORORENEW,INE666D01022,Borosil Renewables Limited,2024-12-12,Purchase,4085.88,5.23,7,582.95,548.65,2026-08-07
Pai,BORORENEW,INE666D01022,Borosil Renewables Limited,2025-01-16,Purchase,56812.9,67.87,97,585,548.65,2026-08-07
Pai,BORORENEW,INE666D01022,Borosil Renewables Limited,2025-02-17,Sale,-20768,0,-44,472,548.65,2026-08-07
Pai,BORORENEW,INE666D01022,Borosil Renewables Limited,2025-02-17,Sale,-15136,0,-32,473,548.65,2026-08-07
Pai,BORORENEW,INE666D01022,Borosil Renewables Limited,2025-02-17,Sale,-65309,160.04,-139,471,548.65,2026-08-07
Pai,BORORENEW,INE666D01022,Borosil Renewables Limited,2025-02-17,Sale,-944.9,0,-2,472.45,548.65,2026-08-07
Pai,BORORENEW,INE666D01022,Borosil Renewables Limited,2025-02-17,Sale,-37676,0,-80,470.95,548.65,2026-08-07
Pai,BORORENEW,INE666D01022,Borosil Renewables Limited,2025-03-21,Purchase,102151,120.85,200,510.15,548.65,2026-08-07
Pai,BORORENEW,INE666D01022,Borosil Renewables Limited,2025-03-27,Sale,-29265,0,-60,487.75,548.65,2026-08-07
Pai,BORORENEW,INE666D01022,Borosil Renewables Limited,2025-03-27,Sale,-54505.9,116.53,-112,487.7,548.65,2026-08-07
Pai,BORORENEW,INE666D01022,Borosil Renewables Limited,2025-03-27,Sale,-12678.9,0,-26,487.65,548.65,2026-08-07
Pai,BORORENEW,INE666D01022,Borosil Renewables Limited,2025-03-27,Sale,-975.6,0,-2,487.8,548.65,2026-08-07
Pai,BORORENEW,INE666D01022,Borosil Renewables Limited,2026-02-03,Purchase,5944.2,0,12,495.35,548.65,2026-08-07
Pai,BORORENEW,INE666D01022,Borosil Renewables Limited,2026-02-03,Purchase,48687.2,133.15,98,495.45,548.65,2026-08-07
Pai,BORORENEW,INE666D01022,Borosil Renewables Limited,2026-02-03,Purchase,13371.8,0,27,495.25,548.65,2026-08-07
Pai,BORORENEW,INE666D01022,Borosil Renewables Limited,2026-02-03,Purchase,44090.6,0,89,495.4,548.65,2026-08-07
Pai,BORORENEW,INE666D01022,Borosil Renewables Limited,2026-02-23,Purchase,2412.5,2.5,5,482,548.65,2026-08-07
Pai,BORORENEW,INE666D01022,Borosil Renewables Limited,2026-03-12,Sale,-4491.85,0,-11,408.35,548.65,2026-08-07
Pai,BORORENEW,INE666D01022,Borosil Renewables Limited,2026-03-12,Sale,-77035.9,113.93,-189,408.2,548.65,2026-08-07
Pai,BORORENEW,INE666D01022,Borosil Renewables Limited,2026-03-12,Sale,-9801.6,0,-24,408.4,548.65,2026-08-07
Pai,BORORENEW,INE666D01022,Borosil Renewables Limited,2026-03-12,Sale,-2857.75,0,-7,408.25,548.65,2026-08-07
Pai,BORORENEW,INE666D01022,Borosil Renewables Limited,2026-04-15,Purchase,19575.5,0,41,477.45,548.65,2026-08-07
Pai,BORORENEW,INE666D01022,Borosil Renewables Limited,2026-04-15,Purchase,15757.5,0,33,477.5,548.65,2026-08-07
Pai,BORORENEW,INE666D01022,Borosil Renewables Limited,2026-04-15,Purchase,14804,0,31,477.55,548.65,2026-08-07
Pai,BORORENEW,INE666D01022,Borosil Renewables Limited,2026-04-15,Purchase,24924.1,88.88,52,477.6,548.65,2026-08-07
Pai,BORORENEW,INE666D01022,Borosil Renewables Limited,2026-05-20,Purchase,35208.3,48.91,68,517.05,548.65,2026-08-07
Pai,BORORENEW,INE666D01022,Borosil Renewables Limited,2026-05-20,Purchase,6205.2,0,12,517.1,548.65,2026-08-07
Pai,BORORENEW,INE666D01022,Borosil Renewables Limited,2026-05-22,Purchase,7214.28,8.48,14,514.7,548.65,2026-08-07
Pai,BORORENEW,INE666D01022,Borosil Renewables Limited,2026-06-22,Purchase,15560.9,18.12,26,597.8,548.65,2026-08-07
Pai,BORORENEW,INE666D01022,Borosil Renewables Limited,2026-07-22,Purchase,8314.42,9.62,14,593.2,548.65,2026-08-07
Pai,BOROSCI,INE02L001032,Borosil Scientific Limited,2023-05-03,Purchase,1273.95,0,5,254.79,160.8,2026-07-21
Pai,BOROSCI,INE02L001032,Borosil Scientific Limited,2023-05-12,Purchase,741.78,0,3,247.26,160.8,2026-07-21
Pai,BOROSCI,INE02L001032,Borosil Scientific Limited,2023-05-12,Purchase,249.14,0,1,249.14,160.8,2026-07-21
Pai,BOROSCI,INE02L001032,Borosil Scientific Limited,2023-06-12,Purchase,804.63,0,3,268.21,160.8,2026-07-21
Pai,BOROSCI,INE02L001032,Borosil Scientific Limited,2023-07-13,Purchase,1026.36,0,4,256.59,160.8,2026-07-21
Pai,BOROSCI,INE02L001032,Borosil Scientific Limited,2023-07-13,Purchase,1283.25,0,5,256.65,160.8,2026-07-21
Pai,BOROSCI,INE02L001032,Borosil Scientific Limited,2023-08-14,Purchase,261.06,0,1,261.06,160.8,2026-07-21
Pai,BOROSCI,INE02L001032,Borosil Scientific Limited,2023-08-14,Purchase,548.82,0,2,274.41,160.8,2026-07-21
Pai,BOROSCI,INE02L001032,Borosil Scientific Limited,2023-08-14,Purchase,273.57,0,1,273.57,160.8,2026-07-21
Pai,BOROSCI,INE02L001032,Borosil Scientific Limited,2023-08-14,Purchase,271.67,0,1,271.67,160.8,2026-07-21
Pai,BOROSCI,INE02L001032,Borosil Scientific Limited,2023-08-17,Purchase,540.76,0,2,270.38,160.8,2026-07-21
Pai,BOROSCI,INE02L001032,Borosil Scientific Limited,2023-08-17,Purchase,540.82,0,2,270.41,160.8,2026-07-21
Pai,BOROSCI,INE02L001032,Borosil Scientific Limited,2023-09-12,Purchase,1521.84,0,6,253.64,160.8,2026-07-21
Pai,BOROSCI,INE02L001032,Borosil Scientific Limited,2023-10-12,Purchase,264.95,0,1,264.95,160.8,2026-07-21
Pai,BOROSCI,INE02L001032,Borosil Scientific Limited,2023-10-12,Purchase,494.64,0,2,247.32,160.8,2026-07-21
Pai,BOROSCI,INE02L001032,Borosil Scientific Limited,2024-10-25,Sale,-6685.7,22.3,-39,172,160.8,2026-07-21
Pai,BSE,INE118H01025,BSE Limited,2024-12-09,Purchase,10750.8,13.14,2,5368.85,3457.1,2026-08-07
Pai,BSE,INE118H01025,BSE Limited,2024-12-12,Purchase,5643.5,6.85,1,5636.65,3457.1,2026-08-07
Pai,BSE,INE118H01025,BSE Limited,2025-02-12,Purchase,5358.2,6.55,1,5351.65,3457.1,2026-08-07
Pai,BSE,INE118H01025,BSE Limited,2025-02-17,Sale,-20623.2,36.77,-4,5165,3457.1,2026-08-07
Pai,BSE,INE118H01025,BSE Limited,2025-06-02,Purchase,32449.4,38.62,12,2700.9,3457.1,2026-08-07
Pai,BSE,INE118H01025,BSE Limited,2025-06-30,Purchase,5550.75,6.75,2,2772,3457.1,2026-08-07
Pai,BSE,INE118H01025,BSE Limited,2025-07-29,Purchase,7340.31,8.61,3,2443.9,3457.1,2026-08-07
Pai,BSE,INE118H01025,BSE Limited,2025-08-29,Purchase,4258.41,5.41,2,2126.5,3457.1,2026-08-07
Pai,BSE,INE118H01025,BSE Limited,2025-09-29,Purchase,8372.48,9.68,4,2090.7,3457.1,2026-08-07
Pai,BSE,INE118H01025,BSE Limited,2025-10-29,Purchase,2442.4,2.9,1,2439.5,3457.1,2026-08-07
Pai,BSE,INE118H01025,BSE Limited,2026-07-20,Sale,-3540.07,19.03,-1,3559.1,3457.1,2026-08-07
Pai,MAPMYINDIA,INE0BV301023,C.E. Info Systems Limited,2023-10-23,Purchase,9575,0,5,1915,,
Pai,MAPMYINDIA,INE0BV301023,C.E. Info Systems Limited,2023-11-13,Purchase,2136.75,0,1,2136.75,,
Pai,MAPMYINDIA,INE0BV301023,C.E. Info Systems Limited,2023-12-01,Purchase,4499.4,0,2,2249.7,,
Pai,MAPMYINDIA,INE0BV301023,C.E. Info Systems Limited,2023-12-12,Purchase,4347.5,0,2,2173.75,,
Pai,MAPMYINDIA,INE0BV301023,C.E. Info Systems Limited,2024-01-12,Purchase,4047.4,0,2,2023.7,,
Pai,MAPMYINDIA,INE0BV301023,C.E. Info Systems Limited,2024-02-01,Sale,-22272.6,0,-12,1856.05,,
Pai,CANBK,INE476A01014,Canara Bank,2024-12-09,Purchase,5481.18,6.68,50,109.49,,
Pai,CANBK,INE476A01014,Canara Bank,2024-12-12,Purchase,2056.03,2.13,19,108.1,,
Pai,CANBK,INE476A01014,Canara Bank,2025-01-13,Purchase,2354.92,2.44,26,90.48,,
Pai,CANBK,INE476A01014,Canara Bank,2025-02-12,Purchase,2002.98,2.08,22,90.95,,
Pai,CANBK,INE476A01014,Canara Bank,2025-03-12,Purchase,1248.39,1.29,15,83.14,,
Pai,CANBK,INE476A01014,Canara Bank,2025-04-29,Purchase,2608.94,2.7,26,100.24,,
Pai,CANBK,INE476A01014,Canara Bank,2025-05-29,Purchase,1661.02,1.72,15,110.62,,
Pai,CANBK,INE476A01014,Canara Bank,2025-06-13,Dividend,692,0,0,0,,
Pai,CANBK,INE476A01014,Canara Bank,2025-06-30,Purchase,2740.04,2.84,24,114.05,,
Pai,CANBK,INE476A01014,Canara Bank,2025-07-29,Purchase,2326.06,2.41,21,110.65,,
Pai,CANBK,INE476A01014,Canara Bank,2025-08-29,Sale,-22870.5,39.11,-218,105.09,,
Pai,CAPLIPOINT,INE475E01026,Caplin Point Laboratories Limited,2022-10-24,Purchase,8928,0,12,744,,
Pai,CAPLIPOINT,INE475E01026,Caplin Point Laboratories Limited,2022-11-02,Purchase,736.95,0,1,736.95,,
Pai,CAPLIPOINT,INE475E01026,Caplin Point Laboratories Limited,2023-03-13,Purchase,5917.5,0,9,657.5,,
Pai,CAPLIPOINT,INE475E01026,Caplin Point Laboratories Limited,2023-03-13,Purchase,3287.25,0,5,657.45,,
Pai,CAPLIPOINT,INE475E01026,Caplin Point Laboratories Limited,2023-06-09,Dividend,54,0,0,0,,
Pai,CAPLIPOINT,INE475E01026,Caplin Point Laboratories Limited,2023-09-14,Dividend,67.5,0,0,0,,
Pai,CAPLIPOINT,INE475E01026,Caplin Point Laboratories Limited,2024-05-31,Dividend,67.5,0,0,0,,
Pai,CAPLIPOINT,INE475E01026,Caplin Point Laboratories Limited,2024-09-23,Dividend,67.5,0,0,0,,
Pai,CAPLIPOINT,INE475E01026,Caplin Point Laboratories Limited,2025-03-03,Sale,-12250,0,-7,1750,,
Pai,CAPLIPOINT,INE475E01026,Caplin Point Laboratories Limited,2025-03-03,Sale,-34936.3,64.74,-20,1750.05,,
Pai,CAPLIPOINT,INE475E01026,Caplin Point Laboratories Limited,2025-03-21,Purchase,53178.8,63.1,27,1967.25,,
Pai,CAPLIPOINT,INE475E01026,Caplin Point Laboratories Limited,2025-05-30,Dividend,81,0,0,0,,
Pai,CAPLIPOINT,INE475E01026,Caplin Point Laboratories Limited,2025-09-12,Dividend,81,0,0,0,,
Pai,CAPLIPOINT,INE475E01026,Caplin Point Laboratories Limited,2025-10-20,Sale,-1984.5,0,-1,1984.5,,
Pai,CAPLIPOINT,INE475E01026,Caplin Point Laboratories Limited,2025-10-20,Sale,-1984.6,0,-1,1984.6,,
Pai,CAPLIPOINT,INE475E01026,Caplin Point Laboratories Limited,2025-10-20,Sale,-49536.6,70.92,-25,1984.3,,
Pai,CARERATING,INE752H01013,CARE Ratings Limited,2026-04-20,Purchase,9829.66,11.26,6,1636.4,1749.2,2026-08-07
Pai,CARERATING,INE752H01013,CARE Ratings Limited,2026-06-25,Dividend,84,0,0,0,1749.2,2026-08-07
Pai,CARYSIL,INE482D01024,Carysil Limited,2023-03-13,Purchase,531.45,0,1,531.45,,
Pai,CARYSIL,INE482D01024,Carysil Limited,2023-03-13,Purchase,2657.5,0,5,531.5,,
Pai,CARYSIL,INE482D01024,Carysil Limited,2023-03-13,Purchase,6910.8,0,13,531.6,,
Pai,CARYSIL,INE482D01024,Carysil Limited,2023-03-13,Purchase,4784.85,0,9,531.65,,
Pai,CARYSIL,INE482D01024,Carysil Limited,2023-09-21,Dividend,56,0,0,0,,
Pai,CARYSIL,INE482D01024,Carysil Limited,2024-07-16,Sale,-21915.2,38.18,-28,784.05,,
Pai,CARYSIL,INE482D01024,Carysil Limited,2025-10-20,Purchase,906.25,0,1,906.25,,
Pai,CARYSIL,INE482D01024,Carysil Limited,2025-10-20,Purchase,1812.6,0,2,906.3,,
Pai,CARYSIL,INE482D01024,Carysil Limited,2025-10-20,Purchase,9985.01,15.16,11,906.35,,
Pai,CARYSIL,INE482D01024,Carysil Limited,2025-10-29,Purchase,911.98,1.08,1,910.9,,
Pai,CARYSIL,INE482D01024,Carysil Limited,2025-11-25,Sale,-14164.4,30.07,-15,946.3,,
Pai,CCL,INE421D01022,CCL Products (India) Limited,2025-10-20,Purchase,845.8,0,1,845.8,1130,2026-08-07
Pai,CCL,INE421D01022,CCL Products (India) Limited,2025-10-20,Purchase,1691.4,0,2,845.7,1130,2026-08-07
Pai,CCL,INE421D01022,CCL Products (India) Limited,2025-10-20,Purchase,38973.8,62.41,46,845.9,1130,2026-08-07
Pai,CCL,INE421D01022,CCL Products (India) Limited,2025-10-20,Purchase,10996,0,13,845.85,1130,2026-08-07
Pai,CCL,INE421D01022,CCL Products (India) Limited,2025-10-29,Purchase,860.3,0,1,860.3,1130,2026-08-07
Pai,CCL,INE421D01022,CCL Products (India) Limited,2025-10-29,Purchase,1723.76,3.06,2,860.35,1130,2026-08-07
Pai,CCL,INE421D01022,CCL Products (India) Limited,2026-02-10,Dividend,178.75,0,0,0,1130,2026-08-07
Pai,CCL,INE421D01022,CCL Products (India) Limited,2026-02-23,Purchase,6060.98,7.28,6,1008.95,1130,2026-08-07
Pai,CENTRALBK,INE483A01010,Central Bank of India,2026-01-05,Purchase,11681.1,14.1,300,38.89,30.84,2026-05-27
Pai,CENTRALBK,INE483A01010,Central Bank of India,2026-01-23,Dividend,60,0,0,0,30.84,2026-05-27
Pai,CENTRALBK,INE483A01010,Central Bank of India,2026-05-08,Dividend,180,0,0,0,30.84,2026-05-27
Pai,CENTRALBK,INE483A01010,Central Bank of India,2026-05-25,Sale,-9358.92,25.08,-300,31.28,30.84,2026-05-27
Pai,CENTUM,INE320B01020,Centum Electronics Limited,2023-05-03,Purchase,1600.8,0,2,800.4,3241.5,2026-05-27
Pai,CENTUM,INE320B01020,Centum Electronics Limited,2023-05-03,Purchase,800.6,0,1,800.6,3241.5,2026-05-27
Pai,CENTUM,INE320B01020,Centum Electronics Limited,2023-05-12,Purchase,811.4,0,1,811.4,3241.5,2026-05-27
Pai,CENTUM,INE320B01020,Centum Electronics Limited,2023-07-13,Purchase,1404,0,1,1404,3241.5,2026-05-27
Pai,CENTUM,INE320B01020,Centum Electronics Limited,2023-07-13,Purchase,1408.2,0,1,1408.2,3241.5,2026-05-27
Pai,CENTUM,INE320B01020,Centum Electronics Limited,2023-07-13,Purchase,1408.85,0,1,1408.85,3241.5,2026-05-27
Pai,CENTUM,INE320B01020,Centum Electronics Limited,2023-08-02,Dividend,28,0,0,0,3241.5,2026-05-27
Pai,CENTUM,INE320B01020,Centum Electronics Limited,2023-08-14,Purchase,1317.95,0,1,1317.95,3241.5,2026-05-27
Pai,CENTUM,INE320B01020,Centum Electronics Limited,2023-08-14,Purchase,1311.9,0,1,1311.9,3241.5,2026-05-27
Pai,CENTUM,INE320B01020,Centum Electronics Limited,2023-10-12,Purchase,7289.5,0,5,1457.9,3241.5,2026-05-27
Pai,CENTUM,INE320B01020,Centum Electronics Limited,2024-02-20,Dividend,42,0,0,0,3241.5,2026-05-27
Pai,CENTUM,INE320B01020,Centum Electronics Limited,2024-07-18,Sale,-22606.3,39.38,-14,1617.55,3241.5,2026-05-27
Pai,CESC,INE486A01013,CESC Limited,2022-10-24,Purchase,10775,0,137,78.65,168.15,2026-06-12
Pai,CESC,INE486A01013,CESC Limited,2022-11-02,Purchase,616,0,8,77,168.15,2026-06-12
Pai,CESC,INE486A01013,CESC Limited,2022-12-01,Purchase,374,0,5,74.8,168.15,2026-06-12
Pai,CESC,INE486A01013,CESC Limited,2023-01-12,Purchase,451.8,0,6,75.3,168.15,2026-06-12
Pai,CESC,INE486A01013,CESC Limited,2023-02-24,Dividend,702,0,0,0,168.15,2026-06-12
Pai,CESC,INE486A01013,CESC Limited,2023-03-13,Purchase,492.1,0,7,70.3,168.15,2026-06-12
Pai,CESC,INE486A01013,CESC Limited,2023-04-12,Purchase,1032.75,0,15,68.85,168.15,2026-06-12
Pai,CESC,INE486A01013,CESC Limited,2024-02-01,Purchase,5321.9,0,38,140.05,168.15,2026-06-12
Pai,CESC,INE486A01013,CESC Limited,2024-02-01,Dividend,801,0,0,0,168.15,2026-06-12
Pai,CESC,INE486A01013,CESC Limited,2024-02-12,Purchase,770.7,0,6,128.45,168.15,2026-06-12
Pai,CESC,INE486A01013,CESC Limited,2024-03-12,Purchase,355.95,0,3,118.65,168.15,2026-06-12
Pai,CESC,INE486A01013,CESC Limited,2024-04-01,Sale,-5886.75,0,-47,125.25,168.15,2026-06-12
Pai,CESC,INE486A01013,CESC Limited,2025-01-16,Dividend,801,0,0,0,168.15,2026-06-12
Pai,CESC,INE486A01013,CESC Limited,2025-10-27,Dividend,1068,0,0,0,168.15,2026-06-12
Pai,CESC,INE486A01013,CESC Limited,2025-10-29,Purchase,18242.6,21.62,100,182.21,168.15,2026-06-12
Pai,CESC,INE486A01013,CESC Limited,2026-06-11,Sale,-500.43,0,-3,166.81,168.15,2026-06-12
Pai,CESC,INE486A01013,CESC Limited,2026-06-11,Sale,-1835.02,0,-11,166.82,168.15,2026-06-12
Pai,CESC,INE486A01013,CESC Limited,2026-06-11,Sale,-34970.8,63.45,-210,166.83,168.15,2026-06-12
Pai,CESC,INE486A01013,CESC Limited,2026-06-11,Sale,-9009.36,0,-54,166.84,168.15,2026-06-12
Pai,CHALET,INE427F01016,Chalet Hotels Limited,2023-11-02,Purchase,2856.5,0,5,571.3,,
Pai,CHALET,INE427F01016,Chalet Hotels Limited,2023-11-13,Purchase,582.65,0,1,582.65,,
Pai,CHALET,INE427F01016,Chalet Hotels Limited,2023-12-01,Sale,-3480.6,0,-6,580.1,,
Pai,CHENNPETRO,INE178A01016,Chennai Petroleum Corporation Limited,2025-11-18,Purchase,9700.98,11.13,9,1076.65,,
Pai,CHENNPETRO,INE178A01016,Chennai Petroleum Corporation Limited,2025-12-29,Sale,-3305.2,0,-4,826.3,,
Pai,CHENNPETRO,INE178A01016,Chennai Petroleum Corporation Limited,2025-12-29,Sale,-4108.2,23.05,-5,826.25,,
Pai,CIEINDIA,INE536H01010,CIE Automotive India Limited,2022-10-24,Purchase,10080,0,32,315,,
Pai,CIEINDIA,INE536H01010,CIE Automotive India Limited,2022-11-02,Purchase,603.8,0,2,301.9,,
Pai,CIEINDIA,INE536H01010,CIE Automotive India Limited,2022-12-01,Purchase,289.7,0,1,289.7,,
Pai,CIEINDIA,INE536H01010,CIE Automotive India Limited,2023-04-12,Purchase,372.2,0,1,372.2,,
Pai,CIEINDIA,INE536H01010,CIE Automotive India Limited,2023-06-02,Dividend,90,0,0,0,,
Pai,CIEINDIA,INE536H01010,CIE Automotive India Limited,2023-10-23,Sale,-16200,0,-36,450,,
Pai,CLEDUCATE,INE201M01011,CL Educate Limited,2025-10-20,Purchase,9789.09,0,111,88.19,58.7,2026-08-07
Pai,CLEDUCATE,INE201M01011,CL Educate Limited,2025-10-20,Purchase,42200.5,61.87,474,88.9,58.7,2026-08-07
Pai,CLEDUCATE,INE201M01011,CL Educate Limited,2025-10-29,Sale,-49827.6,67.07,-585,85.29,58.7,2026-08-07
Pai,CLEDUCATE,INE201M01011,CL Educate Limited,2025-10-29,Purchase,956.78,0,11,86.98,58.7,2026-08-07
Pai,CLEDUCATE,INE201M01011,CL Educate Limited,2025-10-29,Purchase,4606.99,6.59,53,86.8,58.7,2026-08-07
Pai,CLEDUCATE,INE201M01011,CL Educate Limited,2025-11-25,Sale,-5497.02,21.06,-64,86.22,58.7,2026-08-07
Pai,CLEDUCATE,INE201M01011,CL Educate Limited,2026-04-20,Purchase,5022.07,6.2,97,51.71,58.7,2026-08-07
Pai,COALINDIA,INE522F01014,Coal India Limited,2023-11-13,Purchase,15943.6,0,46,346.6,,
Pai,COALINDIA,INE522F01014,Coal India Limited,2023-11-21,Dividend,702,0,0,0,,
Pai,COALINDIA,INE522F01014,Coal India Limited,2023-12-12,Purchase,3145.95,0,9,349.55,,
Pai,COALINDIA,INE522F01014,Coal India Limited,2024-01-02,Purchase,11842.5,0,30,394.75,,
Pai,COALINDIA,INE522F01014,Coal India Limited,2024-01-12,Purchase,3803,0,10,380.3,,
Pai,COALINDIA,INE522F01014,Coal India Limited,2024-01-12,Purchase,2660,0,7,380,,
Pai,COALINDIA,INE522F01014,Coal India Limited,2024-02-12,Purchase,2611.5,0,6,435.25,,
Pai,COALINDIA,INE522F01014,Coal India Limited,2024-02-20,Dividend,567,0,0,0,,
Pai,COALINDIA,INE522F01014,Coal India Limited,2024-03-05,Purchase,3209.15,0,7,458.45,,
Pai,COALINDIA,INE522F01014,Coal India Limited,2024-03-12,Purchase,1349.25,0,3,449.75,,
Pai,COALINDIA,INE522F01014,Coal India Limited,2024-03-12,Purchase,3148.6,0,7,449.8,,
Pai,COALINDIA,INE522F01014,Coal India Limited,2024-04-12,Purchase,920,0,2,460,,
Pai,COALINDIA,INE522F01014,Coal India Limited,2024-04-12,Purchase,459.95,0,1,459.95,,
Pai,COALINDIA,INE522F01014,Coal India Limited,2024-04-12,Purchase,4603,0,10,460.3,,
Pai,COALINDIA,INE522F01014,Coal India Limited,2024-04-23,Purchase,3108,0,7,444,,
Pai,COALINDIA,INE522F01014,Coal India Limited,2024-05-13,Purchase,3542,0,8,442.75,,
Pai,COALINDIA,INE522F01014,Coal India Limited,2024-05-13,Purchase,442.65,0,1,442.65,,
Pai,COALINDIA,INE522F01014,Coal India Limited,2024-05-13,Purchase,885,0,2,442.5,,
Pai,COALINDIA,INE522F01014,Coal India Limited,2024-06-12,Purchase,987.11,1.11,2,493,,
Pai,COALINDIA,INE522F01014,Coal India Limited,2024-06-12,Purchase,2955.15,3.15,6,492,,
Pai,COALINDIA,INE522F01014,Coal India Limited,2024-07-12,Purchase,3023.54,3.14,6,503.4,,
Pai,COALINDIA,INE522F01014,Coal India Limited,2024-07-12,Purchase,3025.04,3.14,6,503.65,,
Pai,COALINDIA,INE522F01014,Coal India Limited,2024-08-12,Purchase,3681.58,4.83,7,525.25,,
Pai,COALINDIA,INE522F01014,Coal India Limited,2024-08-16,Dividend,915,0,0,0,,
Pai,COALINDIA,INE522F01014,Coal India Limited,2024-09-12,Purchase,5809.64,7.04,12,483.55,,
Pai,COALINDIA,INE522F01014,Coal India Limited,2024-11-05,Dividend,3071,0,0,0,,
Pai,COALINDIA,INE522F01014,Coal India Limited,2024-11-12,Purchase,4553.12,5.72,11,413.4,,
Pai,COALINDIA,INE522F01014,Coal India Limited,2024-12-09,Purchase,5448.45,6.65,13,418.6,,
Pai,COALINDIA,INE522F01014,Coal India Limited,2024-12-12,Purchase,2057.13,2.13,5,411,,
Pai,COALINDIA,INE522F01014,Coal India Limited,2025-01-13,Purchase,1837.4,1.9,5,367.1,,
Pai,COALINDIA,INE522F01014,Coal India Limited,2025-01-31,Dividend,1282,0,0,0,,
Pai,COALINDIA,INE522F01014,Coal India Limited,2025-02-12,Purchase,1805.37,1.87,5,360.7,,
Pai,COALINDIA,INE522F01014,Coal India Limited,2025-02-17,Sale,-43488.5,102.08,-122,357.3,,
Pai,COALINDIA,INE522F01014,Coal India Limited,2025-02-17,Sale,-37521.8,0,-105,357.35,,
Pai,COALINDIA,INE522F01014,Coal India Limited,2025-02-17,Sale,-2501.8,0,-7,357.4,,
Pai,COALINDIA,INE522F01014,Coal India Limited,2025-03-12,Purchase,10222.6,12.59,27,378.15,,
Pai,COALINDIA,INE522F01014,Coal India Limited,2025-04-29,Purchase,3173.29,3.29,8,396.25,,
Pai,COALINDIA,INE522F01014,Coal India Limited,2025-05-29,Purchase,2801.85,2.9,7,399.85,,
Pai,COALINDIA,INE522F01014,Coal India Limited,2025-06-30,Purchase,392.7,0,1,392.7,,
Pai,COALINDIA,INE522F01014,Coal India Limited,2025-06-30,Purchase,2752.51,3.26,7,392.75,,
Pai,COALINDIA,INE522F01014,Coal India Limited,2025-07-29,Purchase,1894.46,1.96,5,378.5,,
Pai,COALINDIA,INE522F01014,Coal India Limited,2025-08-06,Dividend,303,0,0,0,,
Pai,COALINDIA,INE522F01014,Coal India Limited,2025-08-21,Dividend,283,0,0,0,,
Pai,COALINDIA,INE522F01014,Coal India Limited,2025-08-29,Sale,-20717.4,36.87,-55,377.35,,
Pai,COCHINSHIP,INE704P01017,Cochin Shipyard Limited,2024-01-02,Purchase,13540,0,20,677,,
Pai,COCHINSHIP,INE704P01017,Cochin Shipyard Limited,2024-01-12,Purchase,1510.5,0,2,755.25,,
Pai,COCHINSHIP,INE704P01017,Cochin Shipyard Limited,2024-02-12,Purchase,3316.6,0,4,829.15,,
Pai,COCHINSHIP,INE704P01017,Cochin Shipyard Limited,2024-02-12,Dividend,77,0,0,0,,
Pai,COCHINSHIP,INE704P01017,Cochin Shipyard Limited,2024-03-12,Purchase,1639.3,0,2,819.65,,
Pai,COCHINSHIP,INE704P01017,Cochin Shipyard Limited,2024-05-13,Purchase,3548.85,0,3,1182.95,,
Pai,COCHINSHIP,INE704P01017,Cochin Shipyard Limited,2024-06-12,Purchase,5739.74,7.04,3,1910.9,,
Pai,COCHINSHIP,INE704P01017,Cochin Shipyard Limited,2024-09-23,Dividend,76.5,0,0,0,,
Pai,COCHINSHIP,INE704P01017,Cochin Shipyard Limited,2024-11-19,Dividend,136,0,0,0,,
Pai,COCHINSHIP,INE704P01017,Cochin Shipyard Limited,2025-02-12,Dividend,119,0,0,0,,
Pai,COCHINSHIP,INE704P01017,Cochin Shipyard Limited,2025-03-03,Sale,-2505,0,-2,1252.5,,
Pai,COCHINSHIP,INE704P01017,Cochin Shipyard Limited,2025-03-03,Sale,-5010.4,0,-4,1252.6,,
Pai,COCHINSHIP,INE704P01017,Cochin Shipyard Limited,2025-03-03,Sale,-5010.8,0,-4,1252.7,,
Pai,COCHINSHIP,INE704P01017,Cochin Shipyard Limited,2025-03-03,Sale,-11274.8,0,-9,1252.75,,
Pai,COCHINSHIP,INE704P01017,Cochin Shipyard Limited,2025-03-03,Sale,-18732.5,59.53,-15,1252.8,,
Pai,COCHINSHIP,INE704P01017,Cochin Shipyard Limited,2025-03-21,Purchase,49191.4,57.97,34,1445.1,,
Pai,COCHINSHIP,INE704P01017,Cochin Shipyard Limited,2025-08-01,Sale,-59117.2,76.75,-34,1741,,
Pai,COFORGE,INE591G01017,Coforge Limited,2024-12-09,Purchase,8952.28,10.28,1,8942,,
Pai,COFORGE,INE591G01017,Coforge Limited,2024-12-12,Purchase,9239.59,16.29,1,9223.3,,
Pai,COFORGE,INE591G01017,Coforge Limited,2025-01-30,Dividend,38,0,0,0,,
Pai,COFORGE,INE591G01017,Coforge Limited,2025-02-12,Purchase,8108.15,9.4,1,8098.75,,
Pai,COFORGE,INE591G01017,Coforge Limited,2025-02-17,Sale,-22913.7,39.15,-3,7650.95,,
Pai,COLPAL,INE259A01022,Colgate Palmolive (India) Limited,2023-12-01,Purchase,17992,0,8,2249,,
Pai,COLPAL,INE259A01022,Colgate Palmolive (India) Limited,2023-12-12,Purchase,2321.65,0,1,2321.65,,
Pai,COLPAL,INE259A01022,Colgate Palmolive (India) Limited,2024-01-02,Sale,-22489.7,0,-9,2498.85,,
Pai,COLPAL,INE259A01022,Colgate Palmolive (India) Limited,2024-04-01,Purchase,32527.8,0,12,2710.65,,
Pai,COLPAL,INE259A01022,Colgate Palmolive (India) Limited,2024-04-12,Purchase,5375.5,0,2,2687.75,,
Pai,COLPAL,INE259A01022,Colgate Palmolive (India) Limited,2024-05-03,Sale,-38966.2,0,-14,2783.3,,
Pai,CONTROLPR,INE663B01015,Control Print Limited,2023-05-03,Purchase,1145.9,0,2,572.95,,
Pai,CONTROLPR,INE663B01015,Control Print Limited,2023-05-12,Purchase,613.05,0,1,613.05,,
Pai,CONTROLPR,INE663B01015,Control Print Limited,2023-06-12,Purchase,1283.9,0,2,641.95,,
Pai,CONTROLPR,INE663B01015,Control Print Limited,2023-07-13,Purchase,645.35,0,1,645.35,,
Pai,CONTROLPR,INE663B01015,Control Print Limited,2023-07-13,Purchase,1291.7,0,2,645.85,,
Pai,CONTROLPR,INE663B01015,Control Print Limited,2023-07-14,Dividend,40,0,0,0,,
Pai,CONTROLPR,INE663B01015,Control Print Limited,2023-08-14,Purchase,729.45,0,1,729.45,,
Pai,CONTROLPR,INE663B01015,Control Print Limited,2023-08-17,Purchase,6112,0,8,764,,
Pai,CONTROLPR,INE663B01015,Control Print Limited,2023-09-12,Purchase,1559.7,0,2,779.85,,
Pai,CONTROLPR,INE663B01015,Control Print Limited,2023-10-12,Purchase,803.75,0,1,803.75,,
Pai,CONTROLPR,INE663B01015,Control Print Limited,2024-02-02,Dividend,80,0,0,0,,
Pai,CONTROLPR,INE663B01015,Control Print Limited,2024-07-15,Sale,-16255.7,32.29,-20,814.4,,
Pai,COROMANDEL,INE169A01031,Coromandel International Limited,2022-10-24,Purchase,2996.7,0,3,998.9,,
Pai,COROMANDEL,INE169A01031,Coromandel International Limited,2022-11-02,Purchase,984.3,0,1,984.3,,
Pai,COROMANDEL,INE169A01031,Coromandel International Limited,2022-11-11,Sale,-2797.35,0,-3,932.45,,
Pai,COROMANDEL,INE169A01031,Coromandel International Limited,2022-11-11,Sale,-932.5,0,-1,932.5,,
Pai,CUMMINSIND,INE298A01020,Cummins India Limited,2024-04-01,Purchase,36193.2,0,12,3016.1,5426,2026-08-07
Pai,CUMMINSIND,INE298A01020,Cummins India Limited,2024-04-12,Purchase,3063.95,0,1,3063.95,5426,2026-08-07
Pai,CUMMINSIND,INE298A01020,Cummins India Limited,2024-05-03,Sale,-37406.6,0,-11,3400.6,5426,2026-08-07
Pai,CUMMINSIND,INE298A01020,Cummins India Limited,2024-05-03,Sale,-6801.9,0,-2,3400.95,5426,2026-08-07
Pai,CUMMINSIND,INE298A01020,Cummins India Limited,2025-11-03,Purchase,61487.9,72.71,14,4386.8,5426,2026-08-07
Pai,CUMMINSIND,INE298A01020,Cummins India Limited,2025-11-17,Purchase,4304.46,5.46,1,4299,5426,2026-08-07
Pai,CUMMINSIND,INE298A01020,Cummins India Limited,2026-02-11,Dividend,300,0,0,0,5426,2026-08-07
Pai,CYIENT,INE136B01020,Cyient Limited,2023-10-23,Purchase,1662.45,0,1,1662.45,,
Pai,CYIENT,INE136B01020,Cyient Limited,2023-10-23,Purchase,6651.4,0,4,1662.85,,
Pai,CYIENT,INE136B01020,Cyient Limited,2023-10-23,Purchase,19435.2,0,12,1619.6,,
Pai,CYIENT,INE136B01020,Cyient Limited,2023-11-01,Dividend,204,0,0,0,,
Pai,CYIENT,INE136B01020,Cyient Limited,2023-11-13,Purchase,1676.65,0,1,1676.65,,
Pai,CYIENT,INE136B01020,Cyient Limited,2023-12-01,Purchase,1993,0,1,1993,,
Pai,CYIENT,INE136B01020,Cyient Limited,2023-12-01,Purchase,1995.25,0,1,1995.25,,
Pai,CYIENT,INE136B01020,Cyient Limited,2023-12-12,Purchase,3952.4,0,2,1976.2,,
Pai,CYIENT,INE136B01020,Cyient Limited,2024-01-02,Purchase,2319,0,1,2319,,
Pai,CYIENT,INE136B01020,Cyient Limited,2024-01-12,Purchase,4485.6,0,2,2242.8,,
Pai,CYIENT,INE136B01020,Cyient Limited,2024-02-01,Sale,-23227.2,0,-12,1935.6,,
Pai,CYIENT,INE136B01020,Cyient Limited,2024-06-21,Dividend,234,0,0,0,,
Pai,CYIENT,INE136B01020,Cyient Limited,2024-11-06,Dividend,156,0,0,0,,
Pai,CYIENT,INE136B01020,Cyient Limited,2024-12-16,Sale,-27229.1,43.63,-13,2097.9,,
Pai,DPABHUSHAN,INE266Y01019,D. P. Abhushan Limited,2025-11-18,Purchase,1592.7,0,1,1592.7,1025.5,2026-03-20
Pai,DPABHUSHAN,INE266Y01019,D. P. Abhushan Limited,2025-11-18,Purchase,1591.8,0,1,1591.8,1025.5,2026-03-20
Pai,DPABHUSHAN,INE266Y01019,D. P. Abhushan Limited,2025-11-18,Purchase,9581.03,25.13,6,1592.65,1025.5,2026-03-20
Pai,DPABHUSHAN,INE266Y01019,D. P. Abhushan Limited,2025-11-18,Purchase,7964.75,0,5,1592.95,1025.5,2026-03-20
Pai,DPABHUSHAN,INE266Y01019,D. P. Abhushan Limited,2026-03-12,Sale,-6100.2,0,-6,1016.7,1025.5,2026-03-20
Pai,DPABHUSHAN,INE266Y01019,D. P. Abhushan Limited,2026-03-12,Sale,-7089.25,29.05,-7,1016.9,1025.5,2026-03-20
Pai,DALMIASUG,INE495A01022,Dalmia Bharat Sugar and Industries Limited,2022-10-24,Purchase,16245,0,50,324.9,342.05,2026-05-22
Pai,DALMIASUG,INE495A01022,Dalmia Bharat Sugar and Industries Limited,2022-11-02,Purchase,330.4,0,1,330.4,342.05,2026-05-22
Pai,DALMIASUG,INE495A01022,Dalmia Bharat Sugar and Industries Limited,2022-12-01,Purchase,707,0,2,353.5,342.05,2026-05-22
Pai,DALMIASUG,INE495A01022,Dalmia Bharat Sugar and Industries Limited,2023-01-12,Purchase,1112.55,0,3,370.85,342.05,2026-05-22
Pai,DALMIASUG,INE495A01022,Dalmia Bharat Sugar and Industries Limited,2023-02-15,Dividend,168,0,0,0,342.05,2026-05-22
Pai,DALMIASUG,INE495A01022,Dalmia Bharat Sugar and Industries Limited,2023-03-13,Sale,-5237.25,0,-15,349.15,342.05,2026-05-22
Pai,DALMIASUG,INE495A01022,Dalmia Bharat Sugar and Industries Limited,2023-03-13,Sale,-8031.6,0,-23,349.2,342.05,2026-05-22
Pai,DALMIASUG,INE495A01022,Dalmia Bharat Sugar and Industries Limited,2023-03-13,Sale,-6283.8,0,-18,349.1,342.05,2026-05-22
Pai,DATAPATTNS,INE0IX101010,Data Patterns (India) Limited,2021-12-23,Purchase,14625,0,25,585,4243.9,2026-07-21
Pai,DATAPATTNS,INE0IX101010,Data Patterns (India) Limited,2022-08-29,Dividend,87.5,0,0,0,4243.9,2026-07-21
Pai,DATAPATTNS,INE0IX101010,Data Patterns (India) Limited,2023-08-02,Dividend,112.5,0,0,0,4243.9,2026-07-21
Pai,DATAPATTNS,INE0IX101010,Data Patterns (India) Limited,2024-07-23,Dividend,162.5,0,0,0,4243.9,2026-07-21
Pai,DATAPATTNS,INE0IX101010,Data Patterns (India) Limited,2025-03-03,Sale,-5629,0,-4,1407.25,4243.9,2026-07-21
Pai,DATAPATTNS,INE0IX101010,Data Patterns (India) Limited,2025-03-03,Sale,-29503.3,52.12,-21,1407.4,4243.9,2026-07-21
Pai,DATAPATTNS,INE0IX101010,Data Patterns (India) Limited,2026-02-10,Purchase,11623.8,0,4,2905.95,4243.9,2026-07-21
Pai,DATAPATTNS,INE0IX101010,Data Patterns (India) Limited,2026-02-10,Purchase,11651.3,27.3,4,2906,4243.9,2026-07-21
Pai,DATAPATTNS,INE0IX101010,Data Patterns (India) Limited,2026-07-20,Sale,-4045,0,-1,4045,4243.9,2026-07-21
Pai,DATAPATTNS,INE0IX101010,Data Patterns (India) Limited,2026-07-20,Sale,-4042.75,0,-1,4042.75,4243.9,2026-07-21
Pai,DATAPATTNS,INE0IX101010,Data Patterns (India) Limited,2026-07-20,Sale,-4042.8,0,-1,4042.8,4243.9,2026-07-21
Pai,DATAPATTNS,INE0IX101010,Data Patterns (India) Limited,2026-07-20,Sale,-20164.2,49.09,-5,4042.65,4243.9,2026-07-21
Pai,DEEDEV,INE841L01016,DEE Development Engineers Limited,2026-02-10,Purchase,16280.4,18.87,75,216.82,629.7,2026-08-07
Pai,DYCL,INE600Y01019,Dynamic Cables Limited,2026-06-22,Purchase,20129.3,24.02,55,365.55,401.9,2026-08-07
Pai,DYCL,INE600Y01019,Dynamic Cables Limited,2026-07-10,Dividend,27.5,0,0,0,401.9,2026-08-07
Pai,ECLERX,INE738I01010,eClerx Services Limited,2023-10-23,Purchase,5818.95,0,3,1939.65,1769.1,2026-08-07
Pai,ECLERX,INE738I01010,eClerx Services Limited,2024-09-06,Dividend,3,0,0,0,1769.1,2026-08-07
Pai,ECLERX,INE738I01010,eClerx Services Limited,2025-03-03,Sale,-8250.31,23.99,-3,2758.1,1769.1,2026-08-07
Pai,ECLERX,INE738I01010,eClerx Services Limited,2026-05-20,Purchase,10908.8,0,7,1558.4,1769.1,2026-08-07
Pai,ECLERX,INE738I01010,eClerx Services Limited,2026-05-20,Purchase,10909.1,0,7,1558.45,1769.1,2026-08-07
Pai,ECLERX,INE738I01010,eClerx Services Limited,2026-05-20,Purchase,20317,55.88,13,1558.55,1769.1,2026-08-07
Pai,ECLERX,INE738I01010,eClerx Services Limited,2026-05-20,Purchase,4675.8,0,3,1558.6,1769.1,2026-08-07
Pai,ECLERX,INE738I01010,eClerx Services Limited,2026-05-25,Purchase,9527.24,18.44,6,1584.8,1769.1,2026-08-07
Pai,ECLERX,INE738I01010,eClerx Services Limited,2026-05-25,Purchase,6339.6,0,4,1584.9,1769.1,2026-08-07
Pai,EDELWEISS,INE532F01054,Edelweiss Financial Services Limited,2026-02-11,Purchase,12423.9,14.87,100,124.09,104.7,2026-03-20
Pai,EDELWEISS,INE532F01054,Edelweiss Financial Services Limited,2026-03-12,Sale,-850.4,0,-8,106.3,104.7,2026-03-20
Pai,EDELWEISS,INE532F01054,Edelweiss Financial Services Limited,2026-03-12,Sale,-9757.74,26.46,-92,106.35,104.7,2026-03-20
Pai,EIDPARRY,INE126A01031,EID Parry India Limited,2022-10-28,Purchase,1184.3,0,2,592.15,,
Pai,EIDPARRY,INE126A01031,EID Parry India Limited,2022-11-01,Purchase,1844.7,0,3,614.9,,
Pai,EIDPARRY,INE126A01031,EID Parry India Limited,2022-11-02,Purchase,1225.4,0,2,612.7,,
Pai,EIDPARRY,INE126A01031,EID Parry India Limited,2022-11-22,Dividend,38.5,0,0,0,,
Pai,EIDPARRY,INE126A01031,EID Parry India Limited,2022-12-01,Purchase,1196.2,0,2,598.1,,
Pai,EIDPARRY,INE126A01031,EID Parry India Limited,2023-04-21,Dividend,36,0,0,0,,
Pai,EIDPARRY,INE126A01031,EID Parry India Limited,2023-10-23,Sale,-936.2,0,-2,468.1,,
Pai,EIDPARRY,INE126A01031,EID Parry India Limited,2023-10-23,Sale,-3276.35,0,-7,468.05,,
Pai,EIHOTEL,INE230A01023,EIH Limited,2024-04-01,Purchase,5225,0,11,475,,
Pai,EIHOTEL,INE230A01023,EIH Limited,2024-04-12,Purchase,480.1,0,1,480.1,,
Pai,EIHOTEL,INE230A01023,EIH Limited,2024-05-03,Purchase,5165.6,0,11,469.6,,
Pai,EIHOTEL,INE230A01023,EIH Limited,2024-07-12,Purchase,424.89,0.44,1,424.45,,
Pai,EIHOTEL,INE230A01023,EIH Limited,2024-07-16,Sale,-9948.65,25.75,-24,415.6,,
Pai,ELECON,INE205B01023,Elecon Engineering Company Limited,2023-05-03,Purchase,1730.8,0,8,216.35,,
Pai,ELECON,INE205B01023,Elecon Engineering Company Limited,2023-05-12,Purchase,492,0,2,246,,
Pai,ELECON,INE205B01023,Elecon Engineering Company Limited,2023-06-09,Dividend,10,0,0,0,,
Pai,ELECON,INE205B01023,Elecon Engineering Company Limited,2023-06-12,Purchase,1130.2,0,4,282.55,,
Pai,ELECON,INE205B01023,Elecon Engineering Company Limited,2023-07-13,Purchase,1449.6,0,4,362.4,,
Pai,ELECON,INE205B01023,Elecon Engineering Company Limited,2023-08-14,Purchase,827.95,0,2,413.98,,
Pai,ELECON,INE205B01023,Elecon Engineering Company Limited,2023-08-14,Purchase,828.75,0,2,414.38,,
Pai,ELECON,INE205B01023,Elecon Engineering Company Limited,2023-09-12,Purchase,1593.2,0,4,398.3,,
Pai,ELECON,INE205B01023,Elecon Engineering Company Limited,2023-10-12,Purchase,830.8,0,2,415.4,,
Pai,ELECON,INE205B01023,Elecon Engineering Company Limited,2023-10-31,Dividend,14,0,0,0,,
Pai,ELECON,INE205B01023,Elecon Engineering Company Limited,2024-06-14,Dividend,28,0,0,0,,
Pai,ELECON,INE205B01023,Elecon Engineering Company Limited,2024-10-28,Dividend,14,0,0,0,,
Pai,ELECON,INE205B01023,Elecon Engineering Company Limited,2025-03-03,Sale,-407.95,0,-1,407.95,,
Pai,ELECON,INE205B01023,Elecon Engineering Company Limited,2025-03-03,Sale,-2040,0,-5,408,,
Pai,ELECON,INE205B01023,Elecon Engineering Company Limited,2025-03-03,Sale,-4080.5,0,-10,408.05,,
Pai,ELECON,INE205B01023,Elecon Engineering Company Limited,2025-03-03,Sale,-4870.61,27.19,-12,408.15,,
Pai,ELECON,INE205B01023,Elecon Engineering Company Limited,2025-03-21,Purchase,12163.8,14.6,28,433.9,,
Pai,ELECON,INE205B01023,Elecon Engineering Company Limited,2025-06-13,Dividend,42,0,0,0,,
Pai,ELECON,INE205B01023,Elecon Engineering Company Limited,2025-08-01,Sale,-10240.7,31.92,-18,570.7,,
Pai,ELECON,INE205B01023,Elecon Engineering Company Limited,2025-08-01,Sale,-1712.25,0,-3,570.75,,
Pai,ELECON,INE205B01023,Elecon Engineering Company Limited,2025-08-01,Sale,-1711.8,0,-3,570.6,,
Pai,ELECON,INE205B01023,Elecon Engineering Company Limited,2025-08-01,Sale,-1711.95,0,-3,570.65,,
Pai,ELECON,INE205B01023,Elecon Engineering Company Limited,2025-08-01,Sale,-570.8,0,-1,570.8,,
Pai,EMBASSY,INE041025011,Embassy Office Parks REIT,2024-06-12,Purchase,8617.92,0,24,359.08,442.48,2026-04-16
Pai,EMBASSY,INE041025011,Embassy Office Parks REIT,2024-06-12,Purchase,1080.3,1.2,3,359.7,442.48,2026-04-16
Pai,EMBASSY,INE041025011,Embassy Office Parks REIT,2024-06-12,Purchase,1436.24,0,4,359.06,442.48,2026-04-16
Pai,EMBASSY,INE041025011,Embassy Office Parks REIT,2024-06-12,Purchase,30571,48.31,85,359.09,442.48,2026-04-16
Pai,EMBASSY,INE041025011,Embassy Office Parks REIT,2024-07-12,Purchase,2526.2,2.63,7,360.51,442.48,2026-04-16
Pai,EMBASSY,INE041025011,Embassy Office Parks REIT,2024-08-02,Dividend,678.34,0,0,0,442.48,2026-04-16
Pai,EMBASSY,INE041025011,Embassy Office Parks REIT,2024-08-12,Purchase,2661.51,2.77,7,379.82,442.48,2026-04-16
Pai,EMBASSY,INE041025011,Embassy Office Parks REIT,2024-09-12,Purchase,1960.54,2.04,5,391.7,442.48,2026-04-16
Pai,EMBASSY,INE041025011,Embassy Office Parks REIT,2024-10-14,Purchase,6636.52,7.88,17,389.92,442.48,2026-04-16
Pai,EMBASSY,INE041025011,Embassy Office Parks REIT,2024-10-29,Dividend,872.02,0,0,0,442.48,2026-04-16
Pai,EMBASSY,INE041025011,Embassy Office Parks REIT,2024-11-12,Purchase,3111.06,3.22,8,388.48,442.48,2026-04-16
Pai,EMBASSY,INE041025011,Embassy Office Parks REIT,2025-02-01,Dividend,935.68,0,0,0,442.48,2026-04-16
Pai,EMBASSY,INE041025011,Embassy Office Parks REIT,2025-03-24,Sale,-56933.5,74.48,-160,356.3,442.48,2026-04-16
Pai,EMMVEE,INE1C6T01020,Emmvee Photovoltaic Power Limited,2025-11-20,Purchase,48201.9,0,213,226.3,318.9,2026-08-07
Pai,EMMVEE,INE1C6T01020,Emmvee Photovoltaic Power Limited,2025-11-20,Purchase,68073.5,177.46,300,226.32,318.9,2026-08-07
Pai,EMMVEE,INE1C6T01020,Emmvee Photovoltaic Power Limited,2025-11-20,Purchase,11767.1,0,52,226.29,318.9,2026-08-07
Pai,EMMVEE,INE1C6T01020,Emmvee Photovoltaic Power Limited,2025-11-20,Purchase,22178.4,0,98,226.31,318.9,2026-08-07
Pai,EMMVEE,INE1C6T01020,Emmvee Photovoltaic Power Limited,2025-12-19,Sale,-11520.3,0,-66,174.55,318.9,2026-08-07
Pai,EMMVEE,INE1C6T01020,Emmvee Photovoltaic Power Limited,2025-12-19,Sale,-55863.1,135.36,-321,174.45,318.9,2026-08-07
Pai,EMMVEE,INE1C6T01020,Emmvee Photovoltaic Power Limited,2025-12-19,Sale,-48162,0,-276,174.5,318.9,2026-08-07
Pai,EMMVEE,INE1C6T01020,Emmvee Photovoltaic Power Limited,2026-04-15,Purchase,28247.9,44.84,116,243.13,318.9,2026-08-07
Pai,EMMVEE,INE1C6T01020,Emmvee Photovoltaic Power Limited,2026-04-15,Purchase,9239.32,0,38,243.14,318.9,2026-08-07
Pai,EMMVEE,INE1C6T01020,Emmvee Photovoltaic Power Limited,2026-05-22,Purchase,2104.98,2.18,8,262.85,318.9,2026-08-07
Pai,EMMVEE,INE1C6T01020,Emmvee Photovoltaic Power Limited,2026-07-22,Purchase,1915.99,1.99,6,319,318.9,2026-08-07
Pai,EMMVEE,INE1C6T01020,Emmvee Photovoltaic Power Limited,2026-08-04,Purchase,21467.5,30.88,67,319.95,318.9,2026-08-07
Pai,EMMVEE,INE1C6T01020,Emmvee Photovoltaic Power Limited,2026-08-04,Purchase,1279.2,0,4,319.8,318.9,2026-08-07
Pai,EMMVEE,INE1C6T01020,Emmvee Photovoltaic Power Limited,2026-08-04,Purchase,3199,0,10,319.9,318.9,2026-08-07
Pai,ENDURANCE,INE913H01037,Endurance Technologies Limited,2025-09-09,Purchase,11942.8,0,4,2985.7,,
Pai,ENDURANCE,INE913H01037,Endurance Technologies Limited,2025-09-09,Purchase,2985.8,0,1,2985.8,,
Pai,ENDURANCE,INE913H01037,Endurance Technologies Limited,2025-09-09,Purchase,20956.9,53.47,7,2986.2,,
Pai,ENDURANCE,INE913H01037,Endurance Technologies Limited,2025-09-09,Purchase,2986.4,0,1,2986.4,,
Pai,ENDURANCE,INE913H01037,Endurance Technologies Limited,2025-09-09,Purchase,2986.5,0,1,2986.5,,
Pai,ENDURANCE,INE913H01037,Endurance Technologies Limited,2025-09-09,Purchase,2985.5,0,1,2985.5,,
Pai,ENDURANCE,INE913H01037,Endurance Technologies Limited,2025-09-29,Purchase,5586.39,6.79,2,2789.8,,
Pai,ENDURANCE,INE913H01037,Endurance Technologies Limited,2025-10-29,Purchase,2883.82,3.42,1,2880.4,,
Pai,ENDURANCE,INE913H01037,Endurance Technologies Limited,2025-11-03,Sale,-5732.2,0,-2,2866.1,,
Pai,ENDURANCE,INE913H01037,Endurance Technologies Limited,2025-11-03,Sale,-8595.6,0,-3,2865.2,,
Pai,ENDURANCE,INE913H01037,Endurance Technologies Limited,2025-11-03,Sale,-5732,0,-2,2866,,
Pai,ENDURANCE,INE913H01037,Endurance Technologies Limited,2025-11-03,Sale,-14328,0,-5,2865.6,,
Pai,ENDURANCE,INE913H01037,Endurance Technologies Limited,2025-11-03,Sale,-17121.2,68.85,-6,2865,,
Pai,ETERNAL,INE758T01015,Eternal Limited,2023-10-23,Purchase,334.35,0,3,111.45,,
Pai,ETERNAL,INE758T01015,Eternal Limited,2023-11-02,Sale,-317.7,0,-3,105.9,,
Pai,ETERNAL,INE758T01015,Eternal Limited,2024-01-02,Purchase,1413.5,0,11,128.5,,
Pai,ETERNAL,INE758T01015,Eternal Limited,2024-01-12,Purchase,138.95,0,1,138.95,,
Pai,ETERNAL,INE758T01015,Eternal Limited,2024-02-01,Sale,-1679.4,0,-12,139.95,,
Pai,ETERNAL,INE758T01015,Eternal Limited,2024-04-01,Purchase,4466.4,0,24,186.1,,
Pai,ETERNAL,INE758T01015,Eternal Limited,2024-04-12,Purchase,198.6,0,1,198.6,,
Pai,ETERNAL,INE758T01015,Eternal Limited,2024-06-03,Purchase,5643.2,0,32,176.35,,
Pai,ETERNAL,INE758T01015,Eternal Limited,2025-10-29,Purchase,16549.8,19.75,50,330.6,,
Pai,ETERNAL,INE758T01015,Eternal Limited,2025-11-11,Sale,-4831.2,0,-16,301.95,,
Pai,ETERNAL,INE758T01015,Eternal Limited,2025-11-11,Sale,-27432.9,49.12,-91,302,,
Pai,EXIDEIND,INE302A01020,Exide Industries Limited,2022-10-24,Purchase,11534.4,0,72,160.2,,
Pai,EXIDEIND,INE302A01020,Exide Industries Limited,2022-12-01,Purchase,378.5,0,2,189.25,,
Pai,EXIDEIND,INE302A01020,Exide Industries Limited,2023-08-01,Dividend,148,0,0,0,,
Pai,EXIDEIND,INE302A01020,Exide Industries Limited,2024-07-19,Purchase,46728.2,78.75,84,555.35,,
Pai,EXIDEIND,INE302A01020,Exide Industries Limited,2024-07-19,Purchase,19430.2,0,35,555.15,,
Pai,EXIDEIND,INE302A01020,Exide Industries Limited,2024-07-22,Dividend,386,0,0,0,,
Pai,EXIDEIND,INE302A01020,Exide Industries Limited,2024-08-12,Purchase,1489.1,1.55,3,495.85,,
Pai,EXIDEIND,INE302A01020,Exide Industries Limited,2024-09-12,Purchase,951.49,0.99,2,475.25,,
Pai,EXIDEIND,INE302A01020,Exide Industries Limited,2024-10-07,Purchase,1937.41,2.01,4,483.85,,
Pai,EXIDEIND,INE302A01020,Exide Industries Limited,2024-11-12,Purchase,2159.74,2.24,5,431.5,,
Pai,EXIDEIND,INE302A01020,Exide Industries Limited,2024-12-10,Purchase,7976.4,0,17,469.2,,
Pai,EXIDEIND,INE302A01020,Exide Industries Limited,2024-12-10,Purchase,16453.1,29.31,35,469.25,,
Pai,EXIDEIND,INE302A01020,Exide Industries Limited,2024-12-12,Purchase,1400.65,1.45,3,466.4,,
Pai,EXIDEIND,INE302A01020,Exide Industries Limited,2025-01-15,Sale,-68071.8,119.99,-178,383.1,,
Pai,EXIDEIND,INE302A01020,Exide Industries Limited,2025-01-15,Sale,-32184.6,0,-84,383.15,,
Pai,FAIRCHEMOR,INE0DNW01011,Fairchem Organics Limited,2025-10-20,Purchase,3811.25,0,5,762.25,563.6,2026-04-16
Pai,FAIRCHEMOR,INE0DNW01011,Fairchem Organics Limited,2025-10-20,Purchase,762.3,0,1,762.3,563.6,2026-04-16
Pai,FAIRCHEMOR,INE0DNW01011,Fairchem Organics Limited,2025-10-20,Purchase,6114.24,15.44,8,762.35,563.6,2026-04-16
Pai,FAIRCHEMOR,INE0DNW01011,Fairchem Organics Limited,2025-10-20,Purchase,762.4,0,1,762.4,563.6,2026-04-16
Pai,FAIRCHEMOR,INE0DNW01011,Fairchem Organics Limited,2025-10-20,Purchase,762.6,0,1,762.6,563.6,2026-04-16
Pai,FAIRCHEMOR,INE0DNW01011,Fairchem Organics Limited,2025-10-20,Purchase,762.65,0,1,762.65,563.6,2026-04-16
Pai,FAIRCHEMOR,INE0DNW01011,Fairchem Organics Limited,2025-10-29,Sale,-12716.4,31.94,-17,749.9,563.6,2026-04-16
Pai,FAIRCHEMOR,INE0DNW01011,Fairchem Organics Limited,2025-10-29,Purchase,1500.43,0.63,2,749.9,563.6,2026-04-16
Pai,FAIRCHEMOR,INE0DNW01011,Fairchem Organics Limited,2025-11-03,Sale,-1485.89,16.91,-2,751.4,563.6,2026-04-16
Pai,FIEMIND,INE737H01014,Fiem Industries Limited,2022-10-24,Purchase,4756.35,0,3,1585.45,2498,2026-08-05
Pai,FIEMIND,INE737H01014,Fiem Industries Limited,2022-10-24,Purchase,7927,0,5,1585.4,2498,2026-08-05
Pai,FIEMIND,INE737H01014,Fiem Industries Limited,2023-02-16,Purchase,3399.1,0,2,1699.55,2498,2026-08-05
Pai,FIEMIND,INE737H01014,Fiem Industries Limited,2023-04-03,Purchase,6416.2,0,4,1604.05,2498,2026-08-05
Pai,FIEMIND,INE737H01014,Fiem Industries Limited,2023-07-13,Purchase,1825.3,0,1,1825.3,2498,2026-08-05
Pai,FIEMIND,INE737H01014,Fiem Industries Limited,2023-07-13,Purchase,5469.45,0,3,1823.15,2498,2026-08-05
Pai,FIEMIND,INE737H01014,Fiem Industries Limited,2023-07-21,Dividend,540,0,0,0,2498,2026-08-05
Pai,FIEMIND,INE737H01014,Fiem Industries Limited,2023-09-12,Purchase,1907.7,0,1,1907.7,2498,2026-08-05
Pai,FIEMIND,INE737H01014,Fiem Industries Limited,2023-11-02,Purchase,12564.6,0,7,1794.95,2498,2026-08-05
Pai,FIEMIND,INE737H01014,Fiem Industries Limited,2023-11-02,Purchase,1795,0,1,1795,2498,2026-08-05
Pai,FIEMIND,INE737H01014,Fiem Industries Limited,2024-02-28,Bonus,0,0,27,0,2498,2026-08-05
Pai,FIEMIND,INE737H01014,Fiem Industries Limited,2024-04-12,Purchase,2280,0,2,1140,2498,2026-08-05
Pai,FIEMIND,INE737H01014,Fiem Industries Limited,2024-07-24,Dividend,1120,0,0,0,2498,2026-08-05
Pai,FIEMIND,INE737H01014,Fiem Industries Limited,2024-08-12,Purchase,1303.96,1.36,1,1302.6,2498,2026-08-05
Pai,FIEMIND,INE737H01014,Fiem Industries Limited,2024-10-07,Purchase,3221.44,3.34,2,1609.05,2498,2026-08-05
Pai,FIEMIND,INE737H01014,Fiem Industries Limited,2024-12-10,Purchase,4862.44,6.04,3,1618.8,2498,2026-08-05
Pai,FIEMIND,INE737H01014,Fiem Industries Limited,2025-01-16,Purchase,12939,15.41,9,1435.95,2498,2026-08-05
Pai,FIEMIND,INE737H01014,Fiem Industries Limited,2025-03-12,Purchase,2678.2,0,2,1339.1,2498,2026-08-05
Pai,FIEMIND,INE737H01014,Fiem Industries Limited,2025-03-12,Purchase,4027.39,9.34,3,1339.35,2498,2026-08-05
Pai,FIEMIND,INE737H01014,Fiem Industries Limited,2025-03-12,Purchase,1339,0,1,1339,2498,2026-08-05
Pai,FIEMIND,INE737H01014,Fiem Industries Limited,2025-03-19,Purchase,29610.6,74.48,22,1342.55,2498,2026-08-05
Pai,FIEMIND,INE737H01014,Fiem Industries Limited,2025-03-19,Purchase,1343.05,0,1,1343.05,2498,2026-08-05
Pai,FIEMIND,INE737H01014,Fiem Industries Limited,2025-03-19,Purchase,13431,0,10,1343.1,2498,2026-08-05
Pai,FIEMIND,INE737H01014,Fiem Industries Limited,2025-03-19,Purchase,2686.3,0,2,1343.15,2498,2026-08-05
Pai,FIEMIND,INE737H01014,Fiem Industries Limited,2025-03-19,Purchase,12089.2,0,9,1343.25,2498,2026-08-05
Pai,FIEMIND,INE737H01014,Fiem Industries Limited,2025-03-19,Purchase,4029.9,0,3,1343.3,2498,2026-08-05
Pai,FIEMIND,INE737H01014,Fiem Industries Limited,2025-07-24,Dividend,3720,0,0,0,2498,2026-08-05
Pai,FIEMIND,INE737H01014,Fiem Industries Limited,2025-08-29,Purchase,2129.41,2.21,1,2127.2,2498,2026-08-05
Pai,FIEMIND,INE737H01014,Fiem Industries Limited,2025-09-29,Purchase,9780.63,11.13,5,1953.9,2498,2026-08-05
Pai,FIEMIND,INE737H01014,Fiem Industries Limited,2025-10-29,Purchase,2095.8,0,1,2095.8,2498,2026-08-05
Pai,FIEMIND,INE737H01014,Fiem Industries Limited,2025-10-29,Purchase,2100.87,4.97,1,2095.9,2498,2026-08-05
Pai,FIEMIND,INE737H01014,Fiem Industries Limited,2026-02-03,Sale,-2176.9,0,-1,2176.9,2498,2026-08-05
Pai,FIEMIND,INE737H01014,Fiem Industries Limited,2026-02-03,Sale,-26142,0,-12,2178.5,2498,2026-08-05
Pai,FIEMIND,INE737H01014,Fiem Industries Limited,2026-02-03,Sale,-4353.2,0,-2,2176.6,2498,2026-08-05
Pai,FIEMIND,INE737H01014,Fiem Industries Limited,2026-02-03,Sale,-4355.6,0,-2,2177.8,2498,2026-08-05
Pai,FIEMIND,INE737H01014,Fiem Industries Limited,2026-02-03,Sale,-65310,0,-30,2177,2498,2026-08-05
Pai,FIEMIND,INE737H01014,Fiem Industries Limited,2026-02-03,Sale,-6528,0,-3,2176,2498,2026-08-05
Pai,FIEMIND,INE737H01014,Fiem Industries Limited,2026-02-03,Sale,-6533.1,0,-3,2177.7,2498,2026-08-05
Pai,FIEMIND,INE737H01014,Fiem Industries Limited,2026-02-03,Sale,-86898.2,245.78,-40,2178.6,2498,2026-08-05
Pai,FIEMIND,INE737H01014,Fiem Industries Limited,2026-02-03,Sale,-19591.2,0,-9,2176.8,2498,2026-08-05
Pai,FIEMIND,INE737H01014,Fiem Industries Limited,2026-02-10,Purchase,30663.1,0,13,2358.7,2498,2026-08-05
Pai,FIEMIND,INE737H01014,Fiem Industries Limited,2026-02-10,Purchase,37740.8,0,16,2358.8,2498,2026-08-05
Pai,FIEMIND,INE737H01014,Fiem Industries Limited,2026-02-10,Purchase,37952.9,210.55,16,2358.9,2498,2026-08-05
Pai,FIEMIND,INE737H01014,Fiem Industries Limited,2026-02-10,Purchase,2359,0,1,2359,2498,2026-08-05
Pai,FIEMIND,INE737H01014,Fiem Industries Limited,2026-02-10,Purchase,16514.4,0,7,2359.2,2498,2026-08-05
Pai,FIEMIND,INE737H01014,Fiem Industries Limited,2026-02-10,Purchase,9437.2,0,4,2359.3,2498,2026-08-05
Pai,FIEMIND,INE737H01014,Fiem Industries Limited,2026-02-10,Purchase,16517.9,0,7,2359.7,2498,2026-08-05
Pai,FIEMIND,INE737H01014,Fiem Industries Limited,2026-02-10,Purchase,2359.9,0,1,2359.9,2498,2026-08-05
Pai,FIEMIND,INE737H01014,Fiem Industries Limited,2026-02-10,Purchase,2360,0,1,2360,2498,2026-08-05
Pai,FIEMIND,INE737H01014,Fiem Industries Limited,2026-02-10,Purchase,7078.8,0,3,2359.6,2498,2026-08-05
Pai,FIEMIND,INE737H01014,Fiem Industries Limited,2026-02-10,Purchase,14156.4,0,6,2359.4,2498,2026-08-05
Pai,FIEMIND,INE737H01014,Fiem Industries Limited,2026-02-23,Purchase,2336.8,0,1,2336.8,2498,2026-08-05
Pai,FIEMIND,INE737H01014,Fiem Industries Limited,2026-02-23,Purchase,4682.27,8.27,2,2337,2498,2026-08-05
Pai,FIEMIND,INE737H01014,Fiem Industries Limited,2026-03-12,Sale,-2060.2,0,-1,2060.2,2498,2026-08-05
Pai,FIEMIND,INE737H01014,Fiem Industries Limited,2026-03-12,Sale,-100694,246.16,-49,2060,2498,2026-08-05
Pai,FIEMIND,INE737H01014,Fiem Industries Limited,2026-03-12,Sale,-14420.7,0,-7,2060.1,2498,2026-08-05
Pai,FIEMIND,INE737H01014,Fiem Industries Limited,2026-03-12,Sale,-2060.3,0,-1,2060.3,2498,2026-08-05
Pai,FIEMIND,INE737H01014,Fiem Industries Limited,2026-03-12,Sale,-10302.5,0,-5,2060.5,2498,2026-08-05
Pai,FIEMIND,INE737H01014,Fiem Industries Limited,2026-03-12,Sale,-2060.6,0,-1,2060.6,2498,2026-08-05
Pai,FIEMIND,INE737H01014,Fiem Industries Limited,2026-03-12,Sale,-2060.7,0,-1,2060.7,2498,2026-08-05
Pai,FIEMIND,INE737H01014,Fiem Industries Limited,2026-03-12,Sale,-35033.6,0,-17,2060.8,2498,2026-08-05
Pai,FIEMIND,INE737H01014,Fiem Industries Limited,2026-03-12,Sale,-26774.8,0,-13,2059.6,2498,2026-08-05
Pai,FIEMIND,INE737H01014,Fiem Industries Limited,2026-03-12,Sale,-6179.1,0,-3,2059.7,2498,2026-08-05
Pai,FIEMIND,INE737H01014,Fiem Industries Limited,2026-03-12,Sale,-20604,0,-10,2060.4,2498,2026-08-05
Pai,FIEMIND,INE737H01014,Fiem Industries Limited,2026-04-15,Purchase,24319.4,29.2,11,2208.2,2498,2026-08-05
Pai,FIEMIND,INE737H01014,Fiem Industries Limited,2026-07-24,Dividend,440,0,0,0,2498,2026-08-05
Pai,FIEMIND,INE737H01014,Fiem Industries Limited,2026-07-31,Sale,-4603.8,0,-2,2301.9,2498,2026-08-05
Pai,FIEMIND,INE737H01014,Fiem Industries Limited,2026-07-31,Sale,-2302.1,0,-1,2302.1,2498,2026-08-05
Pai,FIEMIND,INE737H01014,Fiem Industries Limited,2026-07-31,Sale,-18381.6,41.62,-8,2302.9,2498,2026-08-05
Pai,FCL,INE045J01026,Fineotex Chemical Limited,2025-10-20,Purchase,2666.51,0,22,121.21,41.64,2026-08-07
Pai,FCL,INE045J01026,Fineotex Chemical Limited,2025-10-20,Purchase,484.88,0,4,121.22,41.64,2026-08-07
Pai,FCL,INE045J01026,Fineotex Chemical Limited,2025-10-20,Purchase,242.46,0,2,121.23,41.64,2026-08-07
Pai,FCL,INE045J01026,Fineotex Chemical Limited,2025-10-20,Purchase,727.44,0,6,121.24,41.64,2026-08-07
Pai,FCL,INE045J01026,Fineotex Chemical Limited,2025-10-20,Purchase,3151.46,0,26,121.21,41.64,2026-08-07
Pai,FCL,INE045J01026,Fineotex Chemical Limited,2025-10-20,Purchase,27205.4,46.5,224,121.25,41.64,2026-08-07
Pai,FCL,INE045J01026,Fineotex Chemical Limited,2025-10-20,Purchase,4607.5,0,38,121.25,41.64,2026-08-07
Pai,FCL,INE045J01026,Fineotex Chemical Limited,2025-10-29,Purchase,1518.55,1.81,12,126.4,41.64,2026-08-07
Pai,FCL,INE045J01026,Fineotex Chemical Limited,2025-10-31,Bonus,0,0,1336,0,41.64,2026-08-07
Pai,FCL,INE045J01026,Fineotex Chemical Limited,2025-11-17,Purchase,3663.66,4.83,147,24.89,41.64,2026-08-07
Pai,FCL,INE045J01026,Fineotex Chemical Limited,2026-02-23,Purchase,4618.38,7.34,184,25.06,41.64,2026-08-07
Pai,FCL,INE045J01026,Fineotex Chemical Limited,2026-02-23,Purchase,1503,0,60,25.05,41.64,2026-08-07
Pai,FCL,INE045J01026,Fineotex Chemical Limited,2026-03-12,Sale,-7059.6,0,-318,22.2,41.64,2026-08-07
Pai,FCL,INE045J01026,Fineotex Chemical Limited,2026-03-12,Sale,-9874.55,0,-445,22.19,41.64,2026-08-07
Pai,FCL,INE045J01026,Fineotex Chemical Limited,2026-03-12,Sale,-5885.65,0,-265,22.21,41.64,2026-08-07
Pai,FCL,INE045J01026,Fineotex Chemical Limited,2026-03-12,Sale,-7116.57,0,-321,22.17,41.64,2026-08-07
Pai,FCL,INE045J01026,Fineotex Chemical Limited,2026-03-12,Sale,-15729.4,62.78,-712,22.18,41.64,2026-08-07
Pai,FCL,INE045J01026,Fineotex Chemical Limited,2026-04-20,Purchase,15201.1,17.75,659,23.04,41.64,2026-08-07
Pai,FINCABLES,INE235A01022,Finolex Cables Limited,2022-11-14,Purchase,5307,0,10,530.7,1003.35,2026-08-05
Pai,FINCABLES,INE235A01022,Finolex Cables Limited,2022-11-14,Purchase,7430.5,0,14,530.75,1003.35,2026-08-05
Pai,FINCABLES,INE235A01022,Finolex Cables Limited,2022-12-01,Purchase,565.25,0,1,565.25,1003.35,2026-08-05
Pai,FINCABLES,INE235A01022,Finolex Cables Limited,2023-01-12,Purchase,543.4,0,1,543.4,1003.35,2026-08-05
Pai,FINCABLES,INE235A01022,Finolex Cables Limited,2023-03-13,Sale,-4722,0,-6,787,1003.35,2026-08-05
Pai,FINCABLES,INE235A01022,Finolex Cables Limited,2023-09-22,Dividend,140,0,0,0,1003.35,2026-08-05
Pai,FINCABLES,INE235A01022,Finolex Cables Limited,2024-09-17,Dividend,160,0,0,0,1003.35,2026-08-05
Pai,FINCABLES,INE235A01022,Finolex Cables Limited,2025-01-15,Sale,-20219.7,36.35,-20,1012.8,1003.35,2026-08-05
Pai,FORTIS,INE061F01013,Fortis Healthcare Limited,2024-12-09,Purchase,12187.5,14.63,17,716.05,,
Pai,FORTIS,INE061F01013,Fortis Healthcare Limited,2024-12-12,Purchase,3598.73,4.73,5,718.8,,
Pai,FORTIS,INE061F01013,Fortis Healthcare Limited,2025-01-13,Purchase,3318.19,3.44,5,662.95,,
Pai,FORTIS,INE061F01013,Fortis Healthcare Limited,2025-02-12,Purchase,3109.01,5.51,5,620.7,,
Pai,FORTIS,INE061F01013,Fortis Healthcare Limited,2025-02-12,Purchase,1241.3,0,2,620.65,,
Pai,FORTIS,INE061F01013,Fortis Healthcare Limited,2025-02-17,Sale,-15069.6,36.65,-25,604.25,,
Pai,FORTIS,INE061F01013,Fortis Healthcare Limited,2025-02-17,Sale,-5437.8,0,-9,604.2,,
Pai,FORTIS,INE061F01013,Fortis Healthcare Limited,2025-08-08,Purchase,41329.2,48.82,46,897.4,,
Pai,FORTIS,INE061F01013,Fortis Healthcare Limited,2025-08-29,Purchase,3652.98,4.78,4,912.05,,
Pai,FORTIS,INE061F01013,Fortis Healthcare Limited,2025-09-29,Purchase,2836.44,2.94,3,944.5,,
Pai,FORTIS,INE061F01013,Fortis Healthcare Limited,2025-10-29,Purchase,2110.61,2.51,2,1054.05,,
Pai,FORTIS,INE061F01013,Fortis Healthcare Limited,2025-11-17,Purchase,7475.95,8.75,8,933.4,,
Pai,FORTIS,INE061F01013,Fortis Healthcare Limited,2025-12-02,Sale,-56984.6,74.53,-63,905.7,,
Pai,FRACTAL,INE212S01015,Fractal Analytics Limited,2026-02-13,Purchase,14400,0,16,900,817.7,2026-08-07
Pai,NYKAA,INE388Y01029,FSN E-Commerce Ventures Limited,2025-07-03,Purchase,39205,46.62,192,203.95,244.1,2026-03-25
Pai,NYKAA,INE388Y01029,FSN E-Commerce Ventures Limited,2025-07-29,Purchase,833.46,0.86,4,208.15,244.1,2026-03-25
Pai,NYKAA,INE388Y01029,FSN E-Commerce Ventures Limited,2025-08-08,Sale,-40240.5,57.14,-196,205.6,244.1,2026-03-25
Pai,GABRIEL,INE524A01029,Gabriel India Limited,2026-02-10,Purchase,14714.2,17.25,15,979.8,1499.8,2026-08-07
Pai,GABRIEL,INE524A01029,Gabriel India Limited,2026-03-12,Sale,-13068.3,28.93,-15,873.15,1499.8,2026-08-07
Pai,GABRIEL,INE524A01029,Gabriel India Limited,2026-03-24,Purchase,1696.3,0,2,848.15,1499.8,2026-08-07
Pai,GABRIEL,INE524A01029,Gabriel India Limited,2026-03-24,Purchase,848.2,0,1,848.2,1499.8,2026-08-07
Pai,GABRIEL,INE524A01029,Gabriel India Limited,2026-03-24,Purchase,4242.25,0,5,848.45,1499.8,2026-08-07
Pai,GABRIEL,INE524A01029,Gabriel India Limited,2026-03-24,Purchase,11033.8,0,13,848.75,1499.8,2026-08-07
Pai,GABRIEL,INE524A01029,Gabriel India Limited,2026-03-24,Purchase,20373.6,0,24,848.9,1499.8,2026-08-07
Pai,GABRIEL,INE524A01029,Gabriel India Limited,2026-03-24,Purchase,848.95,0,1,848.95,1499.8,2026-08-07
Pai,GABRIEL,INE524A01029,Gabriel India Limited,2026-03-24,Purchase,11037,0,13,849,1499.8,2026-08-07
Pai,GABRIEL,INE524A01029,Gabriel India Limited,2026-03-24,Purchase,34916.9,101.75,41,849.15,1499.8,2026-08-07
Pai,GABRIEL,INE524A01029,Gabriel India Limited,2026-04-01,Purchase,85271.4,101.36,100,851.7,1499.8,2026-08-07
Pai,GABRIEL,INE524A01029,Gabriel India Limited,2026-04-20,Purchase,6161.1,0,6,1026.85,1499.8,2026-08-07
Pai,GABRIEL,INE524A01029,Gabriel India Limited,2026-04-20,Purchase,5134.5,0,5,1026.9,1499.8,2026-08-07
Pai,GABRIEL,INE524A01029,Gabriel India Limited,2026-04-20,Purchase,15404.2,0,15,1026.95,1499.8,2026-08-07
Pai,GABRIEL,INE524A01029,Gabriel India Limited,2026-04-20,Purchase,5135,0,5,1027,1499.8,2026-08-07
Pai,GABRIEL,INE524A01029,Gabriel India Limited,2026-04-20,Purchase,6162.6,0,6,1027.1,1499.8,2026-08-07
Pai,GABRIEL,INE524A01029,Gabriel India Limited,2026-04-20,Purchase,4108.6,0,4,1027.15,1499.8,2026-08-07
Pai,GABRIEL,INE524A01029,Gabriel India Limited,2026-04-20,Purchase,28846.1,84.52,28,1027.2,1499.8,2026-08-07
Pai,GAIL,INE129A01019,GAIL (India) Limited,2021-02-02,Purchase,26000,0,200,130,,
Pai,GAIL,INE129A01019,GAIL (India) Limited,2021-03-22,Dividend,500,0,0,0,,
Pai,GAIL,INE129A01019,GAIL (India) Limited,2021-12-30,Dividend,800,0,0,0,,
Pai,GAIL,INE129A01019,GAIL (India) Limited,2022-03-21,Dividend,1000,0,0,0,,
Pai,GAIL,INE129A01019,GAIL (India) Limited,2022-08-01,Dividend,200,0,0,0,,
Pai,GAIL,INE129A01019,GAIL (India) Limited,2022-09-06,Bonus,0,0,100,0,,
Pai,GAIL,INE129A01019,GAIL (India) Limited,2023-03-21,Dividend,1200,0,0,0,,
Pai,GAIL,INE129A01019,GAIL (India) Limited,2024-02-06,Dividend,1650,0,0,0,,
Pai,GAIL,INE129A01019,GAIL (India) Limited,2025-02-07,Dividend,1950,0,0,0,,
Pai,GAIL,INE129A01019,GAIL (India) Limited,2025-03-03,Sale,-27053.2,64.51,-173,156.75,,
Pai,GAIL,INE129A01019,GAIL (India) Limited,2025-03-03,Sale,-19913.6,0,-127,156.8,,
Pai,GANESHHOU,INE460C01014,Ganesh Housing Corporation Limited,2024-06-10,Purchase,10252.1,12.62,10,1023.95,,
Pai,GANESHHOU,INE460C01014,Ganesh Housing Corporation Limited,2024-08-30,Dividend,110,0,0,0,,
Pai,GANESHHOU,INE460C01014,Ganesh Housing Corporation Limited,2025-03-03,Sale,-4120.8,0,-4,1030.2,,
Pai,GANESHHOU,INE460C01014,Ganesh Housing Corporation Limited,2025-03-03,Sale,-5125.47,26.03,-5,1030.3,,
Pai,GANESHHOU,INE460C01014,Ganesh Housing Corporation Limited,2025-03-03,Sale,-1030.35,0,-1,1030.35,,
Pai,GANECOS,INE845D01014,Ganesha Ecosphere Limited,2022-10-24,Purchase,4798.8,0,6,799.8,1064.3,2026-08-07
Pai,GANECOS,INE845D01014,Ganesha Ecosphere Limited,2022-10-24,Purchase,10398.7,0,13,799.9,1064.3,2026-08-07
Pai,GANECOS,INE845D01014,Ganesha Ecosphere Limited,2022-12-01,Purchase,898,0,1,898,1064.3,2026-08-07
Pai,GANECOS,INE845D01014,Ganesha Ecosphere Limited,2023-03-14,Purchase,4994.1,0,6,832.35,1064.3,2026-08-07
Pai,GANECOS,INE845D01014,Ganesha Ecosphere Limited,2023-04-03,Purchase,3584.2,0,4,896.05,1064.3,2026-08-07
Pai,GANECOS,INE845D01014,Ganesha Ecosphere Limited,2023-05-03,Purchase,2994,0,3,998,1064.3,2026-08-07
Pai,GANECOS,INE845D01014,Ganesha Ecosphere Limited,2023-05-12,Purchase,1067.3,0,1,1067.3,1064.3,2026-08-07
Pai,GANECOS,INE845D01014,Ganesha Ecosphere Limited,2023-06-12,Purchase,3168,0,3,1056,1064.3,2026-08-07
Pai,GANECOS,INE845D01014,Ganesha Ecosphere Limited,2023-06-12,Purchase,2108.3,0,2,1054.15,1064.3,2026-08-07
Pai,GANECOS,INE845D01014,Ganesha Ecosphere Limited,2023-07-13,Purchase,7278.6,0,7,1039.8,1064.3,2026-08-07
Pai,GANECOS,INE845D01014,Ganesha Ecosphere Limited,2023-07-13,Purchase,1039.85,0,1,1039.85,1064.3,2026-08-07
Pai,GANECOS,INE845D01014,Ganesha Ecosphere Limited,2023-07-13,Purchase,2079.3,0,2,1039.65,1064.3,2026-08-07
Pai,GANECOS,INE845D01014,Ganesha Ecosphere Limited,2023-07-13,Purchase,3122.25,0,3,1040.75,1064.3,2026-08-07
Pai,GANECOS,INE845D01014,Ganesha Ecosphere Limited,2023-08-14,Purchase,3172.65,0,3,1057.55,1064.3,2026-08-07
Pai,GANECOS,INE845D01014,Ganesha Ecosphere Limited,2023-08-14,Purchase,1057.05,0,1,1057.05,1064.3,2026-08-07
Pai,GANECOS,INE845D01014,Ganesha Ecosphere Limited,2023-09-01,Purchase,3159.9,0,3,1053.3,1064.3,2026-08-07
Pai,GANECOS,INE845D01014,Ganesha Ecosphere Limited,2023-09-01,Purchase,1053.25,0,1,1053.25,1064.3,2026-08-07
Pai,GANECOS,INE845D01014,Ganesha Ecosphere Limited,2023-09-01,Purchase,5264.75,0,5,1052.95,1064.3,2026-08-07
Pai,GANECOS,INE845D01014,Ganesha Ecosphere Limited,2023-09-12,Purchase,1017.7,0,1,1017.7,1064.3,2026-08-07
Pai,GANECOS,INE845D01014,Ganesha Ecosphere Limited,2023-09-12,Purchase,2028.8,0,2,1014.4,1064.3,2026-08-07
Pai,GANECOS,INE845D01014,Ganesha Ecosphere Limited,2023-09-14,Dividend,136,0,0,0,1064.3,2026-08-07
Pai,GANECOS,INE845D01014,Ganesha Ecosphere Limited,2023-10-12,Purchase,961.3,0,1,961.3,1064.3,2026-08-07
Pai,GANECOS,INE845D01014,Ganesha Ecosphere Limited,2023-10-12,Purchase,3847.8,0,4,961.95,1064.3,2026-08-07
Pai,GANECOS,INE845D01014,Ganesha Ecosphere Limited,2023-10-12,Purchase,961.75,0,1,961.75,1064.3,2026-08-07
Pai,GANECOS,INE845D01014,Ganesha Ecosphere Limited,2023-10-12,Purchase,4806.75,0,5,961.35,1064.3,2026-08-07
Pai,GANECOS,INE845D01014,Ganesha Ecosphere Limited,2023-10-12,Purchase,961.7,0,1,961.7,1064.3,2026-08-07
Pai,GANECOS,INE845D01014,Ganesha Ecosphere Limited,2023-11-02,Purchase,3433.6,0,4,858.4,1064.3,2026-08-07
Pai,GANECOS,INE845D01014,Ganesha Ecosphere Limited,2023-11-02,Purchase,1716.5,0,2,858.25,1064.3,2026-08-07
Pai,GANECOS,INE845D01014,Ganesha Ecosphere Limited,2023-11-02,Purchase,6008.1,0,7,858.3,1064.3,2026-08-07
Pai,GANECOS,INE845D01014,Ganesha Ecosphere Limited,2023-11-13,Purchase,3412,0,4,853,1064.3,2026-08-07
Pai,GANECOS,INE845D01014,Ganesha Ecosphere Limited,2024-02-12,Purchase,1065.5,0,1,1065.5,1064.3,2026-08-07
Pai,GANECOS,INE845D01014,Ganesha Ecosphere Limited,2024-04-12,Purchase,3038.85,0,3,1012.95,1064.3,2026-08-07
Pai,GANECOS,INE845D01014,Ganesha Ecosphere Limited,2024-09-03,Dividend,303,0,0,0,1064.3,2026-08-07
Pai,GANECOS,INE845D01014,Ganesha Ecosphere Limited,2024-10-07,Purchase,5438.13,6.63,3,1810.5,1064.3,2026-08-07
Pai,GANECOS,INE845D01014,Ganesha Ecosphere Limited,2024-11-26,Dividend,156,0,0,0,1064.3,2026-08-07
Pai,GANECOS,INE845D01014,Ganesha Ecosphere Limited,2024-12-10,Purchase,4325.28,5.48,2,2159.9,1064.3,2026-08-07
Pai,GANECOS,INE845D01014,Ganesha Ecosphere Limited,2025-01-16,Purchase,10574.4,0,6,1762.4,1064.3,2026-08-07
Pai,GANECOS,INE845D01014,Ganesha Ecosphere Limited,2025-01-16,Purchase,10574.7,0,6,1762.45,1064.3,2026-08-07
Pai,GANECOS,INE845D01014,Ganesha Ecosphere Limited,2025-01-16,Purchase,12377.2,39.74,7,1762.5,1064.3,2026-08-07
Pai,GANECOS,INE845D01014,Ganesha Ecosphere Limited,2025-02-12,Purchase,1601.52,5.97,1,1595.55,1064.3,2026-08-07
Pai,GANECOS,INE845D01014,Ganesha Ecosphere Limited,2025-02-12,Purchase,1595.5,0,1,1595.5,1064.3,2026-08-07
Pai,GANECOS,INE845D01014,Ganesha Ecosphere Limited,2025-02-12,Purchase,1595.1,0,1,1595.1,1064.3,2026-08-07
Pai,GANECOS,INE845D01014,Ganesha Ecosphere Limited,2025-03-12,Purchase,2722.13,5.23,2,1358.45,1064.3,2026-08-07
Pai,GANECOS,INE845D01014,Ganesha Ecosphere Limited,2025-03-12,Purchase,1358.4,0,1,1358.4,1064.3,2026-08-07
Pai,GANECOS,INE845D01014,Ganesha Ecosphere Limited,2025-03-19,Purchase,1499.35,0,1,1499.35,1064.3,2026-08-07
Pai,GANECOS,INE845D01014,Ganesha Ecosphere Limited,2025-03-19,Purchase,7497,0,5,1499.4,1064.3,2026-08-07
Pai,GANECOS,INE845D01014,Ganesha Ecosphere Limited,2025-03-19,Purchase,8996.7,0,6,1499.45,1064.3,2026-08-07
Pai,GANECOS,INE845D01014,Ganesha Ecosphere Limited,2025-03-19,Purchase,7497.5,0,5,1499.5,1064.3,2026-08-07
Pai,GANECOS,INE845D01014,Ganesha Ecosphere Limited,2025-03-19,Purchase,11996.4,0,8,1499.55,1064.3,2026-08-07
Pai,GANECOS,INE845D01014,Ganesha Ecosphere Limited,2025-03-19,Purchase,55598.8,113.56,37,1499.6,1064.3,2026-08-07
Pai,GANECOS,INE845D01014,Ganesha Ecosphere Limited,2025-03-19,Purchase,2999.3,0,2,1499.65,1064.3,2026-08-07
Pai,GANECOS,INE845D01014,Ganesha Ecosphere Limited,2025-06-30,Purchase,10263.7,19.91,7,1463.4,1064.3,2026-08-07
Pai,GANECOS,INE845D01014,Ganesha Ecosphere Limited,2025-06-30,Purchase,4390.5,0,3,1463.5,1064.3,2026-08-07
Pai,GANECOS,INE845D01014,Ganesha Ecosphere Limited,2025-08-29,Purchase,1350.1,1.4,1,1348.7,1064.3,2026-08-07
Pai,GANECOS,INE845D01014,Ganesha Ecosphere Limited,2025-09-19,Dividend,618,0,0,0,1064.3,2026-08-07
Pai,GANECOS,INE845D01014,Ganesha Ecosphere Limited,2025-09-29,Purchase,5986,0,5,1197.2,1064.3,2026-08-07
Pai,GANECOS,INE845D01014,Ganesha Ecosphere Limited,2025-09-29,Purchase,7212.83,26.63,6,1197.7,1064.3,2026-08-07
Pai,GANECOS,INE845D01014,Ganesha Ecosphere Limited,2025-09-29,Purchase,2395.2,0,2,1197.6,1064.3,2026-08-07
Pai,GANECOS,INE845D01014,Ganesha Ecosphere Limited,2025-09-29,Purchase,3591.3,0,3,1197.1,1064.3,2026-08-07
Pai,GANECOS,INE845D01014,Ganesha Ecosphere Limited,2025-09-29,Purchase,1197.8,0,1,1197.8,1064.3,2026-08-07
Pai,GANECOS,INE845D01014,Ganesha Ecosphere Limited,2025-10-29,Purchase,1225.4,0,1,1225.4,1064.3,2026-08-07
Pai,GANECOS,INE845D01014,Ganesha Ecosphere Limited,2025-10-29,Purchase,3683.52,5.82,3,1225.9,1064.3,2026-08-07
Pai,GANECOS,INE845D01014,Ganesha Ecosphere Limited,2025-11-10,Sale,-20141.9,0,-19,1060.1,1064.3,2026-08-07
Pai,GANECOS,INE845D01014,Ganesha Ecosphere Limited,2025-11-10,Sale,-3180.6,0,-3,1060.2,1064.3,2026-08-07
Pai,GANECOS,INE845D01014,Ganesha Ecosphere Limited,2025-11-10,Sale,-167215,264.98,-158,1060,1064.3,2026-08-07
Pai,GANECOS,INE845D01014,Ganesha Ecosphere Limited,2025-11-10,Sale,-36050.2,0,-34,1060.3,1064.3,2026-08-07
Pai,GANECOS,INE845D01014,Ganesha Ecosphere Limited,2025-11-10,Sale,-4241.6,0,-4,1060.4,1064.3,2026-08-07
Pai,GANECOS,INE845D01014,Ganesha Ecosphere Limited,2025-11-10,Sale,-9546.3,0,-9,1060.7,1064.3,2026-08-07
Pai,GANECOS,INE845D01014,Ganesha Ecosphere Limited,2026-02-03,Purchase,34482.3,44.7,48,717.45,1064.3,2026-08-07
Pai,GANECOS,INE845D01014,Ganesha Ecosphere Limited,2026-02-03,Purchase,2870.2,0,4,717.55,1064.3,2026-08-07
Pai,GANECOS,INE845D01014,Ganesha Ecosphere Limited,2026-02-23,Purchase,743.57,0.77,1,742.8,1064.3,2026-08-07
Pai,GRWRHITECH,INE291A01017,Garware Hi-Tech Films Limited,2023-10-12,Purchase,4660.2,0,3,1553.4,,
Pai,GRWRHITECH,INE291A01017,Garware Hi-Tech Films Limited,2023-10-12,Purchase,1553.5,0,1,1553.5,,
Pai,GRWRHITECH,INE291A01017,Garware Hi-Tech Films Limited,2023-10-12,Purchase,1553.45,0,1,1553.45,,
Pai,GRWRHITECH,INE291A01017,Garware Hi-Tech Films Limited,2023-10-12,Purchase,4659.15,0,3,1553.05,,
Pai,GRWRHITECH,INE291A01017,Garware Hi-Tech Films Limited,2023-10-12,Purchase,1553.35,0,1,1553.35,,
Pai,GRWRHITECH,INE291A01017,Garware Hi-Tech Films Limited,2024-09-17,Dividend,90,0,0,0,,
Pai,GRWRHITECH,INE291A01017,Garware Hi-Tech Films Limited,2025-08-01,Sale,-30454,46.98,-9,3389,,
Pai,GATEWAY,INE079J01017,Gateway Distriparks Limited,2024-11-08,Purchase,13307,44.65,151,87.83,,
Pai,GATEWAY,INE079J01017,Gateway Distriparks Limited,2024-11-08,Purchase,263.55,0,3,87.85,,
Pai,GATEWAY,INE079J01017,Gateway Distriparks Limited,2024-11-08,Purchase,5623.04,0,64,87.86,,
Pai,GATEWAY,INE079J01017,Gateway Distriparks Limited,2024-11-08,Purchase,3163.32,0,36,87.87,,
Pai,GATEWAY,INE079J01017,Gateway Distriparks Limited,2024-11-08,Purchase,2197,0,25,87.88,,
Pai,GATEWAY,INE079J01017,Gateway Distriparks Limited,2024-11-08,Purchase,7558.54,0,86,87.89,,
Pai,GATEWAY,INE079J01017,Gateway Distriparks Limited,2024-11-08,Purchase,5186.1,0,59,87.9,,
Pai,GATEWAY,INE079J01017,Gateway Distriparks Limited,2024-11-12,Purchase,2762.86,2.86,32,86.25,,
Pai,GATEWAY,INE079J01017,Gateway Distriparks Limited,2025-01-15,Sale,-3273.48,0,-42,77.94,,
Pai,GATEWAY,INE079J01017,Gateway Distriparks Limited,2025-01-15,Sale,-11455.7,0,-147,77.93,,
Pai,GATEWAY,INE079J01017,Gateway Distriparks Limited,2025-01-15,Sale,-2883.04,0,-37,77.92,,
Pai,GATEWAY,INE079J01017,Gateway Distriparks Limited,2025-01-15,Sale,-17866.8,52.49,-230,77.91,,
Pai,GVT&D,INE200A01026,GE Vernova T&D India Limited,2023-10-23,Purchase,13125,0,35,375,,
Pai,GVT&D,INE200A01026,GE Vernova T&D India Limited,2023-12-01,Sale,-7942.95,0,-19,418.05,,
Pai,GVT&D,INE200A01026,GE Vernova T&D India Limited,2023-12-01,Sale,-6664.8,0,-16,416.55,,
Pai,GVT&D,INE200A01026,GE Vernova T&D India Limited,2025-06-02,Purchase,34249.5,40.47,15,2280.6,,
Pai,GVT&D,INE200A01026,GE Vernova T&D India Limited,2025-06-30,Purchase,2361.45,2.45,1,2359,,
Pai,GVT&D,INE200A01026,GE Vernova T&D India Limited,2025-07-29,Purchase,2387.57,2.47,1,2385.1,,
Pai,GVT&D,INE200A01026,GE Vernova T&D India Limited,2025-08-22,Dividend,85,0,0,0,,
Pai,GVT&D,INE200A01026,GE Vernova T&D India Limited,2025-08-29,Purchase,2732.73,2.83,1,2729.9,,
Pai,GVT&D,INE200A01026,GE Vernova T&D India Limited,2025-10-29,Purchase,2948.6,3.5,1,2945.1,,
Pai,GVT&D,INE200A01026,GE Vernova T&D India Limited,2025-11-17,Purchase,3078.69,3.19,1,3075.5,,
Pai,GVT&D,INE200A01026,GE Vernova T&D India Limited,2025-12-02,Sale,-25573.5,0,-9,2841.5,,
Pai,GVT&D,INE200A01026,GE Vernova T&D India Limited,2025-12-02,Sale,-31186.6,74.3,-11,2841.9,,
Pai,GEMAROMA,INE06XZ01023,Gem Aromatics Limited,2025-08-25,Purchase,14950,0,46,325,,
Pai,GEMAROMA,INE06XZ01023,Gem Aromatics Limited,2025-08-29,Purchase,17946.5,21.6,61,293.85,,
Pai,GEMAROMA,INE06XZ01023,Gem Aromatics Limited,2025-10-29,Sale,-229.82,0,-1,229.82,,
Pai,GEMAROMA,INE06XZ01023,Gem Aromatics Limited,2025-10-29,Sale,-229.8,0,-1,229.8,,
Pai,GEMAROMA,INE06XZ01023,Gem Aromatics Limited,2025-10-29,Sale,-6663.91,0,-29,229.79,,
Pai,GEMAROMA,INE06XZ01023,Gem Aromatics Limited,2025-10-29,Sale,-17427.8,40.84,-76,229.85,,
Pai,GICRE,INE481Y01014,General Insurance Corporation of India,2024-12-09,Purchase,12106.1,14.54,29,416.95,,
Pai,GICRE,INE481Y01014,General Insurance Corporation of India,2024-12-12,Purchase,3035.55,3.15,7,433.2,,
Pai,GICRE,INE481Y01014,General Insurance Corporation of India,2025-01-13,Purchase,3327.45,3.45,8,415.5,,
Pai,GICRE,INE481Y01014,General Insurance Corporation of India,2025-02-12,Purchase,2308.98,4.98,6,384,,
Pai,GICRE,INE481Y01014,General Insurance Corporation of India,2025-02-12,Purchase,1536.4,0,4,384.1,,
Pai,GICRE,INE481Y01014,General Insurance Corporation of India,2025-03-12,Purchase,3017.53,3.13,8,376.8,,
Pai,GICRE,INE481Y01014,General Insurance Corporation of India,2025-04-29,Purchase,3016.63,3.13,7,430.5,,
Pai,GICRE,INE481Y01014,General Insurance Corporation of India,2025-05-29,Purchase,1226.25,0,3,408.75,,
Pai,GICRE,INE481Y01014,General Insurance Corporation of India,2025-05-29,Purchase,3685.29,6.09,9,408.8,,
Pai,GICRE,INE481Y01014,General Insurance Corporation of India,2025-06-02,Sale,-32982.2,49.61,-81,407.8,,
Pai,GENUSPOWER,INE955D01029,Genus Power Infrastructures Limited,2024-02-01,Purchase,35280.6,0,127,277.8,,
Pai,GENUSPOWER,INE955D01029,Genus Power Infrastructures Limited,2024-03-05,Sale,-31540.5,0,-127,248.35,,
Pai,GENUSPOWER,INE955D01029,Genus Power Infrastructures Limited,2024-03-12,Purchase,26988,0,120,224.9,,
Pai,GENUSPOWER,INE955D01029,Genus Power Infrastructures Limited,2024-04-12,Purchase,530.9,0,2,265.45,,
Pai,GENUSPOWER,INE955D01029,Genus Power Infrastructures Limited,2024-05-13,Purchase,2973.3,0,11,270.3,,
Pai,GENUSPOWER,INE955D01029,Genus Power Infrastructures Limited,2024-08-12,Purchase,1874.95,1.95,5,374.6,,
Pai,GENUSPOWER,INE955D01029,Genus Power Infrastructures Limited,2024-09-12,Purchase,415.38,0.38,1,415,,
Pai,GENUSPOWER,INE955D01029,Genus Power Infrastructures Limited,2024-09-23,Dividend,83.4,0,0,0,,
Pai,GENUSPOWER,INE955D01029,Genus Power Infrastructures Limited,2024-10-07,Purchase,1826.64,1.89,5,364.95,,
Pai,GENUSPOWER,INE955D01029,Genus Power Infrastructures Limited,2024-10-14,Purchase,1591.25,1.65,4,397.4,,
Pai,GENUSPOWER,INE955D01029,Genus Power Infrastructures Limited,2024-12-10,Purchase,24043,28.91,57,421.3,,
Pai,GENUSPOWER,INE955D01029,Genus Power Infrastructures Limited,2024-12-12,Purchase,845.88,0.88,2,422.5,,
Pai,GENUSPOWER,INE955D01029,Genus Power Infrastructures Limited,2025-01-16,Purchase,10371.4,12.75,28,369.95,,
Pai,GENUSPOWER,INE955D01029,Genus Power Infrastructures Limited,2025-02-12,Purchase,2628.92,2.72,9,291.8,,
Pai,GENUSPOWER,INE955D01029,Genus Power Infrastructures Limited,2025-02-17,Sale,-6695,0,-26,257.5,,
Pai,GENUSPOWER,INE955D01029,Genus Power Infrastructures Limited,2025-02-17,Sale,-56043.6,80.51,-218,257.45,,
Pai,GENUSPOWER,INE955D01029,Genus Power Infrastructures Limited,2025-03-21,Purchase,67594.8,80.04,244,276.7,,
Pai,GENUSPOWER,INE955D01029,Genus Power Infrastructures Limited,2025-05-23,Purchase,16999.9,0,47,361.7,,
Pai,GENUSPOWER,INE955D01029,Genus Power Infrastructures Limited,2025-05-23,Purchase,1809.25,0,5,361.85,,
Pai,GENUSPOWER,INE955D01029,Genus Power Infrastructures Limited,2025-05-23,Purchase,64110,97.92,177,361.65,,
Pai,GENUSPOWER,INE955D01029,Genus Power Infrastructures Limited,2025-07-29,Purchase,3182.1,3.3,9,353.2,,
Pai,GENUSPOWER,INE955D01029,Genus Power Infrastructures Limited,2025-08-29,Purchase,10348.1,12.72,31,333.4,,
Pai,GENUSPOWER,INE955D01029,Genus Power Infrastructures Limited,2025-09-19,Dividend,1256.85,0,0,0,,
Pai,GENUSPOWER,INE955D01029,Genus Power Infrastructures Limited,2025-09-29,Purchase,9117.9,10.45,29,314.05,,
Pai,GENUSPOWER,INE955D01029,Genus Power Infrastructures Limited,2025-10-29,Purchase,1803.64,2.14,6,300.25,,
Pai,GENUSPOWER,INE955D01029,Genus Power Infrastructures Limited,2025-11-03,Purchase,175746,207.26,512,342.85,,
Pai,GENUSPOWER,INE955D01029,Genus Power Infrastructures Limited,2025-12-09,Sale,-65318,0,-220,296.9,,
Pai,GENUSPOWER,INE955D01029,Genus Power Infrastructures Limited,2025-12-09,Sale,-29710,0,-100,297.1,,
Pai,GENUSPOWER,INE955D01029,Genus Power Infrastructures Limited,2025-12-09,Sale,-28804.2,0,-97,296.95,,
Pai,GENUSPOWER,INE955D01029,Genus Power Infrastructures Limited,2025-12-09,Sale,-38293.7,0,-129,296.85,,
Pai,GENUSPOWER,INE955D01029,Genus Power Infrastructures Limited,2025-12-09,Sale,-67968.1,341.86,-230,297,,
Pai,GENUSPOWER,INE955D01029,Genus Power Infrastructures Limited,2025-12-09,Sale,-297.15,0,-1,297.15,,
Pai,GENUSPOWER,INE955D01029,Genus Power Infrastructures Limited,2025-12-09,Sale,-62624.8,0,-211,296.8,,
Pai,GENUSPOWER,INE955D01029,Genus Power Infrastructures Limited,2025-12-09,Sale,-13664.3,0,-46,297.05,,
Pai,GENUSPOWER,INE955D01029,Genus Power Infrastructures Limited,2025-12-09,Sale,-6242.25,0,-21,297.25,,
Pai,GENUSPOWER,INE955D01029,Genus Power Infrastructures Limited,2025-12-09,Sale,-1486,0,-5,297.2,,
Pai,GENUSPOWER,INE955D01029,Genus Power Infrastructures Limited,2025-12-17,Purchase,302.85,0,1,302.85,,
Pai,GENUSPOWER,INE955D01029,Genus Power Infrastructures Limited,2025-12-17,Purchase,12134.9,14.89,40,303,,
Pai,GENUSPOWER,INE955D01029,Genus Power Infrastructures Limited,2025-12-30,Sale,-286.1,0,-1,286.1,,
Pai,GENUSPOWER,INE955D01029,Genus Power Infrastructures Limited,2025-12-30,Sale,-4866.25,0,-17,286.25,,
Pai,GENUSPOWER,INE955D01029,Genus Power Infrastructures Limited,2025-12-30,Sale,-6551.64,27.51,-23,286.05,,
Pai,GKENERGY,INE1AG301022,GK Energy Limited,2026-04-20,Purchase,17186.2,37.85,130,131.91,136.86,2026-08-07
Pai,GKENERGY,INE1AG301022,GK Energy Limited,2026-04-20,Purchase,4089.52,0,31,131.92,136.86,2026-08-07
Pai,GKENERGY,INE1AG301022,GK Energy Limited,2026-04-20,Purchase,3695.72,0,28,131.99,136.86,2026-08-07
Pai,GKENERGY,INE1AG301022,GK Energy Limited,2026-04-20,Purchase,264,0,2,132,136.86,2026-08-07
Pai,GKENERGY,INE1AG301022,GK Energy Limited,2026-04-20,Purchase,132.03,0,1,132.03,136.86,2026-08-07
Pai,GKENERGY,INE1AG301022,GK Energy Limited,2026-04-20,Purchase,6338.4,0,48,132.05,136.86,2026-08-07
Pai,GLAXO,INE159A01016,GlaxoSmithKline Pharmaceuticals Limited,2025-06-02,Purchase,33060.3,39.26,10,3302.1,,
Pai,GLAXO,INE159A01016,GlaxoSmithKline Pharmaceuticals Limited,2025-06-30,Purchase,3369.49,4.49,1,3365,,
Pai,GLAXO,INE159A01016,GlaxoSmithKline Pharmaceuticals Limited,2025-07-29,Purchase,3146.11,7.51,1,3138.6,,
Pai,GLAXO,INE159A01016,GlaxoSmithKline Pharmaceuticals Limited,2025-07-29,Purchase,3138.5,0,1,3138.5,,
Pai,GLAXO,INE159A01016,GlaxoSmithKline Pharmaceuticals Limited,2025-08-08,Sale,-29125.3,51.11,-11,2652.4,,
Pai,GLAXO,INE159A01016,GlaxoSmithKline Pharmaceuticals Limited,2025-08-08,Sale,-5304.6,0,-2,2652.3,,
Pai,GLENMARK,INE935A01035,Glenmark Pharmaceuticals Limited,2023-11-02,Purchase,5266.1,0,7,752.3,,
Pai,GLENMARK,INE935A01035,Glenmark Pharmaceuticals Limited,2023-12-01,Sale,-5515.65,0,-7,787.95,,
Pai,MEDANTA,INE474Q01031,Global Health Limited,2022-11-15,Purchase,14784,0,44,336,,
Pai,MEDANTA,INE474Q01031,Global Health Limited,2024-03-05,Purchase,43627.5,0,35,1246.5,,
Pai,MEDANTA,INE474Q01031,Global Health Limited,2024-03-12,Purchase,1204.7,0,1,1204.7,,
Pai,MEDANTA,INE474Q01031,Global Health Limited,2024-04-12,Purchase,2835.1,0,2,1417.55,,
Pai,MEDANTA,INE474Q01031,Global Health Limited,2024-05-03,Purchase,11324,0,8,1415.5,,
Pai,MEDANTA,INE474Q01031,Global Health Limited,2024-07-12,Purchase,6152.39,7.39,5,1229,,
Pai,MEDANTA,INE474Q01031,Global Health Limited,2024-12-09,Purchase,11836.3,14.26,10,1182.2,,
Pai,MEDANTA,INE474Q01031,Global Health Limited,2024-12-12,Purchase,4483.65,5.65,4,1119.5,,
Pai,MEDANTA,INE474Q01031,Global Health Limited,2025-01-13,Purchase,3149.36,3.26,3,1048.7,,
Pai,MEDANTA,INE474Q01031,Global Health Limited,2025-02-12,Purchase,2195.07,2.27,2,1096.4,,
Pai,MEDANTA,INE474Q01031,Global Health Limited,2025-03-12,Purchase,1169.91,1.21,1,1168.7,,
Pai,MEDANTA,INE474Q01031,Global Health Limited,2025-04-29,Purchase,6009.23,7.23,5,1200.4,,
Pai,MEDANTA,INE474Q01031,Global Health Limited,2025-05-29,Purchase,3595.12,4.72,3,1196.8,,
Pai,MEDANTA,INE474Q01031,Global Health Limited,2025-06-02,Sale,-15774.2,0,-13,1213.4,,
Pai,MEDANTA,INE474Q01031,Global Health Limited,2025-06-02,Sale,-18145.9,50.58,-15,1213.1,,
Pai,MEDANTA,INE474Q01031,Global Health Limited,2025-08-08,Purchase,28411.4,33.44,20,1418.9,,
Pai,MEDANTA,INE474Q01031,Global Health Limited,2025-08-22,Dividend,57.5,0,0,0,,
Pai,MEDANTA,INE474Q01031,Global Health Limited,2025-08-29,Purchase,2794.5,2.9,2,1395.8,,
Pai,MEDANTA,INE474Q01031,Global Health Limited,2025-09-09,Purchase,16535.9,19.13,12,1376.4,,
Pai,MEDANTA,INE474Q01031,Global Health Limited,2025-09-29,Purchase,5234.42,6.42,4,1307,,
Pai,MEDANTA,INE474Q01031,Global Health Limited,2025-10-29,Purchase,1361,0,1,1361,,
Pai,MEDANTA,INE474Q01031,Global Health Limited,2025-10-29,Purchase,4089.76,6.46,3,1361.1,,
Pai,MEDANTA,INE474Q01031,Global Health Limited,2025-11-03,Sale,-20910.4,0,-16,1306.9,,
Pai,MEDANTA,INE474Q01031,Global Health Limited,2025-11-03,Sale,-23517,0,-18,1306.5,,
Pai,MEDANTA,INE474Q01031,Global Health Limited,2025-11-03,Sale,-79465,200.99,-61,1306,,
Pai,MEDANTA,INE474Q01031,Global Health Limited,2025-11-03,Sale,-3918.6,0,-3,1306.2,,
Pai,MEDANTA,INE474Q01031,Global Health Limited,2025-11-03,Sale,-43101.3,0,-33,1306.1,,
Pai,MEDANTA,INE474Q01031,Global Health Limited,2025-11-03,Sale,-5225.2,0,-4,1306.3,,
Pai,MEDANTA,INE474Q01031,Global Health Limited,2025-11-03,Sale,-2612.8,0,-2,1306.4,,
Pai,GLOBUSSPR,INE615I01010,Globus Spirits Limited,2025-10-20,Purchase,8918.25,15.85,8,1112.8,,
Pai,GLOBUSSPR,INE615I01010,Globus Spirits Limited,2025-10-20,Purchase,1113,0,1,1113,,
Pai,GLOBUSSPR,INE615I01010,Globus Spirits Limited,2025-10-20,Purchase,3338.1,0,3,1112.7,,
Pai,GLOBUSSPR,INE615I01010,Globus Spirits Limited,2025-10-29,Purchase,1084.98,1.28,1,1083.7,,
Pai,GLOBUSSPR,INE615I01010,Globus Spirits Limited,2025-11-25,Sale,-2076,0,-2,1038,,
Pai,GLOBUSSPR,INE615I01010,Globus Spirits Limited,2025-11-25,Sale,-3113.1,0,-3,1037.7,,
Pai,GLOBUSSPR,INE615I01010,Globus Spirits Limited,2025-11-25,Sale,-8273.06,29.34,-8,1037.8,,
Pai,EBGNG,INE18JU01028,GNG Electronics Limited,2025-08-01,Purchase,86237.7,0,263,327.9,525.65,2026-08-07
Pai,EBGNG,INE18JU01028,GNG Electronics Limited,2025-08-01,Purchase,145580,275.67,443,328,525.65,2026-08-07
Pai,EBGNG,INE18JU01028,GNG Electronics Limited,2025-08-29,Purchase,3830.77,4.97,11,347.8,525.65,2026-08-07
Pai,EBGNG,INE18JU01028,GNG Electronics Limited,2025-09-29,Purchase,2070.65,2.15,6,344.75,525.65,2026-08-07
Pai,EBGNG,INE18JU01028,GNG Electronics Limited,2025-10-29,Purchase,3569.33,4.23,11,324.1,525.65,2026-08-07
Pai,EBGNG,INE18JU01028,GNG Electronics Limited,2025-12-09,Sale,-9779.55,0,-33,296.35,525.65,2026-08-07
Pai,EBGNG,INE18JU01028,GNG Electronics Limited,2025-12-09,Sale,-34939.8,0,-118,296.1,525.65,2026-08-07
Pai,EBGNG,INE18JU01028,GNG Electronics Limited,2025-12-09,Sale,-26043.6,0,-88,295.95,525.65,2026-08-07
Pai,EBGNG,INE18JU01028,GNG Electronics Limited,2025-12-09,Sale,-17763,0,-60,296.05,525.65,2026-08-07
Pai,EBGNG,INE18JU01028,GNG Electronics Limited,2025-12-09,Sale,-15106.2,0,-51,296.2,525.65,2026-08-07
Pai,EBGNG,INE18JU01028,GNG Electronics Limited,2025-12-09,Sale,-11257.5,0,-38,296.25,525.65,2026-08-07
Pai,EBGNG,INE18JU01028,GNG Electronics Limited,2025-12-09,Sale,-296.3,0,-1,296.3,525.65,2026-08-07
Pai,EBGNG,INE18JU01028,GNG Electronics Limited,2025-12-09,Sale,-4446,0,-15,296.4,525.65,2026-08-07
Pai,EBGNG,INE18JU01028,GNG Electronics Limited,2025-12-09,Sale,-46799.4,240.77,-159,295.85,525.65,2026-08-07
Pai,EBGNG,INE18JU01028,GNG Electronics Limited,2025-12-09,Sale,-11240.4,0,-38,295.8,525.65,2026-08-07
Pai,EBGNG,INE18JU01028,GNG Electronics Limited,2025-12-09,Sale,-25752,0,-87,296,525.65,2026-08-07
Pai,EBGNG,INE18JU01028,GNG Electronics Limited,2025-12-09,Sale,-11563.5,0,-39,296.5,525.65,2026-08-07
Pai,EBGNG,INE18JU01028,GNG Electronics Limited,2025-12-09,Sale,-2073.05,0,-7,296.15,525.65,2026-08-07
Pai,EBGNG,INE18JU01028,GNG Electronics Limited,2026-02-03,Purchase,2678.5,0,10,267.85,525.65,2026-08-07
Pai,EBGNG,INE18JU01028,GNG Electronics Limited,2026-02-03,Purchase,30105.1,111.54,112,267.8,525.65,2026-08-07
Pai,EBGNG,INE18JU01028,GNG Electronics Limited,2026-02-03,Purchase,268.2,0,1,268.2,525.65,2026-08-07
Pai,EBGNG,INE18JU01028,GNG Electronics Limited,2026-02-03,Purchase,4818.6,0,18,267.7,525.65,2026-08-07
Pai,EBGNG,INE18JU01028,GNG Electronics Limited,2026-02-03,Purchase,4819.5,0,18,267.75,525.65,2026-08-07
Pai,EBGNG,INE18JU01028,GNG Electronics Limited,2026-02-03,Purchase,8555.2,0,32,267.35,525.65,2026-08-07
Pai,EBGNG,INE18JU01028,GNG Electronics Limited,2026-02-03,Purchase,10161.2,0,38,267.4,525.65,2026-08-07
Pai,EBGNG,INE18JU01028,GNG Electronics Limited,2026-02-03,Purchase,11809.6,0,44,268.4,525.65,2026-08-07
Pai,EBGNG,INE18JU01028,GNG Electronics Limited,2026-02-03,Purchase,20915.7,0,78,268.15,525.65,2026-08-07
Pai,GPIL,INE177H01013,Godawari Power And Ispat limited,2022-10-24,Purchase,9916,0,185,53.6,,
Pai,GPIL,INE177H01013,Godawari Power And Ispat limited,2022-11-02,Purchase,271.5,0,5,54.3,,
Pai,GPIL,INE177H01013,Godawari Power And Ispat limited,2022-12-01,Purchase,320.6,0,5,64.12,,
Pai,GPIL,INE177H01013,Godawari Power And Ispat limited,2023-04-24,Sale,-7000,0,-70,100,,
Pai,GPIL,INE177H01013,Godawari Power And Ispat limited,2023-08-18,Dividend,100,0,0,0,,
Pai,GPIL,INE177H01013,Godawari Power And Ispat limited,2024-08-16,Dividend,31.25,0,0,0,,
Pai,GPIL,INE177H01013,Godawari Power And Ispat limited,2024-08-16,Dividend,125,0,0,0,,
Pai,GPIL,INE177H01013,Godawari Power And Ispat limited,2025-03-03,Sale,-17531,35.3,-115,152.75,,
Pai,GPIL,INE177H01013,Godawari Power And Ispat limited,2025-03-03,Sale,-764,0,-5,152.8,,
Pai,GPIL,INE177H01013,Godawari Power And Ispat limited,2025-03-03,Sale,-764.25,0,-5,152.85,,
Pai,GODFRYPHLP,INE260B01028,Godfrey Phillips India Limited,2026-04-20,Purchase,23950.3,0,11,2177.3,2286,2026-08-07
Pai,GODFRYPHLP,INE260B01028,Godfrey Phillips India Limited,2026-04-20,Purchase,58789.8,0,27,2177.4,2286,2026-08-07
Pai,GODFRYPHLP,INE260B01028,Godfrey Phillips India Limited,2026-04-20,Purchase,23952.5,0,11,2177.5,2286,2026-08-07
Pai,GODFRYPHLP,INE260B01028,Godfrey Phillips India Limited,2026-04-20,Purchase,59090.5,292.62,27,2177.7,2286,2026-08-07
Pai,GODFRYPHLP,INE260B01028,Godfrey Phillips India Limited,2026-04-20,Purchase,56622.8,0,26,2177.8,2286,2026-08-07
Pai,GODFRYPHLP,INE260B01028,Godfrey Phillips India Limited,2026-04-20,Purchase,23956.9,0,11,2177.9,2286,2026-08-07
Pai,GOKEX,INE887G01027,Gokaldas Exports Limited,2023-05-03,Purchase,2250.6,0,6,375.1,,
Pai,GOKEX,INE887G01027,Gokaldas Exports Limited,2023-05-12,Purchase,1552,0,4,388,,
Pai,GOKEX,INE887G01027,Gokaldas Exports Limited,2023-06-12,Purchase,958.4,0,2,479.2,,
Pai,GOKEX,INE887G01027,Gokaldas Exports Limited,2023-07-13,Purchase,1582.65,0,3,527.55,,
Pai,GOKEX,INE887G01027,Gokaldas Exports Limited,2023-07-13,Purchase,2638.75,0,5,527.75,,
Pai,GOKEX,INE887G01027,Gokaldas Exports Limited,2023-08-14,Purchase,1536.75,0,3,512.25,,
Pai,GOKEX,INE887G01027,Gokaldas Exports Limited,2023-08-14,Purchase,1025,0,2,512.5,,
Pai,GOKEX,INE887G01027,Gokaldas Exports Limited,2023-10-12,Purchase,1681.1,0,2,840.55,,
Pai,GOKEX,INE887G01027,Gokaldas Exports Limited,2025-03-03,Sale,-772.85,0,-1,772.85,,
Pai,GOKEX,INE887G01027,Gokaldas Exports Limited,2025-03-03,Sale,-20058.4,36.99,-26,772.9,,
Pai,GOODLUCK,INE127I01024,Goodluck India Limited,2023-08-17,Purchase,4544,0,8,568,,
Pai,GOODLUCK,INE127I01024,Goodluck India Limited,2023-08-17,Purchase,2272.6,0,4,568.15,,
Pai,GOODLUCK,INE127I01024,Goodluck India Limited,2023-08-17,Purchase,5682,0,10,568.2,,
Pai,GOODLUCK,INE127I01024,Goodluck India Limited,2023-09-12,Purchase,1163.8,0,2,581.9,,
Pai,GOODLUCK,INE127I01024,Goodluck India Limited,2023-09-22,Dividend,60,0,0,0,,
Pai,GOODLUCK,INE127I01024,Goodluck India Limited,2023-10-12,Purchase,1548.7,0,2,774.35,,
Pai,GOODLUCK,INE127I01024,Goodluck India Limited,2024-02-14,Dividend,78,0,0,0,,
Pai,GOODLUCK,INE127I01024,Goodluck India Limited,2024-04-12,Dividend,52,0,0,0,,
Pai,GOODLUCK,INE127I01024,Goodluck India Limited,2024-09-20,Dividend,26,0,0,0,,
Pai,GOODLUCK,INE127I01024,Goodluck India Limited,2025-03-03,Sale,-615.95,0,-1,615.95,,
Pai,GOODLUCK,INE127I01024,Goodluck India Limited,2025-03-03,Sale,-4896.44,31.96,-8,616.05,,
Pai,GOODLUCK,INE127I01024,Goodluck India Limited,2025-03-03,Sale,-2465.2,0,-4,616.3,,
Pai,GOODLUCK,INE127I01024,Goodluck India Limited,2025-03-03,Sale,-4314.45,0,-7,616.35,,
Pai,GOODLUCK,INE127I01024,Goodluck India Limited,2025-03-03,Sale,-2466.2,0,-4,616.55,,
Pai,GOODLUCK,INE127I01024,Goodluck India Limited,2025-03-03,Sale,-616.6,0,-1,616.6,,
Pai,GOODLUCK,INE127I01024,Goodluck India Limited,2025-03-03,Sale,-616.65,0,-1,616.65,,
Pai,GRAVITA,INE024L01027,Gravita India Limited,2022-11-23,Purchase,10762.5,0,30,358.75,1732.1,2026-08-07
Pai,GRAVITA,INE024L01027,Gravita India Limited,2022-12-01,Purchase,363.3,0,1,363.3,1732.1,2026-08-07
Pai,GRAVITA,INE024L01027,Gravita India Limited,2023-03-13,Purchase,935.8,0,2,467.9,1732.1,2026-08-07
Pai,GRAVITA,INE024L01027,Gravita India Limited,2023-03-13,Purchase,467.8,0,1,467.8,1732.1,2026-08-07
Pai,GRAVITA,INE024L01027,Gravita India Limited,2023-04-03,Purchase,989,0,2,494.5,1732.1,2026-08-07
Pai,GRAVITA,INE024L01027,Gravita India Limited,2023-05-03,Purchase,1689,0,3,563,1732.1,2026-08-07
Pai,GRAVITA,INE024L01027,Gravita India Limited,2023-05-12,Purchase,1146.6,0,2,573.3,1732.1,2026-08-07
Pai,GRAVITA,INE024L01027,Gravita India Limited,2023-06-12,Purchase,1184.8,0,2,592.4,1732.1,2026-08-07
Pai,GRAVITA,INE024L01027,Gravita India Limited,2023-07-13,Purchase,1261.5,0,2,630.75,1732.1,2026-08-07
Pai,GRAVITA,INE024L01027,Gravita India Limited,2023-07-13,Purchase,630.6,0,1,630.6,1732.1,2026-08-07
Pai,GRAVITA,INE024L01027,Gravita India Limited,2023-07-13,Purchase,1890,0,3,630,1732.1,2026-08-07
Pai,GRAVITA,INE024L01027,Gravita India Limited,2023-07-13,Purchase,3776.4,0,6,629.4,1732.1,2026-08-07
Pai,GRAVITA,INE024L01027,Gravita India Limited,2023-08-14,Purchase,697.75,0,1,697.75,1732.1,2026-08-07
Pai,GRAVITA,INE024L01027,Gravita India Limited,2023-09-04,Dividend,243.6,0,0,0,1732.1,2026-08-07
Pai,GRAVITA,INE024L01027,Gravita India Limited,2023-09-12,Purchase,768.15,0,1,768.15,1732.1,2026-08-07
Pai,GRAVITA,INE024L01027,Gravita India Limited,2023-10-12,Purchase,893.85,0,1,893.85,1732.1,2026-08-07
Pai,GRAVITA,INE024L01027,Gravita India Limited,2023-12-12,Purchase,5354,0,5,1070.8,1732.1,2026-08-07
Pai,GRAVITA,INE024L01027,Gravita India Limited,2024-01-12,Purchase,6108,0,6,1018,1732.1,2026-08-07
Pai,GRAVITA,INE024L01027,Gravita India Limited,2024-02-01,Sale,-47198.7,0,-54,874.05,1732.1,2026-08-07
Pai,GRAVITA,INE024L01027,Gravita India Limited,2024-02-01,Sale,-13365,0,-15,891,1732.1,2026-08-07
Pai,GRAVITA,INE024L01027,Gravita India Limited,2026-04-20,Purchase,8493.8,9.8,5,1696.8,1732.1,2026-08-07
Pai,GREAVESCOT,INE224A01026,Greaves Cotton Limited,2023-05-18,Purchase,21693,0,140,154.95,,
Pai,GREAVESCOT,INE224A01026,Greaves Cotton Limited,2023-06-12,Purchase,4205.15,0,31,135.65,,
Pai,GREAVESCOT,INE224A01026,Greaves Cotton Limited,2023-07-13,Purchase,4658,0,34,137,,
Pai,GREAVESCOT,INE224A01026,Greaves Cotton Limited,2023-07-24,Sale,-545.2,0,-4,136.3,,
Pai,GREAVESCOT,INE224A01026,Greaves Cotton Limited,2023-07-24,Sale,-27386.2,0,-201,136.25,,
Pai,GUFICBIO,INE742B01025,Gufic Biosciences Limited,2025-10-20,Purchase,24624.1,57.59,70,350.95,421.4,2026-08-07
Pai,GUFICBIO,INE742B01025,Gufic Biosciences Limited,2025-10-20,Purchase,3509,0,10,350.9,421.4,2026-08-07
Pai,GUFICBIO,INE742B01025,Gufic Biosciences Limited,2025-10-20,Purchase,2805.6,0,8,350.7,421.4,2026-08-07
Pai,GUFICBIO,INE742B01025,Gufic Biosciences Limited,2025-10-20,Purchase,4910.5,0,14,350.75,421.4,2026-08-07
Pai,GUFICBIO,INE742B01025,Gufic Biosciences Limited,2025-10-20,Purchase,9464.85,0,27,350.55,421.4,2026-08-07
Pai,GUFICBIO,INE742B01025,Gufic Biosciences Limited,2025-10-20,Purchase,1051.5,0,3,350.5,421.4,2026-08-07
Pai,GUFICBIO,INE742B01025,Gufic Biosciences Limited,2025-10-20,Purchase,1051.8,0,3,350.6,421.4,2026-08-07
Pai,GUFICBIO,INE742B01025,Gufic Biosciences Limited,2025-10-20,Purchase,1404,0,4,351,421.4,2026-08-07
Pai,GUFICBIO,INE742B01025,Gufic Biosciences Limited,2025-10-29,Sale,-17708.5,75.68,-53,335.55,421.4,2026-08-07
Pai,GUFICBIO,INE742B01025,Gufic Biosciences Limited,2025-10-29,Sale,-7716.5,0,-23,335.5,421.4,2026-08-07
Pai,GUFICBIO,INE742B01025,Gufic Biosciences Limited,2025-10-29,Sale,-5028.75,0,-15,335.25,421.4,2026-08-07
Pai,GUFICBIO,INE742B01025,Gufic Biosciences Limited,2025-10-29,Sale,-16094.4,0,-48,335.3,421.4,2026-08-07
Pai,GUFICBIO,INE742B01025,Gufic Biosciences Limited,2025-10-29,Purchase,3029.25,2.55,9,336.3,421.4,2026-08-07
Pai,GUFICBIO,INE742B01025,Gufic Biosciences Limited,2025-10-29,Purchase,672.2,0,2,336.1,421.4,2026-08-07
Pai,GUFICBIO,INE742B01025,Gufic Biosciences Limited,2025-10-29,Purchase,2353.4,0,7,336.2,421.4,2026-08-07
Pai,GUFICBIO,INE742B01025,Gufic Biosciences Limited,2025-11-03,Sale,-5847.47,21.43,-18,326.05,421.4,2026-08-07
Pai,GUFICBIO,INE742B01025,Gufic Biosciences Limited,2026-04-20,Purchase,9889.1,30.35,33,298.75,421.4,2026-08-07
Pai,GUFICBIO,INE742B01025,Gufic Biosciences Limited,2026-04-20,Purchase,5079.6,0,17,298.8,421.4,2026-08-07
Pai,GUFICBIO,INE742B01025,Gufic Biosciences Limited,2026-04-20,Purchase,4183.9,0,14,298.85,421.4,2026-08-07
Pai,GUFICBIO,INE742B01025,Gufic Biosciences Limited,2026-04-20,Purchase,6276.9,0,21,298.9,421.4,2026-08-07
Pai,GMDCLTD,INE131A01031,Gujarat Mineral Development Corporation Limited,2025-10-15,Purchase,40955.8,118.15,69,591.85,,
Pai,GMDCLTD,INE131A01031,Gujarat Mineral Development Corporation Limited,2025-10-15,Purchase,11246.1,0,19,591.9,,
Pai,GMDCLTD,INE131A01031,Gujarat Mineral Development Corporation Limited,2025-10-15,Purchase,18344.2,0,31,591.75,,
Pai,GMDCLTD,INE131A01031,Gujarat Mineral Development Corporation Limited,2025-10-15,Purchase,28990.8,0,49,591.65,,
Pai,GMDCLTD,INE131A01031,Gujarat Mineral Development Corporation Limited,2025-10-29,Purchase,17779.7,21.21,30,591.95,,
Pai,GMDCLTD,INE131A01031,Gujarat Mineral Development Corporation Limited,2025-11-20,Sale,-39063.8,0,-75,520.85,,
Pai,GMDCLTD,INE131A01031,Gujarat Mineral Development Corporation Limited,2025-11-20,Sale,-63936.1,122.32,-123,520.8,,
Pai,GPPL,INE517F01014,Gujarat Pipavav Port Limited,2023-10-23,Purchase,5325.55,0,43,123.85,,
Pai,GPPL,INE517F01014,Gujarat Pipavav Port Limited,2023-11-02,Sale,-5289,0,-43,123,,
Pai,HGINFRA,INE926X01010,H.G. Infra Engineering Limited,2025-10-20,Purchase,48552.3,57.31,53,915,621.95,2026-04-16
Pai,HGINFRA,INE926X01010,H.G. Infra Engineering Limited,2025-10-29,Purchase,3685.56,4.36,4,920.3,621.95,2026-04-16
Pai,HGINFRA,INE926X01010,H.G. Infra Engineering Limited,2025-11-17,Sale,-27585,68.57,-31,892.05,621.95,2026-04-16
Pai,HGINFRA,INE926X01010,H.G. Infra Engineering Limited,2025-11-17,Sale,-23184.2,0,-26,891.7,621.95,2026-04-16
Pai,HARIOMPIPE,INE00EV01017,Hariom Pipe Industries Limited,2026-05-25,Purchase,5799.75,0,15,386.65,398.9,2026-08-07
Pai,HARIOMPIPE,INE00EV01017,Hariom Pipe Industries Limited,2026-05-25,Purchase,10074,18.45,26,386.75,398.9,2026-08-07
Pai,HBLENGINE,INE292B01021,HBL Engineering Limited,2023-06-21,Purchase,3988.4,0,26,153.4,727.1,2026-08-07
Pai,HBLENGINE,INE292B01021,HBL Engineering Limited,2023-07-13,Purchase,817.75,0,5,163.55,727.1,2026-08-07
Pai,HBLENGINE,INE292B01021,HBL Engineering Limited,2023-07-13,Purchase,1634.5,0,10,163.45,727.1,2026-08-07
Pai,HBLENGINE,INE292B01021,HBL Engineering Limited,2023-08-14,Purchase,687.15,0,3,229.05,727.1,2026-08-07
Pai,HBLENGINE,INE292B01021,HBL Engineering Limited,2023-09-12,Purchase,1502.4,0,6,250.4,727.1,2026-08-07
Pai,HBLENGINE,INE292B01021,HBL Engineering Limited,2023-09-15,Dividend,22.5,0,0,0,727.1,2026-08-07
Pai,HBLENGINE,INE292B01021,HBL Engineering Limited,2023-10-12,Purchase,1208,0,4,302,727.1,2026-08-07
Pai,HBLENGINE,INE292B01021,HBL Engineering Limited,2024-09-13,Dividend,27,0,0,0,727.1,2026-08-07
Pai,HBLENGINE,INE292B01021,HBL Engineering Limited,2025-01-30,Purchase,108995,194.44,186,584.95,727.1,2026-08-07
Pai,HBLENGINE,INE292B01021,HBL Engineering Limited,2025-01-30,Purchase,54957.1,0,94,584.65,727.1,2026-08-07
Pai,HBLENGINE,INE292B01021,HBL Engineering Limited,2025-02-12,Purchase,5561.21,6.76,11,504.95,727.1,2026-08-07
Pai,HBLENGINE,INE292B01021,HBL Engineering Limited,2025-02-17,Sale,-161755,187.13,-340,476.3,727.1,2026-08-07
Pai,HBLENGINE,INE292B01021,HBL Engineering Limited,2025-02-17,Sale,-2382.5,0,-5,476.5,727.1,2026-08-07
Pai,HBLENGINE,INE292B01021,HBL Engineering Limited,2025-03-21,Purchase,160305,190.1,345,464.1,727.1,2026-08-07
Pai,HBLENGINE,INE292B01021,HBL Engineering Limited,2025-07-29,Purchase,2829.43,2.93,5,565.3,727.1,2026-08-07
Pai,HBLENGINE,INE292B01021,HBL Engineering Limited,2025-09-12,Dividend,350,0,0,0,727.1,2026-08-07
Pai,HBLENGINE,INE292B01021,HBL Engineering Limited,2025-12-03,Sale,-8431,0,-10,843.1,727.1,2026-08-07
Pai,HBLENGINE,INE292B01021,HBL Engineering Limited,2025-12-03,Sale,-168346,323.76,-200,843.35,727.1,2026-08-07
Pai,HBLENGINE,INE292B01021,HBL Engineering Limited,2025-12-03,Sale,-25296,0,-30,843.2,727.1,2026-08-07
Pai,HBLENGINE,INE292B01021,HBL Engineering Limited,2025-12-03,Sale,-33722,0,-40,843.05,727.1,2026-08-07
Pai,HBLENGINE,INE292B01021,HBL Engineering Limited,2025-12-03,Sale,-59031,0,-70,843.3,727.1,2026-08-07
Pai,HBLENGINE,INE292B01021,HBL Engineering Limited,2026-01-05,Purchase,330282,389.97,350,942.55,727.1,2026-08-07
Pai,HBLENGINE,INE292B01021,HBL Engineering Limited,2026-02-03,Purchase,111603,132.64,142,785,727.1,2026-08-07
Pai,HBLENGINE,INE292B01021,HBL Engineering Limited,2026-02-13,Dividend,984,0,0,0,727.1,2026-08-07
Pai,HBLENGINE,INE292B01021,HBL Engineering Limited,2026-02-23,Purchase,25404.3,31.06,35,724.95,727.1,2026-08-07
Pai,HBLENGINE,INE292B01021,HBL Engineering Limited,2026-03-12,Sale,-97497.8,0,-147,663.25,727.1,2026-08-07
Pai,HBLENGINE,INE292B01021,HBL Engineering Limited,2026-03-12,Sale,-10608.8,0,-16,663.05,727.1,2026-08-07
Pai,HBLENGINE,INE292B01021,HBL Engineering Limited,2026-03-12,Sale,-11935.8,0,-18,663.1,727.1,2026-08-07
Pai,HBLENGINE,INE292B01021,HBL Engineering Limited,2026-03-12,Sale,-11936.7,0,-18,663.15,727.1,2026-08-07
Pai,HBLENGINE,INE292B01021,HBL Engineering Limited,2026-03-12,Sale,-213170,380.73,-322,663.2,727.1,2026-08-07
Pai,HBLENGINE,INE292B01021,HBL Engineering Limited,2026-03-12,Sale,-3978,0,-6,663,727.1,2026-08-07
Pai,HBLENGINE,INE292B01021,HBL Engineering Limited,2026-04-15,Purchase,62131.5,73.38,81,766.15,727.1,2026-08-07
Pai,HBLENGINE,INE292B01021,HBL Engineering Limited,2026-05-20,Purchase,13509.9,0,18,750.55,727.1,2026-08-07
Pai,HBLENGINE,INE292B01021,HBL Engineering Limited,2026-05-20,Purchase,25570.8,50.38,34,750.6,727.1,2026-08-07
Pai,HBLENGINE,INE292B01021,HBL Engineering Limited,2026-05-20,Purchase,3753.5,0,5,750.7,727.1,2026-08-07
Pai,HBLENGINE,INE292B01021,HBL Engineering Limited,2026-05-22,Purchase,2384.24,3.29,3,793.65,727.1,2026-08-07
Pai,HBLENGINE,INE292B01021,HBL Engineering Limited,2026-05-22,Purchase,793.75,0,1,793.75,727.1,2026-08-07
Pai,HBLENGINE,INE292B01021,HBL Engineering Limited,2026-06-22,Purchase,22974.2,26.81,28,819.55,727.1,2026-08-07
Pai,HBLENGINE,INE292B01021,HBL Engineering Limited,2026-07-22,Purchase,18810,30.23,26,722.3,727.1,2026-08-07
Pai,HBLENGINE,INE292B01021,HBL Engineering Limited,2026-07-22,Purchase,6500.25,0,9,722.25,727.1,2026-08-07
Pai,HCLTECH,INE860A01027,HCL Technologies Limited,2024-12-09,Purchase,5751.96,6.96,3,1915,,
Pai,HCLTECH,INE860A01027,HCL Technologies Limited,2024-12-12,Purchase,1936.81,2.01,1,1934.8,,
Pai,HCLTECH,INE860A01027,HCL Technologies Limited,2025-01-13,Purchase,1996.42,2.07,1,1994.35,,
Pai,HCLTECH,INE860A01027,HCL Technologies Limited,2025-01-17,Dividend,90,0,0,0,,
Pai,HCLTECH,INE860A01027,HCL Technologies Limited,2025-02-12,Purchase,1719.23,1.78,1,1717.45,,
Pai,HCLTECH,INE860A01027,HCL Technologies Limited,2025-03-12,Purchase,1518.22,1.57,1,1516.65,,
Pai,HCLTECH,INE860A01027,HCL Technologies Limited,2025-04-28,Dividend,126,0,0,0,,
Pai,HCLTECH,INE860A01027,HCL Technologies Limited,2025-04-29,Purchase,1554.51,1.61,1,1552.9,,
Pai,HCLTECH,INE860A01027,HCL Technologies Limited,2025-05-29,Purchase,3325.65,3.45,2,1661.1,,
Pai,HCLTECH,INE860A01027,HCL Technologies Limited,2025-06-30,Purchase,1723.79,1.79,1,1722,,
Pai,HCLTECH,INE860A01027,HCL Technologies Limited,2025-07-18,Dividend,132,0,0,0,,
Pai,HCLTECH,INE860A01027,HCL Technologies Limited,2025-07-29,Purchase,4427.59,5.59,3,1474,,
Pai,HCLTECH,INE860A01027,HCL Technologies Limited,2025-08-29,Sale,-20407.7,36.55,-14,1460.3,,
Pai,HDFCAMC,INE127D01025,HDFC Asset Management Company Limited,2025-07-03,Purchase,40727.5,47.46,8,5085,,
Pai,HDFCAMC,INE127D01025,HDFC Asset Management Company Limited,2025-08-29,Purchase,5573.78,6.78,1,5567,,
Pai,HDFCAMC,INE127D01025,HDFC Asset Management Company Limited,2025-09-29,Purchase,5654.36,6.86,1,5647.5,,
Pai,HDFCAMC,INE127D01025,HDFC Asset Management Company Limited,2025-10-29,Purchase,5381.39,6.39,1,5375,,
Pai,HDFCAMC,INE127D01025,HDFC Asset Management Company Limited,2025-11-03,Sale,-58768.1,76.39,-11,5349.5,,
Pai,HDFCBANK,INE040A01034,HDFC Bank Limited,2022-10-24,Purchase,4266.24,0,3,1422.08,,
Pai,HDFCBANK,INE040A01034,HDFC Bank Limited,2022-12-01,Purchase,1542.38,0,1,1542.38,,
Pai,HDFCBANK,INE040A01034,HDFC Bank Limited,2022-12-01,Purchase,1606.07,0,1,1606.07,,
Pai,HDFCBANK,INE040A01034,HDFC Bank Limited,2023-03-13,Purchase,1549.17,0,1,1549.17,,
Pai,HDFCBANK,INE040A01034,HDFC Bank Limited,2023-05-16,Dividend,176,0,0,0,,
Pai,HDFCBANK,INE040A01034,HDFC Bank Limited,2023-06-12,Purchase,1561.85,0,1,1561.85,,
Pai,HDFCBANK,INE040A01034,HDFC Bank Limited,2023-06-12,Purchase,1575.68,0,1,1575.68,,
Pai,HDFCBANK,INE040A01034,HDFC Bank Limited,2023-07-13,Dividend,604.6,0,0,0,,
Pai,HDFCBANK,INE040A01034,HDFC Bank Limited,2024-03-05,Sale,-7167,0,-5,1433.4,,
Pai,HDFCBANK,INE040A01034,HDFC Bank Limited,2024-03-05,Sale,-4300.35,0,-3,1433.45,,
Pai,HEROMOTOCO,INE158A01026,Hero MotoCorp Limited,2025-12-02,Purchase,69304.8,81.81,11,6293,5275.5,2026-03-20
Pai,HEROMOTOCO,INE158A01026,Hero MotoCorp Limited,2026-02-11,Dividend,1210,0,0,0,5275.5,2026-03-20
Pai,HEROMOTOCO,INE158A01026,Hero MotoCorp Limited,2026-03-12,Sale,-32428,77.64,-6,5417.6,5275.5,2026-03-20
Pai,HEROMOTOCO,INE158A01026,Hero MotoCorp Limited,2026-03-12,Sale,-27087.8,0,-5,5417.55,5275.5,2026-03-20
Pai,HINDPETRO,INE094A01015,Hindustan Petroleum Corporation Limited,2024-03-05,Purchase,7911.75,0,15,527.45,,
Pai,HINDPETRO,INE094A01015,Hindustan Petroleum Corporation Limited,2024-03-28,Sale,-7141.5,0,-15,476.1,,
Pai,HINDUNILVR,INE030A01027,Hindustan Unilever Limited,2022-10-24,Purchase,5199.5,0,2,2599.75,,
Pai,HINDUNILVR,INE030A01027,Hindustan Unilever Limited,2022-11-01,Dividend,34,0,0,0,,
Pai,HINDUNILVR,INE030A01027,Hindustan Unilever Limited,2023-01-12,Purchase,2575.35,0,1,2575.35,,
Pai,HINDUNILVR,INE030A01027,Hindustan Unilever Limited,2023-03-13,Purchase,2466.4,0,1,2466.4,,
Pai,HINDUNILVR,INE030A01027,Hindustan Unilever Limited,2023-06-12,Purchase,2645.7,0,1,2645.7,,
Pai,HINDUNILVR,INE030A01027,Hindustan Unilever Limited,2023-06-19,Dividend,110,0,0,0,,
Pai,HINDUNILVR,INE030A01027,Hindustan Unilever Limited,2023-07-13,Purchase,2668,0,1,2668,,
Pai,HINDUNILVR,INE030A01027,Hindustan Unilever Limited,2023-09-12,Purchase,2505.45,0,1,2505.45,,
Pai,HINDUNILVR,INE030A01027,Hindustan Unilever Limited,2023-11-02,Dividend,126,0,0,0,,
Pai,HINDUNILVR,INE030A01027,Hindustan Unilever Limited,2024-03-05,Sale,-9603.2,0,-4,2400.8,,
Pai,HINDUNILVR,INE030A01027,Hindustan Unilever Limited,2024-03-05,Sale,-7200.15,0,-3,2400.05,,
Pai,HINDZINC,INE267A01025,Hindustan Zinc Limited,2024-06-03,Purchase,19551,0,28,698.25,,
Pai,HINDZINC,INE267A01025,Hindustan Zinc Limited,2024-06-12,Purchase,693.25,0.8,1,692.45,,
Pai,HINDZINC,INE267A01025,Hindustan Zinc Limited,2024-07-12,Purchase,2015.54,2.09,3,671.15,,
Pai,HINDZINC,INE267A01025,Hindustan Zinc Limited,2024-08-28,Dividend,608,0,0,0,,
Pai,HINDZINC,INE267A01025,Hindustan Zinc Limited,2024-10-25,Sale,-16316.5,32.3,-32,510.9,,
Pai,HINDWAREAP,INE05AN01011,Hindware Home Innovation Limited,2022-10-24,Purchase,11215.8,0,31,361.8,,
Pai,HINDWAREAP,INE05AN01011,Hindware Home Innovation Limited,2022-11-02,Purchase,718.9,0,2,359.45,,
Pai,HINDWAREAP,INE05AN01011,Hindware Home Innovation Limited,2022-12-01,Purchase,345,0,1,345,,
Pai,HINDWAREAP,INE05AN01011,Hindware Home Innovation Limited,2022-12-01,Purchase,345.05,0,1,345.05,,
Pai,HINDWAREAP,INE05AN01011,Hindware Home Innovation Limited,2023-03-13,Purchase,1059.15,0,3,353.05,,
Pai,HINDWAREAP,INE05AN01011,Hindware Home Innovation Limited,2023-03-13,Purchase,353.1,0,1,353.1,,
Pai,HINDWAREAP,INE05AN01011,Hindware Home Innovation Limited,2023-06-21,Purchase,5217,0,10,521.7,,
Pai,HINDWAREAP,INE05AN01011,Hindware Home Innovation Limited,2023-07-13,Purchase,1121.2,0,2,560.6,,
Pai,HINDWAREAP,INE05AN01011,Hindware Home Innovation Limited,2023-07-13,Purchase,2243,0,4,560.75,,
Pai,HINDWAREAP,INE05AN01011,Hindware Home Innovation Limited,2023-08-14,Purchase,1587.3,0,3,529.1,,
Pai,HINDWAREAP,INE05AN01011,Hindware Home Innovation Limited,2023-08-14,Purchase,526,0,1,526,,
Pai,HINDWAREAP,INE05AN01011,Hindware Home Innovation Limited,2023-09-12,Purchase,559.45,0,1,559.45,,
Pai,HINDWAREAP,INE05AN01011,Hindware Home Innovation Limited,2023-09-20,Dividend,30,0,0,0,,
Pai,HINDWAREAP,INE05AN01011,Hindware Home Innovation Limited,2023-10-12,Purchase,1066.2,0,2,533.1,,
Pai,HINDWAREAP,INE05AN01011,Hindware Home Innovation Limited,2023-10-23,Sale,-3993.6,0,-8,499.2,,
Pai,HINDWAREAP,INE05AN01011,Hindware Home Innovation Limited,2023-10-23,Sale,-15473.6,0,-31,499.15,,
Pai,HINDWAREAP,INE05AN01011,Hindware Home Innovation Limited,2024-03-05,Sale,-8932.05,0,-23,388.35,,
Pai,HPL,INE495S01016,HPL Electric & Power Limited,2024-02-01,Purchase,23704,0,79,300.05,345.35,2026-04-16
Pai,HPL,INE495S01016,HPL Electric & Power Limited,2024-04-12,Purchase,1318.6,0,4,329.65,345.35,2026-04-16
Pai,HPL,INE495S01016,HPL Electric & Power Limited,2024-08-12,Purchase,1228.88,1.28,2,613.8,345.35,2026-04-16
Pai,HPL,INE495S01016,HPL Electric & Power Limited,2024-09-12,Purchase,1723.79,2.39,3,573.8,345.35,2026-04-16
Pai,HPL,INE495S01016,HPL Electric & Power Limited,2024-09-12,Purchase,573.85,0,1,573.85,345.35,2026-04-16
Pai,HPL,INE495S01016,HPL Electric & Power Limited,2024-09-23,Dividend,89,0,0,0,345.35,2026-04-16
Pai,HPL,INE495S01016,HPL Electric & Power Limited,2024-10-07,Purchase,2121.4,2.2,4,529.8,345.35,2026-04-16
Pai,HPL,INE495S01016,HPL Electric & Power Limited,2024-10-14,Purchase,1113.45,1.15,2,556.15,345.35,2026-04-16
Pai,HPL,INE495S01016,HPL Electric & Power Limited,2024-10-29,Purchase,7093.8,0,14,506.7,345.35,2026-04-16
Pai,HPL,INE495S01016,HPL Electric & Power Limited,2024-10-29,Purchase,10133,0,20,506.65,345.35,2026-04-16
Pai,HPL,INE495S01016,HPL Electric & Power Limited,2024-10-29,Purchase,5065,0,10,506.5,345.35,2026-04-16
Pai,HPL,INE495S01016,HPL Electric & Power Limited,2024-10-29,Purchase,10673.6,39.16,21,506.4,345.35,2026-04-16
Pai,HPL,INE495S01016,HPL Electric & Power Limited,2025-01-16,Purchase,4138.89,5.29,8,516.7,345.35,2026-04-16
Pai,HPL,INE495S01016,HPL Electric & Power Limited,2025-02-12,Purchase,2108.69,2.19,5,421.3,345.35,2026-04-16
Pai,HPL,INE495S01016,HPL Electric & Power Limited,2025-03-12,Purchase,2635.82,3.12,7,376.1,345.35,2026-04-16
Pai,HPL,INE495S01016,HPL Electric & Power Limited,2025-03-12,Purchase,376,0,1,376,345.35,2026-04-16
Pai,HPL,INE495S01016,HPL Electric & Power Limited,2025-03-19,Purchase,6394.4,0,16,399.65,345.35,2026-04-16
Pai,HPL,INE495S01016,HPL Electric & Power Limited,2025-03-19,Purchase,14788.9,0,37,399.7,345.35,2026-04-16
Pai,HPL,INE495S01016,HPL Electric & Power Limited,2025-03-19,Purchase,23238.5,53.03,58,399.75,345.35,2026-04-16
Pai,HPL,INE495S01016,HPL Electric & Power Limited,2025-07-29,Purchase,553.67,0.57,1,553.1,345.35,2026-04-16
Pai,HPL,INE495S01016,HPL Electric & Power Limited,2025-09-22,Dividend,293,0,0,0,345.35,2026-04-16
Pai,HPL,INE495S01016,HPL Electric & Power Limited,2025-10-29,Purchase,1761.28,2.08,4,439.8,345.35,2026-04-16
Pai,HPL,INE495S01016,HPL Electric & Power Limited,2025-11-03,Sale,-88860,152.88,-201,442.85,345.35,2026-04-16
Pai,HPL,INE495S01016,HPL Electric & Power Limited,2025-11-03,Sale,-3100.65,0,-7,442.95,345.35,2026-04-16
Pai,HPL,INE495S01016,HPL Electric & Power Limited,2025-11-03,Sale,-2657.4,0,-6,442.9,345.35,2026-04-16
Pai,HPL,INE495S01016,HPL Electric & Power Limited,2025-11-03,Sale,-4430,0,-10,443,345.35,2026-04-16
Pai,HPL,INE495S01016,HPL Electric & Power Limited,2025-11-03,Sale,-6648,0,-15,443.2,345.35,2026-04-16
Pai,HPL,INE495S01016,HPL Electric & Power Limited,2025-11-03,Sale,-25714.3,0,-58,443.35,345.35,2026-04-16
Pai,HPL,INE495S01016,HPL Electric & Power Limited,2025-11-10,Purchase,58867.5,236.97,129,454.5,345.35,2026-04-16
Pai,HPL,INE495S01016,HPL Electric & Power Limited,2025-11-10,Purchase,4996.75,0,11,454.25,345.35,2026-04-16
Pai,HPL,INE495S01016,HPL Electric & Power Limited,2025-11-10,Purchase,22263.2,0,49,454.35,345.35,2026-04-16
Pai,HPL,INE495S01016,HPL Electric & Power Limited,2025-11-10,Purchase,39537.2,0,87,454.45,345.35,2026-04-16
Pai,HPL,INE495S01016,HPL Electric & Power Limited,2025-11-10,Purchase,5451.6,0,12,454.3,345.35,2026-04-16
Pai,HPL,INE495S01016,HPL Electric & Power Limited,2025-11-10,Purchase,10911.6,0,24,454.65,345.35,2026-04-16
Pai,HPL,INE495S01016,HPL Electric & Power Limited,2025-11-10,Purchase,30444.8,0,67,454.4,345.35,2026-04-16
Pai,HPL,INE495S01016,HPL Electric & Power Limited,2025-11-10,Purchase,27276,0,60,454.6,345.35,2026-04-16
Pai,HPL,INE495S01016,HPL Electric & Power Limited,2025-12-01,Sale,-67773.9,205.24,-163,417.05,345.35,2026-04-16
Pai,HPL,INE495S01016,HPL Electric & Power Limited,2025-12-01,Sale,-47515.2,0,-114,416.8,345.35,2026-04-16
Pai,HPL,INE495S01016,HPL Electric & Power Limited,2025-12-01,Sale,-13342.4,0,-32,416.95,345.35,2026-04-16
Pai,HPL,INE495S01016,HPL Electric & Power Limited,2025-12-01,Sale,-10432.5,0,-25,417.3,345.35,2026-04-16
Pai,HPL,INE495S01016,HPL Electric & Power Limited,2025-12-01,Sale,-4590.85,0,-11,417.35,345.35,2026-04-16
Pai,HPL,INE495S01016,HPL Electric & Power Limited,2025-12-01,Sale,-22518,0,-54,417,345.35,2026-04-16
Pai,HPL,INE495S01016,HPL Electric & Power Limited,2025-12-01,Sale,-15425.3,0,-37,416.9,345.35,2026-04-16
Pai,HPL,INE495S01016,HPL Electric & Power Limited,2025-12-01,Sale,-1250.55,0,-3,416.85,345.35,2026-04-16
Pai,HPL,INE495S01016,HPL Electric & Power Limited,2026-02-03,Purchase,37221.3,44.57,117,317.75,345.35,2026-04-16
Pai,HPL,INE495S01016,HPL Electric & Power Limited,2026-04-01,Purchase,5704.65,0,21,271.65,345.35,2026-04-16
Pai,HPL,INE495S01016,HPL Electric & Power Limited,2026-04-01,Purchase,13076.2,32.19,48,271.75,345.35,2026-04-16
Pai,HPL,INE495S01016,HPL Electric & Power Limited,2026-04-01,Purchase,5979.6,0,22,271.8,345.35,2026-04-16
Pai,HPL,INE495S01016,HPL Electric & Power Limited,2026-04-01,Purchase,2446.65,0,9,271.85,345.35,2026-04-16
Pai,HPL,INE495S01016,HPL Electric & Power Limited,2026-04-15,Sale,-17643.7,0,-53,332.9,345.35,2026-04-16
Pai,HPL,INE495S01016,HPL Electric & Power Limited,2026-04-15,Sale,-31544.7,90.3,-95,333,345.35,2026-04-16
Pai,HPL,INE495S01016,HPL Electric & Power Limited,2026-04-15,Sale,-11989.8,0,-36,333.05,345.35,2026-04-16
Pai,HPL,INE495S01016,HPL Electric & Power Limited,2026-04-15,Sale,-10992.3,0,-33,333.1,345.35,2026-04-16
Pai,ICICIBANK,INE090A01021,ICICI Bank Limited,2022-11-16,Purchase,3658,0,4,914.5,,
Pai,ICICIBANK,INE090A01021,ICICI Bank Limited,2022-12-01,Purchase,944.7,0,1,944.7,,
Pai,ICICIBANK,INE090A01021,ICICI Bank Limited,2023-08-09,Dividend,40,0,0,0,,
Pai,ICICIBANK,INE090A01021,ICICI Bank Limited,2023-10-23,Sale,-4650.75,0,-5,930.15,,
Pai,ICICIGI,INE765G01017,ICICI Lombard General Insurance Company Limited,2023-10-23,Purchase,5608,0,4,1402,,
Pai,ICICIGI,INE765G01017,ICICI Lombard General Insurance Company Limited,2023-10-27,Dividend,20,0,0,0,,
Pai,ICICIGI,INE765G01017,ICICI Lombard General Insurance Company Limited,2023-11-02,Purchase,1368.1,0,1,1368.1,,
Pai,ICICIGI,INE765G01017,ICICI Lombard General Insurance Company Limited,2023-11-02,Purchase,1368.05,0,1,1368.05,,
Pai,ICICIGI,INE765G01017,ICICI Lombard General Insurance Company Limited,2024-06-07,Dividend,36,0,0,0,,
Pai,ICICIGI,INE765G01017,ICICI Lombard General Insurance Company Limited,2024-10-28,Dividend,33,0,0,0,,
Pai,ICICIGI,INE765G01017,ICICI Lombard General Insurance Company Limited,2025-03-03,Sale,-10012.2,25.75,-6,1673,,
Pai,ISEC,INE763G01038,ICICI Securities Limited,2024-09-04,Purchase,54394.8,64.52,65,835.85,,
Pai,ISEC,INE763G01038,ICICI Securities Limited,2024-09-12,Purchase,3329.86,3.46,4,831.6,,
Pai,ISEC,INE763G01038,ICICI Securities Limited,2024-10-14,Purchase,6699.54,7.94,8,836.45,,
Pai,ISEC,INE763G01038,ICICI Securities Limited,2024-11-08,Sale,-5025.6,0,-6,837.6,,
Pai,ISEC,INE763G01038,ICICI Securities Limited,2024-11-08,Sale,-2512.95,0,-3,837.65,,
Pai,ISEC,INE763G01038,ICICI Securities Limited,2024-11-08,Sale,-29238.5,80.99,-35,837.7,,
Pai,ISEC,INE763G01038,ICICI Securities Limited,2024-11-08,Sale,-3351,0,-4,837.75,,
Pai,ISEC,INE763G01038,ICICI Securities Limited,2024-11-08,Sale,-10891.4,0,-13,837.8,,
Pai,ISEC,INE763G01038,ICICI Securities Limited,2024-11-08,Sale,-13405.6,0,-16,837.85,,
Pai,IGPL,INE204A01010,IG Petrochemicals Limited,2025-10-20,Purchase,26113.1,31.06,63,414,492.9,2026-08-07
Pai,IGPL,INE204A01010,IG Petrochemicals Limited,2025-10-29,Purchase,416,0,1,416,492.9,2026-08-07
Pai,IGPL,INE204A01010,IG Petrochemicals Limited,2025-10-29,Purchase,1666.27,2.47,4,415.95,492.9,2026-08-07
Pai,IGPL,INE204A01010,IG Petrochemicals Limited,2025-11-11,Sale,-3910,0,-10,391,492.9,2026-08-07
Pai,IGPL,INE204A01010,IG Petrochemicals Limited,2025-11-11,Sale,-1952.75,0,-5,390.55,492.9,2026-08-07
Pai,IGPL,INE204A01010,IG Petrochemicals Limited,2025-11-11,Sale,-14029.3,43.14,-36,390.9,492.9,2026-08-07
Pai,IGPL,INE204A01010,IG Petrochemicals Limited,2025-11-11,Sale,-1179,0,-3,393,492.9,2026-08-07
Pai,IGPL,INE204A01010,IG Petrochemicals Limited,2025-11-11,Sale,-784.2,0,-2,392.1,492.9,2026-08-07
Pai,IGPL,INE204A01010,IG Petrochemicals Limited,2025-11-11,Sale,-4695,0,-12,391.25,492.9,2026-08-07
Pai,IGPL,INE204A01010,IG Petrochemicals Limited,2026-04-20,Purchase,5047.05,12.45,12,419.55,492.9,2026-08-07
Pai,IGPL,INE204A01010,IG Petrochemicals Limited,2026-04-20,Purchase,419.6,0,1,419.6,492.9,2026-08-07
Pai,IGPL,INE204A01010,IG Petrochemicals Limited,2026-04-20,Purchase,4619.45,0,11,419.95,492.9,2026-08-07
Pai,IGPL,INE204A01010,IG Petrochemicals Limited,2026-05-27,Purchase,4436.1,5.6,10,443.05,492.9,2026-08-07
Pai,IIFL,INE530B01024,IIFL Finance Limited,2024-06-10,Purchase,29953.2,35.05,62,482.55,,
Pai,IIFL,INE530B01024,IIFL Finance Limited,2024-10-25,Sale,-24811.3,41.43,-62,400.85,,
Pai,INDGN,INE065X01017,Indegene Limited,2026-02-18,Purchase,10029.4,12.39,20,500.85,554.45,2026-08-07
Pai,INDGN,INE065X01017,Indegene Limited,2026-02-23,Purchase,1462.97,1.52,3,487.15,554.45,2026-08-07
Pai,INDGN,INE065X01017,Indegene Limited,2026-05-27,Purchase,523.1,0,1,523.1,554.45,2026-08-07
Pai,INDGN,INE065X01017,Indegene Limited,2026-05-27,Purchase,9951.89,13.94,19,523.05,554.45,2026-08-07
Pai,INDGN,INE065X01017,Indegene Limited,2026-05-27,Purchase,1046,0,2,523,554.45,2026-08-07
Pai,INDIANB,INE562A01011,Indian Bank,2025-07-03,Purchase,7196.2,0,11,654.2,,
Pai,INDIANB,INE562A01011,Indian Bank,2025-07-03,Purchase,10489.3,21.32,16,654.25,,
Pai,INDIANB,INE562A01011,Indian Bank,2025-07-29,Purchase,1887.16,1.96,3,628.4,,
Pai,INDIANB,INE562A01011,Indian Bank,2025-08-29,Sale,-19570.8,35.68,-30,653.55,,
Pai,INDIANB,INE562A01011,Indian Bank,2025-11-03,Purchase,59894.1,71.06,69,867,,
Pai,INDIANB,INE562A01011,Indian Bank,2025-11-17,Purchase,1775.74,1.84,2,886.95,,
Pai,INDIANB,INE562A01011,Indian Bank,2025-12-09,Sale,-54963.2,72.43,-71,775.15,,
Pai,IOC,INE242A01010,Indian Oil Corporation Limited,2023-11-13,Purchase,15998.5,0,163,98.15,,
Pai,IOC,INE242A01010,Indian Oil Corporation Limited,2023-12-12,Purchase,3882.45,0,33,117.65,,
Pai,IOC,INE242A01010,Indian Oil Corporation Limited,2024-01-12,Purchase,2939.2,0,22,133.6,,
Pai,IOC,INE242A01010,Indian Oil Corporation Limited,2024-02-01,Purchase,12601.2,0,85,148.25,,
Pai,IOC,INE242A01010,Indian Oil Corporation Limited,2024-03-12,Purchase,172.6,0,1,172.6,,
Pai,IOC,INE242A01010,Indian Oil Corporation Limited,2024-04-12,Purchase,6568.3,0,38,172.85,,
Pai,IOC,INE242A01010,Indian Oil Corporation Limited,2024-05-13,Purchase,1102.5,0,7,157.5,,
Pai,IOC,INE242A01010,Indian Oil Corporation Limited,2024-05-13,Purchase,6934.4,0,44,157.6,,
Pai,IOC,INE242A01010,Indian Oil Corporation Limited,2024-06-12,Purchase,846.86,0.96,5,169.18,,
Pai,IOC,INE242A01010,Indian Oil Corporation Limited,2024-06-12,Purchase,5950.26,7.26,35,169.8,,
Pai,IOC,INE242A01010,Indian Oil Corporation Limited,2024-07-12,Purchase,5019.04,6.04,30,167.1,,
Pai,IOC,INE242A01010,Indian Oil Corporation Limited,2024-07-12,Purchase,3179.19,4.48,19,167.09,,
Pai,IOC,INE242A01010,Indian Oil Corporation Limited,2024-07-12,Dividend,3031,0,0,0,,
Pai,IOC,INE242A01010,Indian Oil Corporation Limited,2024-08-12,Purchase,5908.84,7.14,35,168.62,,
Pai,IOC,INE242A01010,Indian Oil Corporation Limited,2024-09-12,Purchase,5672.66,6.89,33,171.69,,
Pai,IOC,INE242A01010,Indian Oil Corporation Limited,2024-11-12,Purchase,4165.12,5.32,30,138.66,,
Pai,IOC,INE242A01010,Indian Oil Corporation Limited,2025-01-15,Sale,-74269.3,92.48,-580,128.21,,
Pai,IRFC,INE053F01010,Indian Railway Finance Corporation Limited,2021-01-28,Purchase,14950,0,575,26,88.75,2026-08-07
Pai,IRFC,INE053F01010,Indian Railway Finance Corporation Limited,2021-02-17,Dividend,603.75,0,0,0,88.75,2026-08-07
Pai,IRFC,INE053F01010,Indian Railway Finance Corporation Limited,2021-11-10,Dividend,442.75,0,0,0,88.75,2026-08-07
Pai,IRFC,INE053F01010,Indian Railway Finance Corporation Limited,2022-09-15,Dividend,362.25,0,0,0,88.75,2026-08-07
Pai,IRFC,INE053F01010,Indian Railway Finance Corporation Limited,2022-11-17,Dividend,460,0,0,0,88.75,2026-08-07
Pai,IRFC,INE053F01010,Indian Railway Finance Corporation Limited,2023-09-15,Dividend,402.5,0,0,0,88.75,2026-08-07
Pai,IRFC,INE053F01010,Indian Railway Finance Corporation Limited,2023-10-23,Purchase,9815.5,0,134,73.25,88.75,2026-08-07
Pai,IRFC,INE053F01010,Indian Railway Finance Corporation Limited,2023-11-10,Dividend,567.2,0,0,0,88.75,2026-08-07
Pai,IRFC,INE053F01010,Indian Railway Finance Corporation Limited,2023-11-13,Purchase,2442,0,33,74,88.75,2026-08-07
Pai,IRFC,INE053F01010,Indian Railway Finance Corporation Limited,2023-12-12,Purchase,1582.7,0,19,83.3,88.75,2026-08-07
Pai,IRFC,INE053F01010,Indian Railway Finance Corporation Limited,2024-01-12,Purchase,1139.5,0,10,113.95,88.75,2026-08-07
Pai,IRFC,INE053F01010,Indian Railway Finance Corporation Limited,2024-02-12,Purchase,9323.05,0,67,139.15,88.75,2026-08-07
Pai,IRFC,INE053F01010,Indian Railway Finance Corporation Limited,2024-03-12,Purchase,2312,0,17,136,88.75,2026-08-07
Pai,IRFC,INE053F01010,Indian Railway Finance Corporation Limited,2024-04-12,Purchase,4120.2,0,28,147.15,88.75,2026-08-07
Pai,IRFC,INE053F01010,Indian Railway Finance Corporation Limited,2024-05-13,Purchase,3199.9,0,22,145.45,88.75,2026-08-07
Pai,IRFC,INE053F01010,Indian Railway Finance Corporation Limited,2024-06-12,Purchase,5498.44,6.79,31,177.15,88.75,2026-08-07
Pai,IRFC,INE053F01010,Indian Railway Finance Corporation Limited,2024-08-22,Dividend,655.2,0,0,0,88.75,2026-08-07
Pai,IRFC,INE053F01010,Indian Railway Finance Corporation Limited,2024-11-12,Dividend,748.8,0,0,0,88.75,2026-08-07
Pai,IRFC,INE053F01010,Indian Railway Finance Corporation Limited,2025-03-21,Dividend,748.8,0,0,0,88.75,2026-08-07
Pai,IRFC,INE053F01010,Indian Railway Finance Corporation Limited,2025-10-24,Dividend,982.8,0,0,0,88.75,2026-08-07
Pai,IRFC,INE053F01010,Indian Railway Finance Corporation Limited,2026-03-13,Dividend,982.8,0,0,0,88.75,2026-08-07
Pai,INDOFARM,INE622H01018,Indo Farm Equipment Limited,2026-01-05,Purchase,10849.2,13.24,50,216.72,125.99,2026-03-20
Pai,INDOFARM,INE622H01018,Indo Farm Equipment Limited,2026-03-12,Sale,-6178.73,21.77,-50,124.01,125.99,2026-03-20
Pai,INDOTECH,INE332H01014,Indo Tech Transformers Limited,2026-02-10,Purchase,1470.95,0,1,1470.95,3792.6,2026-08-07
Pai,INDOTECH,INE332H01014,Indo Tech Transformers Limited,2026-02-10,Purchase,10311.3,14.3,7,1471,3792.6,2026-08-07
Pai,INDUSTOWER,INE121J01017,Indus Towers Limited,2023-11-13,Purchase,7970.05,0,43,185.35,,
Pai,INDUSTOWER,INE121J01017,Indus Towers Limited,2023-12-12,Purchase,1528.4,0,8,191.05,,
Pai,INDUSTOWER,INE121J01017,Indus Towers Limited,2024-01-12,Purchase,1502.2,0,7,214.6,,
Pai,INDUSTOWER,INE121J01017,Indus Towers Limited,2024-02-12,Purchase,3042.2,0,14,217.3,,
Pai,INDUSTOWER,INE121J01017,Indus Towers Limited,2024-03-12,Purchase,486,0,2,243,,
Pai,INDUSTOWER,INE121J01017,Indus Towers Limited,2024-05-03,Purchase,15986.2,0,45,355.25,,
Pai,INDUSTOWER,INE121J01017,Indus Towers Limited,2024-05-13,Purchase,6152.2,0,19,323.8,,
Pai,INDUSTOWER,INE121J01017,Indus Towers Limited,2024-06-12,Sale,-5124.02,18.73,-15,342.85,,
Pai,INDUSTOWER,INE121J01017,Indus Towers Limited,2024-06-12,Purchase,2402.03,1.03,7,343,,
Pai,INDUSTOWER,INE121J01017,Indus Towers Limited,2024-06-12,Purchase,1030.09,0.49,3,343.2,,
Pai,INDUSTOWER,INE121J01017,Indus Towers Limited,2024-09-12,Purchase,2162.75,2.25,5,432.1,,
Pai,INDUSTOWER,INE121J01017,Indus Towers Limited,2024-10-14,Purchase,5006.64,6.19,13,384.65,,
Pai,INDUSTOWER,INE121J01017,Indus Towers Limited,2024-11-08,Purchase,8466.27,9.77,26,325.25,,
Pai,INDUSTOWER,INE121J01017,Indus Towers Limited,2024-11-12,Purchase,2887.49,2.99,9,320.5,,
Pai,INDUSTOWER,INE121J01017,Indus Towers Limited,2025-03-03,Sale,-22221.5,0,-69,322.05,,
Pai,INDUSTOWER,INE121J01017,Indus Towers Limited,2025-03-03,Sale,-36319.3,77.97,-113,322.1,,
Pai,INDUSTOWER,INE121J01017,Indus Towers Limited,2025-03-03,Sale,-1288.6,0,-4,322.15,,
Pai,INDUSTOWER,INE121J01017,Indus Towers Limited,2025-03-21,Purchase,64991.3,77.34,186,349,,
Pai,INDUSTOWER,INE121J01017,Indus Towers Limited,2025-08-01,Sale,-37186.4,83.18,-106,351.6,,
Pai,INDUSTOWER,INE121J01017,Indus Towers Limited,2025-08-01,Sale,-28124,0,-80,351.55,,
Pai,INDUSINDBK,INE095A01012,IndusInd Bank Limited,2022-10-24,Purchase,2318.2,0,2,1159.1,,
Pai,INDUSINDBK,INE095A01012,IndusInd Bank Limited,2022-11-02,Purchase,1151.55,0,1,1151.55,,
Pai,INDUSINDBK,INE095A01012,IndusInd Bank Limited,2022-11-11,Sale,-3446.1,0,-3,1148.7,,
Pai,INFY,INE009A01021,Infosys Limited,2022-10-24,Purchase,6050.4,0,4,1512.6,,
Pai,INFY,INE009A01021,Infosys Limited,2022-10-27,Dividend,66,0,0,0,,
Pai,INFY,INE009A01021,Infosys Limited,2022-11-02,Purchase,1554.3,0,1,1554.3,,
Pai,INFY,INE009A01021,Infosys Limited,2023-02-13,Purchase,1568.35,0,1,1568.35,,
Pai,INFY,INE009A01021,Infosys Limited,2023-03-13,Purchase,1447.95,0,1,1447.95,,
Pai,INFY,INE009A01021,Infosys Limited,2023-04-12,Purchase,1418.5,0,1,1418.5,,
Pai,INFY,INE009A01021,Infosys Limited,2023-05-12,Purchase,1249,0,1,1249,,
Pai,INFY,INE009A01021,Infosys Limited,2023-06-02,Dividend,157.5,0,0,0,,
Pai,INFY,INE009A01021,Infosys Limited,2023-06-12,Purchase,1290.5,0,1,1290.5,,
Pai,INFY,INE009A01021,Infosys Limited,2023-07-13,Purchase,1369.7,0,1,1369.7,,
Pai,INFY,INE009A01021,Infosys Limited,2023-07-13,Purchase,2738.1,0,2,1369.05,,
Pai,INFY,INE009A01021,Infosys Limited,2023-08-14,Purchase,1375,0,1,1375,,
Pai,INFY,INE009A01021,Infosys Limited,2023-10-12,Purchase,1481.15,0,1,1481.15,,
Pai,INFY,INE009A01021,Infosys Limited,2023-10-25,Dividend,270,0,0,0,,
Pai,INFY,INE009A01021,Infosys Limited,2024-05-31,Dividend,420,0,0,0,,
Pai,INFY,INE009A01021,Infosys Limited,2024-10-29,Dividend,315,0,0,0,,
Pai,INFY,INE009A01021,Infosys Limited,2025-05-30,Dividend,330,0,0,0,,
Pai,INFY,INE009A01021,Infosys Limited,2025-08-01,Sale,-22187.1,38.4,-15,1481.7,,
Pai,INGERRAND,INE177A01018,Ingersoll Rand (India) Limited,2022-10-24,Purchase,2184.35,0,1,2184.35,4087.1,2026-04-16
Pai,INGERRAND,INE177A01018,Ingersoll Rand (India) Limited,2022-10-28,Purchase,2242.95,0,1,2242.95,4087.1,2026-04-16
Pai,INGERRAND,INE177A01018,Ingersoll Rand (India) Limited,2022-11-22,Dividend,60,0,0,0,4087.1,2026-04-16
Pai,INGERRAND,INE177A01018,Ingersoll Rand (India) Limited,2022-12-08,Purchase,2118.8,0,1,2118.8,4087.1,2026-04-16
Pai,INGERRAND,INE177A01018,Ingersoll Rand (India) Limited,2023-07-17,Dividend,60,0,0,0,4087.1,2026-04-16
Pai,INGERRAND,INE177A01018,Ingersoll Rand (India) Limited,2023-10-23,Sale,-5822.4,0,-2,2911.2,4087.1,2026-04-16
Pai,INGERRAND,INE177A01018,Ingersoll Rand (India) Limited,2023-10-23,Sale,-2911.15,0,-1,2911.15,4087.1,2026-04-16
Pai,INOXINDIA,INE616N01034,INOX India Limited,2025-02-27,Purchase,7961.6,0,8,995.2,1954.7,2026-08-07
Pai,INOXINDIA,INE616N01034,INOX India Limited,2025-02-27,Purchase,36877.7,53.46,37,995.25,1954.7,2026-08-07
Pai,INOXINDIA,INE616N01034,INOX India Limited,2025-03-19,Purchase,7004.9,0,7,1000.7,1954.7,2026-08-07
Pai,INOXINDIA,INE616N01034,INOX India Limited,2025-03-19,Purchase,21049.9,33.07,21,1000.8,1954.7,2026-08-07
Pai,INOXINDIA,INE616N01034,INOX India Limited,2025-06-04,Dividend,146,0,0,0,1954.7,2026-08-07
Pai,INOXINDIA,INE616N01034,INOX India Limited,2025-07-23,Purchase,18414.4,72.42,15,1222.8,1954.7,2026-08-07
Pai,INOXINDIA,INE616N01034,INOX India Limited,2025-07-23,Purchase,1222.2,0,1,1222.2,1954.7,2026-08-07
Pai,INOXINDIA,INE616N01034,INOX India Limited,2025-07-23,Purchase,3666.9,0,3,1222.3,1954.7,2026-08-07
Pai,INOXINDIA,INE616N01034,INOX India Limited,2025-07-23,Purchase,12229,0,10,1222.9,1954.7,2026-08-07
Pai,INOXINDIA,INE616N01034,INOX India Limited,2025-07-23,Purchase,4889.6,0,4,1222.4,1954.7,2026-08-07
Pai,INOXINDIA,INE616N01034,INOX India Limited,2025-07-23,Purchase,14672.4,0,12,1222.7,1954.7,2026-08-07
Pai,INOXINDIA,INE616N01034,INOX India Limited,2025-07-23,Purchase,6113,0,5,1222.6,1954.7,2026-08-07
Pai,INOXINDIA,INE616N01034,INOX India Limited,2025-08-29,Purchase,2246.73,2.33,2,1122.2,1954.7,2026-08-07
Pai,INOXINDIA,INE616N01034,INOX India Limited,2025-11-20,Sale,-137416,164.01,-120,1146.5,1954.7,2026-08-07
Pai,INOXINDIA,INE616N01034,INOX India Limited,2025-11-20,Sale,-5733,0,-5,1146.6,1954.7,2026-08-07
Pai,INOXINDIA,INE616N01034,INOX India Limited,2026-04-15,Purchase,36555.4,42.88,25,1460.5,1954.7,2026-08-07
Pai,INOXINDIA,INE616N01034,INOX India Limited,2026-05-20,Purchase,26012.2,30.95,18,1443.4,1954.7,2026-08-07
Pai,INOXINDIA,INE616N01034,INOX India Limited,2026-05-22,Purchase,2944.45,3.05,2,1470.7,1954.7,2026-08-07
Pai,INOXINDIA,INE616N01034,INOX India Limited,2026-06-09,Dividend,90,0,0,0,1954.7,2026-08-07
Pai,INOXWIND,INE066P01011,Inox Wind Limited,2023-07-24,Purchase,22440.2,0,106,211.7,,
Pai,INOXWIND,INE066P01011,Inox Wind Limited,2023-08-14,Purchase,1014.75,0,5,202.95,,
Pai,INOXWIND,INE066P01011,Inox Wind Limited,2023-09-12,Purchase,599.4,0,3,199.8,,
Pai,INOXWIND,INE066P01011,Inox Wind Limited,2024-02-12,Purchase,500.6,0,1,500.6,,
Pai,INOXWIND,INE066P01011,Inox Wind Limited,2024-04-12,Purchase,1656.3,0,3,552.1,,
Pai,INOXWIND,INE066P01011,Inox Wind Limited,2024-05-13,Purchase,6363,0,12,530.25,,
Pai,INOXWIND,INE066P01011,Inox Wind Limited,2024-05-24,Bonus,0,0,390,0,,
Pai,INOXWIND,INE066P01011,Inox Wind Limited,2024-06-12,Purchase,2720.91,2.91,18,151,,
Pai,INOXWIND,INE066P01011,Inox Wind Limited,2024-07-12,Purchase,1197.4,1.24,7,170.88,,
Pai,INOXWIND,INE066P01011,Inox Wind Limited,2024-10-07,Purchase,4678.65,5.85,22,212.4,,
Pai,INOXWIND,INE066P01011,Inox Wind Limited,2024-10-14,Purchase,5714.54,0,26,219.79,,
Pai,INOXWIND,INE066P01011,Inox Wind Limited,2024-10-14,Purchase,14749.9,24.65,67,219.78,,
Pai,INOXWIND,INE066P01011,Inox Wind Limited,2024-11-12,Purchase,13023.5,17.67,65,200.09,,
Pai,INOXWIND,INE066P01011,Inox Wind Limited,2024-12-12,Purchase,7538.31,8.81,37,203.5,,
Pai,INOXWIND,INE066P01011,Inox Wind Limited,2025-01-13,Purchase,23575.2,33.23,156,150.91,,
Pai,INOXWIND,INE066P01011,Inox Wind Limited,2025-02-27,Sale,-92731.1,162.08,-597,155.6,,
Pai,INOXWIND,INE066P01011,Inox Wind Limited,2025-02-27,Sale,-49950.8,0,-321,155.61,,
Pai,INTELLECT,INE306R01017,Intellect Design Arena Limited,2025-11-03,Purchase,11161.9,13.57,9,1238.7,,
Pai,INTELLECT,INE306R01017,Intellect Design Arena Limited,2025-11-18,Purchase,19690.2,23.4,18,1092.6,,
Pai,INTELLECT,INE306R01017,Intellect Design Arena Limited,2025-12-30,Sale,-21141,42.8,-22,962.9,,
Pai,INTELLECT,INE306R01017,Intellect Design Arena Limited,2025-12-30,Sale,-4814.75,0,-5,962.95,,
Pai,IKS,INE115Q01022,Inventurus Knowledge Solutions Limited,2025-11-03,Purchase,8345.87,12.37,5,1666.7,1332.8,2026-03-20
Pai,IKS,INE115Q01022,Inventurus Knowledge Solutions Limited,2025-11-03,Purchase,1666.6,0,1,1666.6,1332.8,2026-03-20
Pai,IKS,INE115Q01022,Inventurus Knowledge Solutions Limited,2026-02-10,Purchase,30744.9,0,18,1708.05,1332.8,2026-03-20
Pai,IKS,INE115Q01022,Inventurus Knowledge Solutions Limited,2026-02-10,Purchase,59932.9,152.92,35,1708,1332.8,2026-03-20
Pai,IKS,INE115Q01022,Inventurus Knowledge Solutions Limited,2026-02-10,Purchase,6828.4,0,4,1707.1,1332.8,2026-03-20
Pai,IKS,INE115Q01022,Inventurus Knowledge Solutions Limited,2026-02-10,Purchase,8539.25,0,5,1707.85,1332.8,2026-03-20
Pai,IKS,INE115Q01022,Inventurus Knowledge Solutions Limited,2026-02-10,Purchase,8539.5,0,5,1707.9,1332.8,2026-03-20
Pai,IKS,INE115Q01022,Inventurus Knowledge Solutions Limited,2026-02-10,Purchase,13666.4,0,8,1708.3,1332.8,2026-03-20
Pai,IKS,INE115Q01022,Inventurus Knowledge Solutions Limited,2026-03-12,Sale,-32017.2,0,-24,1334.05,1332.8,2026-03-20
Pai,IKS,INE115Q01022,Inventurus Knowledge Solutions Limited,2026-03-12,Sale,-4002.3,0,-3,1334.1,1332.8,2026-03-20
Pai,IKS,INE115Q01022,Inventurus Knowledge Solutions Limited,2026-03-12,Sale,-62550.9,128.28,-47,1333.6,1332.8,2026-03-20
Pai,IKS,INE115Q01022,Inventurus Knowledge Solutions Limited,2026-03-12,Sale,-9334.85,0,-7,1333.55,1332.8,2026-03-20
Pai,IONEXCHANG,INE570A01014,ION Exchange (India) Limited,2023-05-08,Purchase,22954.8,0,60,382.58,400.75,2026-04-17
Pai,IONEXCHANG,INE570A01014,ION Exchange (India) Limited,2023-05-08,Purchase,3825.9,0,10,382.59,400.75,2026-04-17
Pai,IONEXCHANG,INE570A01014,ION Exchange (India) Limited,2023-08-14,Purchase,4522.5,0,9,502.5,400.75,2026-04-17
Pai,IONEXCHANG,INE570A01014,ION Exchange (India) Limited,2023-08-30,Dividend,98.75,0,0,0,400.75,2026-04-17
Pai,IONEXCHANG,INE570A01014,ION Exchange (India) Limited,2023-09-12,Purchase,547.6,0,1,547.6,400.75,2026-04-17
Pai,IONEXCHANG,INE570A01014,ION Exchange (India) Limited,2023-10-12,Purchase,3673.6,0,7,524.8,400.75,2026-04-17
Pai,IONEXCHANG,INE570A01014,ION Exchange (India) Limited,2024-01-12,Purchase,6691.8,0,12,557.65,400.75,2026-04-17
Pai,IONEXCHANG,INE570A01014,ION Exchange (India) Limited,2024-02-12,Purchase,2483.25,0,5,496.65,400.75,2026-04-17
Pai,IONEXCHANG,INE570A01014,ION Exchange (India) Limited,2024-06-12,Purchase,532.08,0.63,1,531.45,400.75,2026-04-17
Pai,IONEXCHANG,INE570A01014,ION Exchange (India) Limited,2024-07-19,Purchase,33074.3,39.37,53,623.3,400.75,2026-04-17
Pai,IONEXCHANG,INE570A01014,ION Exchange (India) Limited,2024-08-12,Purchase,3427.31,4.56,5,684.55,400.75,2026-04-17
Pai,IONEXCHANG,INE570A01014,ION Exchange (India) Limited,2024-09-03,Dividend,244.5,0,0,0,400.75,2026-04-17
Pai,IONEXCHANG,INE570A01014,ION Exchange (India) Limited,2024-09-12,Purchase,1996.47,2.07,3,664.8,400.75,2026-04-17
Pai,IONEXCHANG,INE570A01014,ION Exchange (India) Limited,2024-10-07,Purchase,4388.95,5.55,7,626.2,400.75,2026-04-17
Pai,IONEXCHANG,INE570A01014,ION Exchange (India) Limited,2024-10-14,Purchase,3842.28,4.98,6,639.55,400.75,2026-04-17
Pai,IONEXCHANG,INE570A01014,ION Exchange (India) Limited,2024-11-12,Purchase,5124.31,6.31,8,639.75,400.75,2026-04-17
Pai,IONEXCHANG,INE570A01014,ION Exchange (India) Limited,2024-12-10,Purchase,716.75,0,1,716.75,400.75,2026-04-17
Pai,IONEXCHANG,INE570A01014,ION Exchange (India) Limited,2024-12-10,Purchase,10049,13.15,14,716.85,400.75,2026-04-17
Pai,IONEXCHANG,INE570A01014,ION Exchange (India) Limited,2024-12-12,Purchase,2139.72,2.22,3,712.5,400.75,2026-04-17
Pai,IONEXCHANG,INE570A01014,ION Exchange (India) Limited,2025-01-16,Purchase,2588.2,0,4,647.05,400.75,2026-04-17
Pai,IONEXCHANG,INE570A01014,ION Exchange (India) Limited,2025-01-16,Purchase,10367.4,15.42,16,647,400.75,2026-04-17
Pai,IONEXCHANG,INE570A01014,ION Exchange (India) Limited,2025-02-17,Sale,-1008.7,0,-2,504.35,400.75,2026-04-17
Pai,IONEXCHANG,INE570A01014,ION Exchange (India) Limited,2025-02-17,Sale,-21184.8,0,-42,504.4,400.75,2026-04-17
Pai,IONEXCHANG,INE570A01014,ION Exchange (India) Limited,2025-02-17,Sale,-1513.35,0,-3,504.45,400.75,2026-04-17
Pai,IONEXCHANG,INE570A01014,ION Exchange (India) Limited,2025-02-17,Sale,-18162,0,-36,504.5,400.75,2026-04-17
Pai,IONEXCHANG,INE570A01014,ION Exchange (India) Limited,2025-02-17,Sale,-25598.9,133.11,-51,504.55,400.75,2026-04-17
Pai,IONEXCHANG,INE570A01014,ION Exchange (India) Limited,2025-02-17,Sale,-13119.6,0,-26,504.6,400.75,2026-04-17
Pai,IONEXCHANG,INE570A01014,ION Exchange (India) Limited,2025-02-17,Sale,-16653.5,0,-33,504.65,400.75,2026-04-17
Pai,IONEXCHANG,INE570A01014,ION Exchange (India) Limited,2025-02-17,Sale,-15141,0,-30,504.7,400.75,2026-04-17
Pai,IONEXCHANG,INE570A01014,ION Exchange (India) Limited,2025-02-17,Sale,-1009.5,0,-2,504.75,400.75,2026-04-17
Pai,IONEXCHANG,INE570A01014,ION Exchange (India) Limited,2025-03-21,Purchase,110517,131.51,225,490.6,400.75,2026-04-17
Pai,IONEXCHANG,INE570A01014,ION Exchange (India) Limited,2025-03-27,Sale,-928.4,0,-2,464.2,400.75,2026-04-17
Pai,IONEXCHANG,INE570A01014,ION Exchange (India) Limited,2025-03-27,Sale,-5106.75,0,-11,464.25,400.75,2026-04-17
Pai,IONEXCHANG,INE570A01014,ION Exchange (India) Limited,2025-03-27,Sale,-31572.4,0,-68,464.3,400.75,2026-04-17
Pai,IONEXCHANG,INE570A01014,ION Exchange (India) Limited,2025-03-27,Sale,-66705.9,124.52,-144,464.1,400.75,2026-04-17
Pai,IONEXCHANG,INE570A01014,ION Exchange (India) Limited,2025-04-02,Purchase,107216,127.09,225,475.95,400.75,2026-04-17
Pai,IONEXCHANG,INE570A01014,ION Exchange (India) Limited,2025-05-23,Purchase,4012.75,0,7,573.25,400.75,2026-04-17
Pai,IONEXCHANG,INE570A01014,ION Exchange (India) Limited,2025-05-23,Purchase,5733,0,10,573.3,400.75,2026-04-17
Pai,IONEXCHANG,INE570A01014,ION Exchange (India) Limited,2025-05-23,Purchase,2293.4,0,4,573.35,400.75,2026-04-17
Pai,IONEXCHANG,INE570A01014,ION Exchange (India) Limited,2025-05-23,Purchase,18352,0,32,573.5,400.75,2026-04-17
Pai,IONEXCHANG,INE570A01014,ION Exchange (India) Limited,2025-05-23,Purchase,20076,0,35,573.6,400.75,2026-04-17
Pai,IONEXCHANG,INE570A01014,ION Exchange (India) Limited,2025-05-23,Purchase,7457.45,0,13,573.65,400.75,2026-04-17
Pai,IONEXCHANG,INE570A01014,ION Exchange (India) Limited,2025-05-23,Purchase,24766.8,97.68,43,573.7,400.75,2026-04-17
Pai,IONEXCHANG,INE570A01014,ION Exchange (India) Limited,2025-05-29,Purchase,6596.61,12.81,12,548.65,400.75,2026-04-17
Pai,IONEXCHANG,INE570A01014,ION Exchange (India) Limited,2025-05-29,Purchase,3839.85,0,7,548.55,400.75,2026-04-17
Pai,IONEXCHANG,INE570A01014,ION Exchange (India) Limited,2025-06-30,Purchase,2696.25,0,5,539.25,400.75,2026-04-17
Pai,IONEXCHANG,INE570A01014,ION Exchange (India) Limited,2025-06-30,Purchase,4861.18,8.83,9,539.15,400.75,2026-04-17
Pai,IONEXCHANG,INE570A01014,ION Exchange (India) Limited,2025-07-23,Sale,-157962,213.44,-333,475,400.75,2026-04-17
Pai,IONEXCHANG,INE570A01014,ION Exchange (India) Limited,2025-07-23,Sale,-32778.4,0,-69,475.05,400.75,2026-04-17
Pai,IRCON,INE962Y01013,Ircon International Limited,2023-12-01,Purchase,1367.6,0,8,170.95,,
Pai,IRCON,INE962Y01013,Ircon International Limited,2023-12-12,Purchase,325.7,0,2,162.85,,
Pai,IRCON,INE962Y01013,Ircon International Limited,2024-01-12,Purchase,2152.15,0,11,195.65,,
Pai,IRCON,INE962Y01013,Ircon International Limited,2024-02-12,Purchase,825.6,0,4,206.4,,
Pai,IRCON,INE962Y01013,Ircon International Limited,2024-02-16,Dividend,45,0,0,0,,
Pai,IRCON,INE962Y01013,Ircon International Limited,2024-03-12,Purchase,415.2,0,2,207.6,,
Pai,IRCON,INE962Y01013,Ircon International Limited,2024-04-01,Sale,-6102,0,-27,226,,
Pai,ISGEC,INE858B01029,Isgec Heavy Engineering Limited,2026-02-11,Purchase,9439.54,22.54,10,941.7,919.55,2026-06-04
Pai,ISGEC,INE858B01029,Isgec Heavy Engineering Limited,2026-02-11,Purchase,4708.75,0,5,941.75,919.55,2026-06-04
Pai,ISGEC,INE858B01029,Isgec Heavy Engineering Limited,2026-02-11,Purchase,4709,0,5,941.8,919.55,2026-06-04
Pai,ISGEC,INE858B01029,Isgec Heavy Engineering Limited,2026-06-01,Sale,-18299,34.03,-20,916.65,919.55,2026-06-04
Pai,ITCHOTELS,INE379A01028,ITC Hotels Limited,2022-10-24,Purchase,471.24,0,1,471.24,,
Pai,ITCHOTELS,INE379A01028,ITC Hotels Limited,2022-10-24,Purchase,471.36,0,1,471.36,,
Pai,ITCHOTELS,INE379A01028,ITC Hotels Limited,2022-10-24,Purchase,471.09,0,1,471.09,,
Pai,ITCHOTELS,INE379A01028,ITC Hotels Limited,2022-11-23,Purchase,471.71,0,1,471.71,,
Pai,ITCHOTELS,INE379A01028,ITC Hotels Limited,2023-01-12,Purchase,457.09,0,1,457.09,,
Pai,ITCHOTELS,INE379A01028,ITC Hotels Limited,2023-07-13,Purchase,588.13,0,1,588.13,,
Pai,ITCHOTELS,INE379A01028,ITC Hotels Limited,2024-12-09,Purchase,637.67,0,1,637.67,,
Pai,ITCHOTELS,INE379A01028,ITC Hotels Limited,2024-12-12,Purchase,608.96,0,1,608.96,,
Pai,ITCHOTELS,INE379A01028,ITC Hotels Limited,2024-12-27,Purchase,636.31,0,1,636.31,,
Pai,ITCHOTELS,INE379A01028,ITC Hotels Limited,2025-02-12,Purchase,170.98,0.18,1,170.8,,
Pai,ITCHOTELS,INE379A01028,ITC Hotels Limited,2025-03-27,Sale,-1916.05,17.35,-10,193.34,,
Pai,ITC,INE154A01025,ITC Limited,2022-10-24,Purchase,4828.16,0,16,301.76,281,2026-07-31
Pai,ITC,INE154A01025,ITC Limited,2022-10-24,Purchase,4523.85,0,15,301.59,281,2026-07-31
Pai,ITC,INE154A01025,ITC Limited,2022-11-01,Purchase,605.52,0,2,302.76,281,2026-07-31
Pai,ITC,INE154A01025,ITC Limited,2022-11-02,Purchase,919.05,0,3,306.35,281,2026-07-31
Pai,ITC,INE154A01025,ITC Limited,2022-11-02,Purchase,919.17,0,3,306.39,281,2026-07-31
Pai,ITC,INE154A01025,ITC Limited,2022-11-23,Purchase,878.43,0,3,292.81,281,2026-07-31
Pai,ITC,INE154A01025,ITC Limited,2022-12-01,Purchase,2051.77,0,7,293.11,281,2026-07-31
Pai,ITC,INE154A01025,ITC Limited,2023-01-12,Purchase,855.72,0,3,285.24,281,2026-07-31
Pai,ITC,INE154A01025,ITC Limited,2023-02-15,Dividend,312,0,0,0,281,2026-07-31
Pai,ITC,INE154A01025,ITC Limited,2023-03-13,Purchase,333.76,0,1,333.76,281,2026-07-31
Pai,ITC,INE154A01025,ITC Limited,2023-04-12,Purchase,679.3,0,2,339.65,281,2026-07-31
Pai,ITC,INE154A01025,ITC Limited,2023-05-12,Purchase,362.44,0,1,362.44,281,2026-07-31
Pai,ITC,INE154A01025,ITC Limited,2023-05-30,Dividend,532,0,0,0,281,2026-07-31
Pai,ITC,INE154A01025,ITC Limited,2023-06-12,Purchase,377.57,0,1,377.57,281,2026-07-31
Pai,ITC,INE154A01025,ITC Limited,2023-07-13,Purchase,819.58,0,2,409.79,281,2026-07-31
Pai,ITC,INE154A01025,ITC Limited,2023-07-13,Purchase,2866.43,0,7,409.49,281,2026-07-31
Pai,ITC,INE154A01025,ITC Limited,2024-02-08,Dividend,413,0,0,0,281,2026-07-31
Pai,ITC,INE154A01025,ITC Limited,2024-06-04,Dividend,495,0,0,0,281,2026-07-31
Pai,ITC,INE154A01025,ITC Limited,2024-12-09,Purchase,4905.64,6.88,12,408.23,281,2026-07-31
Pai,ITC,INE154A01025,ITC Limited,2024-12-12,Purchase,1604.56,1.92,4,400.66,281,2026-07-31
Pai,ITC,INE154A01025,ITC Limited,2024-12-27,Purchase,3299.07,5.15,8,411.74,281,2026-07-31
Pai,ITC,INE154A01025,ITC Limited,2025-01-13,Purchase,882.21,0.91,2,440.65,281,2026-07-31
Pai,ITC,INE154A01025,ITC Limited,2025-02-12,Purchase,1238.18,1.28,3,412.3,281,2026-07-31
Pai,ITC,INE154A01025,ITC Limited,2025-02-12,Dividend,598,0,0,0,281,2026-07-31
Pai,ITC,INE154A01025,ITC Limited,2025-03-12,Purchase,407.42,0.42,1,407,281,2026-07-31
Pai,ITC,INE154A01025,ITC Limited,2025-04-02,Sale,-39155.2,56.02,-96,408.45,281,2026-07-31
Pai,JAINREC,INE0YD401026,Jain Resource Recycling Limited,2025-11-10,Purchase,155002,206.82,373,415,308.4,2026-08-07
Pai,JAINREC,INE0YD401026,Jain Resource Recycling Limited,2025-11-10,Purchase,19502.7,0,47,414.95,308.4,2026-08-07
Pai,JAINREC,INE0YD401026,Jain Resource Recycling Limited,2026-02-03,Sale,-91482.8,120.24,-231,396.55,308.4,2026-08-07
Pai,JAINREC,INE0YD401026,Jain Resource Recycling Limited,2026-02-03,Sale,-9516,0,-24,396.5,308.4,2026-08-07
Pai,JAINREC,INE0YD401026,Jain Resource Recycling Limited,2026-02-10,Purchase,46792.3,55.49,113,413.6,308.4,2026-08-07
Pai,JAINREC,INE0YD401026,Jain Resource Recycling Limited,2026-02-23,Purchase,3837.48,4.98,10,383.25,308.4,2026-08-07
Pai,JAINREC,INE0YD401026,Jain Resource Recycling Limited,2026-05-20,Sale,-7302.65,0,-19,384.35,308.4,2026-08-07
Pai,JAINREC,INE0YD401026,Jain Resource Recycling Limited,2026-05-20,Sale,-103273,131.08,-269,384.4,308.4,2026-08-07
Pai,JAINREC,INE0YD401026,Jain Resource Recycling Limited,2026-07-31,Purchase,11436.1,0,33,346.55,308.4,2026-08-07
Pai,JAINREC,INE0YD401026,Jain Resource Recycling Limited,2026-07-31,Purchase,69762.7,96.14,201,346.6,308.4,2026-08-07
Pai,JAINREC,INE0YD401026,Jain Resource Recycling Limited,2026-08-04,Sale,-34515.5,93.64,-107,323.45,308.4,2026-08-07
Pai,JAINREC,INE0YD401026,Jain Resource Recycling Limited,2026-08-04,Sale,-15851.5,0,-49,323.5,308.4,2026-08-07
Pai,JAINREC,INE0YD401026,Jain Resource Recycling Limited,2026-08-04,Sale,-25236.9,0,-78,323.55,308.4,2026-08-07
Pai,JASH,INE039O01029,Jash Engineering Limited,2025-01-16,Purchase,58307.1,69.42,94,619.55,498.1,2026-08-07
Pai,JASH,INE039O01029,Jash Engineering Limited,2025-02-17,Sale,-17283.1,66.62,-33,525.75,498.1,2026-08-07
Pai,JASH,INE039O01029,Jash Engineering Limited,2025-02-17,Sale,-14196.6,0,-27,525.8,498.1,2026-08-07
Pai,JASH,INE039O01029,Jash Engineering Limited,2025-02-17,Sale,-6310.2,0,-12,525.85,498.1,2026-08-07
Pai,JASH,INE039O01029,Jash Engineering Limited,2025-02-17,Sale,-6312,0,-12,526,498.1,2026-08-07
Pai,JASH,INE039O01029,Jash Engineering Limited,2025-02-17,Sale,-5260.5,0,-10,526.05,498.1,2026-08-07
Pai,JASH,INE039O01029,Jash Engineering Limited,2025-02-27,Purchase,59430.6,70.58,106,560,498.1,2026-08-07
Pai,JASH,INE039O01029,Jash Engineering Limited,2025-03-10,Dividend,84.8,0,0,0,498.1,2026-08-07
Pai,JASH,INE039O01029,Jash Engineering Limited,2025-03-19,Purchase,38360,45.75,65,589.45,498.1,2026-08-07
Pai,JASH,INE039O01029,Jash Engineering Limited,2025-05-23,Purchase,19662.2,0,34,578.3,498.1,2026-08-07
Pai,JASH,INE039O01029,Jash Engineering Limited,2025-05-23,Purchase,9831.95,0,17,578.35,498.1,2026-08-07
Pai,JASH,INE039O01029,Jash Engineering Limited,2025-05-23,Purchase,6940.8,0,12,578.4,498.1,2026-08-07
Pai,JASH,INE039O01029,Jash Engineering Limited,2025-05-23,Purchase,6941.4,0,12,578.45,498.1,2026-08-07
Pai,JASH,INE039O01029,Jash Engineering Limited,2025-05-23,Purchase,26693.6,82.61,46,578.5,498.1,2026-08-07
Pai,JASH,INE039O01029,Jash Engineering Limited,2025-05-29,Purchase,5537.25,10.75,10,552.65,498.1,2026-08-07
Pai,JASH,INE039O01029,Jash Engineering Limited,2025-05-29,Purchase,1657.8,0,3,552.6,498.1,2026-08-07
Pai,JASH,INE039O01029,Jash Engineering Limited,2025-05-29,Purchase,1105.1,0,2,552.55,498.1,2026-08-07
Pai,JASH,INE039O01029,Jash Engineering Limited,2025-05-29,Purchase,552.85,0,1,552.85,498.1,2026-08-07
Pai,JASH,INE039O01029,Jash Engineering Limited,2025-05-29,Purchase,552.8,0,1,552.8,498.1,2026-08-07
Pai,JASH,INE039O01029,Jash Engineering Limited,2025-07-29,Purchase,4014.41,5.16,7,572.75,498.1,2026-08-07
Pai,JASH,INE039O01029,Jash Engineering Limited,2025-08-29,Purchase,1049.63,1.63,2,524,498.1,2026-08-07
Pai,JASH,INE039O01029,Jash Engineering Limited,2025-08-29,Purchase,523.9,0,1,523.9,498.1,2026-08-07
Pai,JASH,INE039O01029,Jash Engineering Limited,2025-09-08,Dividend,382.8,0,0,0,498.1,2026-08-07
Pai,JASH,INE039O01029,Jash Engineering Limited,2025-09-29,Purchase,5006.19,6.19,10,500,498.1,2026-08-07
Pai,JASH,INE039O01029,Jash Engineering Limited,2025-10-29,Sale,-29563.3,199.82,-62,480.05,498.1,2026-08-07
Pai,JASH,INE039O01029,Jash Engineering Limited,2025-10-29,Sale,-6235.45,0,-13,479.65,498.1,2026-08-07
Pai,JASH,INE039O01029,Jash Engineering Limited,2025-10-29,Sale,-1920,0,-4,480,498.1,2026-08-07
Pai,JASH,INE039O01029,Jash Engineering Limited,2025-10-29,Sale,-2883,0,-6,480.5,498.1,2026-08-07
Pai,JASH,INE039O01029,Jash Engineering Limited,2025-10-29,Sale,-3359.65,0,-7,479.95,498.1,2026-08-07
Pai,JASH,INE039O01029,Jash Engineering Limited,2025-10-29,Sale,-13925.8,0,-29,480.2,498.1,2026-08-07
Pai,JASH,INE039O01029,Jash Engineering Limited,2025-10-29,Sale,-4804,0,-10,480.4,498.1,2026-08-07
Pai,JASH,INE039O01029,Jash Engineering Limited,2025-10-29,Sale,-24472.3,0,-51,479.85,498.1,2026-08-07
Pai,JASH,INE039O01029,Jash Engineering Limited,2025-10-29,Sale,-23534.7,0,-49,480.3,498.1,2026-08-07
Pai,JASH,INE039O01029,Jash Engineering Limited,2025-10-29,Sale,-10087.4,0,-21,480.35,498.1,2026-08-07
Pai,JASH,INE039O01029,Jash Engineering Limited,2025-10-29,Sale,-14407.5,0,-30,480.25,498.1,2026-08-07
Pai,JASH,INE039O01029,Jash Engineering Limited,2025-10-29,Sale,-22550.6,0,-47,479.8,498.1,2026-08-07
Pai,JASH,INE039O01029,Jash Engineering Limited,2025-10-29,Purchase,3840.02,1.62,8,479.8,498.1,2026-08-07
Pai,JASH,INE039O01029,Jash Engineering Limited,2025-11-10,Purchase,28355.4,0,59,480.6,498.1,2026-08-07
Pai,JASH,INE039O01029,Jash Engineering Limited,2025-11-10,Purchase,28605.5,232.44,59,480.9,498.1,2026-08-07
Pai,JASH,INE039O01029,Jash Engineering Limited,2025-11-10,Purchase,15868,0,33,480.85,498.1,2026-08-07
Pai,JASH,INE039O01029,Jash Engineering Limited,2025-11-10,Purchase,16838.5,0,35,481.1,498.1,2026-08-07
Pai,JASH,INE039O01029,Jash Engineering Limited,2025-11-10,Purchase,25469.2,0,53,480.55,498.1,2026-08-07
Pai,JASH,INE039O01029,Jash Engineering Limited,2025-11-10,Purchase,24032.5,0,50,480.65,498.1,2026-08-07
Pai,JASH,INE039O01029,Jash Engineering Limited,2025-11-10,Purchase,4322.25,0,9,480.25,498.1,2026-08-07
Pai,JASH,INE039O01029,Jash Engineering Limited,2025-11-10,Purchase,8171.9,0,17,480.7,498.1,2026-08-07
Pai,JASH,INE039O01029,Jash Engineering Limited,2025-11-10,Purchase,480.95,0,1,480.95,498.1,2026-08-07
Pai,JASH,INE039O01029,Jash Engineering Limited,2025-11-10,Purchase,8166.8,0,17,480.4,498.1,2026-08-07
Pai,JASH,INE039O01029,Jash Engineering Limited,2025-11-10,Purchase,8640,0,18,480,498.1,2026-08-07
Pai,JASH,INE039O01029,Jash Engineering Limited,2025-11-10,Purchase,8648.1,0,18,480.45,498.1,2026-08-07
Pai,JASH,INE039O01029,Jash Engineering Limited,2025-11-10,Purchase,9129.5,0,19,480.5,498.1,2026-08-07
Pai,JASH,INE039O01029,Jash Engineering Limited,2025-11-10,Purchase,9606,0,20,480.3,498.1,2026-08-07
Pai,JASH,INE039O01029,Jash Engineering Limited,2025-12-06,Sale,-182835,205.23,-416,440,498.1,2026-08-07
Pai,JASH,INE039O01029,Jash Engineering Limited,2026-02-03,Purchase,8375,0,20,418.75,498.1,2026-08-07
Pai,JASH,INE039O01029,Jash Engineering Limited,2026-02-03,Purchase,21039.5,87,50,419.05,498.1,2026-08-07
Pai,JASH,INE039O01029,Jash Engineering Limited,2026-02-03,Purchase,7526.7,0,18,418.15,498.1,2026-08-07
Pai,JASH,INE039O01029,Jash Engineering Limited,2026-02-03,Purchase,7530.3,0,18,418.35,498.1,2026-08-07
Pai,JASH,INE039O01029,Jash Engineering Limited,2026-02-03,Purchase,10056,0,24,419,498.1,2026-08-07
Pai,JASH,INE039O01029,Jash Engineering Limited,2026-02-03,Purchase,18819,0,45,418.2,498.1,2026-08-07
Pai,JASH,INE039O01029,Jash Engineering Limited,2026-03-12,Sale,-8764.8,0,-24,365.2,498.1,2026-08-07
Pai,JASH,INE039O01029,Jash Engineering Limited,2026-03-12,Sale,-13870,0,-38,365,498.1,2026-08-07
Pai,JASH,INE039O01029,Jash Engineering Limited,2026-03-12,Sale,-1094.55,0,-3,364.85,498.1,2026-08-07
Pai,JASH,INE039O01029,Jash Engineering Limited,2026-03-12,Sale,-7298,0,-20,364.9,498.1,2026-08-07
Pai,JASH,INE039O01029,Jash Engineering Limited,2026-03-12,Sale,-729.9,0,-2,364.95,498.1,2026-08-07
Pai,JASH,INE039O01029,Jash Engineering Limited,2026-03-12,Sale,-9496.5,0,-26,365.25,498.1,2026-08-07
Pai,JASH,INE039O01029,Jash Engineering Limited,2026-03-12,Sale,-22551.5,81.62,-62,365.05,498.1,2026-08-07
Pai,JASH,INE039O01029,Jash Engineering Limited,2026-04-15,Purchase,17135.5,0,43,398.5,498.1,2026-08-07
Pai,JASH,INE039O01029,Jash Engineering Limited,2026-04-15,Purchase,33542.9,60.51,84,398.6,498.1,2026-08-07
Pai,JASH,INE039O01029,Jash Engineering Limited,2026-07-22,Purchase,2046.72,2.12,4,511.15,498.1,2026-08-07
Pai,JBCHEPHARM,INE572A01028,JB Chemicals & Pharmaceuticals Limited,2022-11-01,Purchase,4013.3,0,4,1003.33,,
Pai,JBCHEPHARM,INE572A01028,JB Chemicals & Pharmaceuticals Limited,2022-12-08,Purchase,2035,0,2,1017.5,,
Pai,JBCHEPHARM,INE572A01028,JB Chemicals & Pharmaceuticals Limited,2023-02-17,Dividend,25.5,0,0,0,,
Pai,JBCHEPHARM,INE572A01028,JB Chemicals & Pharmaceuticals Limited,2023-08-17,Dividend,27.75,0,0,0,,
Pai,JBCHEPHARM,INE572A01028,JB Chemicals & Pharmaceuticals Limited,2023-10-23,Sale,-7734,0,-6,1289,,
Pai,JIOFIN,INE758E01017,Jio Financial Services Limited,2022-10-24,Purchase,230.98,0,2,115.49,,
Pai,JIOFIN,INE758E01017,Jio Financial Services Limited,2022-12-01,Purchase,128.52,0,1,128.52,,
Pai,JIOFIN,INE758E01017,Jio Financial Services Limited,2023-02-13,Purchase,108.6,0,1,108.6,,
Pai,JIOFIN,INE758E01017,Jio Financial Services Limited,2023-05-12,Purchase,115.56,0,1,115.56,,
Pai,JIOFIN,INE758E01017,Jio Financial Services Limited,2023-07-13,Purchase,129.97,0,1,129.97,,
Pai,JIOFIN,INE758E01017,Jio Financial Services Limited,2024-07-19,Sale,-1991.66,17.44,-6,334.85,,
Pai,JKLAKSHMI,INE786A01032,JK Lakshmi Cement Limited,2022-10-24,Purchase,3209.7,0,6,534.95,,
Pai,JKLAKSHMI,INE786A01032,JK Lakshmi Cement Limited,2022-11-02,Purchase,1174.8,0,2,587.4,,
Pai,JKLAKSHMI,INE786A01032,JK Lakshmi Cement Limited,2022-12-01,Purchase,724.1,0,1,724.1,,
Pai,JKLAKSHMI,INE786A01032,JK Lakshmi Cement Limited,2023-08-11,Dividend,33.75,0,0,0,,
Pai,JKLAKSHMI,INE786A01032,JK Lakshmi Cement Limited,2023-10-23,Sale,-5940,0,-9,660,,
Pai,JSWENERGY,INE121E01018,JSW Energy Limited,2022-10-24,Purchase,10139.2,0,32,316.85,564.4,2026-08-07
Pai,JSWENERGY,INE121E01018,JSW Energy Limited,2022-12-01,Purchase,614.4,0,2,307.2,564.4,2026-08-07
Pai,JSWENERGY,INE121E01018,JSW Energy Limited,2023-01-12,Purchase,553.6,0,2,276.8,564.4,2026-08-07
Pai,JSWENERGY,INE121E01018,JSW Energy Limited,2023-02-13,Purchase,902.2,0,4,225.55,564.4,2026-08-07
Pai,JSWENERGY,INE121E01018,JSW Energy Limited,2023-03-13,Purchase,8242.9,0,31,265.9,564.4,2026-08-07
Pai,JSWENERGY,INE121E01018,JSW Energy Limited,2023-04-12,Purchase,2222.1,0,9,246.9,564.4,2026-08-07
Pai,JSWENERGY,INE121E01018,JSW Energy Limited,2023-06-02,Dividend,160,0,0,0,564.4,2026-08-07
Pai,JSWENERGY,INE121E01018,JSW Energy Limited,2024-05-31,Dividend,160,0,0,0,564.4,2026-08-07
Pai,JSWENERGY,INE121E01018,JSW Energy Limited,2025-05-08,Sale,-474.95,0,-1,474.95,564.4,2026-08-07
Pai,JSWENERGY,INE121E01018,JSW Energy Limited,2025-05-08,Sale,-37458.4,54.75,-79,474.85,564.4,2026-08-07
Pai,JSWENERGY,INE121E01018,JSW Energy Limited,2026-01-05,Purchase,23801.3,30.8,46,516.75,564.4,2026-08-07
Pai,JSWENERGY,INE121E01018,JSW Energy Limited,2026-01-05,Purchase,2066.8,0,4,516.7,564.4,2026-08-07
Pai,JSWENERGY,INE121E01018,JSW Energy Limited,2026-06-05,Dividend,100,0,0,0,564.4,2026-08-07
Pai,JSWINFRA,INE880J01026,JSW Infrastructure Limited,2023-09-29,Purchase,14994,0,126,119,,
Pai,JSWINFRA,INE880J01026,JSW Infrastructure Limited,2024-07-19,Dividend,69.3,0,0,0,,
Pai,JSWINFRA,INE880J01026,JSW Infrastructure Limited,2025-07-01,Dividend,100.8,0,0,0,,
Pai,JSWINFRA,INE880J01026,JSW Infrastructure Limited,2025-10-20,Sale,-36977.6,53.76,-126,293.9,,
Pai,JUBLFOOD,INE797F01012,Jubilant Foodworks Limited,2025-02-17,Purchase,19567.1,23.97,29,673.9,,
Pai,JUBLFOOD,INE797F01012,Jubilant Foodworks Limited,2025-02-17,Purchase,673.95,0,1,673.95,,
Pai,JUBLFOOD,INE797F01012,Jubilant Foodworks Limited,2025-03-12,Purchase,602.7,0,1,602.7,,
Pai,JUBLFOOD,INE797F01012,Jubilant Foodworks Limited,2025-03-12,Purchase,4828.63,6.63,8,602.75,,
Pai,JUBLFOOD,INE797F01012,Jubilant Foodworks Limited,2025-04-29,Purchase,1412.19,2.19,2,705,,
Pai,JUBLFOOD,INE797F01012,Jubilant Foodworks Limited,2025-04-29,Purchase,704.9,0,1,704.9,,
Pai,JUBLFOOD,INE797F01012,Jubilant Foodworks Limited,2025-05-29,Purchase,5342.54,6.54,8,667,,
Pai,JUBLFOOD,INE797F01012,Jubilant Foodworks Limited,2025-06-02,Sale,-32793.1,49.41,-50,656.85,,
Pai,JUBLINGREA,INE0BY001018,Jubilant Ingrevia Limited,2022-10-24,Purchase,8555.2,0,16,534.7,,
Pai,JUBLINGREA,INE0BY001018,Jubilant Ingrevia Limited,2022-11-02,Purchase,511.65,0,1,511.65,,
Pai,JUBLINGREA,INE0BY001018,Jubilant Ingrevia Limited,2022-11-02,Purchase,511.7,0,1,511.7,,
Pai,JUBLINGREA,INE0BY001018,Jubilant Ingrevia Limited,2022-12-01,Purchase,535.9,0,1,535.9,,
Pai,JUBLINGREA,INE0BY001018,Jubilant Ingrevia Limited,2023-01-12,Purchase,521.1,0,1,521.1,,
Pai,JUBLINGREA,INE0BY001018,Jubilant Ingrevia Limited,2023-02-10,Dividend,50,0,0,0,,
Pai,JUBLINGREA,INE0BY001018,Jubilant Ingrevia Limited,2023-03-13,Purchase,845.3,0,2,422.65,,
Pai,JUBLINGREA,INE0BY001018,Jubilant Ingrevia Limited,2023-04-12,Purchase,1577.8,0,4,394.45,,
Pai,JUBLINGREA,INE0BY001018,Jubilant Ingrevia Limited,2023-08-10,Dividend,65,0,0,0,,
Pai,JUBLINGREA,INE0BY001018,Jubilant Ingrevia Limited,2024-02-09,Dividend,65,0,0,0,,
Pai,JUBLINGREA,INE0BY001018,Jubilant Ingrevia Limited,2024-03-05,Sale,-6224.4,0,-13,478.8,,
Pai,JUBLINGREA,INE0BY001018,Jubilant Ingrevia Limited,2024-03-05,Sale,-957.5,0,-2,478.75,,
Pai,JUBLINGREA,INE0BY001018,Jubilant Ingrevia Limited,2024-03-05,Sale,-478.7,0,-1,478.7,,
Pai,JUBLINGREA,INE0BY001018,Jubilant Ingrevia Limited,2024-03-05,Sale,-4786.5,0,-10,478.65,,
Pai,JYOTHYLAB,INE668F01031,Jyothy Laboratories Limited,2022-10-24,Purchase,4564.35,0,23,198.45,214.45,2026-03-25
Pai,JYOTHYLAB,INE668F01031,Jyothy Laboratories Limited,2022-11-02,Purchase,984.75,0,5,196.95,214.45,2026-03-25
Pai,JYOTHYLAB,INE668F01031,Jyothy Laboratories Limited,2022-12-01,Purchase,405.1,0,2,202.55,214.45,2026-03-25
Pai,JYOTHYLAB,INE668F01031,Jyothy Laboratories Limited,2022-12-08,Purchase,2337.5,0,11,212.5,214.45,2026-03-25
Pai,JYOTHYLAB,INE668F01031,Jyothy Laboratories Limited,2023-07-03,Dividend,123,0,0,0,214.45,2026-03-25
Pai,JYOTHYLAB,INE668F01031,Jyothy Laboratories Limited,2023-10-23,Purchase,5021.1,0,14,358.65,214.45,2026-03-25
Pai,JYOTHYLAB,INE668F01031,Jyothy Laboratories Limited,2023-10-23,Purchase,3529,0,10,352.9,214.45,2026-03-25
Pai,JYOTHYLAB,INE668F01031,Jyothy Laboratories Limited,2023-11-02,Purchase,2151.9,0,6,358.65,214.45,2026-03-25
Pai,JYOTHYLAB,INE668F01031,Jyothy Laboratories Limited,2023-11-13,Purchase,418.3,0,1,418.3,214.45,2026-03-25
Pai,JYOTHYLAB,INE668F01031,Jyothy Laboratories Limited,2023-12-12,Purchase,1356,0,3,452,214.45,2026-03-25
Pai,JYOTHYLAB,INE668F01031,Jyothy Laboratories Limited,2024-01-02,Purchase,10654.6,0,22,484.3,214.45,2026-03-25
Pai,JYOTHYLAB,INE668F01031,Jyothy Laboratories Limited,2024-01-02,Purchase,484.1,0,1,484.1,214.45,2026-03-25
Pai,JYOTHYLAB,INE668F01031,Jyothy Laboratories Limited,2024-01-12,Purchase,2544.75,0,5,508.95,214.45,2026-03-25
Pai,JYOTHYLAB,INE668F01031,Jyothy Laboratories Limited,2024-02-01,Purchase,2577.5,0,5,515.5,214.45,2026-03-25
Pai,JYOTHYLAB,INE668F01031,Jyothy Laboratories Limited,2024-02-12,Purchase,456.45,0,1,456.45,214.45,2026-03-25
Pai,JYOTHYLAB,INE668F01031,Jyothy Laboratories Limited,2024-02-12,Purchase,1369.5,0,3,456.5,214.45,2026-03-25
Pai,JYOTHYLAB,INE668F01031,Jyothy Laboratories Limited,2024-02-12,Purchase,2738.4,0,6,456.4,214.45,2026-03-25
Pai,JYOTHYLAB,INE668F01031,Jyothy Laboratories Limited,2024-03-12,Purchase,425.05,0,1,425.05,214.45,2026-03-25
Pai,JYOTHYLAB,INE668F01031,Jyothy Laboratories Limited,2024-04-01,Sale,-18167.1,0,-41,443.1,214.45,2026-03-25
Pai,JYOTHYLAB,INE668F01031,Jyothy Laboratories Limited,2024-04-01,Sale,-9304.05,0,-21,443.05,214.45,2026-03-25
Pai,JYOTHYLAB,INE668F01031,Jyothy Laboratories Limited,2024-07-03,Dividend,199.5,0,0,0,214.45,2026-03-25
Pai,JYOTHYLAB,INE668F01031,Jyothy Laboratories Limited,2024-12-16,Sale,-23316,39.76,-57,409.75,214.45,2026-03-25
Pai,JYOTICNC,INE980O01024,Jyoti CNC Automation Limited,2026-02-11,Purchase,84345.4,100.4,100,842.45,668,2026-05-22
Pai,JYOTICNC,INE980O01024,Jyoti CNC Automation Limited,2026-03-12,Sale,-8261,0,-11,751,668,2026-05-22
Pai,JYOTICNC,INE980O01024,Jyoti CNC Automation Limited,2026-03-12,Sale,-25522.1,0,-34,750.65,668,2026-05-22
Pai,JYOTICNC,INE980O01024,Jyoti CNC Automation Limited,2026-03-12,Sale,-29938.2,93.83,-40,750.8,668,2026-05-22
Pai,JYOTICNC,INE980O01024,Jyoti CNC Automation Limited,2026-03-12,Sale,-5256.65,0,-7,750.95,668,2026-05-22
Pai,JYOTICNC,INE980O01024,Jyoti CNC Automation Limited,2026-03-12,Sale,-6006.8,0,-8,750.85,668,2026-05-22
Pai,JYOTICNC,INE980O01024,Jyoti CNC Automation Limited,2026-03-24,Purchase,3696.75,0,5,739.35,668,2026-05-22
Pai,JYOTICNC,INE980O01024,Jyoti CNC Automation Limited,2026-03-24,Purchase,16266.8,0,22,739.4,668,2026-05-22
Pai,JYOTICNC,INE980O01024,Jyoti CNC Automation Limited,2026-03-24,Purchase,8134.5,0,11,739.5,668,2026-05-22
Pai,JYOTICNC,INE980O01024,Jyoti CNC Automation Limited,2026-03-24,Purchase,8874.6,0,12,739.55,668,2026-05-22
Pai,JYOTICNC,INE980O01024,Jyoti CNC Automation Limited,2026-03-24,Purchase,11094,0,15,739.6,668,2026-05-22
Pai,JYOTICNC,INE980O01024,Jyoti CNC Automation Limited,2026-03-24,Purchase,25976.1,88.31,35,739.65,668,2026-05-22
Pai,JYOTICNC,INE980O01024,Jyoti CNC Automation Limited,2026-05-20,Sale,-12730,0,-19,670,668,2026-05-22
Pai,JYOTICNC,INE980O01024,Jyoti CNC Automation Limited,2026-05-20,Sale,-54189.2,84.85,-81,670.05,668,2026-05-22
Pai,JYOTISTRUC,INE197A01024,Jyoti Structures Limited,2026-02-11,Purchase,11.4,0,1,11.4,11.45,2026-08-07
Pai,JYOTISTRUC,INE197A01024,Jyoti Structures Limited,2026-02-11,Purchase,24427.4,0,2139,11.42,11.45,2026-08-07
Pai,JYOTISTRUC,INE197A01024,Jyoti Structures Limited,2026-02-11,Purchase,27452.5,0,2406,11.41,11.45,2026-08-07
Pai,JYOTISTRUC,INE197A01024,Jyoti Structures Limited,2026-02-11,Purchase,40775.9,136.66,3540,11.48,11.45,2026-08-07
Pai,JYOTISTRUC,INE197A01024,Jyoti Structures Limited,2026-02-11,Purchase,5720,0,500,11.44,11.45,2026-08-07
Pai,JYOTISTRUC,INE197A01024,Jyoti Structures Limited,2026-02-11,Purchase,8102.22,0,707,11.46,11.45,2026-08-07
Pai,JYOTISTRUC,INE197A01024,Jyoti Structures Limited,2026-02-11,Purchase,8109.29,0,707,11.47,11.45,2026-08-07
Pai,JYOTISTRUC,INE197A01024,Jyoti Structures Limited,2026-03-12,Sale,-111968,131.63,-10000,11.21,11.45,2026-08-07
Pai,JYOTISTRUC,INE197A01024,Jyoti Structures Limited,2026-03-24,Purchase,10.04,0,1,10.04,11.45,2026-08-07
Pai,JYOTISTRUC,INE197A01024,Jyoti Structures Limited,2026-03-24,Purchase,8168.72,0,812,10.06,11.45,2026-08-07
Pai,JYOTISTRUC,INE197A01024,Jyoti Structures Limited,2026-03-24,Purchase,6505.22,0,646,10.07,11.45,2026-08-07
Pai,JYOTISTRUC,INE197A01024,Jyoti Structures Limited,2026-03-24,Purchase,60983.3,90.01,6041,10.08,11.45,2026-08-07
Pai,JYOTISTRUC,INE197A01024,Jyoti Structures Limited,2026-04-01,Purchase,95112.6,112.55,10000,9.5,11.45,2026-08-07
Pai,KPRMILL,INE930H01023,K.P.R. Mill Limited,2022-10-24,Purchase,3318,0,6,553,,
Pai,KPRMILL,INE930H01023,K.P.R. Mill Limited,2022-10-24,Purchase,6635.4,0,12,552.95,,
Pai,KPRMILL,INE930H01023,K.P.R. Mill Limited,2022-11-02,Purchase,553.9,0,1,553.9,,
Pai,KPRMILL,INE930H01023,K.P.R. Mill Limited,2022-12-01,Purchase,554.85,0,1,554.85,,
Pai,KPRMILL,INE930H01023,K.P.R. Mill Limited,2023-02-14,Dividend,40,0,0,0,,
Pai,KPRMILL,INE930H01023,K.P.R. Mill Limited,2023-07-21,Dividend,40,0,0,0,,
Pai,KPRMILL,INE930H01023,K.P.R. Mill Limited,2023-12-01,Purchase,5214,0,6,869,,
Pai,KPRMILL,INE930H01023,K.P.R. Mill Limited,2024-02-13,Dividend,65,0,0,0,,
Pai,KPRMILL,INE930H01023,K.P.R. Mill Limited,2024-07-15,Dividend,65,0,0,0,,
Pai,KPRMILL,INE930H01023,K.P.R. Mill Limited,2025-02-07,Dividend,65,0,0,0,,
Pai,KPRMILL,INE930H01023,K.P.R. Mill Limited,2025-03-03,Sale,-5621,0,-7,803,,
Pai,KPRMILL,INE930H01023,K.P.R. Mill Limited,2025-03-03,Sale,-13614.9,37,-17,803.05,,
Pai,KPRMILL,INE930H01023,K.P.R. Mill Limited,2025-03-03,Sale,-803.15,0,-1,803.15,,
Pai,KPRMILL,INE930H01023,K.P.R. Mill Limited,2025-03-03,Sale,-803.2,0,-1,803.2,,
Pai,KPIL,INE220B01022,Kalpataru Projects International Limited,2024-05-03,Purchase,17084.9,0,14,1220.35,,
Pai,KPIL,INE220B01022,Kalpataru Projects International Limited,2024-05-03,Purchase,9763.2,0,8,1220.4,,
Pai,KPIL,INE220B01022,Kalpataru Projects International Limited,2024-05-13,Purchase,1168.3,0,1,1168.3,,
Pai,KPIL,INE220B01022,Kalpataru Projects International Limited,2024-06-28,Dividend,184,0,0,0,,
Pai,KPIL,INE220B01022,Kalpataru Projects International Limited,2024-07-19,Purchase,66223.9,78.81,49,1349.9,,
Pai,KPIL,INE220B01022,Kalpataru Projects International Limited,2024-08-12,Purchase,1229.6,0,1,1229.6,,
Pai,KPIL,INE220B01022,Kalpataru Projects International Limited,2024-08-12,Purchase,1232.21,2.56,1,1229.65,,
Pai,KPIL,INE220B01022,Kalpataru Projects International Limited,2024-10-07,Purchase,2629.63,2.73,2,1313.45,,
Pai,KPIL,INE220B01022,Kalpataru Projects International Limited,2024-12-10,Purchase,18127.3,21.78,14,1293.25,,
Pai,KPIL,INE220B01022,Kalpataru Projects International Limited,2025-01-16,Purchase,8218.77,9.52,7,1172.75,,
Pai,KPIL,INE220B01022,Kalpataru Projects International Limited,2025-02-17,Sale,-20021.1,0,-22,910.05,,
Pai,KPIL,INE220B01022,Kalpataru Projects International Limited,2025-02-17,Sale,-5460.6,0,-6,910.1,,
Pai,KPIL,INE220B01022,Kalpataru Projects International Limited,2025-02-17,Sale,-9101.5,0,-10,910.15,,
Pai,KPIL,INE220B01022,Kalpataru Projects International Limited,2025-02-17,Sale,-3640.8,0,-4,910.2,,
Pai,KPIL,INE220B01022,Kalpataru Projects International Limited,2025-02-17,Sale,-30840.9,107.64,-34,910.25,,
Pai,KPIL,INE220B01022,Kalpataru Projects International Limited,2025-02-17,Sale,-3641.2,0,-4,910.3,,
Pai,KPIL,INE220B01022,Kalpataru Projects International Limited,2025-02-17,Sale,-4551.75,0,-5,910.35,,
Pai,KPIL,INE220B01022,Kalpataru Projects International Limited,2025-02-17,Sale,-7283.2,0,-8,910.4,,
Pai,KPIL,INE220B01022,Kalpataru Projects International Limited,2025-02-17,Sale,-3643.6,0,-4,910.9,,
Pai,KPIL,INE220B01022,Kalpataru Projects International Limited,2025-03-21,Purchase,91885.8,109.21,97,946.15,,
Pai,KPIL,INE220B01022,Kalpataru Projects International Limited,2025-06-23,Dividend,873,0,0,0,,
Pai,KPIL,INE220B01022,Kalpataru Projects International Limited,2025-08-29,Purchase,3805.94,4.94,3,1267,,
Pai,KPIL,INE220B01022,Kalpataru Projects International Limited,2025-10-29,Purchase,1258.1,1.5,1,1256.6,,
Pai,KPIL,INE220B01022,Kalpataru Projects International Limited,2026-02-03,Sale,-1109.4,0,-1,1109.4,,
Pai,KPIL,INE220B01022,Kalpataru Projects International Limited,2026-02-03,Sale,-61983.6,131.58,-56,1109.2,,
Pai,KPIL,INE220B01022,Kalpataru Projects International Limited,2026-02-03,Sale,-25513.9,0,-23,1109.3,,
Pai,KPIL,INE220B01022,Kalpataru Projects International Limited,2026-02-03,Sale,-23305.8,0,-21,1109.8,,
Pai,KALYANKJIL,INE303R01014,Kalyan Jewellers India Limited,2023-10-23,Purchase,6348.1,0,22,288.55,382.7,2026-03-20
Pai,KALYANKJIL,INE303R01014,Kalyan Jewellers India Limited,2023-11-13,Purchase,680.2,0,2,340.1,382.7,2026-03-20
Pai,KALYANKJIL,INE303R01014,Kalyan Jewellers India Limited,2023-12-01,Purchase,2340.45,0,7,334.35,382.7,2026-03-20
Pai,KALYANKJIL,INE303R01014,Kalyan Jewellers India Limited,2023-12-12,Purchase,2840.4,0,9,315.6,382.7,2026-03-20
Pai,KALYANKJIL,INE303R01014,Kalyan Jewellers India Limited,2024-01-12,Purchase,1167,0,3,389,382.7,2026-03-20
Pai,KALYANKJIL,INE303R01014,Kalyan Jewellers India Limited,2024-02-01,Purchase,3105,0,9,345,382.7,2026-03-20
Pai,KALYANKJIL,INE303R01014,Kalyan Jewellers India Limited,2024-02-12,Purchase,355.85,0,1,355.85,382.7,2026-03-20
Pai,KALYANKJIL,INE303R01014,Kalyan Jewellers India Limited,2024-03-05,Sale,-21738,0,-53,410.15,382.7,2026-03-20
Pai,KALYANKJIL,INE303R01014,Kalyan Jewellers India Limited,2024-04-01,Purchase,14620,0,34,430,382.7,2026-03-20
Pai,KALYANKJIL,INE303R01014,Kalyan Jewellers India Limited,2024-04-12,Purchase,1719,0,4,429.75,382.7,2026-03-20
Pai,KALYANKJIL,INE303R01014,Kalyan Jewellers India Limited,2024-05-03,Purchase,12679,0,31,409,382.7,2026-03-20
Pai,KALYANKJIL,INE303R01014,Kalyan Jewellers India Limited,2024-05-13,Purchase,400.2,0,1,400.2,382.7,2026-03-20
Pai,KALYANKJIL,INE303R01014,Kalyan Jewellers India Limited,2024-06-03,Purchase,5073.25,0,13,390.25,382.7,2026-03-20
Pai,KALYANKJIL,INE303R01014,Kalyan Jewellers India Limited,2024-08-09,Dividend,99.6,0,0,0,382.7,2026-03-20
Pai,KALYANKJIL,INE303R01014,Kalyan Jewellers India Limited,2025-03-03,Sale,-35517,54.91,-78,456.05,382.7,2026-03-20
Pai,KALYANKJIL,INE303R01014,Kalyan Jewellers India Limited,2025-03-03,Sale,-2280.75,0,-5,456.15,382.7,2026-03-20
Pai,KALYANKJIL,INE303R01014,Kalyan Jewellers India Limited,2026-02-10,Purchase,15485.8,0,35,442.45,382.7,2026-03-20
Pai,KALYANKJIL,INE303R01014,Kalyan Jewellers India Limited,2026-02-10,Purchase,17739.4,39.43,40,442.5,382.7,2026-03-20
Pai,KALYANKJIL,INE303R01014,Kalyan Jewellers India Limited,2026-03-12,Sale,-28634.9,45.09,-75,382.4,382.7,2026-03-20
Pai,KDDL,INE291D01011,KDDL Limited,2023-05-03,Purchase,2380,0,2,1190,,
Pai,KDDL,INE291D01011,KDDL Limited,2023-05-12,Purchase,1159.2,0,1,1159.2,,
Pai,KDDL,INE291D01011,KDDL Limited,2023-06-12,Purchase,1403.35,0,1,1403.35,,
Pai,KDDL,INE291D01011,KDDL Limited,2023-07-13,Purchase,1473.55,0,1,1473.55,,
Pai,KDDL,INE291D01011,KDDL Limited,2023-07-13,Purchase,2941.1,0,2,1470.55,,
Pai,KDDL,INE291D01011,KDDL Limited,2023-09-12,Purchase,1802.1,0,1,1802.1,,
Pai,KDDL,INE291D01011,KDDL Limited,2023-09-22,Dividend,16,0,0,0,,
Pai,KDDL,INE291D01011,KDDL Limited,2023-10-12,Purchase,2121.85,0,1,2121.85,,
Pai,KDDL,INE291D01011,KDDL Limited,2024-01-25,Dividend,522,0,0,0,,
Pai,KDDL,INE291D01011,KDDL Limited,2024-08-27,Dividend,36,0,0,0,,
Pai,KDDL,INE291D01011,KDDL Limited,2025-05-08,Sale,-23796.2,40.26,-9,2648.5,,
Pai,KEI,INE878B01027,KEI Industries Limited,2022-10-24,Purchase,4709.7,0,3,1569.9,,
Pai,KEI,INE878B01027,KEI Industries Limited,2022-11-11,Purchase,1599.15,0,1,1599.15,,
Pai,KEI,INE878B01027,KEI Industries Limited,2022-12-01,Purchase,1585.5,0,1,1585.5,,
Pai,KEI,INE878B01027,KEI Industries Limited,2022-12-08,Purchase,1567.45,0,1,1567.45,,
Pai,KEI,INE878B01027,KEI Industries Limited,2023-02-03,Dividend,18,0,0,0,,
Pai,KEI,INE878B01027,KEI Industries Limited,2023-12-01,Purchase,5775.9,0,2,2887.95,,
Pai,KEI,INE878B01027,KEI Industries Limited,2024-03-19,Dividend,28,0,0,0,,
Pai,KEI,INE878B01027,KEI Industries Limited,2025-01-27,Dividend,32,0,0,0,,
Pai,KEI,INE878B01027,KEI Industries Limited,2025-03-03,Sale,-24750.5,41.06,-8,3098.95,,
Pai,KIOCL,INE880L01014,KIOCL Limited,2024-01-02,Purchase,3907.5,0,10,390.75,,
Pai,KIOCL,INE880L01014,KIOCL Limited,2024-01-12,Purchase,745,0,2,372.5,,
Pai,KIOCL,INE880L01014,KIOCL Limited,2024-02-01,Sale,-4503,0,-12,375.25,,
Pai,KIRLFER,INE884B01025,Kirloskar Ferrous Industries Limited,2023-05-03,Purchase,1703.6,0,4,425.9,,
Pai,KIRLFER,INE884B01025,Kirloskar Ferrous Industries Limited,2023-05-12,Purchase,922.7,0,2,461.35,,
Pai,KIRLFER,INE884B01025,Kirloskar Ferrous Industries Limited,2023-06-12,Purchase,1341.3,0,3,447.1,,
Pai,KIRLFER,INE884B01025,Kirloskar Ferrous Industries Limited,2023-07-13,Purchase,974.8,0,2,487.4,,
Pai,KIRLFER,INE884B01025,Kirloskar Ferrous Industries Limited,2023-07-13,Purchase,1944.2,0,4,486.05,,
Pai,KIRLFER,INE884B01025,Kirloskar Ferrous Industries Limited,2023-07-14,Dividend,45,0,0,0,,
Pai,KIRLFER,INE884B01025,Kirloskar Ferrous Industries Limited,2023-08-14,Purchase,1447.5,0,3,482.5,,
Pai,KIRLFER,INE884B01025,Kirloskar Ferrous Industries Limited,2023-08-14,Purchase,482.6,0,1,482.6,,
Pai,KIRLFER,INE884B01025,Kirloskar Ferrous Industries Limited,2023-09-12,Purchase,1399.05,0,3,466.35,,
Pai,KIRLFER,INE884B01025,Kirloskar Ferrous Industries Limited,2023-10-12,Purchase,933.6,0,2,466.8,,
Pai,KIRLFER,INE884B01025,Kirloskar Ferrous Industries Limited,2024-03-15,Dividend,72,0,0,0,,
Pai,KIRLFER,INE884B01025,Kirloskar Ferrous Industries Limited,2024-09-13,Dividend,60,0,0,0,,
Pai,KIRLFER,INE884B01025,Kirloskar Ferrous Industries Limited,2025-02-14,Dividend,72,0,0,0,,
Pai,KIRLFER,INE884B01025,Kirloskar Ferrous Industries Limited,2025-03-03,Sale,-10779.4,26.64,-24,450.25,,
Pai,KPIGREEN,INE542W01017,KPI Green Energy Limited,2026-02-10,Purchase,8064.41,9.36,19,423.95,401.4,2026-06-12
Pai,KPIGREEN,INE542W01017,KPI Green Energy Limited,2026-06-11,Sale,-7246.52,22.88,-19,382.6,401.4,2026-06-12
Pai,KPITTECH,INE04I401011,KPIT Technologies Limited,2022-10-24,Purchase,14337,0,20,716.85,,
Pai,KPITTECH,INE04I401011,KPIT Technologies Limited,2022-10-24,Purchase,716.9,0,1,716.9,,
Pai,KPITTECH,INE04I401011,KPIT Technologies Limited,2022-11-02,Purchase,714.3,0,1,714.3,,
Pai,KPITTECH,INE04I401011,KPIT Technologies Limited,2022-12-01,Purchase,724.8,0,1,724.8,,
Pai,KPITTECH,INE04I401011,KPIT Technologies Limited,2023-01-12,Purchase,693,0,1,693,,
Pai,KPITTECH,INE04I401011,KPIT Technologies Limited,2023-02-10,Dividend,34.8,0,0,0,,
Pai,KPITTECH,INE04I401011,KPIT Technologies Limited,2023-03-13,Purchase,813.9,0,1,813.9,,
Pai,KPITTECH,INE04I401011,KPIT Technologies Limited,2023-03-14,Sale,-1566.7,0,-2,783.35,,
Pai,KPITTECH,INE04I401011,KPIT Technologies Limited,2023-03-14,Sale,-3133.6,0,-4,783.4,,
Pai,KPITTECH,INE04I401011,KPIT Technologies Limited,2023-04-03,Purchase,1688.8,0,2,844.4,,
Pai,KPITTECH,INE04I401011,KPIT Technologies Limited,2023-05-03,Purchase,923.3,0,1,923.3,,
Pai,KPITTECH,INE04I401011,KPIT Technologies Limited,2023-05-12,Purchase,902.3,0,1,902.3,,
Pai,KPITTECH,INE04I401011,KPIT Technologies Limited,2023-05-12,Purchase,1804.3,0,2,902.15,,
Pai,KPITTECH,INE04I401011,KPIT Technologies Limited,2023-06-12,Purchase,1134.75,0,1,1134.75,,
Pai,KPITTECH,INE04I401011,KPIT Technologies Limited,2023-07-13,Purchase,1053,0,1,1053,,
Pai,KPITTECH,INE04I401011,KPIT Technologies Limited,2023-07-13,Purchase,4211.8,0,4,1052.95,,
Pai,KPITTECH,INE04I401011,KPIT Technologies Limited,2023-08-14,Purchase,1127,0,1,1127,,
Pai,KPITTECH,INE04I401011,KPIT Technologies Limited,2023-08-14,Dividend,82.15,0,0,0,,
Pai,KPITTECH,INE04I401011,KPIT Technologies Limited,2023-09-12,Purchase,1159.65,0,1,1159.65,,
Pai,KPITTECH,INE04I401011,KPIT Technologies Limited,2023-09-12,Purchase,1158.1,0,1,1158.1,,
Pai,KPITTECH,INE04I401011,KPIT Technologies Limited,2024-02-09,Dividend,71.4,0,0,0,,
Pai,KPITTECH,INE04I401011,KPIT Technologies Limited,2024-04-23,Purchase,17910.1,0,13,1377.7,,
Pai,KPITTECH,INE04I401011,KPIT Technologies Limited,2024-08-09,Dividend,216.2,0,0,0,,
Pai,KPITTECH,INE04I401011,KPIT Technologies Limited,2024-10-07,Purchase,3376.5,4.5,2,1686,,
Pai,KPITTECH,INE04I401011,KPIT Technologies Limited,2024-10-29,Sale,-6644.76,9.74,-5,1330.9,,
Pai,KPITTECH,INE04I401011,KPIT Technologies Limited,2024-10-29,Sale,-2661.9,0,-2,1330.95,,
Pai,KPITTECH,INE04I401011,KPIT Technologies Limited,2024-10-29,Sale,-25136.2,57.78,-19,1326,,
Pai,KPITTECH,INE04I401011,KPIT Technologies Limited,2024-10-29,Sale,-5304.2,0,-4,1326.05,,
Pai,KPITTECH,INE04I401011,KPIT Technologies Limited,2024-10-29,Sale,-11934.9,0,-9,1326.1,,
Pai,KPITTECH,INE04I401011,KPIT Technologies Limited,2024-10-29,Sale,-9283.05,0,-7,1326.15,,
Pai,KPITTECH,INE04I401011,KPIT Technologies Limited,2024-10-29,Sale,-3978.6,0,-3,1326.2,,
Pai,KRN,INE0Q3J01015,KRN Heat Exchanger and Refrigeration Limited,2026-02-10,Purchase,13978.6,16.48,19,734.85,1208.4,2026-08-07
Pai,KSB,INE999A01015,KSB Limited,2022-10-24,Purchase,12346.8,0,30,411.56,,
Pai,KSB,INE999A01015,KSB Limited,2023-02-13,Purchase,1853.25,0,5,370.65,,
Pai,KSB,INE999A01015,KSB Limited,2023-02-16,Purchase,1850.3,0,5,370.06,,
Pai,KSB,INE999A01015,KSB Limited,2023-02-16,Purchase,1850.25,0,5,370.05,,
Pai,KSB,INE999A01015,KSB Limited,2023-04-03,Purchase,2181.95,0,5,436.39,,
Pai,KSB,INE999A01015,KSB Limited,2023-04-12,Purchase,2246.75,0,5,449.35,,
Pai,KSB,INE999A01015,KSB Limited,2023-04-28,Dividend,165,0,0,0,,
Pai,KSB,INE999A01015,KSB Limited,2023-05-12,Purchase,4265.8,0,10,426.58,,
Pai,KSB,INE999A01015,KSB Limited,2023-07-13,Purchase,2053.45,0,5,410.69,,
Pai,KSB,INE999A01015,KSB Limited,2023-07-13,Purchase,2053.6,0,5,410.72,,
Pai,KSB,INE999A01015,KSB Limited,2023-07-13,Purchase,2051.75,0,5,410.35,,
Pai,KSB,INE999A01015,KSB Limited,2024-06-13,Dividend,280,0,0,0,,
Pai,KSB,INE999A01015,KSB Limited,2024-08-08,Purchase,38136.3,45.24,41,929.05,,
Pai,KSB,INE999A01015,KSB Limited,2024-08-12,Purchase,4624.3,5.8,5,923.7,,
Pai,KSB,INE999A01015,KSB Limited,2024-09-12,Purchase,888.82,0.92,1,887.9,,
Pai,KSB,INE999A01015,KSB Limited,2024-10-07,Purchase,3405.41,5.41,4,850,,
Pai,KSB,INE999A01015,KSB Limited,2024-10-07,Purchase,849.95,0,1,849.95,,
Pai,KSB,INE999A01015,KSB Limited,2024-10-29,Sale,-39102.5,0,-50,782.05,,
Pai,KSB,INE999A01015,KSB Limited,2024-10-29,Sale,-61670.9,107.09,-79,782,,
Pai,KSB,INE999A01015,KSB Limited,2024-10-29,Sale,-2346.45,0,-3,782.15,,
Pai,LTF,INE498L01015,L&T Finance Limited,2025-04-11,Purchase,23866.1,28.73,153,155.8,261.2,2026-03-20
Pai,LTF,INE498L01015,L&T Finance Limited,2025-04-29,Purchase,4151.8,5.3,25,165.86,261.2,2026-03-20
Pai,LTF,INE498L01015,L&T Finance Limited,2025-05-27,Dividend,489.5,0,0,0,261.2,2026-03-20
Pai,LTF,INE498L01015,L&T Finance Limited,2025-05-29,Purchase,2430.68,2.52,14,173.44,261.2,2026-03-20
Pai,LTF,INE498L01015,L&T Finance Limited,2025-06-02,Sale,-17516.7,50.33,-100,175.67,261.2,2026-03-20
Pai,LTF,INE498L01015,L&T Finance Limited,2025-06-02,Sale,-351.28,0,-2,175.64,261.2,2026-03-20
Pai,LTF,INE498L01015,L&T Finance Limited,2025-06-02,Sale,-3512.6,0,-20,175.63,261.2,2026-03-20
Pai,LTF,INE498L01015,L&T Finance Limited,2025-06-02,Sale,-12293.4,0,-70,175.62,261.2,2026-03-20
Pai,LTF,INE498L01015,L&T Finance Limited,2025-11-03,Purchase,59859.8,71.03,216,276.8,261.2,2026-03-20
Pai,LTF,INE498L01015,L&T Finance Limited,2026-03-12,Sale,-2893.55,0,-11,263.05,261.2,2026-03-20
Pai,LTF,INE498L01015,L&T Finance Limited,2026-03-12,Sale,-53840.7,74.27,-205,263,261.2,2026-03-20
Pai,LAOPALA,INE059D01020,La Opala RG Limited,2022-10-24,Purchase,5264.35,0,13,404.95,,
Pai,LAOPALA,INE059D01020,La Opala RG Limited,2022-11-02,Purchase,802,0,2,401,,
Pai,LAOPALA,INE059D01020,La Opala RG Limited,2022-11-02,Purchase,401.05,0,1,401.05,,
Pai,LAOPALA,INE059D01020,La Opala RG Limited,2022-11-18,Dividend,32,0,0,0,,
Pai,LAOPALA,INE059D01020,La Opala RG Limited,2022-12-01,Purchase,406.8,0,1,406.8,,
Pai,LAOPALA,INE059D01020,La Opala RG Limited,2023-01-12,Purchase,1166.4,0,3,388.8,,
Pai,LAOPALA,INE059D01020,La Opala RG Limited,2023-02-13,Purchase,1117.65,0,3,372.55,,
Pai,LAOPALA,INE059D01020,La Opala RG Limited,2023-03-13,Purchase,1409.2,0,4,352.3,,
Pai,LAOPALA,INE059D01020,La Opala RG Limited,2023-04-12,Purchase,1071,0,3,357,,
Pai,LAOPALA,INE059D01020,La Opala RG Limited,2023-05-12,Purchase,378.6,0,1,378.6,,
Pai,LAOPALA,INE059D01020,La Opala RG Limited,2023-07-13,Purchase,463.4,0,1,463.4,,
Pai,LAOPALA,INE059D01020,La Opala RG Limited,2023-07-13,Purchase,2780.1,0,6,463.35,,
Pai,LAOPALA,INE059D01020,La Opala RG Limited,2023-09-12,Purchase,1239.9,0,3,413.3,,
Pai,LAOPALA,INE059D01020,La Opala RG Limited,2023-09-21,Dividend,123,0,0,0,,
Pai,LAOPALA,INE059D01020,La Opala RG Limited,2024-03-05,Sale,-4342.65,0,-13,334.05,,
Pai,LAOPALA,INE059D01020,La Opala RG Limited,2024-03-05,Sale,-5347.2,0,-16,334.2,,
Pai,LAOPALA,INE059D01020,La Opala RG Limited,2024-03-05,Sale,-4009.2,0,-12,334.1,,
Pai,LGEINDIA,INE324D01010,LG Electronics India Limited,2025-10-13,Purchase,14820,0,13,1140,1510.8,2026-03-25
Pai,LGEINDIA,INE324D01010,LG Electronics India Limited,2026-01-12,Sale,-4155.3,0,-3,1385.1,1510.8,2026-03-25
Pai,LGEINDIA,INE324D01010,LG Electronics India Limited,2026-01-12,Sale,-13816,34.02,-10,1385,1510.8,2026-03-25
Pai,LLOYDSME,INE281B01032,Lloyds Metals And Energy Limited,2025-08-08,Purchase,1435.7,0,1,1435.7,2101.2,2026-08-07
Pai,LLOYDSME,INE281B01032,Lloyds Metals And Energy Limited,2025-08-08,Purchase,1435.8,0,1,1435.8,2101.2,2026-08-07
Pai,LLOYDSME,INE281B01032,Lloyds Metals And Energy Limited,2025-08-08,Purchase,38819.3,50.02,27,1435.9,2101.2,2026-08-07
Pai,LLOYDSME,INE281B01032,Lloyds Metals And Energy Limited,2025-08-29,Purchase,3922.16,5.06,3,1305.7,2101.2,2026-08-07
Pai,LLOYDSME,INE281B01032,Lloyds Metals And Energy Limited,2025-09-09,Sale,-41707.7,58.67,-32,1305.2,2101.2,2026-08-07
Pai,LLOYDSME,INE281B01032,Lloyds Metals And Energy Limited,2026-01-02,Purchase,50480.6,60.71,37,1362.7,2101.2,2026-08-07
Pai,LLOYDSME,INE281B01032,Lloyds Metals And Energy Limited,2026-03-12,Sale,-43039.1,60.4,-37,1164.85,2101.2,2026-08-07
Pai,LLOYDSME,INE281B01032,Lloyds Metals And Energy Limited,2026-03-24,Purchase,3709.8,0,3,1236.6,2101.2,2026-08-07
Pai,LLOYDSME,INE281B01032,Lloyds Metals And Energy Limited,2026-03-24,Purchase,2473.4,0,2,1236.7,2101.2,2026-08-07
Pai,LLOYDSME,INE281B01032,Lloyds Metals And Energy Limited,2026-03-24,Purchase,3710.25,0,3,1236.75,2101.2,2026-08-07
Pai,LLOYDSME,INE281B01032,Lloyds Metals And Energy Limited,2026-03-24,Purchase,1236.8,0,1,1236.8,2101.2,2026-08-07
Pai,LLOYDSME,INE281B01032,Lloyds Metals And Energy Limited,2026-03-24,Purchase,3710.55,0,3,1236.85,2101.2,2026-08-07
Pai,LLOYDSME,INE281B01032,Lloyds Metals And Energy Limited,2026-03-24,Purchase,4948.6,0,4,1237.15,2101.2,2026-08-07
Pai,LLOYDSME,INE281B01032,Lloyds Metals And Energy Limited,2026-03-24,Purchase,11134.8,0,9,1237.2,2101.2,2026-08-07
Pai,LLOYDSME,INE281B01032,Lloyds Metals And Energy Limited,2026-03-24,Purchase,9899.2,0,8,1237.4,2101.2,2026-08-07
Pai,LLOYDSME,INE281B01032,Lloyds Metals And Energy Limited,2026-03-24,Purchase,17324.3,0,14,1237.45,2101.2,2026-08-07
Pai,LLOYDSME,INE281B01032,Lloyds Metals And Energy Limited,2026-03-24,Purchase,13612.5,0,11,1237.5,2101.2,2026-08-07
Pai,LLOYDSME,INE281B01032,Lloyds Metals And Energy Limited,2026-03-24,Purchase,21150.2,111.02,17,1237.6,2101.2,2026-08-07
Pai,LLOYDSME,INE281B01032,Lloyds Metals And Energy Limited,2026-04-01,Purchase,6628.5,0,5,1325.7,2101.2,2026-08-07
Pai,LLOYDSME,INE281B01032,Lloyds Metals And Energy Limited,2026-04-01,Purchase,2651.6,0,2,1325.8,2101.2,2026-08-07
Pai,LLOYDSME,INE281B01032,Lloyds Metals And Energy Limited,2026-04-01,Purchase,57114,78.8,43,1326.4,2101.2,2026-08-07
Pai,LLOYDSME,INE281B01032,Lloyds Metals And Energy Limited,2026-06-12,Dividend,125,0,0,0,2101.2,2026-08-07
Pai,LUPIN,INE326A01037,Lupin Limited,2023-10-23,Purchase,11751.5,0,10,1175.15,,
Pai,LUPIN,INE326A01037,Lupin Limited,2023-11-13,Purchase,3506.25,0,3,1168.75,,
Pai,LUPIN,INE326A01037,Lupin Limited,2023-12-12,Purchase,3736.05,0,3,1245.35,,
Pai,LUPIN,INE326A01037,Lupin Limited,2024-01-02,Sale,-22220,0,-16,1388.75,,
Pai,LUPIN,INE326A01037,Lupin Limited,2024-03-05,Purchase,25259.2,0,15,1683.95,,
Pai,LUPIN,INE326A01037,Lupin Limited,2024-03-28,Sale,-24120,0,-15,1608,,
Pai,LUPIN,INE326A01037,Lupin Limited,2024-04-01,Purchase,19335,0,12,1611.25,,
Pai,LUPIN,INE326A01037,Lupin Limited,2024-04-12,Purchase,1634.5,0,1,1634.5,,
Pai,LUPIN,INE326A01037,Lupin Limited,2024-05-03,Purchase,1658.75,0,1,1658.75,,
Pai,LUPIN,INE326A01037,Lupin Limited,2024-05-03,Purchase,13270.4,0,8,1658.8,,
Pai,LUPIN,INE326A01037,Lupin Limited,2024-07-16,Dividend,176,0,0,0,,
Pai,LUPIN,INE326A01037,Lupin Limited,2025-03-03,Sale,-41994,58.97,-22,1911.5,,
Pai,MACPOWER,INE155Z01011,Macpower CNC Machines Limited,2026-06-22,Purchase,40212,47.67,33,1217.1,1681.1,2026-08-07
Pai,M&MFIN,INE774D01024,Mahindra & Mahindra Financial Services Limited,2022-11-23,Purchase,4352.25,0,21,207.25,,
Pai,M&MFIN,INE774D01024,Mahindra & Mahindra Financial Services Limited,2022-12-01,Purchase,438.2,0,2,219.1,,
Pai,M&MFIN,INE774D01024,Mahindra & Mahindra Financial Services Limited,2023-07-21,Dividend,138,0,0,0,,
Pai,M&MFIN,INE774D01024,Mahindra & Mahindra Financial Services Limited,2023-10-23,Sale,-6280.15,0,-23,273.05,,
Pai,M&MFIN,INE774D01024,Mahindra & Mahindra Financial Services Limited,2024-11-08,Purchase,37115.5,44.46,135,274.6,,
Pai,M&MFIN,INE774D01024,Mahindra & Mahindra Financial Services Limited,2024-11-12,Purchase,3441.77,4.57,13,264.4,,
Pai,M&MFIN,INE774D01024,Mahindra & Mahindra Financial Services Limited,2025-01-15,Sale,-2899.6,0,-11,263.6,,
Pai,M&MFIN,INE774D01024,Mahindra & Mahindra Financial Services Limited,2025-01-15,Sale,-36050.2,56.12,-137,263.55,,
Pai,M&MFIN,INE774D01024,Mahindra & Mahindra Financial Services Limited,2025-02-17,Purchase,10862.1,24.05,39,277.9,,
Pai,M&MFIN,INE774D01024,Mahindra & Mahindra Financial Services Limited,2025-02-17,Purchase,9450.3,0,34,277.95,,
Pai,M&MFIN,INE774D01024,Mahindra & Mahindra Financial Services Limited,2025-03-12,Purchase,4015.41,5.16,15,267.35,,
Pai,M&MFIN,INE774D01024,Mahindra & Mahindra Financial Services Limited,2025-04-11,Sale,-23109,39.35,-88,263.05,,
Pai,M&MFIN,INE774D01024,Mahindra & Mahindra Financial Services Limited,2025-12-02,Purchase,11889.6,0,32,371.55,,
Pai,M&MFIN,INE774D01024,Mahindra & Mahindra Financial Services Limited,2025-12-02,Purchase,58780.8,83.82,158,371.5,,
Pai,M&MFIN,INE774D01024,Mahindra & Mahindra Financial Services Limited,2025-12-09,Sale,-43509.7,84.07,-125,348.75,,
Pai,M&MFIN,INE774D01024,Mahindra & Mahindra Financial Services Limited,2025-12-09,Sale,-22662.2,0,-65,348.65,,
Pai,M&M,INE101A01026,Mahindra & Mahindra Limited,2022-10-24,Purchase,3805.2,0,3,1268.4,,
Pai,M&M,INE101A01026,Mahindra & Mahindra Limited,2022-11-11,Purchase,1292.2,0,1,1292.2,,
Pai,M&M,INE101A01026,Mahindra & Mahindra Limited,2022-12-08,Purchase,1276.05,0,1,1276.05,,
Pai,M&M,INE101A01026,Mahindra & Mahindra Limited,2023-07-14,Dividend,81.25,0,0,0,,
Pai,M&M,INE101A01026,Mahindra & Mahindra Limited,2023-10-23,Sale,-7825.75,0,-5,1565.15,,
Pai,MANAKCOAT,INE830Q01018,Manaksia Coated Metals & Industries Limited,2026-07-01,Purchase,2857,0,25,114.28,114.51,2026-08-07
Pai,MANAKCOAT,INE830Q01018,Manaksia Coated Metals & Industries Limited,2026-07-01,Purchase,10197.3,23.75,89,114.31,114.51,2026-08-07
Pai,MANAKCOAT,INE830Q01018,Manaksia Coated Metals & Industries Limited,2026-07-01,Purchase,2400.72,0,21,114.32,114.51,2026-08-07
Pai,MANAKCOAT,INE830Q01018,Manaksia Coated Metals & Industries Limited,2026-07-01,Purchase,4573.2,0,40,114.33,114.51,2026-08-07
Pai,MARICO,INE196A01026,Marico Limited,2022-10-24,Purchase,4195.2,0,8,524.4,,
Pai,MARICO,INE196A01026,Marico Limited,2022-10-24,Purchase,1048.9,0,2,524.45,,
Pai,MARICO,INE196A01026,Marico Limited,2022-11-02,Purchase,1587.45,0,3,529.15,,
Pai,MARICO,INE196A01026,Marico Limited,2022-12-01,Purchase,502.15,0,1,502.15,,
Pai,MARICO,INE196A01026,Marico Limited,2023-01-12,Purchase,985.3,0,2,492.65,,
Pai,MARICO,INE196A01026,Marico Limited,2023-02-13,Purchase,986,0,2,493,,
Pai,MARICO,INE196A01026,Marico Limited,2023-03-08,Dividend,81,0,0,0,,
Pai,MARICO,INE196A01026,Marico Limited,2023-03-13,Purchase,492.75,0,1,492.75,,
Pai,MARICO,INE196A01026,Marico Limited,2023-04-12,Purchase,1922.8,0,4,480.7,,
Pai,MARICO,INE196A01026,Marico Limited,2023-06-12,Purchase,534.3,0,1,534.3,,
Pai,MARICO,INE196A01026,Marico Limited,2023-07-13,Purchase,1603.35,0,3,534.45,,
Pai,MARICO,INE196A01026,Marico Limited,2023-07-13,Purchase,3203.1,0,6,533.85,,
Pai,MARICO,INE196A01026,Marico Limited,2023-10-12,Purchase,1611.6,0,3,537.2,,
Pai,MARICO,INE196A01026,Marico Limited,2023-11-07,Dividend,108,0,0,0,,
Pai,MARICO,INE196A01026,Marico Limited,2024-03-06,Dividend,234,0,0,0,,
Pai,MARICO,INE196A01026,Marico Limited,2024-03-12,Sale,-14198.8,0,-28,507.1,,
Pai,MARICO,INE196A01026,Marico Limited,2024-03-12,Sale,-4056.4,0,-8,507.05,,
Pai,MFSL,INE180A01020,Max Financial Services Limited,2025-06-02,Purchase,33629.4,39.85,22,1526.8,,
Pai,MFSL,INE180A01020,Max Financial Services Limited,2025-06-30,Purchase,3261.58,3.38,2,1629.1,,
Pai,MFSL,INE180A01020,Max Financial Services Limited,2025-07-29,Purchase,4523.69,5.69,3,1506,,
Pai,MFSL,INE180A01020,Max Financial Services Limited,2025-08-29,Purchase,4848.62,6.02,3,1614.2,,
Pai,MFSL,INE180A01020,Max Financial Services Limited,2025-09-09,Sale,-11043.9,0,-7,1577.7,,
Pai,MFSL,INE180A01020,Max Financial Services Limited,2025-09-09,Sale,-20452.2,64.45,-13,1578.2,,
Pai,MFSL,INE180A01020,Max Financial Services Limited,2025-09-09,Sale,-15778,0,-10,1577.8,,
Pai,MAZDOCK,INE249Z01012,Mazagon Dock Shipbuilders Limited,2023-10-23,Purchase,11842.8,0,6,1973.8,,
Pai,MAZDOCK,INE249Z01012,Mazagon Dock Shipbuilders Limited,2023-11-13,Purchase,1981.6,0,1,1981.6,,
Pai,MAZDOCK,INE249Z01012,Mazagon Dock Shipbuilders Limited,2023-11-20,Dividend,107.38,0,0,0,,
Pai,MAZDOCK,INE249Z01012,Mazagon Dock Shipbuilders Limited,2023-12-01,Purchase,2046.3,0,1,2046.3,,
Pai,MAZDOCK,INE249Z01012,Mazagon Dock Shipbuilders Limited,2023-12-12,Purchase,4162.5,0,2,2081.25,,
Pai,MAZDOCK,INE249Z01012,Mazagon Dock Shipbuilders Limited,2024-01-02,Purchase,2247.95,0,1,2247.95,,
Pai,MAZDOCK,INE249Z01012,Mazagon Dock Shipbuilders Limited,2024-01-12,Purchase,2289.85,0,1,2289.85,,
Pai,MAZDOCK,INE249Z01012,Mazagon Dock Shipbuilders Limited,2024-02-01,Sale,-27315,0,-12,2276.25,,
Pai,MAZDOCK,INE249Z01012,Mazagon Dock Shipbuilders Limited,2025-06-02,Purchase,34084.3,40.32,10,3404.4,,
Pai,MAZDOCK,INE249Z01012,Mazagon Dock Shipbuilders Limited,2025-06-30,Purchase,3241.41,7.71,1,3233.7,,
Pai,MAZDOCK,INE249Z01012,Mazagon Dock Shipbuilders Limited,2025-06-30,Purchase,3233.5,0,1,3233.5,,
Pai,MAZDOCK,INE249Z01012,Mazagon Dock Shipbuilders Limited,2025-07-03,Sale,-39183.9,56.05,-12,3270,,
Pai,MEDPLUS,INE804L01022,Medplus Health Services Limited,2025-11-04,Purchase,9907.86,11.46,12,824.7,810.75,2026-06-30
Pai,MEDPLUS,INE804L01022,Medplus Health Services Limited,2026-06-30,Sale,-9554.41,25.79,-12,798.35,810.75,2026-06-30
Pai,MOL,INE0CT101020,Meghmani Organics Limited,2022-10-24,Purchase,11295,0,100,112.95,,
Pai,MOL,INE0CT101020,Meghmani Organics Limited,2022-11-02,Purchase,770,0,7,110,,
Pai,MOL,INE0CT101020,Meghmani Organics Limited,2022-12-01,Purchase,895.2,0,8,111.9,,
Pai,MOL,INE0CT101020,Meghmani Organics Limited,2023-01-12,Purchase,548.25,0,5,109.65,,
Pai,MOL,INE0CT101020,Meghmani Organics Limited,2023-02-13,Purchase,99.6,0,1,99.6,,
Pai,MOL,INE0CT101020,Meghmani Organics Limited,2023-02-13,Purchase,199.3,0,2,99.65,,
Pai,MOL,INE0CT101020,Meghmani Organics Limited,2023-03-13,Purchase,1798,0,20,89.9,,
Pai,MOL,INE0CT101020,Meghmani Organics Limited,2023-04-12,Purchase,645.4,0,7,92.2,,
Pai,MOL,INE0CT101020,Meghmani Organics Limited,2023-06-20,Dividend,210,0,0,0,,
Pai,MOL,INE0CT101020,Meghmani Organics Limited,2024-03-05,Sale,-3042.56,0,-32,95.08,,
Pai,MOL,INE0CT101020,Meghmani Organics Limited,2024-03-05,Sale,-11218.3,0,-118,95.07,,
Pai,MMP,INE511Y01018,MMP Industries Limited,2025-10-20,Purchase,8665.8,0,33,262.6,326.25,2026-08-07
Pai,MMP,INE511Y01018,MMP Industries Limited,2025-10-20,Purchase,9480.6,0,36,263.35,326.25,2026-08-07
Pai,MMP,INE511Y01018,MMP Industries Limited,2025-10-20,Purchase,12157.5,38.85,46,263.45,326.25,2026-08-07
Pai,MMP,INE511Y01018,MMP Industries Limited,2025-10-20,Purchase,2364.3,0,9,262.7,326.25,2026-08-07
Pai,MMP,INE511Y01018,MMP Industries Limited,2025-10-29,Purchase,280.63,0.33,1,280.3,326.25,2026-08-07
Pai,MMP,INE511Y01018,MMP Industries Limited,2026-03-12,Sale,-1350,0,-6,225,326.25,2026-08-07
Pai,MMP,INE511Y01018,MMP Industries Limited,2026-03-12,Sale,-7136.97,44.47,-32,224.42,326.25,2026-08-07
Pai,MMP,INE511Y01018,MMP Industries Limited,2026-03-12,Sale,-4488.2,0,-20,224.41,326.25,2026-08-07
Pai,MMP,INE511Y01018,MMP Industries Limited,2026-03-12,Sale,-6519.78,0,-29,224.82,326.25,2026-08-07
Pai,MMP,INE511Y01018,MMP Industries Limited,2026-03-12,Sale,-6744.3,0,-30,224.81,326.25,2026-08-07
Pai,MMP,INE511Y01018,MMP Industries Limited,2026-03-12,Sale,-1798.64,0,-8,224.83,326.25,2026-08-07
Pai,MMP,INE511Y01018,MMP Industries Limited,2026-04-20,Purchase,254.13,0,1,254.13,326.25,2026-08-07
Pai,MMP,INE511Y01018,MMP Industries Limited,2026-04-20,Purchase,6879.66,15.45,27,254.23,326.25,2026-08-07
Pai,MMP,INE511Y01018,MMP Industries Limited,2026-04-20,Purchase,5850.05,0,23,254.35,326.25,2026-08-07
Pai,MOLDTECH,INE835B01035,Mold-Tek Technologies Limited,2023-06-21,Purchase,2910.6,0,9,323.4,,
Pai,MOLDTECH,INE835B01035,Mold-Tek Technologies Limited,2023-07-13,Purchase,1660.4,0,7,237.2,,
Pai,MOLDTECH,INE835B01035,Mold-Tek Technologies Limited,2023-07-13,Purchase,1177.75,0,5,235.55,,
Pai,MOLDTECH,INE835B01035,Mold-Tek Technologies Limited,2023-08-14,Purchase,308.65,0,1,308.65,,
Pai,MOLDTECH,INE835B01035,Mold-Tek Technologies Limited,2023-09-18,Dividend,30.8,0,0,0,,
Pai,MOLDTECH,INE835B01035,Mold-Tek Technologies Limited,2023-10-12,Purchase,701.9,0,2,350.95,,
Pai,MOLDTECH,INE835B01035,Mold-Tek Technologies Limited,2024-03-05,Sale,-4995.6,0,-24,208.15,,
Pai,MSUMI,INE0FS801015,Motherson Sumi Wiring India Limited,2026-05-20,Purchase,39.15,0,1,39.15,41.16,2026-08-07
Pai,MSUMI,INE0FS801015,Motherson Sumi Wiring India Limited,2026-05-20,Purchase,34891.6,0,891,39.16,41.16,2026-08-07
Pai,MSUMI,INE0FS801015,Motherson Sumi Wiring India Limited,2026-05-20,Purchase,43298.2,93.68,1103,39.17,41.16,2026-08-07
Pai,MSUMI,INE0FS801015,Motherson Sumi Wiring India Limited,2026-05-25,Purchase,1207.2,0,30,40.24,41.16,2026-08-07
Pai,MSUMI,INE0FS801015,Motherson Sumi Wiring India Limited,2026-05-25,Purchase,189817,481.27,4704,40.25,41.16,2026-08-07
Pai,MSUMI,INE0FS801015,Motherson Sumi Wiring India Limited,2026-05-25,Purchase,6924.72,0,172,40.26,41.16,2026-08-07
Pai,MSUMI,INE0FS801015,Motherson Sumi Wiring India Limited,2026-05-25,Purchase,62434,0,1550,40.28,41.16,2026-08-07
Pai,MSUMI,INE0FS801015,Motherson Sumi Wiring India Limited,2026-05-25,Purchase,142788,0,3544,40.29,41.16,2026-08-07
Pai,MSUMI,INE0FS801015,Motherson Sumi Wiring India Limited,2026-07-14,Dividend,6957.1,0,0,0,41.16,2026-08-07
Pai,MPSLTD,INE943D01017,MPS Limited,2025-10-20,Purchase,2298.6,0,1,2298.6,2931.2,2026-08-07
Pai,MPSLTD,INE943D01017,MPS Limited,2025-10-20,Purchase,2298.7,0,1,2298.7,2931.2,2026-08-07
Pai,MPSLTD,INE943D01017,MPS Limited,2025-10-20,Purchase,2299,0,1,2299,2931.2,2026-08-07
Pai,MPSLTD,INE943D01017,MPS Limited,2025-10-20,Purchase,11497.5,0,5,2299.5,2931.2,2026-08-07
Pai,MPSLTD,INE943D01017,MPS Limited,2025-10-20,Purchase,6899.1,0,3,2299.7,2931.2,2026-08-07
Pai,MPSLTD,INE943D01017,MPS Limited,2025-10-20,Purchase,13798.8,0,6,2299.8,2931.2,2026-08-07
Pai,MPSLTD,INE943D01017,MPS Limited,2025-10-20,Purchase,4599.2,0,2,2299.6,2931.2,2026-08-07
Pai,MPSLTD,INE943D01017,MPS Limited,2025-10-20,Purchase,4599.8,0,2,2299.9,2931.2,2026-08-07
Pai,MPSLTD,INE943D01017,MPS Limited,2025-10-20,Purchase,16176.8,76.8,7,2300,2931.2,2026-08-07
Pai,MPSLTD,INE943D01017,MPS Limited,2025-10-29,Purchase,2222.9,0,1,2222.9,2931.2,2026-08-07
Pai,MPSLTD,INE943D01017,MPS Limited,2025-10-29,Purchase,6681.34,10.54,3,2223.6,2931.2,2026-08-07
Pai,MPSLTD,INE943D01017,MPS Limited,2026-01-12,Sale,-18546.8,77.68,-10,1862.45,2931.2,2026-08-07
Pai,MPSLTD,INE943D01017,MPS Limited,2026-01-12,Sale,-1862.35,0,-1,1862.35,2931.2,2026-08-07
Pai,MPSLTD,INE943D01017,MPS Limited,2026-01-12,Sale,-1862.4,0,-1,1862.4,2931.2,2026-08-07
Pai,MPSLTD,INE943D01017,MPS Limited,2026-01-12,Sale,-1862.65,0,-1,1862.65,2931.2,2026-08-07
Pai,MPSLTD,INE943D01017,MPS Limited,2026-01-12,Sale,-1865.05,0,-1,1865.05,2931.2,2026-08-07
Pai,MPSLTD,INE943D01017,MPS Limited,2026-01-12,Sale,-1865.9,0,-1,1865.9,2931.2,2026-08-07
Pai,MPSLTD,INE943D01017,MPS Limited,2026-01-12,Sale,-3728.8,0,-2,1864.4,2931.2,2026-08-07
Pai,MPSLTD,INE943D01017,MPS Limited,2026-01-12,Sale,-3731.9,0,-2,1865.95,2931.2,2026-08-07
Pai,MPSLTD,INE943D01017,MPS Limited,2026-01-12,Sale,-11171.7,0,-6,1861.95,2931.2,2026-08-07
Pai,MPSLTD,INE943D01017,MPS Limited,2026-01-12,Sale,-13055,0,-7,1865,2931.2,2026-08-07
Pai,MPSLTD,INE943D01017,MPS Limited,2026-04-20,Purchase,1759.9,0,1,1759.9,2931.2,2026-08-07
Pai,MPSLTD,INE943D01017,MPS Limited,2026-04-20,Purchase,7056.38,14.78,4,1760.4,2931.2,2026-08-07
Pai,MPSLTD,INE943D01017,MPS Limited,2026-04-20,Purchase,3522,0,2,1761,2931.2,2026-08-07
Pai,BECTORFOOD,INE495P01012,Mrs. Bectors Food Specialities Limited,2023-10-23,Purchase,6489.3,0,6,1081.55,,
Pai,BECTORFOOD,INE495P01012,Mrs. Bectors Food Specialities Limited,2023-10-23,Purchase,3245.25,0,3,1081.75,,
Pai,BECTORFOOD,INE495P01012,Mrs. Bectors Food Specialities Limited,2024-02-21,Dividend,11.25,0,0,0,,
Pai,BECTORFOOD,INE495P01012,Mrs. Bectors Food Specialities Limited,2024-03-05,Sale,-9424.8,0,-9,1047.2,,
Pai,MTARTECH,INE864I01014,MTAR Technologies Limited,2022-10-24,Purchase,14674.5,0,9,1630.5,3555.6,2026-03-25
Pai,MTARTECH,INE864I01014,MTAR Technologies Limited,2022-11-02,Purchase,1628.25,0,1,1628.25,3555.6,2026-03-25
Pai,MTARTECH,INE864I01014,MTAR Technologies Limited,2023-03-14,Purchase,4907.55,0,3,1635.85,3555.6,2026-03-25
Pai,MTARTECH,INE864I01014,MTAR Technologies Limited,2023-04-03,Purchase,6382.4,0,4,1595.6,3555.6,2026-03-25
Pai,MTARTECH,INE864I01014,MTAR Technologies Limited,2023-07-13,Purchase,4181.5,0,2,2090.75,3555.6,2026-03-25
Pai,MTARTECH,INE864I01014,MTAR Technologies Limited,2023-11-02,Purchase,2504.75,0,1,2504.75,3555.6,2026-03-25
Pai,MTARTECH,INE864I01014,MTAR Technologies Limited,2023-11-02,Purchase,7514.7,0,3,2504.9,3555.6,2026-03-25
Pai,MTARTECH,INE864I01014,MTAR Technologies Limited,2023-11-13,Purchase,8875.6,0,4,2218.9,3555.6,2026-03-25
Pai,MTARTECH,INE864I01014,MTAR Technologies Limited,2024-01-12,Purchase,4307.3,0,2,2153.65,3555.6,2026-03-25
Pai,MTARTECH,INE864I01014,MTAR Technologies Limited,2024-02-01,Sale,-2037.5,0,-1,2037.5,3555.6,2026-03-25
Pai,MTARTECH,INE864I01014,MTAR Technologies Limited,2024-02-01,Sale,-32596.8,0,-16,2037.3,3555.6,2026-03-25
Pai,MTARTECH,INE864I01014,MTAR Technologies Limited,2024-02-01,Sale,-24453,0,-12,2037.75,3555.6,2026-03-25
Pai,MUTHOOTFIN,INE414G01012,Muthoot Finance Limited,2025-02-17,Purchase,20112.7,23.84,9,2232.1,2890,2026-08-07
Pai,MUTHOOTFIN,INE414G01012,Muthoot Finance Limited,2025-03-12,Purchase,4409.07,5.57,2,2201.75,2890,2026-08-07
Pai,MUTHOOTFIN,INE414G01012,Muthoot Finance Limited,2025-04-25,Dividend,286,0,0,0,2890,2026-08-07
Pai,MUTHOOTFIN,INE414G01012,Muthoot Finance Limited,2025-04-29,Purchase,6409.94,7.64,3,2134.1,2890,2026-08-07
Pai,MUTHOOTFIN,INE414G01012,Muthoot Finance Limited,2025-05-29,Purchase,4130.48,5.28,2,2062.6,2890,2026-08-07
Pai,MUTHOOTFIN,INE414G01012,Muthoot Finance Limited,2025-06-02,Sale,-35276,51.99,-16,2208,2890,2026-08-07
Pai,MUTHOOTFIN,INE414G01012,Muthoot Finance Limited,2025-09-09,Purchase,47040.9,55.33,16,2936.6,2890,2026-08-07
Pai,MUTHOOTFIN,INE414G01012,Muthoot Finance Limited,2025-09-29,Purchase,3038.75,3.15,1,3035.6,2890,2026-08-07
Pai,MUTHOOTFIN,INE414G01012,Muthoot Finance Limited,2025-10-29,Purchase,3167.75,3.75,1,3164,2890,2026-08-07
Pai,MUTHOOTFIN,INE414G01012,Muthoot Finance Limited,2026-02-11,Purchase,46809.6,0,12,3900.8,2890,2026-08-07
Pai,MUTHOOTFIN,INE414G01012,Muthoot Finance Limited,2026-02-11,Purchase,66281.3,0,17,3898.9,2890,2026-08-07
Pai,MUTHOOTFIN,INE414G01012,Muthoot Finance Limited,2026-02-11,Purchase,11700,0,3,3900,2890,2026-08-07
Pai,MUTHOOTFIN,INE414G01012,Muthoot Finance Limited,2026-02-11,Purchase,11702.7,0,3,3900.9,2890,2026-08-07
Pai,MUTHOOTFIN,INE414G01012,Muthoot Finance Limited,2026-02-11,Purchase,218857,462.4,56,3899.9,2890,2026-08-07
Pai,MUTHOOTFIN,INE414G01012,Muthoot Finance Limited,2026-02-11,Purchase,35101.8,0,9,3900.2,2890,2026-08-07
Pai,MUTHOOTFIN,INE414G01012,Muthoot Finance Limited,2026-03-12,Sale,-34460.8,0,-11,3132.8,2890,2026-08-07
Pai,MUTHOOTFIN,INE414G01012,Muthoot Finance Limited,2026-03-12,Sale,-81447.6,0,-26,3132.6,2890,2026-08-07
Pai,MUTHOOTFIN,INE414G01012,Muthoot Finance Limited,2026-03-12,Sale,-84581.6,0,-27,3132.65,2890,2026-08-07
Pai,MUTHOOTFIN,INE414G01012,Muthoot Finance Limited,2026-03-12,Sale,-153083,401.94,-49,3132.35,2890,2026-08-07
Pai,MUTHOOTFIN,INE414G01012,Muthoot Finance Limited,2026-03-12,Sale,-15663.8,0,-5,3132.75,2890,2026-08-07
Pai,MUTHOOTFIN,INE414G01012,Muthoot Finance Limited,2026-03-24,Purchase,77640.6,93.07,25,3101.9,2890,2026-08-07
Pai,MUTHOOTFIN,INE414G01012,Muthoot Finance Limited,2026-04-17,Dividend,750,0,0,0,2890,2026-08-07
Pai,NH,INE410P01011,Narayana Hrudayalaya Ltd.,2023-10-23,Purchase,8158.4,0,8,1019.8,,
Pai,NH,INE410P01011,Narayana Hrudayalaya Ltd.,2023-11-02,Purchase,2016,0,2,1008,,
Pai,NH,INE410P01011,Narayana Hrudayalaya Ltd.,2024-08-02,Dividend,40,0,0,0,,
Pai,NH,INE410P01011,Narayana Hrudayalaya Ltd.,2024-12-16,Sale,-1298.25,0,-1,1298.25,,
Pai,NH,INE410P01011,Narayana Hrudayalaya Ltd.,2024-12-16,Sale,-1298.1,0,-1,1298.1,,
Pai,NH,INE410P01011,Narayana Hrudayalaya Ltd.,2024-12-16,Sale,-7760.09,28.81,-6,1298.15,,
Pai,NH,INE410P01011,Narayana Hrudayalaya Ltd.,2024-12-16,Sale,-1298.05,0,-1,1298.05,,
Pai,NH,INE410P01011,Narayana Hrudayalaya Ltd.,2024-12-16,Sale,-1298.2,0,-1,1298.2,,
Pai,NAVA,INE725A01022,Nava Limited,2023-10-23,Purchase,21290,0,100,212.9,,
Pai,NAVA,INE725A01022,Nava Limited,2023-10-23,Purchase,2557.2,0,12,213.1,,
Pai,NAVA,INE725A01022,Nava Limited,2024-08-01,Dividend,224,0,0,0,,
Pai,NAVA,INE725A01022,Nava Limited,2024-08-30,Dividend,224,0,0,0,,
Pai,NAVA,INE725A01022,Nava Limited,2025-03-03,Sale,-18271.2,0,-47,388.75,,
Pai,NAVA,INE725A01022,Nava Limited,2025-03-03,Sale,-25214.4,60.86,-65,388.85,,
Pai,NAVA,INE725A01022,Nava Limited,2025-03-21,Purchase,53453.8,63.39,112,476.7,,
Pai,NAVA,INE725A01022,Nava Limited,2025-08-07,Dividend,672,0,0,0,,
Pai,NAVA,INE725A01022,Nava Limited,2025-10-20,Sale,-23704.2,0,-39,607.8,,
Pai,NAVA,INE725A01022,Nava Limited,2025-10-20,Sale,-8510.6,0,-14,607.9,,
Pai,NAVA,INE725A01022,Nava Limited,2025-10-20,Sale,-25443.7,85.97,-42,607.85,,
Pai,NAVA,INE725A01022,Nava Limited,2025-10-20,Sale,-10336,0,-17,608,,
Pai,NCC,INE868B01028,NCC Limited,2023-10-23,Purchase,5087.25,0,35,145.35,,
Pai,NCC,INE868B01028,NCC Limited,2023-12-01,Sale,-5824,0,-35,166.4,,
Pai,NDRAUTO,INE07OG01012,NDR Auto Components Limited,2026-02-10,Purchase,14825.1,17.48,19,779.35,681.55,2026-03-20
Pai,NDRAUTO,INE07OG01012,NDR Auto Components Limited,2026-03-12,Sale,-689.45,0,-1,689.45,681.55,2026-03-20
Pai,NDRAUTO,INE07OG01012,NDR Auto Components Limited,2026-03-12,Sale,-12341.5,28.99,-18,687.25,681.55,2026-03-20
Pai,NEOGEN,INE136S01016,Neogen Chemicals Limited,2022-10-24,Purchase,10496.1,0,7,1499.45,2031.9,2026-08-07
Pai,NEOGEN,INE136S01016,Neogen Chemicals Limited,2022-10-24,Purchase,1499.5,0,1,1499.5,2031.9,2026-08-07
Pai,NEOGEN,INE136S01016,Neogen Chemicals Limited,2022-11-02,Purchase,1499.55,0,1,1499.55,2031.9,2026-08-07
Pai,NEOGEN,INE136S01016,Neogen Chemicals Limited,2022-12-01,Purchase,1302.95,0,1,1302.95,2031.9,2026-08-07
Pai,NEOGEN,INE136S01016,Neogen Chemicals Limited,2023-02-16,Purchase,3899.85,0,3,1299.95,2031.9,2026-08-07
Pai,NEOGEN,INE136S01016,Neogen Chemicals Limited,2023-04-03,Purchase,1287.55,0,1,1287.55,2031.9,2026-08-07
Pai,NEOGEN,INE136S01016,Neogen Chemicals Limited,2023-04-03,Purchase,3862.5,0,3,1287.5,2031.9,2026-08-07
Pai,NEOGEN,INE136S01016,Neogen Chemicals Limited,2023-05-08,Sale,-25908,0,-17,1524,2031.9,2026-08-07
Pai,NEOGEN,INE136S01016,Neogen Chemicals Limited,2026-02-03,Purchase,4049.1,0,3,1349.7,2031.9,2026-08-07
Pai,NEOGEN,INE136S01016,Neogen Chemicals Limited,2026-02-03,Purchase,25691.4,45.2,19,1349.8,2031.9,2026-08-07
Pai,NEOGEN,INE136S01016,Neogen Chemicals Limited,2026-02-03,Purchase,8094,0,6,1349,2031.9,2026-08-07
Pai,NEOGEN,INE136S01016,Neogen Chemicals Limited,2026-05-22,Purchase,1701.76,1.76,1,1700,2031.9,2026-08-07
Pai,NEOGEN,INE136S01016,Neogen Chemicals Limited,2026-07-31,Purchase,14312.2,0,7,2044.6,2031.9,2026-08-07
Pai,NEOGEN,INE136S01016,Neogen Chemicals Limited,2026-07-31,Purchase,24626.5,85.26,12,2045.1,2031.9,2026-08-07
Pai,NEOGEN,INE136S01016,Neogen Chemicals Limited,2026-07-31,Purchase,18406.8,0,9,2045.2,2031.9,2026-08-07
Pai,NEOGEN,INE136S01016,Neogen Chemicals Limited,2026-07-31,Purchase,6135.9,0,3,2045.3,2031.9,2026-08-07
Pai,NEOGEN,INE136S01016,Neogen Chemicals Limited,2026-07-31,Purchase,8182,0,4,2045.5,2031.9,2026-08-07
Pai,NETWEB,INE0NT901020,Netweb Technologies India Limited,2023-07-26,Purchase,15000,0,30,500,4939.2,2026-08-07
Pai,NETWEB,INE0NT901020,Netweb Technologies India Limited,2024-08-09,Dividend,60,0,0,0,4939.2,2026-08-07
Pai,NETWEB,INE0NT901020,Netweb Technologies India Limited,2025-03-03,Sale,-19612.6,0,-14,1400.9,4939.2,2026-08-07
Pai,NETWEB,INE0NT901020,Netweb Technologies India Limited,2025-03-03,Sale,-22355.9,59.28,-16,1400.95,4939.2,2026-08-07
Pai,NETWEB,INE0NT901020,Netweb Technologies India Limited,2025-03-21,Purchase,78976.3,93.83,50,1577.65,4939.2,2026-08-07
Pai,NETWEB,INE0NT901020,Netweb Technologies India Limited,2025-08-22,Dividend,125,0,0,0,4939.2,2026-08-07
Pai,NETWEB,INE0NT901020,Netweb Technologies India Limited,2025-10-29,Purchase,20038.4,23.9,5,4002.9,4939.2,2026-08-07
Pai,NETWEB,INE0NT901020,Netweb Technologies India Limited,2025-12-09,Sale,-2984.3,0,-1,2984.3,4939.2,2026-08-07
Pai,NETWEB,INE0NT901020,Netweb Technologies India Limited,2025-12-09,Sale,-29839,0,-10,2983.9,4939.2,2026-08-07
Pai,NETWEB,INE0NT901020,Netweb Technologies India Limited,2025-12-09,Sale,-2984.4,0,-1,2984.4,4939.2,2026-08-07
Pai,NETWEB,INE0NT901020,Netweb Technologies India Limited,2025-12-09,Sale,-53708.4,0,-18,2983.8,4939.2,2026-08-07
Pai,NETWEB,INE0NT901020,Netweb Technologies India Limited,2025-12-09,Sale,-74431.9,185.61,-25,2984.7,4939.2,2026-08-07
Pai,NETWEB,INE0NT901020,Netweb Technologies India Limited,2026-02-10,Purchase,67599,0,21,3219,4939.2,2026-08-07
Pai,NETWEB,INE0NT901020,Netweb Technologies India Limited,2026-02-10,Purchase,77253.6,0,24,3218.9,4939.2,2026-08-07
Pai,NETWEB,INE0NT901020,Netweb Technologies India Limited,2026-02-10,Purchase,80746.4,286.44,25,3218.4,4939.2,2026-08-07
Pai,NETWEB,INE0NT901020,Netweb Technologies India Limited,2026-02-10,Purchase,16092.5,0,5,3218.5,4939.2,2026-08-07
Pai,NETWEB,INE0NT901020,Netweb Technologies India Limited,2026-04-01,Purchase,16014.8,0,5,3202.95,4939.2,2026-08-07
Pai,NETWEB,INE0NT901020,Netweb Technologies India Limited,2026-04-01,Purchase,25624,0,8,3203,4939.2,2026-08-07
Pai,NETWEB,INE0NT901020,Netweb Technologies India Limited,2026-04-01,Purchase,3203.35,0,1,3203.35,4939.2,2026-08-07
Pai,NETWEB,INE0NT901020,Netweb Technologies India Limited,2026-04-01,Purchase,22434.3,0,7,3204.9,4939.2,2026-08-07
Pai,NETWEB,INE0NT901020,Netweb Technologies India Limited,2026-04-01,Purchase,22440.6,0,7,3205.8,4939.2,2026-08-07
Pai,NETWEB,INE0NT901020,Netweb Technologies India Limited,2026-04-01,Purchase,16029.5,0,5,3205.9,4939.2,2026-08-07
Pai,NETWEB,INE0NT901020,Netweb Technologies India Limited,2026-04-01,Purchase,90109.1,336.91,28,3206.15,4939.2,2026-08-07
Pai,NETWEB,INE0NT901020,Netweb Technologies India Limited,2026-04-01,Purchase,3206.3,0,1,3206.3,4939.2,2026-08-07
Pai,NETWEB,INE0NT901020,Netweb Technologies India Limited,2026-04-01,Purchase,35273.2,0,11,3206.65,4939.2,2026-08-07
Pai,NETWEB,INE0NT901020,Netweb Technologies India Limited,2026-04-01,Purchase,48100.5,0,15,3206.7,4939.2,2026-08-07
Pai,NEWJAISA,INE0PW501021,Newjaisa Technologies Limited,2023-10-04,Purchase,141000,0,3000,47,,
Pai,NEWJAISA,INE0PW501021,Newjaisa Technologies Limited,2025-05-08,Sale,-111919,131.17,-3000,37.35,,
Pai,NHPC,INE848E01016,NHPC Limited,2024-03-05,Purchase,13767.6,0,149,92.4,,
Pai,NHPC,INE848E01016,NHPC Limited,2024-03-12,Purchase,525.6,0,6,87.6,,
Pai,NHPC,INE848E01016,NHPC Limited,2024-03-28,Sale,-13920.5,0,-155,89.81,,
Pai,NHPC,INE848E01016,NHPC Limited,2024-12-09,Purchase,5657.96,6.86,65,86.94,,
Pai,NHPC,INE848E01016,NHPC Limited,2024-12-12,Purchase,683.44,0,8,85.43,,
Pai,NHPC,INE848E01016,NHPC Limited,2024-12-12,Purchase,1283.64,2.04,15,85.44,,
Pai,NHPC,INE848E01016,NHPC Limited,2025-01-13,Purchase,2087.88,2.16,28,74.49,,
Pai,NHPC,INE848E01016,NHPC Limited,2025-02-12,Purchase,1918.97,1.99,26,73.73,,
Pai,NHPC,INE848E01016,NHPC Limited,2025-02-13,Dividend,198.8,0,0,0,,
Pai,NHPC,INE848E01016,NHPC Limited,2025-04-29,Purchase,3321.6,3.44,38,87.32,,
Pai,NHPC,INE848E01016,NHPC Limited,2025-05-29,Purchase,3468.99,4.59,40,86.61,,
Pai,NHPC,INE848E01016,NHPC Limited,2025-06-30,Purchase,3524.5,4.65,41,85.85,,
Pai,NHPC,INE848E01016,NHPC Limited,2025-07-29,Purchase,1928.71,2,23,83.77,,
Pai,NHPC,INE848E01016,NHPC Limited,2025-08-14,Dividend,144.84,0,0,0,,
Pai,NHPC,INE848E01016,NHPC Limited,2025-08-29,Sale,-21991.7,38.19,-284,77.57,,
Pai,LIQUIDBEES,INF732E01037,Nippon India Liquid BeES ETF,2023-03-14,Purchase,33000,0,33,1000,,
Pai,LIQUIDBEES,INF732E01037,Nippon India Liquid BeES ETF,2023-04-03,Purchase,7000,0,7,1000,,
Pai,LIQUIDBEES,INF732E01037,Nippon India Liquid BeES ETF,2023-04-12,Purchase,2000,0,2,1000,,
Pai,LIQUIDBEES,INF732E01037,Nippon India Liquid BeES ETF,2023-05-08,Sale,-16999.8,0,-17,999.99,,
Pai,LIQUIDBEES,INF732E01037,Nippon India Liquid BeES ETF,2023-05-12,Purchase,1000.01,0,1,1000.01,,
Pai,LIQUIDBEES,INF732E01037,Nippon India Liquid BeES ETF,2023-05-18,Sale,-25999.7,0,-26,999.99,,
Pai,NAM-INDIA,INE298J01013,Nippon Life India Asset Management Limited,2025-06-02,Purchase,3690.5,0,5,738.1,,
Pai,NAM-INDIA,INE298J01013,Nippon Life India Asset Management Limited,2025-06-02,Purchase,30304.4,40.22,41,738.15,,
Pai,NAM-INDIA,INE298J01013,Nippon Life India Asset Management Limited,2025-06-30,Purchase,1611.87,1.67,2,805.1,,
Pai,NAM-INDIA,INE298J01013,Nippon Life India Asset Management Limited,2025-07-04,Dividend,480,0,0,0,,
Pai,NAM-INDIA,INE298J01013,Nippon Life India Asset Management Limited,2025-07-29,Purchase,3162.28,3.28,4,789.75,,
Pai,NAM-INDIA,INE298J01013,Nippon Life India Asset Management Limited,2025-08-29,Purchase,5564.07,6.77,7,793.9,,
Pai,NAM-INDIA,INE298J01013,Nippon Life India Asset Management Limited,2025-09-09,Sale,-21580.1,64.42,-27,801.65,,
Pai,NAM-INDIA,INE298J01013,Nippon Life India Asset Management Limited,2025-09-09,Sale,-801.6,0,-1,801.6,,
Pai,NAM-INDIA,INE298J01013,Nippon Life India Asset Management Limited,2025-09-09,Sale,-19248,0,-24,802,,
Pai,NAM-INDIA,INE298J01013,Nippon Life India Asset Management Limited,2025-09-09,Sale,-1603.5,0,-2,801.75,,
Pai,NAM-INDIA,INE298J01013,Nippon Life India Asset Management Limited,2025-09-09,Sale,-4008.5,0,-5,801.7,,
Pai,NMDC,INE584A01023,NMDC Limited,2023-11-13,Purchase,15966,0,91,175.45,84.92,2026-08-07
Pai,NMDC,INE584A01023,NMDC Limited,2023-12-12,Purchase,2951.2,0,16,184.45,84.92,2026-08-07
Pai,NMDC,INE584A01023,NMDC Limited,2024-01-12,Purchase,2125.5,0,10,212.55,84.92,2026-08-07
Pai,NMDC,INE584A01023,NMDC Limited,2024-02-12,Purchase,4001.8,0,17,235.4,84.92,2026-08-07
Pai,NMDC,INE584A01023,NMDC Limited,2024-02-27,Dividend,771,0,0,0,84.92,2026-08-07
Pai,NMDC,INE584A01023,NMDC Limited,2024-03-12,Purchase,6242.6,0,28,222.95,84.92,2026-08-07
Pai,NMDC,INE584A01023,NMDC Limited,2024-04-12,Purchase,3612.75,0,15,240.85,84.92,2026-08-07
Pai,NMDC,INE584A01023,NMDC Limited,2024-05-13,Purchase,1002.2,0,4,250.55,84.92,2026-08-07
Pai,NMDC,INE584A01023,NMDC Limited,2024-06-12,Purchase,4146.99,5.39,16,258.85,84.92,2026-08-07
Pai,NMDC,INE584A01023,NMDC Limited,2024-06-12,Purchase,4404.41,5.66,17,258.75,84.92,2026-08-07
Pai,NMDC,INE584A01023,NMDC Limited,2024-07-12,Purchase,5925.38,8.18,24,246.55,84.92,2026-08-07
Pai,NMDC,INE584A01023,NMDC Limited,2024-07-12,Purchase,986.16,0,4,246.54,84.92,2026-08-07
Pai,NMDC,INE584A01023,NMDC Limited,2024-08-12,Purchase,12073,14.79,54,223.3,84.92,2026-08-07
Pai,NMDC,INE584A01023,NMDC Limited,2024-09-12,Purchase,4000.29,5.16,19,210.27,84.92,2026-08-07
Pai,NMDC,INE584A01023,NMDC Limited,2024-09-17,Dividend,472.5,0,0,0,84.92,2026-08-07
Pai,NMDC,INE584A01023,NMDC Limited,2024-11-12,Purchase,8315.38,9.62,37,224.48,84.92,2026-08-07
Pai,NMDC,INE584A01023,NMDC Limited,2024-12-09,Purchase,5514.06,6.71,23,239.45,84.92,2026-08-07
Pai,NMDC,INE584A01023,NMDC Limited,2024-12-12,Purchase,2145.12,2.22,9,238.1,84.92,2026-08-07
Pai,NMDC,INE584A01023,NMDC Limited,2024-12-27,Bonus,0,0,768,0,84.92,2026-08-07
Pai,NMDC,INE584A01023,NMDC Limited,2025-01-13,Purchase,2756.41,2.86,45,61.19,84.92,2026-08-07
Pai,NMDC,INE584A01023,NMDC Limited,2025-02-12,Purchase,2538.89,2.63,41,61.86,84.92,2026-08-07
Pai,NMDC,INE584A01023,NMDC Limited,2025-02-17,Sale,-1238,0,-20,61.9,84.92,2026-08-07
Pai,NMDC,INE584A01023,NMDC Limited,2025-02-17,Sale,-43551.1,95.47,-705,61.91,84.92,2026-08-07
Pai,NMDC,INE584A01023,NMDC Limited,2025-02-17,Sale,-19814.4,0,-320,61.92,84.92,2026-08-07
Pai,NMDC,INE584A01023,NMDC Limited,2025-02-17,Sale,-11952.5,0,-193,61.93,84.92,2026-08-07
Pai,NMDC,INE584A01023,NMDC Limited,2025-03-12,Purchase,11607.5,12.61,178,65.14,84.92,2026-08-07
Pai,NMDC,INE584A01023,NMDC Limited,2025-03-21,Dividend,409.4,0,0,0,84.92,2026-08-07
Pai,NMDC,INE584A01023,NMDC Limited,2025-04-02,Sale,-12431.7,28.27,-178,70,84.92,2026-08-07
Pai,NMDC,INE584A01023,NMDC Limited,2026-02-11,Purchase,8544.92,9.92,100,85.35,84.92,2026-08-07
Pai,NMDC,INE584A01023,NMDC Limited,2026-02-13,Dividend,250,0,0,0,84.92,2026-08-07
Pai,NTPC,INE733E01010,NTPC Limited,2023-12-01,Purchase,6020.3,0,22,273.65,,
Pai,NTPC,INE733E01010,NTPC Limited,2023-12-12,Purchase,1137,0,4,284.25,,
Pai,NTPC,INE733E01010,NTPC Limited,2024-01-02,Sale,-7978.1,0,-26,306.85,,
Pai,NTPC,INE733E01010,NTPC Limited,2024-04-01,Purchase,7899.35,0,23,343.45,,
Pai,NTPC,INE733E01010,NTPC Limited,2024-04-12,Purchase,367.05,0,1,367.05,,
Pai,NTPC,INE733E01010,NTPC Limited,2024-05-03,Purchase,7010.05,0,19,368.95,,
Pai,NTPC,INE733E01010,NTPC Limited,2024-05-13,Purchase,700.9,0,2,350.45,,
Pai,NTPC,INE733E01010,NTPC Limited,2024-06-12,Purchase,1111.38,1.23,3,370.05,,
Pai,NTPC,INE733E01010,NTPC Limited,2024-07-12,Purchase,1878.45,1.95,5,375.3,,
Pai,NTPC,INE733E01010,NTPC Limited,2024-08-07,Dividend,172.25,0,0,0,,
Pai,NTPC,INE733E01010,NTPC Limited,2024-10-31,Dividend,132.5,0,0,0,,
Pai,NTPC,INE733E01010,NTPC Limited,2024-12-16,Sale,-12012.9,34.97,-34,354.35,,
Pai,NTPC,INE733E01010,NTPC Limited,2024-12-16,Sale,-6733.6,0,-19,354.4,,
Pai,OBEROIRLTY,INE093I01010,Oberoi Realty Limited,2024-12-09,Purchase,12895.8,11.66,6,2147.35,,
Pai,OBEROIRLTY,INE093I01010,Oberoi Realty Limited,2024-12-12,Purchase,2139.92,2.22,1,2137.7,,
Pai,OBEROIRLTY,INE093I01010,Oberoi Realty Limited,2025-01-13,Purchase,4140.49,5.29,2,2067.6,,
Pai,OBEROIRLTY,INE093I01010,Oberoi Realty Limited,2025-01-24,Dividend,18,0,0,0,,
Pai,OBEROIRLTY,INE093I01010,Oberoi Realty Limited,2025-02-12,Purchase,1655.5,0,1,1655.5,,
Pai,OBEROIRLTY,INE093I01010,Oberoi Realty Limited,2025-02-12,Purchase,4974.52,7.87,3,1655.55,,
Pai,OBEROIRLTY,INE093I01010,Oberoi Realty Limited,2025-02-17,Sale,-20402.1,36.54,-13,1572.2,,
Pai,ONGC,INE213A01029,Oil & Natural Gas Corporation Limited,2023-11-13,Purchase,9993.45,0,51,195.95,,
Pai,ONGC,INE213A01029,Oil & Natural Gas Corporation Limited,2023-11-21,Dividend,293,0,0,0,,
Pai,ONGC,INE213A01029,Oil & Natural Gas Corporation Limited,2023-12-12,Purchase,1959.5,0,10,195.95,,
Pai,ONGC,INE213A01029,Oil & Natural Gas Corporation Limited,2024-01-12,Purchase,1764.8,0,8,220.6,,
Pai,ONGC,INE213A01029,Oil & Natural Gas Corporation Limited,2024-02-12,Purchase,1288,0,5,257.6,,
Pai,ONGC,INE213A01029,Oil & Natural Gas Corporation Limited,2024-02-16,Dividend,296,0,0,0,,
Pai,ONGC,INE213A01029,Oil & Natural Gas Corporation Limited,2024-03-12,Purchase,2702,0,10,270.2,,
Pai,ONGC,INE213A01029,Oil & Natural Gas Corporation Limited,2024-04-12,Purchase,3782.1,0,14,270.15,,
Pai,ONGC,INE213A01029,Oil & Natural Gas Corporation Limited,2024-05-13,Purchase,3207,0,12,267.25,,
Pai,ONGC,INE213A01029,Oil & Natural Gas Corporation Limited,2024-06-12,Purchase,4157.4,5.4,15,276.8,,
Pai,ONGC,INE213A01029,Oil & Natural Gas Corporation Limited,2024-08-23,Dividend,313,0,0,0,,
Pai,ONGC,INE213A01029,Oil & Natural Gas Corporation Limited,2024-09-12,Purchase,5198.5,6.4,18,288.45,,
Pai,ONGC,INE213A01029,Oil & Natural Gas Corporation Limited,2024-10-14,Purchase,8143.44,9.44,28,290.5,,
Pai,ONGC,INE213A01029,Oil & Natural Gas Corporation Limited,2024-11-08,Purchase,6004.47,7.22,23,260.75,,
Pai,ONGC,INE213A01029,Oil & Natural Gas Corporation Limited,2024-11-12,Purchase,3586.62,4.72,14,255.85,,
Pai,ONGC,INE213A01029,Oil & Natural Gas Corporation Limited,2024-11-19,Dividend,1248,0,0,0,,
Pai,ONGC,INE213A01029,Oil & Natural Gas Corporation Limited,2025-02-07,Dividend,1040,0,0,0,,
Pai,ONGC,INE213A01029,Oil & Natural Gas Corporation Limited,2025-03-03,Sale,-36788.4,63.62,-166,222,,
Pai,ONGC,INE213A01029,Oil & Natural Gas Corporation Limited,2025-03-03,Sale,-9326.1,0,-42,222.05,,
Pai,OIL,INE274J01014,Oil India Limited,2024-03-05,Purchase,26355,0,42,627.5,,
Pai,OIL,INE274J01014,Oil India Limited,2024-03-12,Purchase,610.9,0,1,610.9,,
Pai,OIL,INE274J01014,Oil India Limited,2024-03-18,Dividend,365.5,0,0,0,,
Pai,OIL,INE274J01014,Oil India Limited,2024-03-28,Sale,-25860.2,0,-43,601.4,,
Pai,OIL,INE274J01014,Oil India Limited,2024-04-01,Purchase,14681.2,0,25,587.25,,
Pai,OIL,INE274J01014,Oil India Limited,2024-04-12,Purchase,622.4,0,1,622.4,,
Pai,OIL,INE274J01014,Oil India Limited,2024-05-03,Purchase,12065,0,19,635,,
Pai,OIL,INE274J01014,Oil India Limited,2024-05-13,Purchase,1198.1,0,2,599.05,,
Pai,OIL,INE274J01014,Oil India Limited,2024-06-12,Purchase,1324.06,1.46,2,661.3,,
Pai,OIL,INE274J01014,Oil India Limited,2024-07-02,Bonus,0,0,24,0,,
Pai,OIL,INE274J01014,Oil India Limited,2024-07-02,Dividend,273.25,0,0,0,,
Pai,OIL,INE274J01014,Oil India Limited,2024-08-30,Dividend,182.5,0,0,0,,
Pai,OIL,INE274J01014,Oil India Limited,2024-11-14,Dividend,219,0,0,0,,
Pai,OIL,INE274J01014,Oil India Limited,2025-02-17,Dividend,511,0,0,0,,
Pai,OIL,INE274J01014,Oil India Limited,2025-03-03,Sale,-2044.5,0,-6,340.75,,
Pai,OIL,INE274J01014,Oil India Limited,2025-03-03,Sale,-22792.2,41.35,-67,340.8,,
Pai,OIL,INE274J01014,Oil India Limited,2025-07-03,Purchase,17653.3,21.29,40,440.8,,
Pai,OIL,INE274J01014,Oil India Limited,2025-07-29,Purchase,1733.4,1.8,4,432.9,,
Pai,OIL,INE274J01014,Oil India Limited,2025-08-29,Sale,-17039,33.05,-44,388,,
Pai,PAYTM,INE982J01020,One 97 Communications Limited,2024-12-09,Purchase,12001.8,14.44,12,998.95,1054.3,2026-03-20
Pai,PAYTM,INE982J01020,One 97 Communications Limited,2024-12-12,Purchase,3832.97,4.97,4,957,1054.3,2026-03-20
Pai,PAYTM,INE982J01020,One 97 Communications Limited,2025-01-13,Purchase,4836.01,6.01,6,805,1054.3,2026-03-20
Pai,PAYTM,INE982J01020,One 97 Communications Limited,2025-02-12,Purchase,4502.67,5.67,6,749.5,1054.3,2026-03-20
Pai,PAYTM,INE982J01020,One 97 Communications Limited,2025-02-17,Sale,-20347.5,36.49,-28,728,1054.3,2026-03-20
Pai,PAYTM,INE982J01020,One 97 Communications Limited,2025-08-08,Purchase,39496.3,46.93,37,1066.2,1054.3,2026-03-20
Pai,PAYTM,INE982J01020,One 97 Communications Limited,2025-08-29,Purchase,6098.32,7.32,5,1218.2,1054.3,2026-03-20
Pai,PAYTM,INE982J01020,One 97 Communications Limited,2025-09-29,Purchase,7942.33,9.23,7,1133.3,1054.3,2026-03-20
Pai,PAYTM,INE982J01020,One 97 Communications Limited,2025-10-29,Purchase,3884.7,0,3,1294.9,1054.3,2026-03-20
Pai,PAYTM,INE982J01020,One 97 Communications Limited,2025-10-29,Purchase,13022.6,20.14,10,1300.25,1054.3,2026-03-20
Pai,PAYTM,INE982J01020,One 97 Communications Limited,2025-11-17,Purchase,3971.71,5.11,3,1322.2,1054.3,2026-03-20
Pai,PAYTM,INE982J01020,One 97 Communications Limited,2025-12-02,Sale,-20469.9,36.61,-15,1367.1,1054.3,2026-03-20
Pai,PAYTM,INE982J01020,One 97 Communications Limited,2026-03-12,Sale,-50317.4,67.61,-50,1007.7,1054.3,2026-03-20
Pai,OFSS,INE881D01027,Oracle Financial Services Software Limited,2024-12-09,Purchase,12655.1,15.11,1,12640,,
Pai,OFSS,INE881D01027,Oracle Financial Services Software Limited,2025-01-13,Purchase,11020.3,13.42,1,11006.9,,
Pai,OFSS,INE881D01027,Oracle Financial Services Software Limited,2025-02-17,Sale,-17531.4,33.56,-2,8782.5,,
Pai,ORIENTCEM,INE876N01018,Orient Cement Limited,2022-10-24,Purchase,10033,0,79,127,,
Pai,ORIENTCEM,INE876N01018,Orient Cement Limited,2022-11-02,Purchase,131.2,0,1,131.2,,
Pai,ORIENTCEM,INE876N01018,Orient Cement Limited,2023-02-10,Dividend,40,0,0,0,,
Pai,ORIENTCEM,INE876N01018,Orient Cement Limited,2023-03-13,Purchase,2337.3,0,21,111.3,,
Pai,ORIENTCEM,INE876N01018,Orient Cement Limited,2023-07-25,Dividend,101,0,0,0,,
Pai,ORIENTCEM,INE876N01018,Orient Cement Limited,2024-02-16,Dividend,75.75,0,0,0,,
Pai,ORIENTCEM,INE876N01018,Orient Cement Limited,2024-07-29,Dividend,151.5,0,0,0,,
Pai,ORIENTCEM,INE876N01018,Orient Cement Limited,2025-07-25,Dividend,50.5,0,0,0,,
Pai,ORIENTCEM,INE876N01018,Orient Cement Limited,2025-10-20,Sale,-2763.41,0,-13,212.57,,
Pai,ORIENTCEM,INE876N01018,Orient Cement Limited,2025-10-20,Sale,-2125.8,0,-10,212.58,,
Pai,ORIENTCEM,INE876N01018,Orient Cement Limited,2025-10-20,Sale,-9316.35,37.61,-44,212.59,,
Pai,ORIENTCEM,INE876N01018,Orient Cement Limited,2025-10-20,Sale,-6590.6,0,-31,212.6,,
Pai,ORIENTCEM,INE876N01018,Orient Cement Limited,2025-10-20,Sale,-425.24,0,-2,212.62,,
Pai,ORIENTCEM,INE876N01018,Orient Cement Limited,2025-10-20,Sale,-212.65,0,-1,212.65,,
Pai,OSWALPUMPS,INE0BYP01024,Oswal Pumps Limited,2025-07-23,Purchase,137339,190.26,178,770.5,343.3,2026-02-19
Pai,OSWALPUMPS,INE0BYP01024,Oswal Pumps Limited,2025-07-23,Purchase,23112,0,30,770.4,343.3,2026-02-19
Pai,OSWALPUMPS,INE0BYP01024,Oswal Pumps Limited,2025-07-29,Purchase,4267.52,5.42,6,710.35,343.3,2026-02-19
Pai,OSWALPUMPS,INE0BYP01024,Oswal Pumps Limited,2025-08-29,Purchase,6531.37,7.77,8,815.45,343.3,2026-02-19
Pai,OSWALPUMPS,INE0BYP01024,Oswal Pumps Limited,2025-09-29,Purchase,12595,15.05,17,740,343.3,2026-02-19
Pai,OSWALPUMPS,INE0BYP01024,Oswal Pumps Limited,2025-10-29,Purchase,738.25,0,1,738.25,343.3,2026-02-19
Pai,OSWALPUMPS,INE0BYP01024,Oswal Pumps Limited,2025-10-29,Purchase,740.35,1.75,1,738.6,343.3,2026-02-19
Pai,OSWALPUMPS,INE0BYP01024,Oswal Pumps Limited,2025-11-11,Sale,-44808.4,179.61,-69,652,343.3,2026-02-19
Pai,OSWALPUMPS,INE0BYP01024,Oswal Pumps Limited,2025-11-11,Sale,-6517.5,0,-10,651.75,343.3,2026-02-19
Pai,OSWALPUMPS,INE0BYP01024,Oswal Pumps Limited,2025-11-11,Sale,-14335.2,0,-22,651.6,343.3,2026-02-19
Pai,OSWALPUMPS,INE0BYP01024,Oswal Pumps Limited,2025-11-11,Sale,-16288.8,0,-25,651.55,343.3,2026-02-19
Pai,OSWALPUMPS,INE0BYP01024,Oswal Pumps Limited,2025-11-11,Sale,-16303.8,0,-25,652.15,343.3,2026-02-19
Pai,OSWALPUMPS,INE0BYP01024,Oswal Pumps Limited,2025-11-11,Sale,-18246.2,0,-28,651.65,343.3,2026-02-19
Pai,OSWALPUMPS,INE0BYP01024,Oswal Pumps Limited,2025-11-11,Sale,-40455,0,-62,652.5,343.3,2026-02-19
Pai,PARACABLES,INE074B01023,Paramount Communications Limited,2025-10-20,Purchase,18519,30.98,438,42.21,67.56,2026-05-29
Pai,PARACABLES,INE074B01023,Paramount Communications Limited,2025-10-20,Purchase,7179.1,0,170,42.23,67.56,2026-05-29
Pai,PARACABLES,INE074B01023,Paramount Communications Limited,2025-10-20,Purchase,337.76,0,8,42.22,67.56,2026-05-29
Pai,PARACABLES,INE074B01023,Paramount Communications Limited,2025-10-29,Purchase,393.3,0,9,43.7,67.56,2026-05-29
Pai,PARACABLES,INE074B01023,Paramount Communications Limited,2025-10-29,Purchase,787.82,1.4,18,43.69,67.56,2026-05-29
Pai,PARACABLES,INE074B01023,Paramount Communications Limited,2025-11-03,Sale,-1335.48,0,-31,43.08,67.56,2026-05-29
Pai,PARACABLES,INE074B01023,Paramount Communications Limited,2025-11-03,Sale,-2451,0,-57,43,67.56,2026-05-29
Pai,PARACABLES,INE074B01023,Paramount Communications Limited,2025-11-03,Sale,-3054.42,0,-71,43.02,67.56,2026-05-29
Pai,PARACABLES,INE074B01023,Paramount Communications Limited,2025-11-03,Sale,-3096.72,0,-72,43.01,67.56,2026-05-29
Pai,PARACABLES,INE074B01023,Paramount Communications Limited,2025-11-03,Sale,-3313.31,0,-77,43.03,67.56,2026-05-29
Pai,PARACABLES,INE074B01023,Paramount Communications Limited,2025-11-03,Sale,-14384.2,44.28,-335,43.07,67.56,2026-05-29
Pai,PARACABLES,INE074B01023,Paramount Communications Limited,2026-02-18,Purchase,545.85,0,15,36.39,67.56,2026-05-29
Pai,PARACABLES,INE074B01023,Paramount Communications Limited,2026-02-18,Purchase,5790.83,11.18,159,36.35,67.56,2026-05-29
Pai,PARACABLES,INE074B01023,Paramount Communications Limited,2026-02-18,Purchase,1235.56,0,34,36.34,67.56,2026-05-29
Pai,PARACABLES,INE074B01023,Paramount Communications Limited,2026-02-18,Purchase,2254.94,0,62,36.37,67.56,2026-05-29
Pai,PARACABLES,INE074B01023,Paramount Communications Limited,2026-02-23,Purchase,891.32,0.92,24,37.1,67.56,2026-05-29
Pai,PARACABLES,INE074B01023,Paramount Communications Limited,2026-05-27,Sale,-19372.8,34.14,-294,66.01,67.56,2026-05-29
Pai,PENIND,INE932A01024,Pennar Industries Limited,2023-02-16,Purchase,13295,0,183,72.65,,
Pai,PENIND,INE932A01024,Pennar Industries Limited,2023-04-03,Purchase,4183.8,0,57,73.4,,
Pai,PENIND,INE932A01024,Pennar Industries Limited,2023-04-12,Purchase,608,0,8,76,,
Pai,PENIND,INE932A01024,Pennar Industries Limited,2023-05-12,Purchase,3271.5,0,45,72.7,,
Pai,PENIND,INE932A01024,Pennar Industries Limited,2023-07-13,Purchase,1075.1,0,13,82.7,,
Pai,PENIND,INE932A01024,Pennar Industries Limited,2023-07-13,Purchase,2975.4,0,36,82.65,,
Pai,PENIND,INE932A01024,Pennar Industries Limited,2023-09-12,Purchase,1732.8,0,16,108.3,,
Pai,PENIND,INE932A01024,Pennar Industries Limited,2023-10-12,Purchase,2551.2,0,24,106.3,,
Pai,PENIND,INE932A01024,Pennar Industries Limited,2023-11-13,Purchase,2972.5,0,29,102.5,,
Pai,PENIND,INE932A01024,Pennar Industries Limited,2024-02-12,Purchase,5287.3,0,37,142.9,,
Pai,PENIND,INE932A01024,Pennar Industries Limited,2024-03-12,Purchase,1551.55,0,13,119.35,,
Pai,PENIND,INE932A01024,Pennar Industries Limited,2024-04-12,Purchase,3969,0,30,132.3,,
Pai,PENIND,INE932A01024,Pennar Industries Limited,2024-05-13,Purchase,5350.8,0,42,127.4,,
Pai,PENIND,INE932A01024,Pennar Industries Limited,2024-08-12,Purchase,3729.65,4.88,21,177.37,,
Pai,PENIND,INE932A01024,Pennar Industries Limited,2024-09-04,Sale,-93790,113.03,-554,169.5,,
Pai,PERSISTENT,INE262H01013,Persistent Systems Limited,2022-10-24,Purchase,3718.95,0,2,1859.48,,
Pai,PERSISTENT,INE262H01013,Persistent Systems Limited,2022-11-02,Purchase,3746,0,2,1873,,
Pai,PERSISTENT,INE262H01013,Persistent Systems Limited,2023-01-25,Dividend,56,0,0,0,,
Pai,PERSISTENT,INE262H01013,Persistent Systems Limited,2023-05-12,Purchase,4672,0,2,2336,,
Pai,PERSISTENT,INE262H01013,Persistent Systems Limited,2023-07-11,Dividend,66,0,0,0,,
Pai,PERSISTENT,INE262H01013,Persistent Systems Limited,2023-07-13,Purchase,4769,0,2,2384.5,,
Pai,PERSISTENT,INE262H01013,Persistent Systems Limited,2024-01-30,Dividend,128,0,0,0,,
Pai,PERSISTENT,INE262H01013,Persistent Systems Limited,2024-07-09,Dividend,80,0,0,0,,
Pai,PERSISTENT,INE262H01013,Persistent Systems Limited,2025-01-31,Dividend,160,0,0,0,,
Pai,PERSISTENT,INE262H01013,Persistent Systems Limited,2025-03-03,Sale,-26176.6,58.89,-5,5247.1,,
Pai,PERSISTENT,INE262H01013,Persistent Systems Limited,2025-03-03,Sale,-15741.6,0,-3,5247.2,,
Pai,PETRONET,INE347G01014,Petronet LNG Limited,2023-12-11,Purchase,17338.9,0,82,211.45,,
Pai,PETRONET,INE347G01014,Petronet LNG Limited,2023-12-12,Purchase,3349.6,0,16,209.35,,
Pai,PETRONET,INE347G01014,Petronet LNG Limited,2024-01-12,Purchase,3436.5,0,15,229.1,,
Pai,PETRONET,INE347G01014,Petronet LNG Limited,2024-02-12,Purchase,3369.6,0,13,259.2,,
Pai,PETRONET,INE347G01014,Petronet LNG Limited,2024-03-12,Purchase,1382.25,0,5,276.45,,
Pai,PETRONET,INE347G01014,Petronet LNG Limited,2024-04-12,Purchase,2164.05,0,7,309.15,,
Pai,PETRONET,INE347G01014,Petronet LNG Limited,2024-04-23,Sale,-40992.9,0,-138,297.05,,
Pai,PETRONET,INE347G01014,Petronet LNG Limited,2024-12-09,Purchase,5360.15,6.55,16,334.6,,
Pai,PETRONET,INE347G01014,Petronet LNG Limited,2024-12-12,Purchase,2061.94,2.14,6,343.3,,
Pai,PETRONET,INE347G01014,Petronet LNG Limited,2025-01-13,Purchase,1594.15,1.65,5,318.5,,
Pai,PETRONET,INE347G01014,Petronet LNG Limited,2025-02-12,Purchase,1789.85,1.85,6,298,,
Pai,PETRONET,INE347G01014,Petronet LNG Limited,2025-03-12,Purchase,575.6,0.6,2,287.5,,
Pai,PETRONET,INE347G01014,Petronet LNG Limited,2025-04-29,Purchase,2492.98,2.58,8,311.3,,
Pai,PETRONET,INE347G01014,Petronet LNG Limited,2025-05-29,Purchase,2512.2,2.6,8,313.7,,
Pai,PETRONET,INE347G01014,Petronet LNG Limited,2025-06-30,Purchase,3332.6,3.45,11,302.65,,
Pai,PETRONET,INE347G01014,Petronet LNG Limited,2025-07-03,Sale,-7238.4,0,-24,301.6,,
Pai,PETRONET,INE347G01014,Petronet LNG Limited,2025-07-03,Sale,-11428,34.74,-38,301.65,,
Pai,PGEL,INE457L01011,PG Electroplast Limited,2026-02-10,Purchase,83922.8,108.51,138,607.35,512.75,2026-03-20
Pai,PGEL,INE457L01011,PG Electroplast Limited,2026-02-10,Purchase,7289.4,0,12,607.45,512.75,2026-03-20
Pai,PGEL,INE457L01011,PG Electroplast Limited,2026-03-12,Sale,-79626.9,98.05,-150,531.5,512.75,2026-03-20
Pai,PIIND,INE603J01030,PI Industries Limited,2022-11-11,Purchase,7005.3,0,2,3502.65,,
Pai,PIIND,INE603J01030,PI Industries Limited,2023-02-24,Dividend,9,0,0,0,,
Pai,PIIND,INE603J01030,PI Industries Limited,2023-08-11,Dividend,11,0,0,0,,
Pai,PIIND,INE603J01030,PI Industries Limited,2023-10-23,Sale,-6820.8,0,-2,3410.4,,
Pai,PIDILITIND,INE318A01026,Pidilite Industries Limited,2022-10-24,Purchase,5337.2,0,2,2668.6,,
Pai,PIDILITIND,INE318A01026,Pidilite Industries Limited,2022-12-01,Purchase,2747.75,0,1,2747.75,,
Pai,PIDILITIND,INE318A01026,Pidilite Industries Limited,2023-02-13,Purchase,2303.45,0,1,2303.45,,
Pai,PIDILITIND,INE318A01026,Pidilite Industries Limited,2023-06-12,Purchase,2636.95,0,1,2636.95,,
Pai,PIDILITIND,INE318A01026,Pidilite Industries Limited,2023-07-13,Purchase,2630,0,1,2630,,
Pai,PIDILITIND,INE318A01026,Pidilite Industries Limited,2023-07-27,Dividend,66,0,0,0,,
Pai,PIDILITIND,INE318A01026,Pidilite Industries Limited,2023-09-12,Purchase,2489.85,0,1,2489.85,,
Pai,PIDILITIND,INE318A01026,Pidilite Industries Limited,2024-07-24,Dividend,112,0,0,0,,
Pai,PIDILITIND,INE318A01026,Pidilite Industries Limited,2024-12-16,Sale,-22291.5,38.51,-7,3190,,
Pai,PPLPHARMA,INE0DK501011,Piramal Pharma Limited,2022-11-23,Purchase,18284,0,140,130.6,,
Pai,PPLPHARMA,INE0DK501011,Piramal Pharma Limited,2023-01-12,Purchase,347.4,0,3,115.8,,
Pai,PPLPHARMA,INE0DK501011,Piramal Pharma Limited,2023-02-13,Purchase,2902.35,0,33,87.95,,
Pai,PPLPHARMA,INE0DK501011,Piramal Pharma Limited,2023-03-13,Purchase,7837.1,0,109,71.9,,
Pai,PPLPHARMA,INE0DK501011,Piramal Pharma Limited,2023-04-12,Purchase,1482.6,0,21,70.6,,
Pai,PPLPHARMA,INE0DK501011,Piramal Pharma Limited,2023-08-24,Purchase,2673,0,33,81,,
Pai,PPLPHARMA,INE0DK501011,Piramal Pharma Limited,2024-07-12,Dividend,37.29,0,0,0,,
Pai,PPLPHARMA,INE0DK501011,Piramal Pharma Limited,2025-03-03,Sale,-44933.7,83.24,-234,192.38,,
Pai,PPLPHARMA,INE0DK501011,Piramal Pharma Limited,2025-03-03,Sale,-20201,0,-105,192.39,,
Pai,PITTIENG,INE450D01021,Pitti Engineering Limited,2022-10-24,Purchase,14986.4,0,51,293.85,,
Pai,PITTIENG,INE450D01021,Pitti Engineering Limited,2022-11-02,Purchase,587.5,0,2,293.75,,
Pai,PITTIENG,INE450D01021,Pitti Engineering Limited,2023-01-12,Purchase,316.25,0,1,316.25,,
Pai,PITTIENG,INE450D01021,Pitti Engineering Limited,2023-02-13,Purchase,1226.6,0,4,306.65,,
Pai,PITTIENG,INE450D01021,Pitti Engineering Limited,2023-02-13,Purchase,306.6,0,1,306.6,,
Pai,PITTIENG,INE450D01021,Pitti Engineering Limited,2023-02-13,Purchase,613.4,0,2,306.7,,
Pai,PITTIENG,INE450D01021,Pitti Engineering Limited,2023-02-24,Dividend,91.5,0,0,0,,
Pai,PITTIENG,INE450D01021,Pitti Engineering Limited,2023-03-13,Purchase,290.65,0,1,290.65,,
Pai,PITTIENG,INE450D01021,Pitti Engineering Limited,2023-03-13,Purchase,872.1,0,3,290.7,,
Pai,PITTIENG,INE450D01021,Pitti Engineering Limited,2023-03-13,Purchase,290.75,0,1,290.75,,
Pai,PITTIENG,INE450D01021,Pitti Engineering Limited,2023-07-13,Purchase,2279.7,0,6,379.95,,
Pai,PITTIENG,INE450D01021,Pitti Engineering Limited,2023-07-13,Purchase,379.6,0,1,379.6,,
Pai,PITTIENG,INE450D01021,Pitti Engineering Limited,2023-08-11,Dividend,87.6,0,0,0,,
Pai,PITTIENG,INE450D01021,Pitti Engineering Limited,2023-09-12,Purchase,612.1,0,1,612.1,,
Pai,PITTIENG,INE450D01021,Pitti Engineering Limited,2023-11-13,Purchase,2790,0,4,697.5,,
Pai,PITTIENG,INE450D01021,Pitti Engineering Limited,2023-12-12,Purchase,2126.85,0,3,708.95,,
Pai,PITTIENG,INE450D01021,Pitti Engineering Limited,2024-01-12,Purchase,4914,0,7,702,,
Pai,PITTIENG,INE450D01021,Pitti Engineering Limited,2024-02-12,Purchase,641.35,0,1,641.35,,
Pai,PITTIENG,INE450D01021,Pitti Engineering Limited,2024-09-12,Purchase,3867.52,5.02,3,1287.5,,
Pai,PITTIENG,INE450D01021,Pitti Engineering Limited,2024-09-13,Dividend,138,0,0,0,,
Pai,PITTIENG,INE450D01021,Pitti Engineering Limited,2024-10-07,Purchase,1319.4,0,1,1319.4,,
Pai,PITTIENG,INE450D01021,Pitti Engineering Limited,2024-10-07,Purchase,3964.83,6.48,3,1319.45,,
Pai,PITTIENG,INE450D01021,Pitti Engineering Limited,2024-12-10,Purchase,7167.43,8.43,5,1431.8,,
Pai,PITTIENG,INE450D01021,Pitti Engineering Limited,2024-12-12,Purchase,1413.56,1.46,1,1412.1,,
Pai,PITTIENG,INE450D01021,Pitti Engineering Limited,2025-01-16,Purchase,2584.5,0,2,1292.25,,
Pai,PITTIENG,INE450D01021,Pitti Engineering Limited,2025-01-16,Purchase,3876,0,3,1292,,
Pai,PITTIENG,INE450D01021,Pitti Engineering Limited,2025-01-16,Purchase,2584.7,0,2,1292.35,,
Pai,PITTIENG,INE450D01021,Pitti Engineering Limited,2025-01-16,Purchase,3892.31,15.41,3,1292.3,,
Pai,PITTIENG,INE450D01021,Pitti Engineering Limited,2025-02-12,Purchase,1008.85,1.05,1,1007.8,,
Pai,PITTIENG,INE450D01021,Pitti Engineering Limited,2025-03-19,Purchase,6176.1,0,6,1029.35,,
Pai,PITTIENG,INE450D01021,Pitti Engineering Limited,2025-03-19,Purchase,1029.85,0,1,1029.85,,
Pai,PITTIENG,INE450D01021,Pitti Engineering Limited,2025-03-19,Purchase,2059.8,0,2,1029.9,,
Pai,PITTIENG,INE450D01021,Pitti Engineering Limited,2025-03-19,Purchase,1029.95,0,1,1029.95,,
Pai,PITTIENG,INE450D01021,Pitti Engineering Limited,2025-03-19,Purchase,9271.35,0,9,1030.15,,
Pai,PITTIENG,INE450D01021,Pitti Engineering Limited,2025-03-19,Purchase,9272.25,0,9,1030.25,,
Pai,PITTIENG,INE450D01021,Pitti Engineering Limited,2025-03-19,Purchase,5151.5,0,5,1030.3,,
Pai,PITTIENG,INE450D01021,Pitti Engineering Limited,2025-03-19,Purchase,28934.5,84.74,28,1030.35,,
Pai,PITTIENG,INE450D01021,Pitti Engineering Limited,2025-03-19,Purchase,8243.6,0,8,1030.45,,
Pai,PITTIENG,INE450D01021,Pitti Engineering Limited,2025-05-29,Purchase,1003.09,1.04,1,1002.05,,
Pai,PITTIENG,INE450D01021,Pitti Engineering Limited,2025-06-30,Purchase,986.87,1.02,1,985.85,,
Pai,PITTIENG,INE450D01021,Pitti Engineering Limited,2025-07-23,Sale,-175578,197.69,-184,955.3,,
Pai,POCL,INE063E01046,Pondy Oxides & Chemicals Limited,2024-09-04,Purchase,80730,95.89,74,1089.65,481.7,2026-08-07
Pai,POCL,INE063E01046,Pondy Oxides & Chemicals Limited,2024-09-11,Dividend,185,0,0,0,481.7,2026-08-07
Pai,POCL,INE063E01046,Pondy Oxides & Chemicals Limited,2024-10-07,Purchase,3644.68,4.78,4,909.98,481.7,2026-08-07
Pai,POCL,INE063E01046,Pondy Oxides & Chemicals Limited,2024-10-29,Purchase,38261.9,45.65,43,888.75,481.7,2026-08-07
Pai,POCL,INE063E01046,Pondy Oxides & Chemicals Limited,2024-11-12,Purchase,8114.36,9.41,9,900.55,481.7,2026-08-07
Pai,POCL,INE063E01046,Pondy Oxides & Chemicals Limited,2024-12-12,Purchase,6328.21,7.56,7,902.95,481.7,2026-08-07
Pai,POCL,INE063E01046,Pondy Oxides & Chemicals Limited,2025-01-16,Purchase,6384.82,7.62,8,797.15,481.7,2026-08-07
Pai,POCL,INE063E01046,Pondy Oxides & Chemicals Limited,2025-02-12,Purchase,1399.65,1.45,2,699.1,481.7,2026-08-07
Pai,POCL,INE063E01046,Pondy Oxides & Chemicals Limited,2025-02-17,Sale,-21667.8,0,-33,656.6,481.7,2026-08-07
Pai,POCL,INE063E01046,Pondy Oxides & Chemicals Limited,2025-02-17,Sale,-18386.2,0,-28,656.65,481.7,2026-08-07
Pai,POCL,INE063E01046,Pondy Oxides & Chemicals Limited,2025-02-17,Sale,-1970.1,0,-3,656.7,481.7,2026-08-07
Pai,POCL,INE063E01046,Pondy Oxides & Chemicals Limited,2025-02-17,Sale,-8537.75,0,-13,656.75,481.7,2026-08-07
Pai,POCL,INE063E01046,Pondy Oxides & Chemicals Limited,2025-02-17,Sale,-3940.8,0,-6,656.8,481.7,2026-08-07
Pai,POCL,INE063E01046,Pondy Oxides & Chemicals Limited,2025-02-17,Sale,-3941.4,0,-6,656.9,481.7,2026-08-07
Pai,POCL,INE063E01046,Pondy Oxides & Chemicals Limited,2025-02-17,Sale,-657.05,0,-1,657.05,481.7,2026-08-07
Pai,POCL,INE063E01046,Pondy Oxides & Chemicals Limited,2025-02-17,Sale,-24231.5,116.35,-37,658.05,481.7,2026-08-07
Pai,POCL,INE063E01046,Pondy Oxides & Chemicals Limited,2025-02-17,Sale,-5268.4,0,-8,658.55,481.7,2026-08-07
Pai,POCL,INE063E01046,Pondy Oxides & Chemicals Limited,2025-02-17,Sale,-7903.2,0,-12,658.6,481.7,2026-08-07
Pai,POCL,INE063E01046,Pondy Oxides & Chemicals Limited,2025-03-21,Purchase,86877.1,103.02,147,590.3,481.7,2026-08-07
Pai,POCL,INE063E01046,Pondy Oxides & Chemicals Limited,2025-08-29,Purchase,2191.67,2.27,2,1094.7,481.7,2026-08-07
Pai,POCL,INE063E01046,Pondy Oxides & Chemicals Limited,2025-09-11,Dividend,521.5,0,0,0,481.7,2026-08-07
Pai,POCL,INE063E01046,Pondy Oxides & Chemicals Limited,2025-10-29,Purchase,4280.08,5.08,3,1425,481.7,2026-08-07
Pai,POCL,INE063E01046,Pondy Oxides & Chemicals Limited,2026-02-03,Sale,-1301.8,0,-1,1301.8,481.7,2026-08-07
Pai,POCL,INE063E01046,Pondy Oxides & Chemicals Limited,2026-02-03,Sale,-115726,151.76,-89,1302,481.7,2026-08-07
Pai,POCL,INE063E01046,Pondy Oxides & Chemicals Limited,2026-02-03,Sale,-6510.5,0,-5,1302.1,481.7,2026-08-07
Pai,POCL,INE063E01046,Pondy Oxides & Chemicals Limited,2026-02-03,Sale,-7814.4,0,-6,1302.4,481.7,2026-08-07
Pai,POCL,INE063E01046,Pondy Oxides & Chemicals Limited,2026-02-10,Purchase,35919.9,113.49,28,1278.8,481.7,2026-08-07
Pai,POCL,INE063E01046,Pondy Oxides & Chemicals Limited,2026-02-10,Purchase,16625.7,0,13,1278.9,481.7,2026-08-07
Pai,POCL,INE063E01046,Pondy Oxides & Chemicals Limited,2026-02-10,Purchase,2556.4,0,2,1278.2,481.7,2026-08-07
Pai,POCL,INE063E01046,Pondy Oxides & Chemicals Limited,2026-02-10,Purchase,33243.6,0,26,1278.6,481.7,2026-08-07
Pai,POCL,INE063E01046,Pondy Oxides & Chemicals Limited,2026-02-10,Purchase,7668.6,0,6,1278.1,481.7,2026-08-07
Pai,POCL,INE063E01046,Pondy Oxides & Chemicals Limited,2026-02-23,Purchase,5907.12,7.12,5,1180,481.7,2026-08-07
Pai,POCL,INE063E01046,Pondy Oxides & Chemicals Limited,2026-05-22,Purchase,2908.2,0,2,1454.1,481.7,2026-08-07
Pai,POCL,INE063E01046,Pondy Oxides & Chemicals Limited,2026-05-22,Purchase,2908.4,0,2,1454.2,481.7,2026-08-07
Pai,POCL,INE063E01046,Pondy Oxides & Chemicals Limited,2026-05-22,Purchase,2922.13,13.53,2,1454.3,481.7,2026-08-07
Pai,POCL,INE063E01046,Pondy Oxides & Chemicals Limited,2026-05-22,Purchase,1454.4,0,1,1454.4,481.7,2026-08-07
Pai,POCL,INE063E01046,Pondy Oxides & Chemicals Limited,2026-06-11,Sale,-57001.4,185.77,-48,1191.4,481.7,2026-08-07
Pai,POCL,INE063E01046,Pondy Oxides & Chemicals Limited,2026-06-11,Sale,-53617.5,0,-45,1191.5,481.7,2026-08-07
Pai,POCL,INE063E01046,Pondy Oxides & Chemicals Limited,2026-06-11,Sale,-34556.4,0,-29,1191.6,481.7,2026-08-07
Pai,POCL,INE063E01046,Pondy Oxides & Chemicals Limited,2026-06-11,Sale,-19068.8,0,-16,1191.8,481.7,2026-08-07
Pai,POCL,INE063E01046,Pondy Oxides & Chemicals Limited,2026-07-31,Purchase,4305.6,0,8,538.2,481.7,2026-08-07
Pai,POCL,INE063E01046,Pondy Oxides & Chemicals Limited,2026-07-31,Purchase,538.3,0,1,538.3,481.7,2026-08-07
Pai,POCL,INE063E01046,Pondy Oxides & Chemicals Limited,2026-07-31,Purchase,88948.7,112.68,165,538.4,481.7,2026-08-07
Pai,POONAWALLA,INE511C01022,Poonawalla Fincorp Limited,2026-04-20,Purchase,7351.72,8.62,18,407.95,480.05,2026-08-07
Pai,PFC,INE134E01011,Power Finance Corporation Limited,2024-12-09,Purchase,5674.63,6.88,11,515.25,420,2026-08-07
Pai,PFC,INE134E01011,Power Finance Corporation Limited,2024-12-12,Purchase,2038.11,2.11,4,509,420,2026-08-07
Pai,PFC,INE134E01011,Power Finance Corporation Limited,2025-01-13,Purchase,2800.8,2.9,7,399.7,420,2026-08-07
Pai,PFC,INE134E01011,Power Finance Corporation Limited,2025-02-12,Purchase,3035.15,3.15,8,379,420,2026-08-07
Pai,PFC,INE134E01011,Power Finance Corporation Limited,2025-02-28,Dividend,105,0,0,0,420,2026-08-07
Pai,PFC,INE134E01011,Power Finance Corporation Limited,2025-03-19,Dividend,105,0,0,0,420,2026-08-07
Pai,PFC,INE134E01011,Power Finance Corporation Limited,2025-04-29,Purchase,3377.7,4.5,8,421.65,420,2026-08-07
Pai,PFC,INE134E01011,Power Finance Corporation Limited,2025-05-29,Purchase,3721.41,4.86,9,412.95,420,2026-08-07
Pai,PFC,INE134E01011,Power Finance Corporation Limited,2025-06-13,Dividend,96.35,0,0,0,420,2026-08-07
Pai,PFC,INE134E01011,Power Finance Corporation Limited,2025-06-30,Purchase,2961.62,3.07,7,422.65,420,2026-08-07
Pai,PFC,INE134E01011,Power Finance Corporation Limited,2025-07-29,Purchase,2437.93,2.53,6,405.9,420,2026-08-07
Pai,PFC,INE134E01011,Power Finance Corporation Limited,2025-08-18,Dividend,222,0,0,0,420,2026-08-07
Pai,PFC,INE134E01011,Power Finance Corporation Limited,2025-08-29,Sale,-22898.9,39.14,-60,382.3,420,2026-08-07
Pai,PFC,INE134E01011,Power Finance Corporation Limited,2026-01-05,Purchase,37320,44.97,100,372.75,420,2026-08-07
Pai,PFC,INE134E01011,Power Finance Corporation Limited,2026-02-20,Dividend,400,0,0,0,420,2026-08-07
Pai,PFC,INE134E01011,Power Finance Corporation Limited,2026-03-23,Dividend,325,0,0,0,420,2026-08-07
Pai,POWERGRID,INE752E01010,Power Grid Corporation of India Limited,2024-12-09,Purchase,5591.29,6.79,17,328.5,312.25,2026-04-16
Pai,POWERGRID,INE752E01010,Power Grid Corporation of India Limited,2024-12-12,Purchase,1968.24,2.04,6,327.7,312.25,2026-04-16
Pai,POWERGRID,INE752E01010,Power Grid Corporation of India Limited,2025-01-13,Purchase,1753.22,1.82,6,291.9,312.25,2026-04-16
Pai,POWERGRID,INE752E01010,Power Grid Corporation of India Limited,2025-02-07,Dividend,94.25,0,0,0,312.25,2026-04-16
Pai,POWERGRID,INE752E01010,Power Grid Corporation of India Limited,2025-02-12,Purchase,2584.68,2.68,10,258.2,312.25,2026-04-16
Pai,POWERGRID,INE752E01010,Power Grid Corporation of India Limited,2025-03-28,Sale,-11293,26.77,-39,290.25,312.25,2026-04-16
Pai,POWERMECH,INE211R01019,Power Mech Projects Limited,2025-05-23,Purchase,3144.7,0,1,3144.7,2566.4,2026-07-31
Pai,POWERMECH,INE211R01019,Power Mech Projects Limited,2025-05-23,Purchase,6289.6,0,2,3144.8,2566.4,2026-07-31
Pai,POWERMECH,INE211R01019,Power Mech Projects Limited,2025-05-23,Purchase,9434.7,0,3,3144.9,2566.4,2026-07-31
Pai,POWERMECH,INE211R01019,Power Mech Projects Limited,2025-05-23,Purchase,116528,162.66,37,3145,2566.4,2026-07-31
Pai,POWERMECH,INE211R01019,Power Mech Projects Limited,2025-08-29,Purchase,3056.57,3.17,1,3053.4,2566.4,2026-07-31
Pai,POWERMECH,INE211R01019,Power Mech Projects Limited,2025-09-15,Dividend,55,0,0,0,2566.4,2026-07-31
Pai,POWERMECH,INE211R01019,Power Mech Projects Limited,2025-10-29,Sale,-2541,0,-1,2541,2566.4,2026-07-31
Pai,POWERMECH,INE211R01019,Power Mech Projects Limited,2025-10-29,Sale,-2541.2,0,-1,2541.2,2566.4,2026-07-31
Pai,POWERMECH,INE211R01019,Power Mech Projects Limited,2025-10-29,Sale,-2541.95,0,-1,2541.95,2566.4,2026-07-31
Pai,POWERMECH,INE211R01019,Power Mech Projects Limited,2025-10-29,Sale,-7623.3,0,-3,2541.1,2566.4,2026-07-31
Pai,POWERMECH,INE211R01019,Power Mech Projects Limited,2025-10-29,Sale,-7623.45,0,-3,2541.15,2566.4,2026-07-31
Pai,POWERMECH,INE211R01019,Power Mech Projects Limited,2025-10-29,Sale,-33046.7,0,-13,2542.05,2566.4,2026-07-31
Pai,POWERMECH,INE211R01019,Power Mech Projects Limited,2025-10-29,Sale,-55749.2,153.88,-22,2541.05,2566.4,2026-07-31
Pai,POWERMECH,INE211R01019,Power Mech Projects Limited,2025-10-29,Purchase,2545.18,1.08,1,2544.1,2566.4,2026-07-31
Pai,POWERMECH,INE211R01019,Power Mech Projects Limited,2025-11-03,Sale,-2495.65,17.95,-1,2513.6,2566.4,2026-07-31
Pai,POWERMECH,INE211R01019,Power Mech Projects Limited,2026-02-03,Purchase,24622.8,0,12,2051.9,2566.4,2026-07-31
Pai,POWERMECH,INE211R01019,Power Mech Projects Limited,2026-02-03,Purchase,30845.5,65.48,15,2052,2566.4,2026-07-31
Pai,POWERMECH,INE211R01019,Power Mech Projects Limited,2026-03-12,Sale,-1933.8,0,-1,1933.8,2566.4,2026-07-31
Pai,POWERMECH,INE211R01019,Power Mech Projects Limited,2026-03-12,Sale,-36673.2,69.93,-19,1933.85,2566.4,2026-07-31
Pai,POWERMECH,INE211R01019,Power Mech Projects Limited,2026-03-12,Sale,-3867,0,-2,1933.5,2566.4,2026-07-31
Pai,POWERMECH,INE211R01019,Power Mech Projects Limited,2026-03-12,Sale,-9669.5,0,-5,1933.9,2566.4,2026-07-31
Pai,POWERMECH,INE211R01019,Power Mech Projects Limited,2026-04-15,Purchase,4516,0,2,2258,2566.4,2026-07-31
Pai,POWERMECH,INE211R01019,Power Mech Projects Limited,2026-04-15,Purchase,20352.7,29.77,9,2258.1,2566.4,2026-07-31
Pai,POWERMECH,INE211R01019,Power Mech Projects Limited,2026-05-22,Purchase,2500.99,2.59,1,2498.4,2566.4,2026-07-31
Pai,POWERMECH,INE211R01019,Power Mech Projects Limited,2026-07-31,Sale,-30852.6,47.4,-12,2575,2566.4,2026-07-31
Pai,PRAJIND,INE074A01025,Praj Industries Limited,2022-10-24,Purchase,19961.7,0,46,433.95,332.1,2026-06-12
Pai,PRAJIND,INE074A01025,Praj Industries Limited,2022-11-02,Purchase,1674.8,0,4,418.7,332.1,2026-06-12
Pai,PRAJIND,INE074A01025,Praj Industries Limited,2022-12-01,Purchase,1563.4,0,4,390.85,332.1,2026-06-12
Pai,PRAJIND,INE074A01025,Praj Industries Limited,2023-03-13,Purchase,1038.9,0,3,346.3,332.1,2026-06-12
Pai,PRAJIND,INE074A01025,Praj Industries Limited,2023-03-14,Sale,-4341.35,0,-13,333.95,332.1,2026-06-12
Pai,PRAJIND,INE074A01025,Praj Industries Limited,2023-04-03,Purchase,2054.7,0,6,342.45,332.1,2026-06-12
Pai,PRAJIND,INE074A01025,Praj Industries Limited,2023-04-12,Purchase,1703.5,0,5,340.7,332.1,2026-06-12
Pai,PRAJIND,INE074A01025,Praj Industries Limited,2023-05-12,Purchase,1434.4,0,4,358.6,332.1,2026-06-12
Pai,PRAJIND,INE074A01025,Praj Industries Limited,2023-07-13,Purchase,400.9,0,1,400.9,332.1,2026-06-12
Pai,PRAJIND,INE074A01025,Praj Industries Limited,2023-07-13,Purchase,3613.05,0,9,401.45,332.1,2026-06-12
Pai,PRAJIND,INE074A01025,Praj Industries Limited,2023-07-19,Dividend,311,0,0,0,332.1,2026-06-12
Pai,PRAJIND,INE074A01025,Praj Industries Limited,2023-12-12,Purchase,3320.4,0,6,553.4,332.1,2026-06-12
Pai,PRAJIND,INE074A01025,Praj Industries Limited,2024-01-12,Purchase,3234,0,6,539,332.1,2026-06-12
Pai,PRAJIND,INE074A01025,Praj Industries Limited,2024-07-18,Dividend,486,0,0,0,332.1,2026-06-12
Pai,PRAJIND,INE074A01025,Praj Industries Limited,2024-08-08,Purchase,1358.3,0,2,679.15,332.1,2026-06-12
Pai,PRAJIND,INE074A01025,Praj Industries Limited,2024-08-08,Purchase,4754.4,0,7,679.2,332.1,2026-06-12
Pai,PRAJIND,INE074A01025,Praj Industries Limited,2024-08-08,Purchase,30612.3,43.78,45,679.3,332.1,2026-06-12
Pai,PRAJIND,INE074A01025,Praj Industries Limited,2024-08-12,Purchase,700.73,0.73,1,700,332.1,2026-06-12
Pai,PRAJIND,INE074A01025,Praj Industries Limited,2024-09-12,Purchase,5726.95,6.95,8,715,332.1,2026-06-12
Pai,PRAJIND,INE074A01025,Praj Industries Limited,2024-10-07,Purchase,4459.72,5.62,6,742.35,332.1,2026-06-12
Pai,PRAJIND,INE074A01025,Praj Industries Limited,2024-10-14,Purchase,7744.02,9.02,10,773.5,332.1,2026-06-12
Pai,PRAJIND,INE074A01025,Praj Industries Limited,2024-11-12,Purchase,2791.89,2.89,4,697.25,332.1,2026-06-12
Pai,PRAJIND,INE074A01025,Praj Industries Limited,2024-12-12,Purchase,810.34,0.84,1,809.5,332.1,2026-06-12
Pai,PRAJIND,INE074A01025,Praj Industries Limited,2025-02-12,Purchase,2844.45,2.95,5,568.3,332.1,2026-06-12
Pai,PRAJIND,INE074A01025,Praj Industries Limited,2025-02-27,Sale,-32834.8,0,-65,505.15,332.1,2026-06-12
Pai,PRAJIND,INE074A01025,Praj Industries Limited,2025-02-27,Sale,-19702.8,0,-39,505.2,332.1,2026-06-12
Pai,PRAJIND,INE074A01025,Praj Industries Limited,2025-02-27,Sale,-33232.2,104.43,-66,505.1,332.1,2026-06-12
Pai,PRAJIND,INE074A01025,Praj Industries Limited,2026-02-18,Purchase,9899.26,11.26,30,329.6,332.1,2026-06-12
Pai,PRAJIND,INE074A01025,Praj Industries Limited,2026-02-23,Purchase,1569.13,1.63,5,313.5,332.1,2026-06-12
Pai,PRAJIND,INE074A01025,Praj Industries Limited,2026-06-11,Sale,-11002.7,27.57,-33,334.25,332.1,2026-06-12
Pai,PRAJIND,INE074A01025,Praj Industries Limited,2026-06-11,Sale,-669,0,-2,334.5,332.1,2026-06-12
Pai,PREMIERENE,INE0BS701011,Premier Energies Limited,2024-09-04,Purchase,107465,127.67,125,858.7,,
Pai,PREMIERENE,INE0BS701011,Premier Energies Limited,2024-10-07,Purchase,5028.96,6.21,5,1004.55,,
Pai,PREMIERENE,INE0BS701011,Premier Energies Limited,2025-02-12,Purchase,1954.23,2.03,2,976.1,,
Pai,PREMIERENE,INE0BS701011,Premier Energies Limited,2025-02-14,Dividend,66,0,0,0,,
Pai,PREMIERENE,INE0BS701011,Premier Energies Limited,2025-03-12,Purchase,3625.29,5.69,4,904.9,,
Pai,PREMIERENE,INE0BS701011,Premier Energies Limited,2025-03-12,Purchase,904.85,0,1,904.85,,
Pai,PREMIERENE,INE0BS701011,Premier Energies Limited,2025-03-19,Purchase,71496.9,91.77,78,915.45,,
Pai,PREMIERENE,INE0BS701011,Premier Energies Limited,2025-03-19,Purchase,5493,0,6,915.5,,
Pai,PREMIERENE,INE0BS701011,Premier Energies Limited,2025-08-01,Dividend,55.25,0,0,0,,
Pai,PREMIERENE,INE0BS701011,Premier Energies Limited,2025-08-29,Purchase,5058.74,6.24,5,1010.5,,
Pai,PREMIERENE,INE0BS701011,Premier Energies Limited,2025-08-29,Dividend,110.5,0,0,0,,
Pai,PREMIERENE,INE0BS701011,Premier Energies Limited,2025-10-29,Purchase,4378.6,0,4,1094.65,,
Pai,PREMIERENE,INE0BS701011,Premier Energies Limited,2025-10-29,Purchase,13136.4,0,12,1094.7,,
Pai,PREMIERENE,INE0BS701011,Premier Energies Limited,2025-10-29,Purchase,15322.3,0,14,1094.45,,
Pai,PREMIERENE,INE0BS701011,Premier Energies Limited,2025-10-29,Purchase,21955.4,65.38,20,1094.5,,
Pai,PREMIERENE,INE0BS701011,Premier Energies Limited,2025-11-10,Sale,-277766,304.01,-276,1007.5,,
Pai,PRESTIGE,INE811K01011,Prestige Estates Projects Limited,2024-01-02,Purchase,12179.5,0,10,1217.95,,
Pai,PRESTIGE,INE811K01011,Prestige Estates Projects Limited,2024-02-01,Purchase,2477.8,0,2,1238.9,,
Pai,PRESTIGE,INE811K01011,Prestige Estates Projects Limited,2024-02-12,Purchase,1184.05,0,1,1184.05,,
Pai,PRESTIGE,INE811K01011,Prestige Estates Projects Limited,2024-03-05,Sale,-15339.4,0,-13,1179.95,,
Pai,PRICOLLTD,INE726V01018,Pricol Limited,2026-02-10,Purchase,11232.5,26.25,19,589.8,533.55,2026-03-20
Pai,PRICOLLTD,INE726V01018,Pricol Limited,2026-02-10,Purchase,11205.2,0,19,589.75,533.55,2026-03-20
Pai,PRICOLLTD,INE726V01018,Pricol Limited,2026-03-12,Sale,-10264.8,0,-19,540.25,533.55,2026-03-20
Pai,PRICOLLTD,INE726V01018,Pricol Limited,2026-03-12,Sale,-10229.1,36.64,-19,540.3,533.55,2026-03-20
Pai,PSPPROJECT,INE488V01015,PSP Projects Limited,2023-05-03,Purchase,1422,0,2,711,,
Pai,PSPPROJECT,INE488V01015,PSP Projects Limited,2023-05-12,Purchase,1508.2,0,2,754.1,,
Pai,PSPPROJECT,INE488V01015,PSP Projects Limited,2023-06-12,Purchase,750,0,1,750,,
Pai,PSPPROJECT,INE488V01015,PSP Projects Limited,2023-07-13,Purchase,1430.3,0,2,715.15,,
Pai,PSPPROJECT,INE488V01015,PSP Projects Limited,2023-07-13,Purchase,1430.9,0,2,715.45,,
Pai,PSPPROJECT,INE488V01015,PSP Projects Limited,2023-08-14,Purchase,810,0,1,810,,
Pai,PSPPROJECT,INE488V01015,PSP Projects Limited,2023-08-14,Purchase,810.45,0,1,810.45,,
Pai,PSPPROJECT,INE488V01015,PSP Projects Limited,2023-09-01,Dividend,27.5,0,0,0,,
Pai,PSPPROJECT,INE488V01015,PSP Projects Limited,2023-09-12,Purchase,791.4,0,1,791.4,,
Pai,PSPPROJECT,INE488V01015,PSP Projects Limited,2023-10-12,Purchase,2334.3,0,3,778.1,,
Pai,PSPPROJECT,INE488V01015,PSP Projects Limited,2023-10-12,Purchase,778.25,0,1,778.25,,
Pai,PSPPROJECT,INE488V01015,PSP Projects Limited,2023-10-12,Purchase,1556.1,0,2,778.05,,
Pai,PSPPROJECT,INE488V01015,PSP Projects Limited,2024-03-05,Sale,-12209.4,0,-18,678.3,,
Pai,PFS,INE560K01014,PTC India Financial Services Limited,2024-12-09,Purchase,5529.43,6.73,123,44.9,,
Pai,PFS,INE560K01014,PTC India Financial Services Limited,2024-12-12,Purchase,2178.26,2.26,50,43.52,,
Pai,PFS,INE560K01014,PTC India Financial Services Limited,2025-01-13,Purchase,2277.76,2.36,62,36.7,,
Pai,PFS,INE560K01014,PTC India Financial Services Limited,2025-02-12,Purchase,2424.67,2.51,68,35.62,,
Pai,PFS,INE560K01014,PTC India Financial Services Limited,2025-03-12,Purchase,1733.88,1.8,56,30.93,,
Pai,PFS,INE560K01014,PTC India Financial Services Limited,2025-03-27,Sale,-11202.5,26.99,-359,31.28,,
Pai,PFS,INE560K01014,PTC India Financial Services Limited,2025-07-03,Purchase,17679,21.32,426,41.45,,
Pai,PFS,INE560K01014,PTC India Financial Services Limited,2025-07-29,Purchase,1988.06,2.06,50,39.72,,
Pai,PFS,INE560K01014,PTC India Financial Services Limited,2025-08-29,Sale,-8106.62,0,-211,38.42,,
Pai,PFS,INE560K01014,PTC India Financial Services Limited,2025-08-29,Sale,-10149.6,34.31,-265,38.43,,
Pai,PTC,INE877F01012,PTC India Limited,2024-12-09,Purchase,5438.13,6.63,30,181.05,203.3,2026-08-07
Pai,PTC,INE877F01012,PTC India Limited,2024-12-12,Purchase,2371.96,2.46,14,169.25,203.3,2026-08-07
Pai,PTC,INE877F01012,PTC India Limited,2025-01-13,Purchase,2763.31,2.86,21,131.45,203.3,2026-08-07
Pai,PTC,INE877F01012,PTC India Limited,2025-02-12,Purchase,2797.37,2.9,21,133.07,203.3,2026-08-07
Pai,PTC,INE877F01012,PTC India Limited,2025-04-29,Purchase,3994.84,5.14,22,181.35,203.3,2026-08-07
Pai,PTC,INE877F01012,PTC India Limited,2025-05-05,Dividend,540,0,0,0,203.3,2026-08-07
Pai,PTC,INE877F01012,PTC India Limited,2025-05-29,Purchase,3868.8,5.01,21,183.99,203.3,2026-08-07
Pai,PTC,INE877F01012,PTC India Limited,2025-06-30,Purchase,4666.33,5.83,26,179.25,203.3,2026-08-07
Pai,PTC,INE877F01012,PTC India Limited,2025-07-29,Purchase,380.03,0.39,2,189.82,203.3,2026-08-07
Pai,PTC,INE877F01012,PTC India Limited,2025-08-01,Dividend,1051.9,0,0,0,203.3,2026-08-07
Pai,PTC,INE877F01012,PTC India Limited,2025-08-29,Sale,-15915.6,44.07,-90,177.33,203.3,2026-08-07
Pai,PTC,INE877F01012,PTC India Limited,2025-08-29,Sale,-11881.8,0,-67,177.34,203.3,2026-08-07
Pai,PTC,INE877F01012,PTC India Limited,2026-01-05,Purchase,16790.5,20.53,100,167.7,203.3,2026-08-07
Pai,PTC,INE877F01012,PTC India Limited,2026-02-20,Dividend,300,0,0,0,203.3,2026-08-07
Pai,PTC,INE877F01012,PTC India Limited,2026-07-20,Sale,-154.68,15.52,-1,170.2,203.3,2026-08-07
Pai,QPOWER,INE0SII01026,Quality Power Electrical Equipments Limited,2026-01-02,Purchase,36924.8,58.11,46,801.45,1124.1,2026-08-07
Pai,QPOWER,INE0SII01026,Quality Power Electrical Equipments Limited,2026-01-02,Purchase,12020.2,0,15,801.35,1124.1,2026-08-07
Pai,QPOWER,INE0SII01026,Quality Power Electrical Equipments Limited,2026-04-15,Purchase,19413.2,30.81,18,1076.8,1124.1,2026-08-07
Pai,QPOWER,INE0SII01026,Quality Power Electrical Equipments Limited,2026-04-15,Purchase,6461.1,0,6,1076.85,1124.1,2026-08-07
Pai,QPOWER,INE0SII01026,Quality Power Electrical Equipments Limited,2026-05-22,Purchase,1139.18,1.18,1,1138,1124.1,2026-08-07
Pai,RRKABEL,INE777K01022,R R Kabel Limited,2026-04-20,Purchase,29919.2,35.24,20,1494.2,2759.5,2026-08-07
Pai,RRKABEL,INE777K01022,R R Kabel Limited,2026-06-16,Dividend,110,0,0,0,2759.5,2026-08-07
Pai,RADIANTCMS,INE855R01021,Radiant Cash Management Services Limited,2024-12-09,Purchase,5628.59,6.83,72,78.08,,
Pai,RADIANTCMS,INE855R01021,Radiant Cash Management Services Limited,2024-12-12,Purchase,2001.99,2.07,26,76.92,,
Pai,RADIANTCMS,INE855R01021,Radiant Cash Management Services Limited,2025-01-13,Purchase,1333.38,1.38,18,74,,
Pai,RADIANTCMS,INE855R01021,Radiant Cash Management Services Limited,2025-02-12,Purchase,2339.71,2.42,37,63.17,,
Pai,RADIANTCMS,INE855R01021,Radiant Cash Management Services Limited,2025-03-12,Purchase,994.34,1.03,17,58.43,,
Pai,RADIANTCMS,INE855R01021,Radiant Cash Management Services Limited,2025-03-27,Sale,-5492.86,25.14,-100,55.18,,
Pai,RADIANTCMS,INE855R01021,Radiant Cash Management Services Limited,2025-03-27,Sale,-3855.6,0,-70,55.08,,
Pai,RADIANTCMS,INE855R01021,Radiant Cash Management Services Limited,2025-04-11,Purchase,2761.35,0,41,67.35,,
Pai,RADIANTCMS,INE855R01021,Radiant Cash Management Services Limited,2025-04-11,Purchase,5866.85,10.01,87,67.32,,
Pai,RADIANTCMS,INE855R01021,Radiant Cash Management Services Limited,2025-04-11,Purchase,67.31,0,1,67.31,,
Pai,RADIANTCMS,INE855R01021,Radiant Cash Management Services Limited,2025-04-29,Purchase,1761.19,2.81,26,67.63,,
Pai,RADIANTCMS,INE855R01021,Radiant Cash Management Services Limited,2025-04-29,Purchase,67.62,0,1,67.62,,
Pai,RADIANTCMS,INE855R01021,Radiant Cash Management Services Limited,2025-04-29,Purchase,879.32,0,13,67.64,,
Pai,RADIANTCMS,INE855R01021,Radiant Cash Management Services Limited,2025-05-29,Purchase,1196.46,0,18,66.47,,
Pai,RADIANTCMS,INE855R01021,Radiant Cash Management Services Limited,2025-05-29,Purchase,1398.77,2.69,21,66.48,,
Pai,RADIANTCMS,INE855R01021,Radiant Cash Management Services Limited,2025-06-30,Purchase,128.2,0,2,64.1,,
Pai,RADIANTCMS,INE855R01021,Radiant Cash Management Services Limited,2025-06-30,Purchase,2758.86,2.99,43,64.09,,
Pai,RADIANTCMS,INE855R01021,Radiant Cash Management Services Limited,2025-07-29,Purchase,1793.16,3.08,32,55.94,,
Pai,RADIANTCMS,INE855R01021,Radiant Cash Management Services Limited,2025-07-29,Purchase,1175.16,0,21,55.96,,
Pai,RADIANTCMS,INE855R01021,Radiant Cash Management Services Limited,2025-08-29,Sale,-2507.82,0,-42,59.71,,
Pai,RADIANTCMS,INE855R01021,Radiant Cash Management Services Limited,2025-08-29,Sale,-3344.32,0,-56,59.72,,
Pai,RADIANTCMS,INE855R01021,Radiant Cash Management Services Limited,2025-08-29,Sale,-12383.3,34.29,-208,59.7,,
Pai,RADICO,INE944F01028,Radico Khaitan Limited,2023-05-03,Purchase,1099.95,0,1,1099.95,4499,2026-08-07
Pai,RADICO,INE944F01028,Radico Khaitan Limited,2023-05-12,Purchase,1108.8,0,1,1108.8,4499,2026-08-07
Pai,RADICO,INE944F01028,Radico Khaitan Limited,2023-06-12,Purchase,1173.75,0,1,1173.75,4499,2026-08-07
Pai,RADICO,INE944F01028,Radico Khaitan Limited,2023-07-13,Purchase,1358.9,0,1,1358.9,4499,2026-08-07
Pai,RADICO,INE944F01028,Radico Khaitan Limited,2023-08-14,Purchase,2682.2,0,2,1341.1,4499,2026-08-07
Pai,RADICO,INE944F01028,Radico Khaitan Limited,2023-09-12,Purchase,1216.9,0,1,1216.9,4499,2026-08-07
Pai,RADICO,INE944F01028,Radico Khaitan Limited,2023-09-14,Dividend,21,0,0,0,4499,2026-08-07
Pai,RADICO,INE944F01028,Radico Khaitan Limited,2023-10-12,Sale,-2484.5,0,-2,1242.25,4499,2026-08-07
Pai,RADICO,INE944F01028,Radico Khaitan Limited,2023-10-12,Sale,-6211.5,0,-5,1242.3,4499,2026-08-07
Pai,RADICO,INE944F01028,Radico Khaitan Limited,2026-02-10,Purchase,25462.5,63.62,9,2822.1,4499,2026-08-07
Pai,RADICO,INE944F01028,Radico Khaitan Limited,2026-02-10,Purchase,8464.5,0,3,2821.5,4499,2026-08-07
Pai,RADICO,INE944F01028,Radico Khaitan Limited,2026-02-10,Purchase,8465.1,0,3,2821.7,4499,2026-08-07
Pai,RADICO,INE944F01028,Radico Khaitan Limited,2026-02-10,Purchase,11285.6,0,4,2821.4,4499,2026-08-07
Pai,RPEL,INE912T01018,Raghav Productivity Enhancers Limited,2025-11-03,Purchase,2454.45,0,3,818.15,645,2026-03-20
Pai,RPEL,INE912T01018,Raghav Productivity Enhancers Limited,2025-11-03,Purchase,8191.53,13.03,10,817.85,645,2026-03-20
Pai,RPEL,INE912T01018,Raghav Productivity Enhancers Limited,2026-03-12,Sale,-8790.17,24.48,-13,678.05,645,2026-03-20
Pai,RVNL,INE415G01027,Rail Vikas Nigam Limited,2023-10-23,Purchase,4955.35,0,31,159.85,,
Pai,RVNL,INE415G01027,Rail Vikas Nigam Limited,2023-11-13,Purchase,1102.5,0,7,157.5,,
Pai,RVNL,INE415G01027,Rail Vikas Nigam Limited,2023-12-01,Sale,-6321.3,0,-38,166.35,,
Pai,RVNL,INE415G01027,Rail Vikas Nigam Limited,2024-02-01,Purchase,14324.4,0,46,311.4,,
Pai,RVNL,INE415G01027,Rail Vikas Nigam Limited,2024-02-12,Purchase,4011.15,0,17,235.95,,
Pai,RVNL,INE415G01027,Rail Vikas Nigam Limited,2024-03-05,Sale,-15198.8,0,-63,241.25,,
Pai,RVNL,INE415G01027,Rail Vikas Nigam Limited,2024-03-12,Purchase,14982.3,0,62,241.65,,
Pai,RVNL,INE415G01027,Rail Vikas Nigam Limited,2024-04-01,Sale,-16231.6,0,-62,261.8,,
Pai,RAIN,INE855B01025,Rain Industries Limited,2022-10-24,Purchase,11240.4,0,68,165.3,,
Pai,RAIN,INE855B01025,Rain Industries Limited,2022-11-02,Purchase,170.1,0,1,170.1,,
Pai,RAIN,INE855B01025,Rain Industries Limited,2023-03-13,Purchase,1590,0,10,159,,
Pai,RAIN,INE855B01025,Rain Industries Limited,2023-04-12,Purchase,1255.2,0,8,156.9,,
Pai,RAIN,INE855B01025,Rain Industries Limited,2023-05-19,Dividend,87,0,0,0,,
Pai,RAIN,INE855B01025,Rain Industries Limited,2024-03-28,Sale,-1819.8,0,-12,151.65,,
Pai,RAIN,INE855B01025,Rain Industries Limited,2024-03-28,Sale,-11370,0,-75,151.6,,
Pai,RALLIS,INE613A01020,Rallis India Limited,2022-10-24,Purchase,3294.2,0,14,235.3,282.05,2026-02-19
Pai,RALLIS,INE613A01020,Rallis India Limited,2022-10-24,Purchase,9174.75,0,39,235.25,282.05,2026-02-19
Pai,RALLIS,INE613A01020,Rallis India Limited,2022-11-02,Purchase,916.8,0,4,229.2,282.05,2026-02-19
Pai,RALLIS,INE613A01020,Rallis India Limited,2022-12-01,Purchase,242.3,0,1,242.3,282.05,2026-02-19
Pai,RALLIS,INE613A01020,Rallis India Limited,2022-12-01,Purchase,242.35,0,1,242.35,282.05,2026-02-19
Pai,RALLIS,INE613A01020,Rallis India Limited,2023-01-12,Purchase,244,0,1,244,282.05,2026-02-19
Pai,RALLIS,INE613A01020,Rallis India Limited,2023-02-13,Purchase,1232.1,0,6,205.35,282.05,2026-02-19
Pai,RALLIS,INE613A01020,Rallis India Limited,2023-03-13,Sale,-13071.3,0,-66,198.05,282.05,2026-02-19
Pai,RAMRAT,INE207E01023,Ram Ratna Wires Limited,2026-02-11,Purchase,323.9,0,1,323.9,372.8,2026-06-09
Pai,RAMRAT,INE207E01023,Ram Ratna Wires Limited,2026-02-11,Purchase,4871.25,0,15,324.75,372.8,2026-06-09
Pai,RAMRAT,INE207E01023,Ram Ratna Wires Limited,2026-02-11,Purchase,648.3,0,2,324.15,372.8,2026-06-09
Pai,RAMRAT,INE207E01023,Ram Ratna Wires Limited,2026-02-11,Purchase,648.6,0,2,324.3,372.8,2026-06-09
Pai,RAMRAT,INE207E01023,Ram Ratna Wires Limited,2026-02-11,Purchase,9715.5,0,30,323.85,372.8,2026-06-09
Pai,RAMRAT,INE207E01023,Ram Ratna Wires Limited,2026-02-11,Purchase,10429.3,38.91,32,324.7,372.8,2026-06-09
Pai,RAMRAT,INE207E01023,Ram Ratna Wires Limited,2026-02-11,Purchase,1947,0,6,324.5,372.8,2026-06-09
Pai,RAMRAT,INE207E01023,Ram Ratna Wires Limited,2026-02-11,Purchase,1947.6,0,6,324.6,372.8,2026-06-09
Pai,RAMRAT,INE207E01023,Ram Ratna Wires Limited,2026-02-11,Purchase,1947.9,0,6,324.65,372.8,2026-06-09
Pai,RAMRAT,INE207E01023,Ram Ratna Wires Limited,2026-06-08,Sale,-20661.6,55.53,-54,383.65,372.8,2026-06-09
Pai,RAMRAT,INE207E01023,Ram Ratna Wires Limited,2026-06-08,Sale,-17645.6,0,-46,383.6,372.8,2026-06-09
Pai,RAMCOSYS,INE246B01019,Ramco Systems Limited,2025-10-20,Purchase,5712.5,0,10,571.25,469.9,2026-05-22
Pai,RAMCOSYS,INE246B01019,Ramco Systems Limited,2025-10-20,Purchase,6296.4,0,11,572.4,469.9,2026-05-22
Pai,RAMCOSYS,INE246B01019,Ramco Systems Limited,2025-10-20,Purchase,7427.55,0,13,571.35,469.9,2026-05-22
Pai,RAMCOSYS,INE246B01019,Ramco Systems Limited,2025-10-20,Purchase,43568.1,137.9,76,571.45,469.9,2026-05-22
Pai,RAMCOSYS,INE246B01019,Ramco Systems Limited,2025-10-20,Purchase,571.95,0,1,571.95,469.9,2026-05-22
Pai,RAMCOSYS,INE246B01019,Ramco Systems Limited,2025-10-20,Purchase,572.05,0,1,572.05,469.9,2026-05-22
Pai,RAMCOSYS,INE246B01019,Ramco Systems Limited,2025-10-20,Purchase,572.1,0,1,572.1,469.9,2026-05-22
Pai,RAMCOSYS,INE246B01019,Ramco Systems Limited,2025-10-20,Purchase,5150.25,0,9,572.25,469.9,2026-05-22
Pai,RAMCOSYS,INE246B01019,Ramco Systems Limited,2025-10-20,Purchase,572.35,0,1,572.35,469.9,2026-05-22
Pai,RAMCOSYS,INE246B01019,Ramco Systems Limited,2025-10-20,Purchase,7995.4,0,14,571.1,469.9,2026-05-22
Pai,RAMCOSYS,INE246B01019,Ramco Systems Limited,2025-10-20,Purchase,1143.7,0,2,571.85,469.9,2026-05-22
Pai,RAMCOSYS,INE246B01019,Ramco Systems Limited,2025-10-20,Purchase,1144.3,0,2,572.15,469.9,2026-05-22
Pai,RAMCOSYS,INE246B01019,Ramco Systems Limited,2025-10-20,Purchase,4005.4,0,7,572.2,469.9,2026-05-22
Pai,RAMCOSYS,INE246B01019,Ramco Systems Limited,2025-10-20,Purchase,1715.7,0,3,571.9,469.9,2026-05-22
Pai,RAMCOSYS,INE246B01019,Ramco Systems Limited,2025-10-20,Purchase,12576.3,0,22,571.65,469.9,2026-05-22
Pai,RAMCOSYS,INE246B01019,Ramco Systems Limited,2025-10-20,Purchase,9140.8,0,16,571.3,469.9,2026-05-22
Pai,RAMCOSYS,INE246B01019,Ramco Systems Limited,2025-10-20,Purchase,4573.6,0,8,571.7,469.9,2026-05-22
Pai,RAMCOSYS,INE246B01019,Ramco Systems Limited,2025-10-20,Purchase,4576,0,8,572,469.9,2026-05-22
Pai,RAMCOSYS,INE246B01019,Ramco Systems Limited,2026-01-12,Sale,-8335.1,0,-17,490.3,469.9,2026-05-22
Pai,RAMCOSYS,INE246B01019,Ramco Systems Limited,2026-01-12,Sale,-6869.1,0,-14,490.65,469.9,2026-05-22
Pai,RAMCOSYS,INE246B01019,Ramco Systems Limited,2026-01-12,Sale,-8334.25,0,-17,490.25,469.9,2026-05-22
Pai,RAMCOSYS,INE246B01019,Ramco Systems Limited,2026-01-12,Sale,-13234,0,-27,490.15,469.9,2026-05-22
Pai,RAMCOSYS,INE246B01019,Ramco Systems Limited,2026-01-12,Sale,-11282.6,0,-23,490.55,469.9,2026-05-22
Pai,RAMCOSYS,INE246B01019,Ramco Systems Limited,2026-01-12,Sale,-8823.6,0,-18,490.2,469.9,2026-05-22
Pai,RAMCOSYS,INE246B01019,Ramco Systems Limited,2026-01-12,Sale,-9319.5,0,-19,490.5,469.9,2026-05-22
Pai,RAMCOSYS,INE246B01019,Ramco Systems Limited,2026-01-12,Sale,-981.4,0,-2,490.7,469.9,2026-05-22
Pai,RAMCOSYS,INE246B01019,Ramco Systems Limited,2026-01-12,Sale,-981.6,0,-2,490.8,469.9,2026-05-22
Pai,RAMCOSYS,INE246B01019,Ramco Systems Limited,2026-01-12,Sale,-5403.75,0,-11,491.25,469.9,2026-05-22
Pai,RAMCOSYS,INE246B01019,Ramco Systems Limited,2026-01-12,Sale,-13610.3,119.47,-28,490.35,469.9,2026-05-22
Pai,RAMCOSYS,INE246B01019,Ramco Systems Limited,2026-01-12,Sale,-6868.4,0,-14,490.6,469.9,2026-05-22
Pai,RAMCOSYS,INE246B01019,Ramco Systems Limited,2026-01-12,Sale,-2453.75,0,-5,490.75,469.9,2026-05-22
Pai,RAMCOSYS,INE246B01019,Ramco Systems Limited,2026-01-12,Sale,-3926.8,0,-8,490.85,469.9,2026-05-22
Pai,RAMCOSYS,INE246B01019,Ramco Systems Limited,2026-02-18,Purchase,12764.8,53.21,24,529.65,469.9,2026-05-22
Pai,RAMCOSYS,INE246B01019,Ramco Systems Limited,2026-02-18,Purchase,1059.4,0,2,529.7,469.9,2026-05-22
Pai,RAMCOSYS,INE246B01019,Ramco Systems Limited,2026-02-18,Purchase,1586.25,0,3,528.75,469.9,2026-05-22
Pai,RAMCOSYS,INE246B01019,Ramco Systems Limited,2026-02-18,Purchase,2119.6,0,4,529.9,469.9,2026-05-22
Pai,RAMCOSYS,INE246B01019,Ramco Systems Limited,2026-02-18,Purchase,9536.4,0,18,529.8,469.9,2026-05-22
Pai,RAMCOSYS,INE246B01019,Ramco Systems Limited,2026-02-18,Purchase,7946.25,0,15,529.75,469.9,2026-05-22
Pai,RAMCOSYS,INE246B01019,Ramco Systems Limited,2026-02-18,Purchase,9007.45,0,17,529.85,469.9,2026-05-22
Pai,RAMCOSYS,INE246B01019,Ramco Systems Limited,2026-02-23,Purchase,1025,0,2,512.5,469.9,2026-05-22
Pai,RAMCOSYS,INE246B01019,Ramco Systems Limited,2026-02-23,Purchase,5121.87,7.37,10,511.45,469.9,2026-05-22
Pai,RAMCOSYS,INE246B01019,Ramco Systems Limited,2026-03-12,Sale,-5416.45,0,-13,416.65,469.9,2026-05-22
Pai,RAMCOSYS,INE246B01019,Ramco Systems Limited,2026-03-12,Sale,-10425,0,-25,417,469.9,2026-05-22
Pai,RAMCOSYS,INE246B01019,Ramco Systems Limited,2026-03-12,Sale,-23695.5,56.41,-57,416.7,469.9,2026-05-22
Pai,RAMCOSYS,INE246B01019,Ramco Systems Limited,2026-04-20,Purchase,15943.3,0,37,430.9,469.9,2026-05-22
Pai,RAMCOSYS,INE246B01019,Ramco Systems Limited,2026-04-20,Purchase,19865.8,42.1,46,430.95,469.9,2026-05-22
Pai,RAMCOSYS,INE246B01019,Ramco Systems Limited,2026-05-20,Sale,-31557,49.2,-81,390.2,469.9,2026-05-22
Pai,RAMCOSYS,INE246B01019,Ramco Systems Limited,2026-05-20,Sale,-780.5,0,-2,390.25,469.9,2026-05-22
Pai,REDINGTON,INE891D01026,Redington (India) Limited,2022-10-24,Purchase,4608.45,0,33,139.65,354.85,2026-08-07
Pai,REDINGTON,INE891D01026,Redington (India) Limited,2022-10-24,Purchase,837.6,0,6,139.6,354.85,2026-08-07
Pai,REDINGTON,INE891D01026,Redington (India) Limited,2022-11-02,Purchase,838.8,0,6,139.8,354.85,2026-08-07
Pai,REDINGTON,INE891D01026,Redington (India) Limited,2023-02-13,Purchase,537.6,0,3,179.2,354.85,2026-08-07
Pai,REDINGTON,INE891D01026,Redington (India) Limited,2023-03-13,Purchase,1497.15,0,9,166.35,354.85,2026-08-07
Pai,REDINGTON,INE891D01026,Redington (India) Limited,2023-04-12,Purchase,358.3,0,2,179.15,354.85,2026-08-07
Pai,REDINGTON,INE891D01026,Redington (India) Limited,2023-05-12,Purchase,1240.75,0,7,177.25,354.85,2026-08-07
Pai,REDINGTON,INE891D01026,Redington (India) Limited,2023-06-12,Purchase,558.15,0,3,186.05,354.85,2026-08-07
Pai,REDINGTON,INE891D01026,Redington (India) Limited,2023-07-07,Dividend,496.8,0,0,0,354.85,2026-08-07
Pai,REDINGTON,INE891D01026,Redington (India) Limited,2023-07-13,Purchase,1311.1,0,7,187.3,354.85,2026-08-07
Pai,REDINGTON,INE891D01026,Redington (India) Limited,2023-07-13,Purchase,2994.4,0,16,187.15,354.85,2026-08-07
Pai,REDINGTON,INE891D01026,Redington (India) Limited,2023-08-14,Purchase,2508.35,0,17,147.55,354.85,2026-08-07
Pai,REDINGTON,INE891D01026,Redington (India) Limited,2023-09-12,Purchase,1628,0,10,162.8,354.85,2026-08-07
Pai,REDINGTON,INE891D01026,Redington (India) Limited,2023-10-12,Purchase,1542.5,0,10,154.25,354.85,2026-08-07
Pai,REDINGTON,INE891D01026,Redington (India) Limited,2023-11-13,Purchase,5990.4,0,39,153.6,354.85,2026-08-07
Pai,REDINGTON,INE891D01026,Redington (India) Limited,2023-12-12,Purchase,1050.6,0,6,175.1,354.85,2026-08-07
Pai,REDINGTON,INE891D01026,Redington (India) Limited,2024-01-12,Purchase,1971.75,0,11,179.25,354.85,2026-08-07
Pai,REDINGTON,INE891D01026,Redington (India) Limited,2024-02-12,Purchase,2064.7,0,11,187.7,354.85,2026-08-07
Pai,REDINGTON,INE891D01026,Redington (India) Limited,2024-03-12,Purchase,201.25,0,1,201.25,354.85,2026-08-07
Pai,REDINGTON,INE891D01026,Redington (India) Limited,2024-04-12,Purchase,446.4,0,2,223.2,354.85,2026-08-07
Pai,REDINGTON,INE891D01026,Redington (India) Limited,2024-05-13,Purchase,2102.5,0,10,210.25,354.85,2026-08-07
Pai,REDINGTON,INE891D01026,Redington (India) Limited,2024-06-12,Purchase,3098.84,3.3,14,221.11,354.85,2026-08-07
Pai,REDINGTON,INE891D01026,Redington (India) Limited,2024-07-05,Dividend,1382.6,0,0,0,354.85,2026-08-07
Pai,REDINGTON,INE891D01026,Redington (India) Limited,2024-07-12,Purchase,2519.62,2.62,12,209.75,354.85,2026-08-07
Pai,REDINGTON,INE891D01026,Redington (India) Limited,2024-08-12,Purchase,3924.68,5.08,20,195.98,354.85,2026-08-07
Pai,REDINGTON,INE891D01026,Redington (India) Limited,2024-09-12,Purchase,2294.38,2.38,12,191,354.85,2026-08-07
Pai,REDINGTON,INE891D01026,Redington (India) Limited,2024-10-14,Purchase,4401.64,5.56,24,183.17,354.85,2026-08-07
Pai,REDINGTON,INE891D01026,Redington (India) Limited,2024-11-12,Purchase,1896.47,1.97,10,189.45,354.85,2026-08-07
Pai,REDINGTON,INE891D01026,Redington (India) Limited,2024-12-09,Purchase,5440.64,6.64,26,209,354.85,2026-08-07
Pai,REDINGTON,INE891D01026,Redington (India) Limited,2024-12-12,Purchase,2111.59,2.19,10,210.94,354.85,2026-08-07
Pai,REDINGTON,INE891D01026,Redington (India) Limited,2025-01-13,Purchase,1241.31,1.29,6,206.67,354.85,2026-08-07
Pai,REDINGTON,INE891D01026,Redington (India) Limited,2025-04-29,Purchase,1240.79,1.29,5,247.9,354.85,2026-08-07
Pai,REDINGTON,INE891D01026,Redington (India) Limited,2025-05-29,Purchase,1855.87,1.92,7,264.85,354.85,2026-08-07
Pai,REDINGTON,INE891D01026,Redington (India) Limited,2025-07-04,Dividend,2414,0,0,0,354.85,2026-08-07
Pai,REDINGTON,INE891D01026,Redington (India) Limited,2025-07-29,Purchase,2608.65,2.7,9,289.55,354.85,2026-08-07
Pai,REDINGTON,INE891D01026,Redington (India) Limited,2025-08-29,Sale,-241.7,0,-1,241.7,354.85,2026-08-07
Pai,REDINGTON,INE891D01026,Redington (India) Limited,2025-08-29,Sale,-14951.2,31.13,-62,241.65,354.85,2026-08-07
Pai,REDINGTON,INE891D01026,Redington (India) Limited,2026-07-03,Dividend,1806,0,0,0,354.85,2026-08-07
Pai,RELIANCE,INE002A01018,Reliance Industries Limited,2022-10-24,Purchase,4704.42,0,2,2352.21,,
Pai,RELIANCE,INE002A01018,Reliance Industries Limited,2022-12-01,Purchase,2617.68,0,1,2617.68,,
Pai,RELIANCE,INE002A01018,Reliance Industries Limited,2023-02-13,Purchase,2212,0,1,2212,,
Pai,RELIANCE,INE002A01018,Reliance Industries Limited,2023-05-12,Purchase,2353.69,0,1,2353.69,,
Pai,RELIANCE,INE002A01018,Reliance Industries Limited,2023-07-13,Purchase,2647.23,0,1,2647.23,,
Pai,RELIANCE,INE002A01018,Reliance Industries Limited,2023-08-21,Dividend,54,0,0,0,,
Pai,RELIANCE,INE002A01018,Reliance Industries Limited,2024-08-19,Dividend,60,0,0,0,,
Pai,RELIANCE,INE002A01018,Reliance Industries Limited,2024-10-28,Bonus,0,0,6,0,,
Pai,RELIANCE,INE002A01018,Reliance Industries Limited,2025-03-03,Sale,-14015.4,30.02,-12,1170.45,,
Pai,RHIM,INE743M01012,RHI Magnesita India Limited,2022-10-24,Purchase,2847.4,0,4,711.85,,
Pai,RHIM,INE743M01012,RHI Magnesita India Limited,2022-10-24,Purchase,11519.2,0,16,719.95,,
Pai,RHIM,INE743M01012,RHI Magnesita India Limited,2022-10-28,Purchase,712.3,0,1,712.3,,
Pai,RHIM,INE743M01012,RHI Magnesita India Limited,2022-11-02,Purchase,1311.2,0,2,655.6,,
Pai,RHIM,INE743M01012,RHI Magnesita India Limited,2022-11-02,Purchase,1309.8,0,2,654.9,,
Pai,RHIM,INE743M01012,RHI Magnesita India Limited,2022-11-11,Sale,-4116.7,0,-7,588.1,,
Pai,RHIM,INE743M01012,RHI Magnesita India Limited,2023-01-12,Purchase,830,0,1,830,,
Pai,RHIM,INE743M01012,RHI Magnesita India Limited,2023-03-13,Sale,-11932,0,-19,628,,
Pai,RICOAUTO,INE209B01025,Rico Auto Industries Limited,2025-11-18,Purchase,18915.7,24.11,168,112.45,151.53,2026-08-07
Pai,RICOAUTO,INE209B01025,Rico Auto Industries Limited,2025-11-18,Purchase,1461.98,0,13,112.46,151.53,2026-08-07
Pai,RITES,INE320J01015,RITES Limited,2024-12-09,Purchase,5761.12,6.97,19,302.85,234.24,2026-08-07
Pai,RITES,INE320J01015,RITES Limited,2024-12-12,Purchase,1799.46,1.86,6,299.6,234.24,2026-08-07
Pai,RITES,INE320J01015,RITES Limited,2025-01-13,Purchase,2113.39,2.19,8,263.9,234.24,2026-08-07
Pai,RITES,INE320J01015,RITES Limited,2025-01-31,Dividend,62.7,0,0,0,234.24,2026-08-07
Pai,RITES,INE320J01015,RITES Limited,2025-02-12,Purchase,3288.41,3.41,15,219,234.24,2026-08-07
Pai,RITES,INE320J01015,RITES Limited,2025-03-12,Purchase,428.12,0.44,2,213.84,234.24,2026-08-07
Pai,RITES,INE320J01015,RITES Limited,2025-04-29,Purchase,1174.22,2.92,5,234.26,234.24,2026-08-07
Pai,RITES,INE320J01015,RITES Limited,2025-04-29,Purchase,702.66,0,3,234.22,234.24,2026-08-07
Pai,RITES,INE320J01015,RITES Limited,2025-04-29,Purchase,937,0,4,234.25,234.24,2026-08-07
Pai,RITES,INE320J01015,RITES Limited,2025-06-30,Purchase,3366.89,4.49,12,280.2,234.24,2026-08-07
Pai,RITES,INE320J01015,RITES Limited,2025-07-29,Purchase,3649.68,4.78,14,260.35,234.24,2026-08-07
Pai,RITES,INE320J01015,RITES Limited,2025-08-12,Dividend,114.4,0,0,0,234.24,2026-08-07
Pai,RITES,INE320J01015,RITES Limited,2025-08-29,Sale,-21750.9,37.94,-88,247.6,234.24,2026-08-07
Pai,RITES,INE320J01015,RITES Limited,2025-10-20,Purchase,27673.4,38.83,111,248.96,234.24,2026-08-07
Pai,RITES,INE320J01015,RITES Limited,2025-10-20,Purchase,4979,0,20,248.95,234.24,2026-08-07
Pai,RITES,INE320J01015,RITES Limited,2025-10-29,Purchase,246.82,0,1,246.82,234.24,2026-08-07
Pai,RITES,INE320J01015,RITES Limited,2025-10-29,Purchase,246.8,0,1,246.8,234.24,2026-08-07
Pai,RITES,INE320J01015,RITES Limited,2025-10-29,Purchase,2224.7,3.23,9,246.83,234.24,2026-08-07
Pai,RITES,INE320J01015,RITES Limited,2025-11-14,Dividend,284,0,0,0,234.24,2026-08-07
Pai,RITES,INE320J01015,RITES Limited,2025-12-05,Sale,-32369.4,49.23,-142,228.3,234.24,2026-08-07
Pai,RITES,INE320J01015,RITES Limited,2026-04-20,Purchase,12738.7,15.2,58,219.37,234.24,2026-08-07
Pai,RECLTD,INE020B01018,Rural Electrification Corporation Limited,2023-11-13,Purchase,15869.5,0,47,337.65,327.7,2026-03-25
Pai,RECLTD,INE020B01018,Rural Electrification Corporation Limited,2023-12-11,Sale,-19060.8,0,-47,405.55,327.7,2026-03-25
Pai,RECLTD,INE020B01018,Rural Electrification Corporation Limited,2024-03-05,Purchase,6929.25,0,15,461.95,327.7,2026-03-25
Pai,RECLTD,INE020B01018,Rural Electrification Corporation Limited,2024-03-28,Sale,-6755.25,0,-15,450.35,327.7,2026-03-25
Pai,RECLTD,INE020B01018,Rural Electrification Corporation Limited,2024-03-28,Dividend,67.5,0,0,0,327.7,2026-03-25
Pai,RECLTD,INE020B01018,Rural Electrification Corporation Limited,2024-07-19,Purchase,66767.3,79.82,110,606.25,327.7,2026-03-25
Pai,RECLTD,INE020B01018,Rural Electrification Corporation Limited,2024-08-09,Dividend,385,0,0,0,327.7,2026-03-25
Pai,RECLTD,INE020B01018,Rural Electrification Corporation Limited,2024-08-12,Purchase,3484.02,4.62,6,579.9,327.7,2026-03-25
Pai,RECLTD,INE020B01018,Rural Electrification Corporation Limited,2024-09-12,Purchase,7282.07,8.57,13,559.5,327.7,2026-03-25
Pai,RECLTD,INE020B01018,Rural Electrification Corporation Limited,2024-10-07,Purchase,2020.09,2.09,4,504.5,327.7,2026-03-25
Pai,RECLTD,INE020B01018,Rural Electrification Corporation Limited,2024-10-14,Purchase,4340.7,5.5,8,541.9,327.7,2026-03-25
Pai,RECLTD,INE020B01018,Rural Electrification Corporation Limited,2024-11-08,Dividend,564,0,0,0,327.7,2026-03-25
Pai,RECLTD,INE020B01018,Rural Electrification Corporation Limited,2024-11-12,Purchase,514.68,0.53,1,514.15,327.7,2026-03-25
Pai,RECLTD,INE020B01018,Rural Electrification Corporation Limited,2024-12-09,Purchase,5586.29,6.79,10,557.95,327.7,2026-03-25
Pai,RECLTD,INE020B01018,Rural Electrification Corporation Limited,2024-12-10,Purchase,6776.02,8.02,12,564,327.7,2026-03-25
Pai,RECLTD,INE020B01018,Rural Electrification Corporation Limited,2024-12-12,Purchase,2263.75,2.35,4,565.35,327.7,2026-03-25
Pai,RECLTD,INE020B01018,Rural Electrification Corporation Limited,2025-01-13,Purchase,2773.37,2.87,6,461.75,327.7,2026-03-25
Pai,RECLTD,INE020B01018,Rural Electrification Corporation Limited,2025-01-16,Purchase,11662.5,14.08,24,485.35,327.7,2026-03-25
Pai,RECLTD,INE020B01018,Rural Electrification Corporation Limited,2025-01-30,Sale,-78035.8,88.72,-179,436.45,327.7,2026-03-25
Pai,RECLTD,INE020B01018,Rural Electrification Corporation Limited,2025-01-30,Sale,-8294.24,16.36,-19,437.4,327.7,2026-03-25
Pai,RECLTD,INE020B01018,Rural Electrification Corporation Limited,2025-02-12,Purchase,2875.08,2.98,7,410.3,327.7,2026-03-25
Pai,RECLTD,INE020B01018,Rural Electrification Corporation Limited,2025-02-14,Dividend,30.1,0,0,0,327.7,2026-03-25
Pai,RECLTD,INE020B01018,Rural Electrification Corporation Limited,2025-03-12,Purchase,8429.68,9.73,21,400.95,327.7,2026-03-25
Pai,RECLTD,INE020B01018,Rural Electrification Corporation Limited,2025-03-26,Dividend,100.8,0,0,0,327.7,2026-03-25
Pai,RECLTD,INE020B01018,Rural Electrification Corporation Limited,2025-04-29,Purchase,2620.22,2.72,6,436.25,327.7,2026-03-25
Pai,RECLTD,INE020B01018,Rural Electrification Corporation Limited,2025-05-29,Purchase,406.4,0,1,406.4,327.7,2026-03-25
Pai,RECLTD,INE020B01018,Rural Electrification Corporation Limited,2025-05-29,Purchase,3663.72,5.22,9,406.5,327.7,2026-03-25
Pai,RECLTD,INE020B01018,Rural Electrification Corporation Limited,2025-06-30,Purchase,3230.55,3.35,8,403.4,327.7,2026-03-25
Pai,RECLTD,INE020B01018,Rural Electrification Corporation Limited,2025-07-29,Purchase,1578.04,1.64,4,394.1,327.7,2026-03-25
Pai,RECLTD,INE020B01018,Rural Electrification Corporation Limited,2025-08-01,Dividend,257.6,0,0,0,327.7,2026-03-25
Pai,RECLTD,INE020B01018,Rural Electrification Corporation Limited,2025-08-14,Dividend,145.6,0,0,0,327.7,2026-03-25
Pai,RECLTD,INE020B01018,Rural Electrification Corporation Limited,2025-08-29,Sale,-19748.9,35.86,-56,353.3,327.7,2026-03-25
Pai,RECLTD,INE020B01018,Rural Electrification Corporation Limited,2026-01-05,Purchase,37930.3,45.3,100,378.85,327.7,2026-03-25
Pai,RECLTD,INE020B01018,Rural Electrification Corporation Limited,2026-02-06,Dividend,460,0,0,0,327.7,2026-03-25
Pai,RECLTD,INE020B01018,Rural Electrification Corporation Limited,2026-02-18,Sale,-36356.9,53.11,-100,364.1,327.7,2026-03-25
Pai,SAATVIKGL,INE13B501022,Saatvik Green Energy Limited,2026-02-10,Purchase,426.15,0,1,426.15,423.65,2026-08-07
Pai,SAATVIKGL,INE13B501022,Saatvik Green Energy Limited,2026-02-10,Purchase,5112,0,12,426,423.65,2026-08-07
Pai,SAATVIKGL,INE13B501022,Saatvik Green Energy Limited,2026-02-10,Purchase,6398.25,0,15,426.55,423.65,2026-08-07
Pai,SAATVIKGL,INE13B501022,Saatvik Green Energy Limited,2026-02-10,Purchase,20069.8,38.42,47,426.2,423.65,2026-08-07
Pai,SAATVIKGL,INE13B501022,Saatvik Green Energy Limited,2026-03-12,Sale,-3383,0,-10,338.3,423.65,2026-08-07
Pai,SAATVIKGL,INE13B501022,Saatvik Green Energy Limited,2026-03-12,Sale,-676.3,0,-2,338.15,423.65,2026-08-07
Pai,SAATVIKGL,INE13B501022,Saatvik Green Energy Limited,2026-03-12,Sale,-676.4,0,-2,338.2,423.65,2026-08-07
Pai,SAATVIKGL,INE13B501022,Saatvik Green Energy Limited,2026-03-12,Sale,-676.5,0,-2,338.25,423.65,2026-08-07
Pai,SAATVIKGL,INE13B501022,Saatvik Green Energy Limited,2026-03-12,Sale,-1014.3,0,-3,338.1,423.65,2026-08-07
Pai,SAATVIKGL,INE13B501022,Saatvik Green Energy Limited,2026-03-12,Sale,-16880.6,41.87,-50,338.45,423.65,2026-08-07
Pai,SAATVIKGL,INE13B501022,Saatvik Green Energy Limited,2026-03-12,Sale,-2028.3,0,-6,338.05,423.65,2026-08-07
Pai,SAATVIKGL,INE13B501022,Saatvik Green Energy Limited,2026-03-24,Purchase,16329.8,21.8,45,362.4,423.65,2026-08-07
Pai,SAATVIKGL,INE13B501022,Saatvik Green Energy Limited,2026-03-24,Purchase,1812.25,0,5,362.45,423.65,2026-08-07
Pai,SAGILITY,INE0W2G01015,Sagility India Limited,2026-05-25,Purchase,16073.8,18.78,384,41.81,43.67,2026-08-07
Pai,SAILIFE,INE570L01029,Sai Life Sciences Limited,2026-02-10,Purchase,17441.2,21.07,19,916.85,1365.2,2026-08-07
Pai,SAILIFE,INE570L01029,Sai Life Sciences Limited,2026-04-20,Purchase,30150.3,49.31,31,971,1365.2,2026-08-07
Pai,SAILIFE,INE570L01029,Sai Life Sciences Limited,2026-04-20,Purchase,9713,0,10,971.3,1365.2,2026-08-07
Pai,SAILIFE,INE570L01029,Sai Life Sciences Limited,2026-04-20,Purchase,971.35,0,1,971.35,1365.2,2026-08-07
Pai,SANGHVIMOV,INE989A01024,Sanghvi Movers Limited,2022-10-24,Purchase,14906.1,0,66,225.85,,
Pai,SANGHVIMOV,INE989A01024,Sanghvi Movers Limited,2022-11-02,Purchase,451.6,0,2,225.8,,
Pai,SANGHVIMOV,INE989A01024,Sanghvi Movers Limited,2023-03-13,Purchase,2118.6,0,6,353.1,,
Pai,SANGHVIMOV,INE989A01024,Sanghvi Movers Limited,2023-04-03,Purchase,5979.75,0,17,351.75,,
Pai,SANGHVIMOV,INE989A01024,Sanghvi Movers Limited,2023-04-03,Purchase,703.6,0,2,351.8,,
Pai,SANGHVIMOV,INE989A01024,Sanghvi Movers Limited,2023-04-12,Purchase,739.8,0,2,369.9,,
Pai,SANGHVIMOV,INE989A01024,Sanghvi Movers Limited,2023-05-12,Purchase,1215,0,3,405,,
Pai,SANGHVIMOV,INE989A01024,Sanghvi Movers Limited,2023-08-04,Dividend,392,0,0,0,,
Pai,SANGHVIMOV,INE989A01024,Sanghvi Movers Limited,2023-09-12,Purchase,3979.2,0,6,663.2,,
Pai,SANGHVIMOV,INE989A01024,Sanghvi Movers Limited,2023-10-12,Purchase,1353.5,0,2,676.75,,
Pai,SANGHVIMOV,INE989A01024,Sanghvi Movers Limited,2023-11-13,Purchase,1508,0,2,754,,
Pai,SANGHVIMOV,INE989A01024,Sanghvi Movers Limited,2024-01-12,Purchase,5670,0,7,810,,
Pai,SANGHVIMOV,INE989A01024,Sanghvi Movers Limited,2024-06-12,Purchase,15841.9,21.89,14,1130,,
Pai,SANGHVIMOV,INE989A01024,Sanghvi Movers Limited,2024-06-12,Purchase,2259.9,0,2,1129.95,,
Pai,SANGHVIMOV,INE989A01024,Sanghvi Movers Limited,2024-07-12,Purchase,21825.7,27.7,20,1089.9,,
Pai,SANGHVIMOV,INE989A01024,Sanghvi Movers Limited,2024-08-12,Purchase,840.52,0.87,1,839.65,,
Pai,SANGHVIMOV,INE989A01024,Sanghvi Movers Limited,2024-08-20,Dividend,912,0,0,0,,
Pai,SANGHVIMOV,INE989A01024,Sanghvi Movers Limited,2024-09-04,Sale,-15712,0,-19,826.95,,
Pai,SANGHVIMOV,INE989A01024,Sanghvi Movers Limited,2024-09-04,Sale,-89173.3,131.91,-108,826.9,,
Pai,SANGHVIMOV,INE989A01024,Sanghvi Movers Limited,2024-09-04,Sale,-18194,0,-22,827,,
Pai,SANGHVIMOV,INE989A01024,Sanghvi Movers Limited,2024-09-04,Sale,-2481.15,0,-3,827.05,,
Pai,SANSERA,INE953O01021,Sansera Engineering Limited,2026-02-03,Purchase,7371.2,0,4,1842.8,3863.8,2026-08-07
Pai,SANSERA,INE953O01021,Sansera Engineering Limited,2026-02-03,Purchase,7372.4,0,4,1843.1,3863.8,2026-08-07
Pai,SANSERA,INE953O01021,Sansera Engineering Limited,2026-02-03,Purchase,11059.2,0,6,1843.2,3863.8,2026-08-07
Pai,SANSERA,INE953O01021,Sansera Engineering Limited,2026-02-03,Purchase,12905.9,0,7,1843.7,3863.8,2026-08-07
Pai,SANSERA,INE953O01021,Sansera Engineering Limited,2026-02-03,Purchase,16648.8,65.36,9,1842.6,3863.8,2026-08-07
Pai,SBICARD,INE018E01016,SBI Cards and Payment Services Limited,2025-02-17,Purchase,20515.5,24.26,24,853.8,,
Pai,SBICARD,INE018E01016,SBI Cards and Payment Services Limited,2025-02-25,Dividend,60,0,0,0,,
Pai,SBICARD,INE018E01016,SBI Cards and Payment Services Limited,2025-03-12,Purchase,3362.48,4.48,4,839.5,,
Pai,SBICARD,INE018E01016,SBI Cards and Payment Services Limited,2025-04-29,Purchase,879.55,0,1,879.55,,
Pai,SBICARD,INE018E01016,SBI Cards and Payment Services Limited,2025-04-29,Purchase,4403.97,6.47,5,879.5,,
Pai,SBICARD,INE018E01016,SBI Cards and Payment Services Limited,2025-05-29,Purchase,1830.4,1.9,2,914.25,,
Pai,SBICARD,INE018E01016,SBI Cards and Payment Services Limited,2025-06-02,Sale,-33090.1,49.72,-36,920.55,,
Pai,SBILIFE,INE123W01016,SBI Life Insurance Company Limited,2022-10-24,Purchase,3794.4,0,3,1264.8,,
Pai,SBILIFE,INE123W01016,SBI Life Insurance Company Limited,2022-11-11,Purchase,1261.9,0,1,1261.9,,
Pai,SBILIFE,INE123W01016,SBI Life Insurance Company Limited,2022-12-08,Purchase,1256.1,0,1,1256.1,,
Pai,SBILIFE,INE123W01016,SBI Life Insurance Company Limited,2023-03-16,Dividend,12.5,0,0,0,,
Pai,SBILIFE,INE123W01016,SBI Life Insurance Company Limited,2023-10-23,Sale,-6692.75,0,-5,1338.55,,
Pai,SCHAEFFLER,INE513A01014,Schaeffler India Limited,2023-06-16,Purchase,12749.2,0,4,3187.3,4196.1,2026-05-26
Pai,SCHAEFFLER,INE513A01014,Schaeffler India Limited,2023-07-13,Purchase,3102.3,0,1,3102.3,4196.1,2026-05-26
Pai,SCHAEFFLER,INE513A01014,Schaeffler India Limited,2023-08-14,Purchase,3024.85,0,1,3024.85,4196.1,2026-05-26
Pai,SCHAEFFLER,INE513A01014,Schaeffler India Limited,2023-10-12,Purchase,3143.95,0,1,3143.95,4196.1,2026-05-26
Pai,SCHAEFFLER,INE513A01014,Schaeffler India Limited,2024-03-05,Sale,-19915,0,-7,2845,4196.1,2026-05-26
Pai,SCHAEFFLER,INE513A01014,Schaeffler India Limited,2025-06-02,Purchase,29025.7,39.37,7,4140.9,4196.1,2026-05-26
Pai,SCHAEFFLER,INE513A01014,Schaeffler India Limited,2025-06-02,Purchase,4140.8,0,1,4140.8,4196.1,2026-05-26
Pai,SCHAEFFLER,INE513A01014,Schaeffler India Limited,2025-06-30,Purchase,7942.83,9.23,2,3966.8,4196.1,2026-05-26
Pai,SCHAEFFLER,INE513A01014,Schaeffler India Limited,2025-07-03,Sale,-16154.6,57.39,-4,4053,4196.1,2026-05-26
Pai,SCHAEFFLER,INE513A01014,Schaeffler India Limited,2025-07-03,Sale,-4053.2,0,-1,4053.2,4196.1,2026-05-26
Pai,SCHAEFFLER,INE513A01014,Schaeffler India Limited,2025-07-03,Sale,-4052.7,0,-1,4052.7,4196.1,2026-05-26
Pai,SCHAEFFLER,INE513A01014,Schaeffler India Limited,2025-07-03,Sale,-8106.2,0,-2,4053.1,4196.1,2026-05-26
Pai,SCHAEFFLER,INE513A01014,Schaeffler India Limited,2025-07-03,Sale,-8105.6,0,-2,4052.8,4196.1,2026-05-26
Pai,SEPC,INE964H01014,SEPC Limited,2026-02-11,Purchase,37808.2,60.79,3708,10.18,6.91,2026-06-12
Pai,SEPC,INE964H01014,SEPC Limited,2026-02-11,Purchase,13139.6,0,1292,10.17,6.91,2026-06-12
Pai,SEPC,INE964H01014,SEPC Limited,2026-03-12,Sale,-12454.9,0,-1937,6.43,6.91,2026-06-12
Pai,SEPC,INE964H01014,SEPC Limited,2026-03-12,Sale,-19676.7,48.98,-3063,6.44,6.91,2026-06-12
Pai,SEPC,INE964H01014,SEPC Limited,2026-05-25,Purchase,15942.5,18.65,2003,7.95,6.91,2026-06-12
Pai,SEPC,INE964H01014,SEPC Limited,2026-06-11,Sale,-12610.4,28.55,-2003,6.31,6.91,2026-06-12
Pai,SERVOTECH,INE782X01017,Servotech Power Systems Limited,2026-02-11,Purchase,9606.46,0,107,89.78,68.71,2026-03-20
Pai,SERVOTECH,INE782X01017,Servotech Power Systems Limited,2026-02-11,Purchase,89.69,0,1,89.69,68.71,2026-03-20
Pai,SERVOTECH,INE782X01017,Servotech Power Systems Limited,2026-02-11,Purchase,9241.16,0,103,89.72,68.71,2026-03-20
Pai,SERVOTECH,INE782X01017,Servotech Power Systems Limited,2026-02-11,Purchase,65383.5,106.14,727,89.79,68.71,2026-03-20
Pai,SERVOTECH,INE782X01017,Servotech Power Systems Limited,2026-02-11,Purchase,5565.74,0,62,89.77,68.71,2026-03-20
Pai,SERVOTECH,INE782X01017,Servotech Power Systems Limited,2026-03-12,Sale,-10529,0,-154,68.37,68.71,2026-03-20
Pai,SERVOTECH,INE782X01017,Servotech Power Systems Limited,2026-03-12,Sale,-2459.16,0,-36,68.31,68.71,2026-03-20
Pai,SERVOTECH,INE782X01017,Servotech Power Systems Limited,2026-03-12,Sale,-11351.1,0,-166,68.38,68.71,2026-03-20
Pai,SERVOTECH,INE782X01017,Servotech Power Systems Limited,2026-03-12,Sale,-11546.1,0,-169,68.32,68.71,2026-03-20
Pai,SERVOTECH,INE782X01017,Servotech Power Systems Limited,2026-03-12,Sale,-478.73,0,-7,68.39,68.71,2026-03-20
Pai,SERVOTECH,INE782X01017,Servotech Power Systems Limited,2026-03-12,Sale,-5810.6,0,-85,68.36,68.71,2026-03-20
Pai,SERVOTECH,INE782X01017,Servotech Power Systems Limited,2026-03-12,Sale,-6430.54,0,-94,68.41,68.71,2026-03-20
Pai,SERVOTECH,INE782X01017,Servotech Power Systems Limited,2026-03-12,Sale,-6771.6,0,-99,68.4,68.71,2026-03-20
Pai,SERVOTECH,INE782X01017,Servotech Power Systems Limited,2026-03-12,Sale,-12900.2,86.26,-190,68.35,68.71,2026-03-20
Pai,SHAKTIPUMP,INE908D01010,Shakti Pumps (India) Limited,2023-05-18,Purchase,16021.6,0,28,572.2,,
Pai,SHAKTIPUMP,INE908D01010,Shakti Pumps (India) Limited,2023-07-13,Purchase,1187.2,0,2,593.6,,
Pai,SHAKTIPUMP,INE908D01010,Shakti Pumps (India) Limited,2023-07-13,Purchase,2372.2,0,4,593.05,,
Pai,SHAKTIPUMP,INE908D01010,Shakti Pumps (India) Limited,2023-08-14,Purchase,1297.8,0,2,648.9,,
Pai,SHAKTIPUMP,INE908D01010,Shakti Pumps (India) Limited,2023-09-01,Purchase,12401.9,0,14,885.85,,
Pai,SHAKTIPUMP,INE908D01010,Shakti Pumps (India) Limited,2023-09-12,Purchase,3151.6,0,4,787.9,,
Pai,SHAKTIPUMP,INE908D01010,Shakti Pumps (India) Limited,2023-11-13,Purchase,1084.45,0,1,1084.45,,
Pai,SHAKTIPUMP,INE908D01010,Shakti Pumps (India) Limited,2023-12-12,Purchase,7031.85,0,7,1004.55,,
Pai,SHAKTIPUMP,INE908D01010,Shakti Pumps (India) Limited,2024-09-12,Purchase,4301.12,5.47,1,4295.65,,
Pai,SHAKTIPUMP,INE908D01010,Shakti Pumps (India) Limited,2024-09-23,Dividend,252,0,0,0,,
Pai,SHAKTIPUMP,INE908D01010,Shakti Pumps (India) Limited,2024-10-07,Purchase,13095.4,15.68,3,4359.9,,
Pai,SHAKTIPUMP,INE908D01010,Shakti Pumps (India) Limited,2024-11-23,Bonus,0,0,330,0,,
Pai,SHAKTIPUMP,INE908D01010,Shakti Pumps (India) Limited,2025-03-19,Purchase,130476,282.15,133,978.9,,
Pai,SHAKTIPUMP,INE908D01010,Shakti Pumps (India) Limited,2025-03-19,Purchase,107690,0,110,979,,
Pai,SHAKTIPUMP,INE908D01010,Shakti Pumps (India) Limited,2025-05-29,Purchase,11925.7,13.12,14,850.9,,
Pai,SHAKTIPUMP,INE908D01010,Shakti Pumps (India) Limited,2025-07-29,Purchase,7774.2,0,9,863.8,,
Pai,SHAKTIPUMP,INE908D01010,Shakti Pumps (India) Limited,2025-07-29,Purchase,2591.55,0,3,863.85,,
Pai,SHAKTIPUMP,INE908D01010,Shakti Pumps (India) Limited,2025-07-29,Purchase,10394.9,28.05,12,863.9,,
Pai,SHAKTIPUMP,INE908D01010,Shakti Pumps (India) Limited,2025-08-29,Purchase,14583.6,17.11,18,809.25,,
Pai,SHAKTIPUMP,INE908D01010,Shakti Pumps (India) Limited,2025-09-18,Dividend,695,0,0,0,,
Pai,SHAKTIPUMP,INE908D01010,Shakti Pumps (India) Limited,2025-10-29,Purchase,8098.1,9.6,10,808.85,,
Pai,SHAKTIPUMP,INE908D01010,Shakti Pumps (India) Limited,2025-11-12,Purchase,75522.8,0,101,747.75,,
Pai,SHAKTIPUMP,INE908D01010,Shakti Pumps (India) Limited,2025-11-12,Purchase,38140.3,0,51,747.85,,
Pai,SHAKTIPUMP,INE908D01010,Shakti Pumps (India) Limited,2025-11-12,Purchase,747,0,1,747,,
Pai,SHAKTIPUMP,INE908D01010,Shakti Pumps (India) Limited,2025-11-12,Purchase,94483.6,298.6,126,747.5,,
Pai,SHAKTIPUMP,INE908D01010,Shakti Pumps (India) Limited,2025-11-12,Purchase,10467.8,0,14,747.7,,
Pai,SHAKTIPUMP,INE908D01010,Shakti Pumps (India) Limited,2025-11-12,Purchase,11960.8,0,16,747.55,,
Pai,SHAKTIPUMP,INE908D01010,Shakti Pumps (India) Limited,2025-11-12,Purchase,20177.1,0,27,747.3,,
Pai,SHAKTIPUMP,INE908D01010,Shakti Pumps (India) Limited,2025-12-01,Sale,-333371,746.21,-494,676.35,,
Pai,SHAKTIPUMP,INE908D01010,Shakti Pumps (India) Limited,2025-12-01,Sale,-148808,0,-220,676.4,,
Pai,SHAKTIPUMP,INE908D01010,Shakti Pumps (India) Limited,2025-12-01,Sale,-6089.4,0,-9,676.6,,
Pai,SHAKTIPUMP,INE908D01010,Shakti Pumps (India) Limited,2025-12-01,Sale,-8793.85,0,-13,676.45,,
Pai,SHAKTIPUMP,INE908D01010,Shakti Pumps (India) Limited,2025-12-01,Sale,-64944,0,-96,676.5,,
Pai,SHAKTIPUMP,INE908D01010,Shakti Pumps (India) Limited,2025-12-01,Sale,-45348.9,0,-67,676.85,,
Pai,SHAKTIPUMP,INE908D01010,Shakti Pumps (India) Limited,2025-12-01,Sale,-40608,0,-60,676.8,,
Pai,SHAKTIPUMP,INE908D01010,Shakti Pumps (India) Limited,2025-12-01,Sale,-55485.3,0,-82,676.65,,
Pai,SHANTIGEAR,INE631A01022,Shanthi Gears Limited,2023-05-03,Purchase,1448.6,0,4,362.15,478.6,2026-04-16
Pai,SHANTIGEAR,INE631A01022,Shanthi Gears Limited,2023-05-12,Purchase,1124.1,0,3,374.7,478.6,2026-04-16
Pai,SHANTIGEAR,INE631A01022,Shanthi Gears Limited,2023-06-12,Purchase,869.8,0,2,434.9,478.6,2026-04-16
Pai,SHANTIGEAR,INE631A01022,Shanthi Gears Limited,2023-07-13,Purchase,926,0,2,463,478.6,2026-04-16
Pai,SHANTIGEAR,INE631A01022,Shanthi Gears Limited,2023-07-13,Purchase,1851.2,0,4,462.8,478.6,2026-04-16
Pai,SHANTIGEAR,INE631A01022,Shanthi Gears Limited,2023-07-14,Dividend,30,0,0,0,478.6,2026-04-16
Pai,SHANTIGEAR,INE631A01022,Shanthi Gears Limited,2023-08-14,Purchase,1369.05,0,3,456.35,478.6,2026-04-16
Pai,SHANTIGEAR,INE631A01022,Shanthi Gears Limited,2023-08-14,Purchase,456.25,0,1,456.25,478.6,2026-04-16
Pai,SHANTIGEAR,INE631A01022,Shanthi Gears Limited,2023-10-12,Purchase,884.3,0,2,442.15,478.6,2026-04-16
Pai,SHANTIGEAR,INE631A01022,Shanthi Gears Limited,2023-10-12,Purchase,884.1,0,2,442.05,478.6,2026-04-16
Pai,SHANTIGEAR,INE631A01022,Shanthi Gears Limited,2023-10-14,Purchase,3535.2,0,8,441.9,478.6,2026-04-16
Pai,SHANTIGEAR,INE631A01022,Shanthi Gears Limited,2024-02-09,Dividend,93,0,0,0,478.6,2026-04-16
Pai,SHANTIGEAR,INE631A01022,Shanthi Gears Limited,2024-07-19,Dividend,62,0,0,0,478.6,2026-04-16
Pai,SHANTIGEAR,INE631A01022,Shanthi Gears Limited,2024-12-16,Sale,-1589.1,0,-3,529.7,478.6,2026-04-16
Pai,SHANTIGEAR,INE631A01022,Shanthi Gears Limited,2024-12-16,Sale,-3708.6,0,-7,529.8,478.6,2026-04-16
Pai,SHANTIGEAR,INE631A01022,Shanthi Gears Limited,2024-12-16,Sale,-5798.17,32.38,-11,530.05,478.6,2026-04-16
Pai,SHANTIGEAR,INE631A01022,Shanthi Gears Limited,2024-12-16,Sale,-2118.2,0,-4,529.55,478.6,2026-04-16
Pai,SHANTIGEAR,INE631A01022,Shanthi Gears Limited,2024-12-16,Sale,-1059.2,0,-2,529.6,478.6,2026-04-16
Pai,SHANTIGEAR,INE631A01022,Shanthi Gears Limited,2024-12-16,Sale,-2118.6,0,-4,529.65,478.6,2026-04-16
Pai,SHARDAMOTR,INE597I01028,Sharda Motor Industries Limited,2026-07-01,Purchase,873.4,0,1,873.4,941.3,2026-08-07
Pai,SHARDAMOTR,INE597I01028,Sharda Motor Industries Limited,2026-07-01,Purchase,874.05,0,1,874.05,941.3,2026-08-07
Pai,SHARDAMOTR,INE597I01028,Sharda Motor Industries Limited,2026-07-01,Purchase,874.15,0,1,874.15,941.3,2026-08-07
Pai,SHARDAMOTR,INE597I01028,Sharda Motor Industries Limited,2026-07-01,Purchase,7891.82,24.02,9,874.2,941.3,2026-08-07
Pai,SHARDAMOTR,INE597I01028,Sharda Motor Industries Limited,2026-07-01,Purchase,3497.2,0,4,874.3,941.3,2026-08-07
Pai,SHARDAMOTR,INE597I01028,Sharda Motor Industries Limited,2026-07-01,Purchase,3498.2,0,4,874.55,941.3,2026-08-07
Pai,SHARDAMOTR,INE597I01028,Sharda Motor Industries Limited,2026-07-01,Purchase,1749.3,0,2,874.65,941.3,2026-08-07
Pai,SHARDAMOTR,INE597I01028,Sharda Motor Industries Limited,2026-07-01,Purchase,874.75,0,1,874.75,941.3,2026-08-07
Pai,SFL,INE916U01025,Sheela Foam Limited,2025-10-20,Purchase,19366.1,23.07,29,667,677.4,2026-08-07
Pai,SFL,INE916U01025,Sheela Foam Limited,2025-10-29,Purchase,1351.1,1.6,2,674.75,677.4,2026-08-07
Pai,SFL,INE916U01025,Sheela Foam Limited,2025-11-03,Purchase,14890.9,36.56,21,707.35,677.4,2026-08-07
Pai,SFL,INE916U01025,Sheela Foam Limited,2025-11-03,Purchase,4952.85,0,7,707.55,677.4,2026-08-07
Pai,SFL,INE916U01025,Sheela Foam Limited,2025-11-03,Purchase,707.4,0,1,707.4,677.4,2026-08-07
Pai,SFL,INE916U01025,Sheela Foam Limited,2025-11-03,Purchase,9904.3,0,14,707.45,677.4,2026-08-07
Pai,SFL,INE916U01025,Sheela Foam Limited,2025-11-20,Sale,-614.2,0,-1,614.2,677.4,2026-08-07
Pai,SFL,INE916U01025,Sheela Foam Limited,2025-11-20,Sale,-17193.4,0,-28,614.05,677.4,2026-08-07
Pai,SFL,INE916U01025,Sheela Foam Limited,2025-11-20,Sale,-1228.2,0,-2,614.1,677.4,2026-08-07
Pai,SFL,INE916U01025,Sheela Foam Limited,2025-11-20,Sale,-20199.5,62.48,-33,614,677.4,2026-08-07
Pai,SFL,INE916U01025,Sheela Foam Limited,2025-11-20,Sale,-6141.5,0,-10,614.15,677.4,2026-08-07
Pai,SFL,INE916U01025,Sheela Foam Limited,2026-02-18,Purchase,7531.9,8.8,13,578.7,677.4,2026-08-07
Pai,SFL,INE916U01025,Sheela Foam Limited,2026-02-23,Purchase,1132.78,1.18,2,565.8,677.4,2026-08-07
Pai,SFL,INE916U01025,Sheela Foam Limited,2026-07-09,Dividend,594,0,0,0,677.4,2026-08-07
Pai,SFL,INE916U01025,Sheela Foam Limited,2026-07-09,Dividend,15,0,0,0,677.4,2026-08-07
Pai,SBCL,INE386D01027,Shivalik Bimetal Controls Limited,2022-10-24,Purchase,2759.7,0,6,459.95,920.9,2026-08-07
Pai,SBCL,INE386D01027,Shivalik Bimetal Controls Limited,2022-10-24,Purchase,9668.4,0,21,460.4,920.9,2026-08-07
Pai,SBCL,INE386D01027,Shivalik Bimetal Controls Limited,2022-10-24,Purchase,2760,0,6,460,920.9,2026-08-07
Pai,SBCL,INE386D01027,Shivalik Bimetal Controls Limited,2022-10-24,Purchase,6441.4,0,14,460.1,920.9,2026-08-07
Pai,SBCL,INE386D01027,Shivalik Bimetal Controls Limited,2022-10-24,Purchase,3222.45,0,7,460.35,920.9,2026-08-07
Pai,SBCL,INE386D01027,Shivalik Bimetal Controls Limited,2022-11-02,Purchase,920.9,0,2,460.45,920.9,2026-08-07
Pai,SBCL,INE386D01027,Shivalik Bimetal Controls Limited,2022-11-02,Purchase,460.5,0,1,460.5,920.9,2026-08-07
Pai,SBCL,INE386D01027,Shivalik Bimetal Controls Limited,2022-12-01,Purchase,1667.8,0,4,416.95,920.9,2026-08-07
Pai,SBCL,INE386D01027,Shivalik Bimetal Controls Limited,2023-01-12,Purchase,396.9,0,1,396.9,920.9,2026-08-07
Pai,SBCL,INE386D01027,Shivalik Bimetal Controls Limited,2023-01-12,Purchase,1587.4,0,4,396.85,920.9,2026-08-07
Pai,SBCL,INE386D01027,Shivalik Bimetal Controls Limited,2023-01-12,Purchase,2777.6,0,7,396.8,920.9,2026-08-07
Pai,SBCL,INE386D01027,Shivalik Bimetal Controls Limited,2023-02-13,Purchase,425.2,0,1,425.2,920.9,2026-08-07
Pai,SBCL,INE386D01027,Shivalik Bimetal Controls Limited,2023-02-20,Dividend,37,0,0,0,920.9,2026-08-07
Pai,SBCL,INE386D01027,Shivalik Bimetal Controls Limited,2023-03-13,Purchase,1583.8,0,4,395.95,920.9,2026-08-07
Pai,SBCL,INE386D01027,Shivalik Bimetal Controls Limited,2023-03-13,Purchase,792.2,0,2,396.1,920.9,2026-08-07
Pai,SBCL,INE386D01027,Shivalik Bimetal Controls Limited,2023-03-13,Purchase,1188.45,0,3,396.15,920.9,2026-08-07
Pai,SBCL,INE386D01027,Shivalik Bimetal Controls Limited,2023-03-14,Purchase,4287.8,0,11,389.8,920.9,2026-08-07
Pai,SBCL,INE386D01027,Shivalik Bimetal Controls Limited,2023-05-03,Purchase,3123,0,6,520.5,920.9,2026-08-07
Pai,SBCL,INE386D01027,Shivalik Bimetal Controls Limited,2023-05-12,Purchase,2054.8,0,4,513.7,920.9,2026-08-07
Pai,SBCL,INE386D01027,Shivalik Bimetal Controls Limited,2023-05-12,Purchase,4613.85,0,9,512.65,920.9,2026-08-07
Pai,SBCL,INE386D01027,Shivalik Bimetal Controls Limited,2023-06-12,Purchase,1280,0,2,640,920.9,2026-08-07
Pai,SBCL,INE386D01027,Shivalik Bimetal Controls Limited,2023-07-13,Purchase,2058.45,0,3,686.15,920.9,2026-08-07
Pai,SBCL,INE386D01027,Shivalik Bimetal Controls Limited,2023-07-13,Purchase,3432.25,0,5,686.45,920.9,2026-08-07
Pai,SBCL,INE386D01027,Shivalik Bimetal Controls Limited,2023-08-14,Purchase,4832.1,0,9,536.9,920.9,2026-08-07
Pai,SBCL,INE386D01027,Shivalik Bimetal Controls Limited,2023-08-14,Purchase,2686.5,0,5,537.3,920.9,2026-08-07
Pai,SBCL,INE386D01027,Shivalik Bimetal Controls Limited,2023-08-14,Purchase,8601.6,0,16,537.6,920.9,2026-08-07
Pai,SBCL,INE386D01027,Shivalik Bimetal Controls Limited,2023-08-14,Purchase,5914.7,0,11,537.7,920.9,2026-08-07
Pai,SBCL,INE386D01027,Shivalik Bimetal Controls Limited,2023-08-14,Purchase,1063.2,0,2,531.6,920.9,2026-08-07
Pai,SBCL,INE386D01027,Shivalik Bimetal Controls Limited,2023-08-17,Purchase,3695.3,0,7,527.9,920.9,2026-08-07
Pai,SBCL,INE386D01027,Shivalik Bimetal Controls Limited,2023-09-12,Purchase,4272.8,0,8,534.1,920.9,2026-08-07
Pai,SBCL,INE386D01027,Shivalik Bimetal Controls Limited,2023-09-12,Purchase,2130.4,0,4,532.6,920.9,2026-08-07
Pai,SBCL,INE386D01027,Shivalik Bimetal Controls Limited,2023-09-18,Dividend,129.5,0,0,0,920.9,2026-08-07
Pai,SBCL,INE386D01027,Shivalik Bimetal Controls Limited,2023-10-12,Purchase,554,0,1,554,920.9,2026-08-07
Pai,SBCL,INE386D01027,Shivalik Bimetal Controls Limited,2023-10-12,Purchase,1661.7,0,3,553.9,920.9,2026-08-07
Pai,SBCL,INE386D01027,Shivalik Bimetal Controls Limited,2023-11-13,Purchase,1640.55,0,3,546.85,920.9,2026-08-07
Pai,SBCL,INE386D01027,Shivalik Bimetal Controls Limited,2023-12-12,Purchase,552.4,0,1,552.4,920.9,2026-08-07
Pai,SBCL,INE386D01027,Shivalik Bimetal Controls Limited,2023-12-12,Purchase,4972.05,0,9,552.45,920.9,2026-08-07
Pai,SBCL,INE386D01027,Shivalik Bimetal Controls Limited,2024-02-12,Purchase,4815,0,9,535,920.9,2026-08-07
Pai,SBCL,INE386D01027,Shivalik Bimetal Controls Limited,2024-02-12,Purchase,3210.3,0,6,535.05,920.9,2026-08-07
Pai,SBCL,INE386D01027,Shivalik Bimetal Controls Limited,2024-02-16,Dividend,151.9,0,0,0,920.9,2026-08-07
Pai,SBCL,INE386D01027,Shivalik Bimetal Controls Limited,2024-04-12,Purchase,574.95,0,1,574.95,920.9,2026-08-07
Pai,SBCL,INE386D01027,Shivalik Bimetal Controls Limited,2024-05-13,Purchase,2730,0,5,546,920.9,2026-08-07
Pai,SBCL,INE386D01027,Shivalik Bimetal Controls Limited,2024-06-12,Purchase,6144.36,7.46,11,557.9,920.9,2026-08-07
Pai,SBCL,INE386D01027,Shivalik Bimetal Controls Limited,2024-08-12,Purchase,551.95,0,1,551.95,920.9,2026-08-07
Pai,SBCL,INE386D01027,Shivalik Bimetal Controls Limited,2024-08-12,Purchase,7737.61,9.61,14,552,920.9,2026-08-07
Pai,SBCL,INE386D01027,Shivalik Bimetal Controls Limited,2024-09-12,Purchase,3423.36,4.56,6,569.8,920.9,2026-08-07
Pai,SBCL,INE386D01027,Shivalik Bimetal Controls Limited,2024-09-19,Dividend,255,0,0,0,920.9,2026-08-07
Pai,SBCL,INE386D01027,Shivalik Bimetal Controls Limited,2024-10-07,Purchase,5565.62,6.77,9,617.65,920.9,2026-08-07
Pai,SBCL,INE386D01027,Shivalik Bimetal Controls Limited,2024-11-12,Purchase,8449.66,9.76,14,602.85,920.9,2026-08-07
Pai,SBCL,INE386D01027,Shivalik Bimetal Controls Limited,2024-12-10,Purchase,7415.4,0,12,617.95,920.9,2026-08-07
Pai,SBCL,INE386D01027,Shivalik Bimetal Controls Limited,2024-12-10,Purchase,4942.8,0,8,617.85,920.9,2026-08-07
Pai,SBCL,INE386D01027,Shivalik Bimetal Controls Limited,2024-12-10,Purchase,16101.5,33.49,26,618,920.9,2026-08-07
Pai,SBCL,INE386D01027,Shivalik Bimetal Controls Limited,2024-12-12,Purchase,8978.8,10.3,15,597.9,920.9,2026-08-07
Pai,SBCL,INE386D01027,Shivalik Bimetal Controls Limited,2025-01-16,Sale,-51694.1,155.94,-100,518.5,920.9,2026-08-07
Pai,SBCL,INE386D01027,Shivalik Bimetal Controls Limited,2025-01-16,Sale,-11410.3,0,-22,518.65,920.9,2026-08-07
Pai,SBCL,INE386D01027,Shivalik Bimetal Controls Limited,2025-01-16,Sale,-11409.2,0,-22,518.6,920.9,2026-08-07
Pai,SBCL,INE386D01027,Shivalik Bimetal Controls Limited,2025-01-16,Sale,-11408.1,0,-22,518.55,920.9,2026-08-07
Pai,SBCL,INE386D01027,Shivalik Bimetal Controls Limited,2025-01-16,Sale,-11930.1,0,-23,518.7,920.9,2026-08-07
Pai,SBCL,INE386D01027,Shivalik Bimetal Controls Limited,2025-01-16,Sale,-9332.1,0,-18,518.45,920.9,2026-08-07
Pai,SBCL,INE386D01027,Shivalik Bimetal Controls Limited,2025-01-16,Sale,-8823.85,0,-17,519.05,920.9,2026-08-07
Pai,SBCL,INE386D01027,Shivalik Bimetal Controls Limited,2025-01-16,Sale,-36330,0,-70,519,920.9,2026-08-07
Pai,SBCL,INE386D01027,Shivalik Bimetal Controls Limited,2025-01-30,Sale,-1536.6,0,-3,512.2,920.9,2026-08-07
Pai,SBCL,INE386D01027,Shivalik Bimetal Controls Limited,2025-01-30,Sale,-512.15,0,-1,512.15,920.9,2026-08-07
Pai,SBCL,INE386D01027,Shivalik Bimetal Controls Limited,2025-01-30,Sale,-7680,0,-15,512,920.9,2026-08-07
Pai,SBCL,INE386D01027,Shivalik Bimetal Controls Limited,2025-01-30,Sale,-1534.95,0,-3,511.65,920.9,2026-08-07
Pai,SBCL,INE386D01027,Shivalik Bimetal Controls Limited,2025-01-30,Sale,-10192.6,39.42,-20,511.6,920.9,2026-08-07
Pai,SBCL,INE386D01027,Shivalik Bimetal Controls Limited,2025-01-30,Sale,-1535.1,0,-3,511.7,920.9,2026-08-07
Pai,SBCL,INE386D01027,Shivalik Bimetal Controls Limited,2026-02-03,Purchase,4679,0,10,467.9,920.9,2026-08-07
Pai,SBCL,INE386D01027,Shivalik Bimetal Controls Limited,2026-02-03,Purchase,9826.95,0,21,467.95,920.9,2026-08-07
Pai,SBCL,INE386D01027,Shivalik Bimetal Controls Limited,2026-02-03,Purchase,9824.85,0,21,467.85,920.9,2026-08-07
Pai,SBCL,INE386D01027,Shivalik Bimetal Controls Limited,2026-02-03,Purchase,11227.2,0,24,467.8,920.9,2026-08-07
Pai,SBCL,INE386D01027,Shivalik Bimetal Controls Limited,2026-02-03,Purchase,39869.2,89.16,85,468,920.9,2026-08-07
Pai,SBCL,INE386D01027,Shivalik Bimetal Controls Limited,2026-02-13,Dividend,322,0,0,0,920.9,2026-08-07
Pai,SBCL,INE386D01027,Shivalik Bimetal Controls Limited,2026-03-12,Sale,-421.4,0,-1,421.4,920.9,2026-08-07
Pai,SBCL,INE386D01027,Shivalik Bimetal Controls Limited,2026-03-12,Sale,-53035.3,86.3,-126,421.6,920.9,2026-08-07
Pai,SBCL,INE386D01027,Shivalik Bimetal Controls Limited,2026-03-12,Sale,-12646.5,0,-30,421.55,920.9,2026-08-07
Pai,SBCL,INE386D01027,Shivalik Bimetal Controls Limited,2026-03-12,Sale,-1684.2,0,-4,421.05,920.9,2026-08-07
Pai,SBCL,INE386D01027,Shivalik Bimetal Controls Limited,2026-04-15,Purchase,6851.6,0,14,489.4,920.9,2026-08-07
Pai,SBCL,INE386D01027,Shivalik Bimetal Controls Limited,2026-04-15,Purchase,6363.5,0,13,489.5,920.9,2026-08-07
Pai,SBCL,INE386D01027,Shivalik Bimetal Controls Limited,2026-04-15,Purchase,28942.2,58.8,59,489.55,920.9,2026-08-07
Pai,SBCL,INE386D01027,Shivalik Bimetal Controls Limited,2026-04-15,Purchase,7833.6,0,16,489.6,920.9,2026-08-07
Pai,SBCL,INE386D01027,Shivalik Bimetal Controls Limited,2026-05-20,Purchase,18477.3,0,29,637.15,920.9,2026-08-07
Pai,SBCL,INE386D01027,Shivalik Bimetal Controls Limited,2026-05-20,Purchase,18524.6,44.34,29,637.25,920.9,2026-08-07
Pai,SBCL,INE386D01027,Shivalik Bimetal Controls Limited,2026-05-22,Purchase,4097.85,5.25,6,682.1,920.9,2026-08-07
Pai,SBCL,INE386D01027,Shivalik Bimetal Controls Limited,2026-07-31,Purchase,28720,33.76,38,754.9,920.9,2026-08-07
Pai,SHRIRAMFIN,INE721A01013,Shriram Finance Limited,2023-10-23,Purchase,7541,0,20,377.05,1115,2026-08-07
Pai,SHRIRAMFIN,INE721A01013,Shriram Finance Limited,2023-11-02,Purchase,1950.5,0,5,390.1,1115,2026-08-07
Pai,SHRIRAMFIN,INE721A01013,Shriram Finance Limited,2023-11-06,Dividend,100,0,0,0,1115,2026-08-07
Pai,SHRIRAMFIN,INE721A01013,Shriram Finance Limited,2024-02-06,Dividend,50,0,0,0,1115,2026-08-07
Pai,SHRIRAMFIN,INE721A01013,Shriram Finance Limited,2024-07-23,Dividend,75,0,0,0,1115,2026-08-07
Pai,SHRIRAMFIN,INE721A01013,Shriram Finance Limited,2024-11-07,Dividend,110,0,0,0,1115,2026-08-07
Pai,SHRIRAMFIN,INE721A01013,Shriram Finance Limited,2025-01-31,Dividend,62.5,0,0,0,1115,2026-08-07
Pai,SHRIRAMFIN,INE721A01013,Shriram Finance Limited,2025-07-11,Dividend,75,0,0,0,1115,2026-08-07
Pai,SHRIRAMFIN,INE721A01013,Shriram Finance Limited,2025-10-29,Purchase,28996.4,34.36,40,724.05,1115,2026-08-07
Pai,SHRIRAMFIN,INE721A01013,Shriram Finance Limited,2025-11-07,Dividend,312,0,0,0,1115,2026-08-07
Pai,SHRIRAMFIN,INE721A01013,Shriram Finance Limited,2026-04-20,Purchase,35543.2,42.11,34,1044.15,1115,2026-08-07
Pai,SHYAMMETL,INE810G01011,Shyam Metalics and Energy Limited,2023-10-23,Purchase,434.55,0,1,434.55,,
Pai,SHYAMMETL,INE810G01011,Shyam Metalics and Energy Limited,2023-10-23,Purchase,5649.8,0,13,434.6,,
Pai,SHYAMMETL,INE810G01011,Shyam Metalics and Energy Limited,2023-11-02,Sale,-6048,0,-14,432,,
Pai,SHYAMMETL,INE810G01011,Shyam Metalics and Energy Limited,2024-02-01,Purchase,26196,0,37,708,,
Pai,SHYAMMETL,INE810G01011,Shyam Metalics and Energy Limited,2024-02-01,Purchase,707.95,0,1,707.95,,
Pai,SHYAMMETL,INE810G01011,Shyam Metalics and Energy Limited,2024-02-12,Purchase,2696.2,0,4,674.05,,
Pai,SHYAMMETL,INE810G01011,Shyam Metalics and Energy Limited,2024-03-05,Sale,-27396.6,0,-42,652.3,,
Pai,ENRIN,INE1NPP01017,Siemens Energy India Limited,2026-02-03,Purchase,56056.1,66.08,22,2545,3648.8,2026-08-07
Pai,ENRIN,INE1NPP01017,Siemens Energy India Limited,2026-05-20,Purchase,28782.5,33.82,9,3194.3,3648.8,2026-08-07
Pai,ENRIN,INE1NPP01017,Siemens Energy India Limited,2026-05-22,Purchase,3572.2,4.7,1,3567.5,3648.8,2026-08-07
Pai,ENRIN,INE1NPP01017,Siemens Energy India Limited,2026-08-04,Purchase,26527.5,31.49,8,3312,3648.8,2026-08-07
Pai,SIKA,INE438E01016,Sika Interplant Systems Limited,2026-06-22,Purchase,40063.8,47.51,34,1176.95,1095,2026-08-07
Pai,SJVN,INE002L01015,SJVN Limited,2023-10-23,Purchase,5146.5,0,73,70.5,,
Pai,SJVN,INE002L01015,SJVN Limited,2023-11-13,Purchase,1370.7,0,18,76.15,,
Pai,SJVN,INE002L01015,SJVN Limited,2023-12-12,Purchase,1269.1,0,14,90.65,,
Pai,SJVN,INE002L01015,SJVN Limited,2024-01-12,Purchase,2271.6,0,24,94.65,,
Pai,SJVN,INE002L01015,SJVN Limited,2024-02-12,Purchase,1068.75,0,9,118.75,,
Pai,SJVN,INE002L01015,SJVN Limited,2024-02-12,Purchase,1187,0,10,118.7,,
Pai,SJVN,INE002L01015,SJVN Limited,2024-02-21,Dividend,170.2,0,0,0,,
Pai,SJVN,INE002L01015,SJVN Limited,2024-03-12,Purchase,1023.75,0,9,113.75,,
Pai,SJVN,INE002L01015,SJVN Limited,2024-04-01,Sale,-19648.5,0,-157,125.15,,
Pai,SJVN,INE002L01015,SJVN Limited,2024-05-03,Purchase,24407.8,0,181,134.85,,
Pai,SJVN,INE002L01015,SJVN Limited,2024-05-13,Purchase,1962.4,0,16,122.65,,
Pai,SJVN,INE002L01015,SJVN Limited,2024-06-12,Purchase,2423.6,2.6,18,134.5,,
Pai,SJVN,INE002L01015,SJVN Limited,2024-07-12,Purchase,1224.71,1.27,8,152.93,,
Pai,SJVN,INE002L01015,SJVN Limited,2024-09-12,Dividend,144.95,0,0,0,,
Pai,SJVN,INE002L01015,SJVN Limited,2024-12-16,Sale,-26360.3,42.94,-223,118.4,,
Pai,SKFINDIA,INE640A01023,SKF India Limited,2022-10-24,Purchase,8998,0,2,4499,1523.2,2026-03-25
Pai,SKFINDIA,INE640A01023,SKF India Limited,2022-12-08,Purchase,4836,0,1,4836,1523.2,2026-03-25
Pai,SKFINDIA,INE640A01023,SKF India Limited,2023-06-28,Dividend,120,0,0,0,1523.2,2026-03-25
Pai,SKFINDIA,INE640A01023,SKF India Limited,2023-10-23,Sale,-10101.6,0,-2,5050.8,1523.2,2026-03-25
Pai,SKFINDIA,INE640A01023,SKF India Limited,2023-10-23,Sale,-5050.75,0,-1,5050.75,1523.2,2026-03-25
Pai,SKIPPER,INE439E01022,Skipper Limited,2023-09-01,Purchase,35464,0,143,248,517.85,2026-08-07
Pai,SKIPPER,INE439E01022,Skipper Limited,2023-09-12,Purchase,1939.05,0,9,215.45,517.85,2026-08-07
Pai,SKIPPER,INE439E01022,Skipper Limited,2023-09-12,Purchase,1293,0,6,215.5,517.85,2026-08-07
Pai,SKIPPER,INE439E01022,Skipper Limited,2023-09-12,Dividend,14.3,0,0,0,517.85,2026-08-07
Pai,SKIPPER,INE439E01022,Skipper Limited,2023-11-13,Purchase,1923.6,0,8,240.45,517.85,2026-08-07
Pai,SKIPPER,INE439E01022,Skipper Limited,2023-12-12,Purchase,3327.8,0,14,237.7,517.85,2026-08-07
Pai,SKIPPER,INE439E01022,Skipper Limited,2024-02-12,Purchase,1398,0,5,279.6,517.85,2026-08-07
Pai,SKIPPER,INE439E01022,Skipper Limited,2024-04-12,Purchase,5370.3,0,17,315.9,517.85,2026-08-07
Pai,SKIPPER,INE439E01022,Skipper Limited,2024-05-13,Purchase,6198,0,20,309.9,517.85,2026-08-07
Pai,SKIPPER,INE439E01022,Skipper Limited,2024-07-12,Purchase,1119.11,1.16,3,372.65,517.85,2026-08-07
Pai,SKIPPER,INE439E01022,Skipper Limited,2024-09-12,Purchase,2452.95,2.55,6,408.4,517.85,2026-08-07
Pai,SKIPPER,INE439E01022,Skipper Limited,2024-09-12,Dividend,22.5,0,0,0,517.85,2026-08-07
Pai,SKIPPER,INE439E01022,Skipper Limited,2024-10-07,Purchase,4103.4,5.25,9,455.35,517.85,2026-08-07
Pai,SKIPPER,INE439E01022,Skipper Limited,2025-01-13,Purchase,4469.5,0,10,446.95,517.85,2026-08-07
Pai,SKIPPER,INE439E01022,Skipper Limited,2025-01-13,Purchase,12984.1,21.08,29,447,517.85,2026-08-07
Pai,SKIPPER,INE439E01022,Skipper Limited,2025-01-16,Purchase,15343.1,17.9,33,464.4,517.85,2026-08-07
Pai,SKIPPER,INE439E01022,Skipper Limited,2025-02-12,Purchase,449.87,0.47,1,449.4,517.85,2026-08-07
Pai,SKIPPER,INE439E01022,Skipper Limited,2025-03-12,Purchase,2423.51,2.51,6,403.5,517.85,2026-08-07
Pai,SKIPPER,INE439E01022,Skipper Limited,2025-03-19,Purchase,36421,0,86,423.5,517.85,2026-08-07
Pai,SKIPPER,INE439E01022,Skipper Limited,2025-03-19,Purchase,5506.15,0,13,423.55,517.85,2026-08-07
Pai,SKIPPER,INE439E01022,Skipper Limited,2025-03-19,Purchase,40772.9,97.69,96,423.7,517.85,2026-08-07
Pai,SKIPPER,INE439E01022,Skipper Limited,2025-05-29,Purchase,499.57,0.52,1,499.05,517.85,2026-08-07
Pai,SKIPPER,INE439E01022,Skipper Limited,2025-07-29,Purchase,1847.31,1.91,4,461.35,517.85,2026-08-07
Pai,SKIPPER,INE439E01022,Skipper Limited,2025-08-29,Purchase,3160.17,3.27,6,526.15,517.85,2026-08-07
Pai,SKIPPER,INE439E01022,Skipper Limited,2025-09-16,Dividend,52.5,0,0,0,517.85,2026-08-07
Pai,SKIPPER,INE439E01022,Skipper Limited,2025-09-29,Purchase,1567.47,1.62,3,521.95,517.85,2026-08-07
Pai,SKIPPER,INE439E01022,Skipper Limited,2025-12-05,Sale,-9043,0,-20,452.15,517.85,2026-08-07
Pai,SKIPPER,INE439E01022,Skipper Limited,2025-12-05,Sale,-17193.1,0,-38,452.45,517.85,2026-08-07
Pai,SKIPPER,INE439E01022,Skipper Limited,2025-12-05,Sale,-58955.5,263.03,-131,452.05,517.85,2026-08-07
Pai,SKIPPER,INE439E01022,Skipper Limited,2025-12-05,Sale,-32099.1,0,-71,452.1,517.85,2026-08-07
Pai,SKIPPER,INE439E01022,Skipper Limited,2025-12-05,Sale,-16279.2,0,-36,452.2,517.85,2026-08-07
Pai,SKIPPER,INE439E01022,Skipper Limited,2025-12-05,Sale,-27587.2,0,-61,452.25,517.85,2026-08-07
Pai,SKIPPER,INE439E01022,Skipper Limited,2025-12-05,Sale,-39806.8,0,-88,452.35,517.85,2026-08-07
Pai,SKIPPER,INE439E01022,Skipper Limited,2025-12-05,Sale,-18984,0,-42,452,517.85,2026-08-07
Pai,SKIPPER,INE439E01022,Skipper Limited,2025-12-05,Sale,-904.6,0,-2,452.3,517.85,2026-08-07
Pai,SKIPPER,INE439E01022,Skipper Limited,2025-12-05,Sale,-1357.65,0,-3,452.55,517.85,2026-08-07
Pai,SKIPPER,INE439E01022,Skipper Limited,2025-12-05,Sale,-16286.4,0,-36,452.4,517.85,2026-08-07
Pai,SKIPPER,INE439E01022,Skipper Limited,2026-02-03,Purchase,93652,111.04,245,381.8,517.85,2026-08-07
Pai,SKIPPER,INE439E01022,Skipper Limited,2026-02-23,Purchase,3057.97,3.17,8,381.85,517.85,2026-08-07
Pai,SKIPPER,INE439E01022,Skipper Limited,2026-03-12,Sale,-33451.2,0,-101,331.2,517.85,2026-08-07
Pai,SKIPPER,INE439E01022,Skipper Limited,2026-03-12,Sale,-331.6,0,-1,331.6,517.85,2026-08-07
Pai,SKIPPER,INE439E01022,Skipper Limited,2026-03-12,Sale,-45339.9,103.01,-137,331.7,517.85,2026-08-07
Pai,SKIPPER,INE439E01022,Skipper Limited,2026-03-12,Sale,-1989,0,-6,331.5,517.85,2026-08-07
Pai,SKIPPER,INE439E01022,Skipper Limited,2026-03-12,Sale,-2650,0,-8,331.25,517.85,2026-08-07
Pai,SKIPPER,INE439E01022,Skipper Limited,2026-03-24,Purchase,20658,0,60,344.3,517.85,2026-08-07
Pai,SKIPPER,INE439E01022,Skipper Limited,2026-03-24,Purchase,344.35,0,1,344.35,517.85,2026-08-07
Pai,SKIPPER,INE439E01022,Skipper Limited,2026-03-24,Purchase,13091,0,38,344.5,517.85,2026-08-07
Pai,SKIPPER,INE439E01022,Skipper Limited,2026-03-24,Purchase,34891.1,81.48,101,344.65,517.85,2026-08-07
Pai,SKIPPER,INE439E01022,Skipper Limited,2026-04-15,Purchase,7561.05,0,19,397.95,517.85,2026-08-07
Pai,SKIPPER,INE439E01022,Skipper Limited,2026-04-15,Purchase,54997.8,73.82,138,398,517.85,2026-08-07
Pai,SKIPPER,INE439E01022,Skipper Limited,2026-05-22,Purchase,5507.51,6.71,12,458.4,517.85,2026-08-07
Pai,SKIPPER,INE439E01022,Skipper Limited,2026-07-22,Purchase,1074.97,1.67,2,536.65,517.85,2026-08-07
Pai,SKIPPER,INE439E01022,Skipper Limited,2026-07-22,Purchase,536.6,0,1,536.6,517.85,2026-08-07
Pai,SOLARWORLD,INE0TY101024,Solarworld Energy Solutions Limited,2026-05-25,Purchase,10049,18.55,45,222.9,168.43,2026-08-07
Pai,SOLARWORLD,INE0TY101024,Solarworld Energy Solutions Limited,2026-05-25,Purchase,5796.7,0,26,222.95,168.43,2026-08-07
Pai,SONACOMS,INE073K01018,Sona BLW Precision Forgings Limited,2025-10-15,Purchase,73638.9,118.3,161,456.65,818.05,2026-08-07
Pai,SONACOMS,INE073K01018,Sona BLW Precision Forgings Limited,2025-10-15,Purchase,26026.2,0,57,456.6,818.05,2026-08-07
Pai,SONACOMS,INE073K01018,Sona BLW Precision Forgings Limited,2025-10-29,Purchase,22291.6,0,46,484.6,818.05,2026-08-07
Pai,SONACOMS,INE073K01018,Sona BLW Precision Forgings Limited,2025-10-29,Purchase,969,0,2,484.5,818.05,2026-08-07
Pai,SONACOMS,INE073K01018,Sona BLW Precision Forgings Limited,2025-10-29,Purchase,34956.6,68.99,72,484.55,818.05,2026-08-07
Pai,SONACOMS,INE073K01018,Sona BLW Precision Forgings Limited,2026-01-30,Dividend,540.8,0,0,0,818.05,2026-08-07
Pai,SONACOMS,INE073K01018,Sona BLW Precision Forgings Limited,2026-06-25,Dividend,608.4,0,0,0,818.05,2026-08-07
Pai,SONATSOFTW,INE269A01021,Sonata Software Limited,2023-10-23,Purchase,7543.55,0,7,1077.65,,
Pai,SONATSOFTW,INE269A01021,Sonata Software Limited,2023-11-07,Dividend,49,0,0,0,,
Pai,SONATSOFTW,INE269A01021,Sonata Software Limited,2023-12-01,Purchase,9691.5,0,7,1384.5,,
Pai,SONATSOFTW,INE269A01021,Sonata Software Limited,2023-12-12,Purchase,771.15,0,1,771.15,,
Pai,SONATSOFTW,INE269A01021,Sonata Software Limited,2023-12-12,Bonus,0,0,14,0,,
Pai,SONATSOFTW,INE269A01021,Sonata Software Limited,2024-01-02,Sale,-10662,0,-15,710.8,,
Pai,SONATSOFTW,INE269A01021,Sonata Software Limited,2024-07-26,Dividend,61.6,0,0,0,,
Pai,SONATSOFTW,INE269A01021,Sonata Software Limited,2024-12-16,Sale,-9341.64,25.06,-14,669.05,,
Pai,SPECIALITY,INE247M01014,Speciality Restaurants Limited,2025-10-20,Purchase,2197.92,0,16,137.37,,
Pai,SPECIALITY,INE247M01014,Speciality Restaurants Limited,2025-10-20,Purchase,3168.36,7.7,23,137.42,,
Pai,SPECIALITY,INE247M01014,Speciality Restaurants Limited,2025-10-20,Purchase,1099.28,0,8,137.41,,
Pai,SPECIALITY,INE247M01014,Speciality Restaurants Limited,2025-10-29,Purchase,419.64,0,3,139.88,,
Pai,SPECIALITY,INE247M01014,Speciality Restaurants Limited,2025-10-29,Purchase,1828.45,0,13,140.65,,
Pai,SPECIALITY,INE247M01014,Speciality Restaurants Limited,2025-10-29,Purchase,5229.62,8.92,37,141.1,,
Pai,SPECIALITY,INE247M01014,Speciality Restaurants Limited,2025-11-25,Sale,-12421.7,28.26,-100,124.5,,
Pai,SBIN,INE062A01020,State Bank of India,2022-10-24,Purchase,5103,0,9,567,,
Pai,SBIN,INE062A01020,State Bank of India,2022-11-02,Purchase,1157.1,0,2,578.55,,
Pai,SBIN,INE062A01020,State Bank of India,2022-11-23,Purchase,1212.3,0,2,606.15,,
Pai,SBIN,INE062A01020,State Bank of India,2022-12-01,Purchase,1815.9,0,3,605.3,,
Pai,SBIN,INE062A01020,State Bank of India,2023-05-31,Dividend,180.8,0,0,0,,
Pai,SBIN,INE062A01020,State Bank of India,2023-10-23,Sale,-8868.8,0,-16,554.3,,
Pai,SWSOLAR,INE00M201021,Sterling & Wilson Solar Limited,2023-02-16,Purchase,1786.2,0,6,297.7,,
Pai,SWSOLAR,INE00M201021,Sterling & Wilson Solar Limited,2023-02-16,Purchase,9524.8,0,32,297.65,,
Pai,SWSOLAR,INE00M201021,Sterling & Wilson Solar Limited,2023-02-16,Purchase,297.6,0,1,297.6,,
Pai,SWSOLAR,INE00M201021,Sterling & Wilson Solar Limited,2023-04-03,Purchase,3577.8,0,12,298.15,,
Pai,SWSOLAR,INE00M201021,Sterling & Wilson Solar Limited,2023-04-12,Purchase,911.1,0,3,303.7,,
Pai,SWSOLAR,INE00M201021,Sterling & Wilson Solar Limited,2023-05-12,Purchase,2640.6,0,9,293.4,,
Pai,SWSOLAR,INE00M201021,Sterling & Wilson Solar Limited,2023-07-13,Purchase,3212,0,11,292,,
Pai,SWSOLAR,INE00M201021,Sterling & Wilson Solar Limited,2023-07-13,Purchase,2629.35,0,9,292.15,,
Pai,SWSOLAR,INE00M201021,Sterling & Wilson Solar Limited,2023-10-12,Purchase,4121,0,13,317,,
Pai,SWSOLAR,INE00M201021,Sterling & Wilson Solar Limited,2023-10-12,Purchase,1584.5,0,5,316.9,,
Pai,SWSOLAR,INE00M201021,Sterling & Wilson Solar Limited,2023-10-12,Purchase,317.85,0,1,317.85,,
Pai,SWSOLAR,INE00M201021,Sterling & Wilson Solar Limited,2023-11-02,Sale,-26917.8,0,-102,263.9,,
Pai,SWSOLAR,INE00M201021,Sterling & Wilson Solar Limited,2024-04-23,Purchase,41447,0,62,668.5,,
Pai,SWSOLAR,INE00M201021,Sterling & Wilson Solar Limited,2024-09-04,Purchase,30019.1,35.19,43,697.3,,
Pai,SWSOLAR,INE00M201021,Sterling & Wilson Solar Limited,2024-10-07,Purchase,1559.52,1.62,3,519.3,,
Pai,SWSOLAR,INE00M201021,Sterling & Wilson Solar Limited,2024-10-14,Purchase,8515.57,9.82,15,567.05,,
Pai,SWSOLAR,INE00M201021,Sterling & Wilson Solar Limited,2024-11-12,Purchase,7649.18,8.93,15,509.35,,
Pai,SWSOLAR,INE00M201021,Sterling & Wilson Solar Limited,2024-12-10,Purchase,16736.5,20.34,33,506.55,,
Pai,SWSOLAR,INE00M201021,Sterling & Wilson Solar Limited,2024-12-12,Purchase,2976.99,3.09,6,495.65,,
Pai,SWSOLAR,INE00M201021,Sterling & Wilson Solar Limited,2025-01-16,Purchase,10017.4,12.38,23,435,,
Pai,SWSOLAR,INE00M201021,Sterling & Wilson Solar Limited,2025-01-30,Sale,-62419.8,80.18,-200,312.5,,
Pai,STLTECH,INE089C01029,Sterlite Technologies Limited,2022-10-24,Purchase,11205.8,0,67,167.25,613.35,2026-06-25
Pai,STLTECH,INE089C01029,Sterlite Technologies Limited,2022-11-02,Purchase,662,0,4,165.5,613.35,2026-06-25
Pai,STLTECH,INE089C01029,Sterlite Technologies Limited,2022-12-01,Purchase,884,0,5,176.8,613.35,2026-06-25
Pai,STLTECH,INE089C01029,Sterlite Technologies Limited,2023-01-12,Purchase,851.75,0,5,170.35,613.35,2026-06-25
Pai,STLTECH,INE089C01029,Sterlite Technologies Limited,2023-03-13,Purchase,2415,0,15,161,613.35,2026-06-25
Pai,STLTECH,INE089C01029,Sterlite Technologies Limited,2023-04-12,Purchase,1115.8,0,7,159.4,613.35,2026-06-25
Pai,STLTECH,INE089C01029,Sterlite Technologies Limited,2023-08-08,Dividend,103,0,0,0,613.35,2026-06-25
Pai,STLTECH,INE089C01029,Sterlite Technologies Limited,2024-03-05,Sale,-7141.75,0,-53,134.75,613.35,2026-06-25
Pai,STLTECH,INE089C01029,Sterlite Technologies Limited,2024-03-05,Sale,-6740,0,-50,134.8,613.35,2026-06-25
Pai,STAR,INE939A01011,Strides Pharma Science Limited,2025-11-03,Purchase,10878.1,13.36,11,987.7,903.65,2026-03-20
Pai,STAR,INE939A01011,Strides Pharma Science Limited,2025-11-18,Purchase,19967.5,23.85,21,949.7,903.65,2026-03-20
Pai,STAR,INE939A01011,Strides Pharma Science Limited,2026-03-12,Sale,-893.1,0,-1,893.1,903.65,2026-03-20
Pai,STAR,INE939A01011,Strides Pharma Science Limited,2026-03-12,Sale,-13395.8,0,-15,893.05,903.65,2026-03-20
Pai,STAR,INE939A01011,Strides Pharma Science Limited,2026-03-12,Sale,-14250.8,45.22,-16,893.5,903.65,2026-03-20
Pai,SUNDARMFIN,INE660A01013,Sundaram Finance Limited,2023-06-16,Purchase,12975,0,5,2595,,
Pai,SUNDARMFIN,INE660A01013,Sundaram Finance Limited,2023-07-05,Dividend,75,0,0,0,,
Pai,SUNDARMFIN,INE660A01013,Sundaram Finance Limited,2023-07-13,Purchase,2610.85,0,1,2610.85,,
Pai,SUNDARMFIN,INE660A01013,Sundaram Finance Limited,2023-08-14,Purchase,2589.65,0,1,2589.65,,
Pai,SUNDARMFIN,INE660A01013,Sundaram Finance Limited,2023-09-12,Purchase,2719.95,0,1,2719.95,,
Pai,SUNDARMFIN,INE660A01013,Sundaram Finance Limited,2024-02-16,Dividend,112,0,0,0,,
Pai,SUNDARMFIN,INE660A01013,Sundaram Finance Limited,2024-07-15,Sale,-34489.2,51.24,-8,4317.55,,
Pai,SWANCORP,INE665A01038,Swan Corp Limited,2024-02-01,Purchase,15060.4,0,23,654.8,,
Pai,SWANCORP,INE665A01038,Swan Corp Limited,2024-03-05,Purchase,6565.05,0,9,729.45,,
Pai,SWANCORP,INE665A01038,Swan Corp Limited,2024-03-12,Purchase,4160.45,0,7,594.35,,
Pai,SWANCORP,INE665A01038,Swan Corp Limited,2024-03-12,Sale,-1791,0,-3,597,,
Pai,SWANCORP,INE665A01038,Swan Corp Limited,2024-03-12,Sale,-4776.4,0,-8,597.05,,
Pai,SWANCORP,INE665A01038,Swan Corp Limited,2024-03-12,Sale,-12536,0,-21,596.95,,
Pai,SWANCORP,INE665A01038,Swan Corp Limited,2024-03-28,Sale,-4589.9,0,-7,655.7,,
Pai,SWANCORP,INE665A01038,Swan Corp Limited,2024-05-03,Purchase,13609.1,0,23,591.7,,
Pai,SWANCORP,INE665A01038,Swan Corp Limited,2024-05-13,Purchase,1547.55,0,3,515.85,,
Pai,SWANCORP,INE665A01038,Swan Corp Limited,2024-06-03,Sale,-15211.3,0,-26,585.05,,
Pai,SWELECTES,INE409B01013,Swelect Energy Systems Limited,2022-10-24,Purchase,6359,0,20,317.95,522.65,2026-03-25
Pai,SWELECTES,INE409B01013,Swelect Energy Systems Limited,2022-10-24,Purchase,6040.1,0,19,317.9,522.65,2026-03-25
Pai,SWELECTES,INE409B01013,Swelect Energy Systems Limited,2022-11-02,Purchase,942.6,0,3,314.2,522.65,2026-03-25
Pai,SWELECTES,INE409B01013,Swelect Energy Systems Limited,2022-12-01,Purchase,1054.2,0,3,351.4,522.65,2026-03-25
Pai,SWELECTES,INE409B01013,Swelect Energy Systems Limited,2023-02-13,Purchase,1251.6,0,4,312.9,522.65,2026-03-25
Pai,SWELECTES,INE409B01013,Swelect Energy Systems Limited,2023-03-14,Sale,-4777,0,-17,281,522.65,2026-03-25
Pai,SWELECTES,INE409B01013,Swelect Energy Systems Limited,2023-03-14,Sale,-8993.6,0,-32,281.05,522.65,2026-03-25
Pai,SWELECTES,INE409B01013,Swelect Energy Systems Limited,2024-09-05,Purchase,51902.1,81.09,44,1177.75,522.65,2026-03-25
Pai,SWELECTES,INE409B01013,Swelect Energy Systems Limited,2024-09-05,Purchase,16508.8,0,14,1179.2,522.65,2026-03-25
Pai,SWELECTES,INE409B01013,Swelect Energy Systems Limited,2024-10-07,Purchase,2228.21,2.31,2,1112.95,522.65,2026-03-25
Pai,SWELECTES,INE409B01013,Swelect Energy Systems Limited,2024-12-10,Purchase,3439.56,4.56,3,1145,522.65,2026-03-25
Pai,SWELECTES,INE409B01013,Swelect Energy Systems Limited,2025-01-16,Purchase,2870.4,0,3,956.8,522.65,2026-03-25
Pai,SWELECTES,INE409B01013,Swelect Energy Systems Limited,2025-01-16,Purchase,956.95,0,1,956.95,522.65,2026-03-25
Pai,SWELECTES,INE409B01013,Swelect Energy Systems Limited,2025-01-16,Purchase,957,0,1,957,522.65,2026-03-25
Pai,SWELECTES,INE409B01013,Swelect Energy Systems Limited,2025-01-16,Purchase,7672.51,14.91,8,957.2,522.65,2026-03-25
Pai,SWELECTES,INE409B01013,Swelect Energy Systems Limited,2025-02-17,Sale,-3070,0,-5,614,522.65,2026-03-25
Pai,SWELECTES,INE409B01013,Swelect Energy Systems Limited,2025-02-17,Sale,-10438.9,0,-17,614.05,522.65,2026-03-25
Pai,SWELECTES,INE409B01013,Swelect Energy Systems Limited,2025-02-17,Sale,-20827.2,64.15,-34,614.45,522.65,2026-03-25
Pai,SWELECTES,INE409B01013,Swelect Energy Systems Limited,2025-02-17,Sale,-3072.5,0,-5,614.5,522.65,2026-03-25
Pai,SWELECTES,INE409B01013,Swelect Energy Systems Limited,2025-02-17,Sale,-1843.65,0,-3,614.55,522.65,2026-03-25
Pai,SWELECTES,INE409B01013,Swelect Energy Systems Limited,2025-02-17,Sale,-7375.2,0,-12,614.6,522.65,2026-03-25
Pai,SYRMA,INE0DYJ01015,Syrma SGS Technology Limited,2025-02-27,Purchase,55339.8,70.31,130,425.15,1424.7,2026-08-07
Pai,SYRMA,INE0DYJ01015,Syrma SGS Technology Limited,2025-02-27,Purchase,3825.45,0,9,425.05,1424.7,2026-08-07
Pai,SYRMA,INE0DYJ01015,Syrma SGS Technology Limited,2025-03-12,Purchase,2114.69,2.19,5,422.5,1424.7,2026-08-07
Pai,SYRMA,INE0DYJ01015,Syrma SGS Technology Limited,2025-03-19,Purchase,16653.1,48.11,36,461.25,1424.7,2026-08-07
Pai,SYRMA,INE0DYJ01015,Syrma SGS Technology Limited,2025-03-19,Purchase,8764.7,0,19,461.3,1424.7,2026-08-07
Pai,SYRMA,INE0DYJ01015,Syrma SGS Technology Limited,2025-03-19,Purchase,15224.5,0,33,461.35,1424.7,2026-08-07
Pai,SYRMA,INE0DYJ01015,Syrma SGS Technology Limited,2025-05-29,Purchase,1080.92,1.12,2,539.9,1424.7,2026-08-07
Pai,SYRMA,INE0DYJ01015,Syrma SGS Technology Limited,2025-09-19,Dividend,351,0,0,0,1424.7,2026-08-07
Pai,SYRMA,INE0DYJ01015,Syrma SGS Technology Limited,2025-10-29,Purchase,81827.6,97.63,100,817.3,1424.7,2026-08-07
Pai,SYRMA,INE0DYJ01015,Syrma SGS Technology Limited,2025-11-12,Purchase,105316,0,122,863.25,1424.7,2026-08-07
Pai,SYRMA,INE0DYJ01015,Syrma SGS Technology Limited,2025-11-12,Purchase,152245,304.43,176,863.3,1424.7,2026-08-07
Pai,SYRMA,INE0DYJ01015,Syrma SGS Technology Limited,2025-12-09,Sale,-72365,0,-100,723.65,1424.7,2026-08-07
Pai,SYRMA,INE0DYJ01015,Syrma SGS Technology Limited,2025-12-09,Sale,-10126.2,0,-14,723.3,1424.7,2026-08-07
Pai,SYRMA,INE0DYJ01015,Syrma SGS Technology Limited,2025-12-09,Sale,-14464,0,-20,723.2,1424.7,2026-08-07
Pai,SYRMA,INE0DYJ01015,Syrma SGS Technology Limited,2025-12-09,Sale,-168817,493.85,-234,723.55,1424.7,2026-08-07
Pai,SYRMA,INE0DYJ01015,Syrma SGS Technology Limited,2025-12-09,Sale,-23147.2,0,-32,723.35,1424.7,2026-08-07
Pai,SYRMA,INE0DYJ01015,Syrma SGS Technology Limited,2025-12-09,Sale,-33276.4,0,-46,723.4,1424.7,2026-08-07
Pai,SYRMA,INE0DYJ01015,Syrma SGS Technology Limited,2025-12-09,Sale,-36175,0,-50,723.5,1424.7,2026-08-07
Pai,SYRMA,INE0DYJ01015,Syrma SGS Technology Limited,2025-12-09,Sale,-39079.8,0,-54,723.7,1424.7,2026-08-07
Pai,SYRMA,INE0DYJ01015,Syrma SGS Technology Limited,2025-12-09,Sale,-4340.7,0,-6,723.45,1424.7,2026-08-07
Pai,SYRMA,INE0DYJ01015,Syrma SGS Technology Limited,2025-12-09,Sale,-54993.6,0,-76,723.6,1424.7,2026-08-07
Pai,SYRMA,INE0DYJ01015,Syrma SGS Technology Limited,2026-02-03,Purchase,90487.5,133.53,111,814,1424.7,2026-08-07
Pai,SYRMA,INE0DYJ01015,Syrma SGS Technology Limited,2026-02-03,Purchase,21972.6,0,27,813.8,1424.7,2026-08-07
Pai,SYRMA,INE0DYJ01015,Syrma SGS Technology Limited,2026-02-23,Purchase,838.27,0.87,1,837.4,1424.7,2026-08-07
Pai,SYRMA,INE0DYJ01015,Syrma SGS Technology Limited,2026-03-12,Sale,-27829.3,0,-38,732.35,1424.7,2026-08-07
Pai,SYRMA,INE0DYJ01015,Syrma SGS Technology Limited,2026-03-12,Sale,-18307.5,0,-25,732.3,1424.7,2026-08-07
Pai,SYRMA,INE0DYJ01015,Syrma SGS Technology Limited,2026-03-12,Sale,-55549.1,120.95,-76,732.5,1424.7,2026-08-07
Pai,SYRMA,INE0DYJ01015,Syrma SGS Technology Limited,2026-03-24,Purchase,9942.4,0,13,764.8,1424.7,2026-08-07
Pai,SYRMA,INE0DYJ01015,Syrma SGS Technology Limited,2026-03-24,Purchase,104963,158.25,137,765,1424.7,2026-08-07
Pai,SYRMA,INE0DYJ01015,Syrma SGS Technology Limited,2026-03-24,Purchase,17634.1,0,23,766.7,1424.7,2026-08-07
Pai,SYRMA,INE0DYJ01015,Syrma SGS Technology Limited,2026-04-01,Purchase,15376.7,0,19,809.3,1424.7,2026-08-07
Pai,SYRMA,INE0DYJ01015,Syrma SGS Technology Limited,2026-04-01,Purchase,29136.6,0,36,809.35,1424.7,2026-08-07
Pai,SYRMA,INE0DYJ01015,Syrma SGS Technology Limited,2026-04-01,Purchase,36519,95.96,45,809.4,1424.7,2026-08-07
Pai,SYRMA,INE0DYJ01015,Syrma SGS Technology Limited,2026-04-15,Purchase,74884.3,88.59,85,879.95,1424.7,2026-08-07
Pai,SYRMA,INE0DYJ01015,Syrma SGS Technology Limited,2026-05-20,Purchase,29199.3,45.32,30,971.8,1424.7,2026-08-07
Pai,SYRMA,INE0DYJ01015,Syrma SGS Technology Limited,2026-05-20,Purchase,3887.6,0,4,971.9,1424.7,2026-08-07
Pai,SYRMA,INE0DYJ01015,Syrma SGS Technology Limited,2026-05-20,Purchase,4860,0,5,972,1424.7,2026-08-07
Pai,SYRMA,INE0DYJ01015,Syrma SGS Technology Limited,2026-05-22,Purchase,5165.35,6.35,5,1031.8,1424.7,2026-08-07
Pai,TATACAP,INE976I01016,Tata Capital Limited,2025-10-10,Purchase,14996,0,46,326,299.7,2026-05-22
Pai,TATACAP,INE976I01016,Tata Capital Limited,2025-10-29,Purchase,6527.74,7.74,20,326,299.7,2026-05-22
Pai,TATACAP,INE976I01016,Tata Capital Limited,2026-05-20,Sale,-19727.9,35.84,-66,299.45,299.7,2026-05-22
Pai,TATACHEM,INE092A01019,Tata Chemicals Limited,2022-10-24,Purchase,3476.7,0,3,1158.9,,
Pai,TATACHEM,INE092A01019,Tata Chemicals Limited,2022-12-01,Purchase,2113.8,0,2,1056.9,,
Pai,TATACHEM,INE092A01019,Tata Chemicals Limited,2023-06-14,Dividend,87.5,0,0,0,,
Pai,TATACHEM,INE092A01019,Tata Chemicals Limited,2024-03-05,Sale,-5268.75,0,-5,1053.75,,
Pai,TCS,INE467B01029,Tata Consultancy Services Limited,2022-10-24,Purchase,6344.8,0,2,3172.4,,
Pai,TCS,INE467B01029,Tata Consultancy Services Limited,2022-12-01,Purchase,3473.4,0,1,3473.4,,
Pai,TCS,INE467B01029,Tata Consultancy Services Limited,2023-01-16,Dividend,225,0,0,0,,
Pai,TCS,INE467B01029,Tata Consultancy Services Limited,2023-06-15,Dividend,72,0,0,0,,
Pai,TCS,INE467B01029,Tata Consultancy Services Limited,2023-07-20,Dividend,27,0,0,0,,
Pai,TCS,INE467B01029,Tata Consultancy Services Limited,2023-10-19,Dividend,27,0,0,0,,
Pai,TCS,INE467B01029,Tata Consultancy Services Limited,2023-11-02,Sale,-10098.6,0,-3,3366.2,,
Pai,TATACONSUM,INE192A01025,Tata Consumer Products Limited,2022-10-24,Purchase,4632.3,0,6,772.05,,
Pai,TATACONSUM,INE192A01025,Tata Consumer Products Limited,2022-11-02,Purchase,1544.2,0,2,772.1,,
Pai,TATACONSUM,INE192A01025,Tata Consumer Products Limited,2022-12-01,Purchase,812.25,0,1,812.25,,
Pai,TATACONSUM,INE192A01025,Tata Consumer Products Limited,2023-05-19,Dividend,76.05,0,0,0,,
Pai,TATACONSUM,INE192A01025,Tata Consumer Products Limited,2023-11-02,Sale,-8207.55,0,-9,911.95,,
Pai,TATAMTRDVR,IN9155A01020,Tata Motors Limited (DVR),2024-02-01,Purchase,7028.4,0,12,585.7,,
Pai,TATAMTRDVR,IN9155A01020,Tata Motors Limited (DVR),2024-04-12,Purchase,677,0,1,677,,
Pai,TATAMTRDVR,IN9155A01020,Tata Motors Limited (DVR),2024-05-03,Purchase,6190.65,0,9,687.85,,
Pai,TATAMTRDVR,IN9155A01020,Tata Motors Limited (DVR),2024-05-13,Purchase,649.2,0,1,649.2,,
Pai,TATAMTRDVR,IN9155A01020,Tata Motors Limited (DVR),2024-06-03,Sale,-14643,0,-23,636.65,,
Pai,TMPV,INE155A01022,Tata Motors Passenger Vehicles Limited,2023-11-02,Purchase,5079.6,0,8,634.95,,
Pai,TMPV,INE155A01022,Tata Motors Passenger Vehicles Limited,2024-06-11,Dividend,48,0,0,0,,
Pai,TMPV,INE155A01022,Tata Motors Passenger Vehicles Limited,2024-12-16,Sale,-6284.07,21.93,-8,788.25,,
Pai,TATAPOWER,INE245A01021,Tata Power Company Limited,2022-10-24,Purchase,2650.2,0,12,220.85,408.9,2026-05-22
Pai,TATAPOWER,INE245A01021,Tata Power Company Limited,2022-11-02,Purchase,689.7,0,3,229.9,408.9,2026-05-22
Pai,TATAPOWER,INE245A01021,Tata Power Company Limited,2022-12-01,Purchase,680.4,0,3,226.8,408.9,2026-05-22
Pai,TATAPOWER,INE245A01021,Tata Power Company Limited,2023-06-07,Dividend,36,0,0,0,408.9,2026-05-22
Pai,TATAPOWER,INE245A01021,Tata Power Company Limited,2024-07-04,Dividend,36,0,0,0,408.9,2026-05-22
Pai,TATAPOWER,INE245A01021,Tata Power Company Limited,2025-03-03,Sale,-5418.26,21.74,-16,340,408.9,2026-05-22
Pai,TATAPOWER,INE245A01021,Tata Power Company Limited,2025-03-03,Sale,-680.1,0,-2,340.05,408.9,2026-05-22
Pai,TATAPOWER,INE245A01021,Tata Power Company Limited,2025-07-23,Purchase,213928,253.88,531,402.4,408.9,2026-05-22
Pai,TATAPOWER,INE245A01021,Tata Power Company Limited,2025-08-29,Purchase,3363.73,4.48,9,373.25,408.9,2026-05-22
Pai,TATAPOWER,INE245A01021,Tata Power Company Limited,2026-02-03,Sale,-123586,143.7,-337,367.15,408.9,2026-05-22
Pai,TATAPOWER,INE245A01021,Tata Power Company Limited,2026-05-20,Sale,-84010.4,102.6,-203,414.35,408.9,2026-05-22
Pai,TATASTEEL,INE081A01020,Tata Steel Limited,2022-10-24,Purchase,3042,0,30,101.4,,
Pai,TATASTEEL,INE081A01020,Tata Steel Limited,2022-11-02,Purchase,1022.5,0,10,102.25,,
Pai,TATASTEEL,INE081A01020,Tata Steel Limited,2022-12-01,Purchase,652.5,0,6,108.75,,
Pai,TATASTEEL,INE081A01020,Tata Steel Limited,2023-06-22,Dividend,165.6,0,0,0,,
Pai,TATASTEEL,INE081A01020,Tata Steel Limited,2024-06-21,Dividend,165.6,0,0,0,,
Pai,TATASTEEL,INE081A01020,Tata Steel Limited,2024-07-19,Sale,-7470.23,23.17,-46,162.9,,
Pai,TBOTEK,INE673O01025,TBO Tek Limited,2026-04-20,Purchase,29583,34.89,23,1284.7,1610.9,2026-08-07
Pai,TCPLPACK,INE822C01015,TCPL Packaging Limited,2023-05-03,Purchase,1601,0,1,1601,,
Pai,TCPLPACK,INE822C01015,TCPL Packaging Limited,2023-05-03,Purchase,1600.95,0,1,1600.95,,
Pai,TCPLPACK,INE822C01015,TCPL Packaging Limited,2023-05-12,Purchase,1563.45,0,1,1563.45,,
Pai,TCPLPACK,INE822C01015,TCPL Packaging Limited,2023-06-12,Purchase,1462.7,0,1,1462.7,,
Pai,TCPLPACK,INE822C01015,TCPL Packaging Limited,2023-07-13,Purchase,1584.6,0,1,1584.6,,
Pai,TCPLPACK,INE822C01015,TCPL Packaging Limited,2023-07-13,Purchase,3172.1,0,2,1586.05,,
Pai,TCPLPACK,INE822C01015,TCPL Packaging Limited,2023-07-28,Dividend,140,0,0,0,,
Pai,TCPLPACK,INE822C01015,TCPL Packaging Limited,2024-07-23,Dividend,154,0,0,0,,
Pai,TCPLPACK,INE822C01015,TCPL Packaging Limited,2025-05-08,Sale,-25553.8,42.1,-7,3656.55,,
Pai,TDPOWERSYS,INE419M01027,TD Power Systems Limited,2022-10-24,Purchase,1873.65,0,15,124.91,1260.9,2026-08-07
Pai,TDPOWERSYS,INE419M01027,TD Power Systems Limited,2022-10-24,Purchase,8744.4,0,70,124.92,1260.9,2026-08-07
Pai,TDPOWERSYS,INE419M01027,TD Power Systems Limited,2022-11-02,Purchase,120.05,0,1,120.05,1260.9,2026-08-07
Pai,TDPOWERSYS,INE419M01027,TD Power Systems Limited,2023-02-13,Purchase,1328,0,10,132.8,1260.9,2026-08-07
Pai,TDPOWERSYS,INE419M01027,TD Power Systems Limited,2023-02-20,Dividend,48,0,0,0,1260.9,2026-08-07
Pai,TDPOWERSYS,INE419M01027,TD Power Systems Limited,2023-04-03,Purchase,2218.3,0,14,158.45,1260.9,2026-08-07
Pai,TDPOWERSYS,INE419M01027,TD Power Systems Limited,2023-04-12,Purchase,1565.5,0,10,156.55,1260.9,2026-08-07
Pai,TDPOWERSYS,INE419M01027,TD Power Systems Limited,2023-08-14,Purchase,1225,0,5,245,1260.9,2026-08-07
Pai,TDPOWERSYS,INE419M01027,TD Power Systems Limited,2023-08-22,Dividend,60,0,0,0,1260.9,2026-08-07
Pai,TDPOWERSYS,INE419M01027,TD Power Systems Limited,2023-10-12,Purchase,2551,0,10,255.1,1260.9,2026-08-07
Pai,TDPOWERSYS,INE419M01027,TD Power Systems Limited,2023-11-22,Dividend,67.5,0,0,0,1260.9,2026-08-07
Pai,TDPOWERSYS,INE419M01027,TD Power Systems Limited,2023-12-12,Purchase,2934.8,0,11,266.8,1260.9,2026-08-07
Pai,TDPOWERSYS,INE419M01027,TD Power Systems Limited,2024-01-12,Purchase,284,0,1,284,1260.9,2026-08-07
Pai,TDPOWERSYS,INE419M01027,TD Power Systems Limited,2024-02-12,Purchase,2201.6,0,8,275.2,1260.9,2026-08-07
Pai,TDPOWERSYS,INE419M01027,TD Power Systems Limited,2024-03-12,Purchase,1396.5,0,5,279.3,1260.9,2026-08-07
Pai,TDPOWERSYS,INE419M01027,TD Power Systems Limited,2024-04-12,Purchase,6428.4,0,22,292.2,1260.9,2026-08-07
Pai,TDPOWERSYS,INE419M01027,TD Power Systems Limited,2024-05-13,Purchase,4648,0,16,290.5,1260.9,2026-08-07
Pai,TDPOWERSYS,INE419M01027,TD Power Systems Limited,2024-08-06,Dividend,118.8,0,0,0,1260.9,2026-08-07
Pai,TDPOWERSYS,INE419M01027,TD Power Systems Limited,2024-08-12,Purchase,821.45,0.85,2,410.3,1260.9,2026-08-07
Pai,TDPOWERSYS,INE419M01027,TD Power Systems Limited,2024-09-12,Purchase,4558.09,5.74,11,413.85,1260.9,2026-08-07
Pai,TDPOWERSYS,INE419M01027,TD Power Systems Limited,2024-10-07,Purchase,3066.38,3.18,8,382.9,1260.9,2026-08-07
Pai,TDPOWERSYS,INE419M01027,TD Power Systems Limited,2024-10-14,Purchase,10428,12.8,27,385.75,1260.9,2026-08-07
Pai,TDPOWERSYS,INE419M01027,TD Power Systems Limited,2024-11-11,Dividend,147.6,0,0,0,1260.9,2026-08-07
Pai,TDPOWERSYS,INE419M01027,TD Power Systems Limited,2024-12-10,Purchase,4545.21,5.71,10,453.95,1260.9,2026-08-07
Pai,TDPOWERSYS,INE419M01027,TD Power Systems Limited,2024-12-12,Purchase,1359.21,1.41,3,452.6,1260.9,2026-08-07
Pai,TDPOWERSYS,INE419M01027,TD Power Systems Limited,2025-01-16,Purchase,40442.9,47.91,100,403.95,1260.9,2026-08-07
Pai,TDPOWERSYS,INE419M01027,TD Power Systems Limited,2025-02-12,Purchase,1806.87,1.87,5,361,1260.9,2026-08-07
Pai,TDPOWERSYS,INE419M01027,TD Power Systems Limited,2025-03-19,Purchase,365.85,0,1,365.85,1260.9,2026-08-07
Pai,TDPOWERSYS,INE419M01027,TD Power Systems Limited,2025-03-19,Purchase,19758.6,0,54,365.9,1260.9,2026-08-07
Pai,TDPOWERSYS,INE419M01027,TD Power Systems Limited,2025-03-19,Purchase,15004,0,41,365.95,1260.9,2026-08-07
Pai,TDPOWERSYS,INE419M01027,TD Power Systems Limited,2025-03-19,Purchase,46212.3,96.28,126,366,1260.9,2026-08-07
Pai,TDPOWERSYS,INE419M01027,TD Power Systems Limited,2025-07-29,Purchase,3742.48,4.88,8,467.2,1260.9,2026-08-07
Pai,TDPOWERSYS,INE419M01027,TD Power Systems Limited,2025-07-30,Dividend,386.1,0,0,0,1260.9,2026-08-07
Pai,TDPOWERSYS,INE419M01027,TD Power Systems Limited,2025-08-29,Purchase,1506.6,0,3,502.2,1260.9,2026-08-07
Pai,TDPOWERSYS,INE419M01027,TD Power Systems Limited,2025-08-29,Purchase,1509.88,3.13,3,502.25,1260.9,2026-08-07
Pai,TDPOWERSYS,INE419M01027,TD Power Systems Limited,2025-11-06,Dividend,600,0,0,0,1260.9,2026-08-07
Pai,TDPOWERSYS,INE419M01027,TD Power Systems Limited,2026-02-03,Sale,-85625,413.21,-108,796.65,1260.9,2026-08-07
Pai,TDPOWERSYS,INE419M01027,TD Power Systems Limited,2026-02-03,Sale,-23105.8,0,-29,796.75,1260.9,2026-08-07
Pai,TDPOWERSYS,INE419M01027,TD Power Systems Limited,2026-02-03,Sale,-66134.4,0,-83,796.8,1260.9,2026-08-07
Pai,TDPOWERSYS,INE419M01027,TD Power Systems Limited,2026-02-03,Sale,-18332.2,0,-23,797.05,1260.9,2026-08-07
Pai,TDPOWERSYS,INE419M01027,TD Power Systems Limited,2026-02-03,Sale,-11952.8,0,-15,796.85,1260.9,2026-08-07
Pai,TDPOWERSYS,INE419M01027,TD Power Systems Limited,2026-02-03,Sale,-35844.8,0,-45,796.55,1260.9,2026-08-07
Pai,TDPOWERSYS,INE419M01027,TD Power Systems Limited,2026-02-03,Sale,-23910,0,-30,797,1260.9,2026-08-07
Pai,TDPOWERSYS,INE419M01027,TD Power Systems Limited,2026-02-03,Sale,-25512,0,-32,797.25,1260.9,2026-08-07
Pai,TDPOWERSYS,INE419M01027,TD Power Systems Limited,2026-02-03,Sale,-35050.4,0,-44,796.6,1260.9,2026-08-07
Pai,TDPOWERSYS,INE419M01027,TD Power Systems Limited,2026-02-03,Sale,-51772.5,0,-65,796.5,1260.9,2026-08-07
Pai,TDPOWERSYS,INE419M01027,TD Power Systems Limited,2026-02-03,Sale,-7173.9,0,-9,797.1,1260.9,2026-08-07
Pai,TDPOWERSYS,INE419M01027,TD Power Systems Limited,2026-02-10,Purchase,799.95,0,1,799.95,1260.9,2026-08-07
Pai,TDPOWERSYS,INE419M01027,TD Power Systems Limited,2026-02-10,Purchase,179415,215.18,224,800,1260.9,2026-08-07
Pai,TDPOWERSYS,INE419M01027,TD Power Systems Limited,2026-05-22,Purchase,3882.82,5.02,3,1292.6,1260.9,2026-08-07
Pai,TECHM,INE669C01036,Tech Mahindra Limited,2024-12-09,Purchase,5343.39,6.54,3,1778.95,,
Pai,TECHM,INE669C01036,Tech Mahindra Limited,2024-12-12,Purchase,1790.86,1.86,1,1789,,
Pai,TECHM,INE669C01036,Tech Mahindra Limited,2025-01-13,Purchase,1672.43,1.73,1,1670.7,,
Pai,TECHM,INE669C01036,Tech Mahindra Limited,2025-02-12,Purchase,1690.65,1.75,1,1688.9,,
Pai,TECHM,INE669C01036,Tech Mahindra Limited,2025-03-12,Purchase,1456.31,1.51,1,1454.8,,
Pai,TECHM,INE669C01036,Tech Mahindra Limited,2025-04-29,Purchase,1478.33,1.53,1,1476.8,,
Pai,TECHM,INE669C01036,Tech Mahindra Limited,2025-05-29,Purchase,1596.25,1.65,1,1594.6,,
Pai,TECHM,INE669C01036,Tech Mahindra Limited,2025-06-30,Purchase,1670.23,1.73,1,1668.5,,
Pai,TECHM,INE669C01036,Tech Mahindra Limited,2025-07-03,Sale,-16782.2,32.78,-10,1681.5,,
Pai,TECHNOE,INE285K01026,Techno Electric & Engineering Company Limited,2023-05-03,Purchase,1099.2,0,3,366.4,1066.25,2026-08-07
Pai,TECHNOE,INE285K01026,Techno Electric & Engineering Company Limited,2023-05-08,Purchase,772.7,0,2,386.35,1066.25,2026-08-07
Pai,TECHNOE,INE285K01026,Techno Electric & Engineering Company Limited,2023-05-08,Purchase,2704.8,0,7,386.4,1066.25,2026-08-07
Pai,TECHNOE,INE285K01026,Techno Electric & Engineering Company Limited,2023-05-08,Purchase,6570.5,0,17,386.5,1066.25,2026-08-07
Pai,TECHNOE,INE285K01026,Techno Electric & Engineering Company Limited,2023-05-08,Purchase,2705.85,0,7,386.55,1066.25,2026-08-07
Pai,TECHNOE,INE285K01026,Techno Electric & Engineering Company Limited,2023-05-08,Purchase,7339.7,0,19,386.3,1066.25,2026-08-07
Pai,TECHNOE,INE285K01026,Techno Electric & Engineering Company Limited,2023-05-12,Purchase,2595.25,0,7,370.75,1066.25,2026-08-07
Pai,TECHNOE,INE285K01026,Techno Electric & Engineering Company Limited,2023-06-12,Purchase,1110,0,3,370,1066.25,2026-08-07
Pai,TECHNOE,INE285K01026,Techno Electric & Engineering Company Limited,2023-06-12,Purchase,2216.7,0,6,369.45,1066.25,2026-08-07
Pai,TECHNOE,INE285K01026,Techno Electric & Engineering Company Limited,2023-07-13,Purchase,421.05,0,1,421.05,1066.25,2026-08-07
Pai,TECHNOE,INE285K01026,Techno Electric & Engineering Company Limited,2023-07-13,Purchase,1264.2,0,3,421.4,1066.25,2026-08-07
Pai,TECHNOE,INE285K01026,Techno Electric & Engineering Company Limited,2023-07-13,Purchase,1256.7,0,3,418.9,1066.25,2026-08-07
Pai,TECHNOE,INE285K01026,Techno Electric & Engineering Company Limited,2023-08-14,Purchase,463.9,0,1,463.9,1066.25,2026-08-07
Pai,TECHNOE,INE285K01026,Techno Electric & Engineering Company Limited,2023-09-12,Purchase,521.85,0,1,521.85,1066.25,2026-08-07
Pai,TECHNOE,INE285K01026,Techno Electric & Engineering Company Limited,2023-09-15,Dividend,480,0,0,0,1066.25,2026-08-07
Pai,TECHNOE,INE285K01026,Techno Electric & Engineering Company Limited,2023-10-12,Purchase,2561.75,0,5,512.35,1066.25,2026-08-07
Pai,TECHNOE,INE285K01026,Techno Electric & Engineering Company Limited,2024-09-13,Dividend,595,0,0,0,1066.25,2026-08-07
Pai,TECHNOE,INE285K01026,Techno Electric & Engineering Company Limited,2024-10-07,Purchase,4756.43,5.93,3,1583.5,1066.25,2026-08-07
Pai,TECHNOE,INE285K01026,Techno Electric & Engineering Company Limited,2024-12-10,Purchase,5894.91,7.11,4,1471.95,1066.25,2026-08-07
Pai,TECHNOE,INE285K01026,Techno Electric & Engineering Company Limited,2024-12-12,Purchase,2861.77,2.97,2,1429.4,1066.25,2026-08-07
Pai,TECHNOE,INE285K01026,Techno Electric & Engineering Company Limited,2025-01-16,Purchase,10508.5,12.89,8,1311.95,1066.25,2026-08-07
Pai,TECHNOE,INE285K01026,Techno Electric & Engineering Company Limited,2025-01-30,Sale,-90098.8,101.24,-88,1025,1066.25,2026-08-07
Pai,TECHNOE,INE285K01026,Techno Electric & Engineering Company Limited,2025-01-30,Sale,-14418.4,22.65,-14,1031.5,1066.25,2026-08-07
Pai,TECHNOE,INE285K01026,Techno Electric & Engineering Company Limited,2026-02-11,Purchase,1146.15,0,1,1146.15,1066.25,2026-08-07
Pai,TECHNOE,INE285K01026,Techno Electric & Engineering Company Limited,2026-02-11,Purchase,41266.8,0,36,1146.3,1066.25,2026-08-07
Pai,TECHNOE,INE285K01026,Techno Electric & Engineering Company Limited,2026-02-11,Purchase,72341.1,136.82,63,1146.1,1066.25,2026-08-07
Pai,TECHNOE,INE285K01026,Techno Electric & Engineering Company Limited,2026-03-12,Sale,-1081.35,0,-1,1081.35,1066.25,2026-08-07
Pai,TECHNOE,INE285K01026,Techno Electric & Engineering Company Limited,2026-03-12,Sale,-1081.6,0,-1,1081.6,1066.25,2026-08-07
Pai,TECHNOE,INE285K01026,Techno Electric & Engineering Company Limited,2026-03-12,Sale,-21624,0,-20,1081.2,1066.25,2026-08-07
Pai,TECHNOE,INE285K01026,Techno Electric & Engineering Company Limited,2026-03-12,Sale,-24866.5,0,-23,1081.15,1066.25,2026-08-07
Pai,TECHNOE,INE285K01026,Techno Electric & Engineering Company Limited,2026-03-12,Sale,-51786,128.39,-48,1081.55,1066.25,2026-08-07
Pai,TECHNOE,INE285K01026,Techno Electric & Engineering Company Limited,2026-03-12,Sale,-7568.75,0,-7,1081.25,1066.25,2026-08-07
Pai,TECHNOE,INE285K01026,Techno Electric & Engineering Company Limited,2026-03-24,Purchase,9351,0,9,1039,1066.25,2026-08-07
Pai,TECHNOE,INE285K01026,Techno Electric & Engineering Company Limited,2026-03-24,Purchase,1039.05,0,1,1039.05,1066.25,2026-08-07
Pai,TECHNOE,INE285K01026,Techno Electric & Engineering Company Limited,2026-03-24,Purchase,9355.5,0,9,1039.5,1066.25,2026-08-07
Pai,TECHNOE,INE285K01026,Techno Electric & Engineering Company Limited,2026-03-24,Purchase,9358.2,0,9,1039.8,1066.25,2026-08-07
Pai,TECHNOE,INE285K01026,Techno Electric & Engineering Company Limited,2026-03-24,Purchase,18721.8,0,18,1040.1,1066.25,2026-08-07
Pai,TECHNOE,INE285K01026,Techno Electric & Engineering Company Limited,2026-03-24,Purchase,18727.2,0,18,1040.4,1066.25,2026-08-07
Pai,TECHNOE,INE285K01026,Techno Electric & Engineering Company Limited,2026-03-24,Purchase,16651.2,0,16,1040.7,1066.25,2026-08-07
Pai,TECHNOE,INE285K01026,Techno Electric & Engineering Company Limited,2026-03-24,Purchase,20941.8,124.75,20,1040.85,1066.25,2026-08-07
Pai,TECHNOE,INE285K01026,Techno Electric & Engineering Company Limited,2026-04-01,Purchase,16315.2,0,16,1019.7,1066.25,2026-08-07
Pai,TECHNOE,INE285K01026,Techno Electric & Engineering Company Limited,2026-04-01,Purchase,2039.7,0,2,1019.85,1066.25,2026-08-07
Pai,TECHNOE,INE285K01026,Techno Electric & Engineering Company Limited,2026-04-01,Purchase,37857.1,120.82,37,1019.9,1066.25,2026-08-07
Pai,TECHNOE,INE285K01026,Techno Electric & Engineering Company Limited,2026-04-01,Purchase,2039.9,0,2,1019.95,1066.25,2026-08-07
Pai,TECHNOE,INE285K01026,Techno Electric & Engineering Company Limited,2026-04-01,Purchase,2040,0,2,1020,1066.25,2026-08-07
Pai,TECHNOE,INE285K01026,Techno Electric & Engineering Company Limited,2026-04-01,Purchase,34690.2,0,34,1020.3,1066.25,2026-08-07
Pai,TECHNOE,INE285K01026,Techno Electric & Engineering Company Limited,2026-04-01,Purchase,3061.05,0,3,1020.35,1066.25,2026-08-07
Pai,TECHNOE,INE285K01026,Techno Electric & Engineering Company Limited,2026-04-01,Purchase,4082,0,4,1020.5,1066.25,2026-08-07
Pai,TEMBO,INE869Y01010,Tembo Global Industries Limited,2026-02-10,Purchase,6777,0,120,56.48,60.95,2026-08-07
Pai,TEMBO,INE869Y01010,Tembo Global Industries Limited,2026-02-10,Purchase,15302.2,49.95,270,56.49,60.95,2026-08-07
Pai,TEMBO,INE869Y01010,Tembo Global Industries Limited,2026-02-10,Purchase,7907.9,0,140,56.49,60.95,2026-08-07
Pai,TEMBO,INE869Y01010,Tembo Global Industries Limited,2026-02-10,Purchase,8474.25,0,150,56.5,60.95,2026-08-07
Pai,TEMBO,INE869Y01010,Tembo Global Industries Limited,2026-02-10,Purchase,3955,0,70,56.5,60.95,2026-08-07
Pai,TEMBO,INE869Y01010,Tembo Global Industries Limited,2026-03-12,Sale,-11330.5,55.62,-220,51.76,60.95,2026-08-07
Pai,TEMBO,INE869Y01010,Tembo Global Industries Limited,2026-03-12,Sale,-8282.4,0,-160,51.77,60.95,2026-08-07
Pai,TEMBO,INE869Y01010,Tembo Global Industries Limited,2026-03-12,Sale,-7764,0,-150,51.76,60.95,2026-08-07
Pai,TEMBO,INE869Y01010,Tembo Global Industries Limited,2026-03-12,Sale,-9324,0,-180,51.8,60.95,2026-08-07
Pai,TEMBO,INE869Y01010,Tembo Global Industries Limited,2026-03-12,Sale,-2070.8,0,-40,51.77,60.95,2026-08-07
Pai,TEMBO,INE869Y01010,Tembo Global Industries Limited,2026-04-20,Purchase,120478,142.84,2060,58.42,60.95,2026-08-07
Pai,INDHOTEL,INE053A01029,The Indian Hotels Company Limited,2024-12-09,Purchase,12419.1,14.87,15,826.95,,
Pai,INDHOTEL,INE053A01029,The Indian Hotels Company Limited,2024-12-12,Purchase,3344.06,4.46,4,834.9,,
Pai,INDHOTEL,INE053A01029,The Indian Hotels Company Limited,2025-01-13,Purchase,3108.82,3.22,4,776.4,,
Pai,INDHOTEL,INE053A01029,The Indian Hotels Company Limited,2025-02-12,Purchase,3705.59,4.84,5,740.15,,
Pai,INDHOTEL,INE053A01029,The Indian Hotels Company Limited,2025-02-17,Sale,-19845.4,35.97,-28,710.05,,
Pai,THERMAX,INE152A01029,Thermax Limited,2026-04-15,Purchase,35620.7,41.91,9,3953.2,4015,2026-08-04
Pai,THERMAX,INE152A01029,Thermax Limited,2026-05-20,Purchase,57546.8,68.63,13,4421.4,4015,2026-08-04
Pai,THERMAX,INE152A01029,Thermax Limited,2026-05-22,Purchase,4538.1,5.7,1,4532.4,4015,2026-08-04
Pai,THERMAX,INE152A01029,Thermax Limited,2026-07-03,Dividend,460,0,0,0,4015,2026-08-04
Pai,THERMAX,INE152A01029,Thermax Limited,2026-07-31,Sale,-84157.8,102.75,-23,3663.5,4015,2026-08-04
Pai,THOMASCOOK,INE332A01027,Thomas Cook (India) Limited,2022-10-24,Purchase,12563.1,0,162,77.55,105.97,2026-08-04
Pai,THOMASCOOK,INE332A01027,Thomas Cook (India) Limited,2022-11-02,Purchase,825.55,0,11,75.05,105.97,2026-08-04
Pai,THOMASCOOK,INE332A01027,Thomas Cook (India) Limited,2022-12-01,Purchase,152,0,2,76,105.97,2026-08-04
Pai,THOMASCOOK,INE332A01027,Thomas Cook (India) Limited,2023-02-13,Purchase,269.8,0,4,67.45,105.97,2026-08-04
Pai,THOMASCOOK,INE332A01027,Thomas Cook (India) Limited,2023-03-13,Sale,-11026.4,0,-179,61.6,105.97,2026-08-04
Pai,CHOLAHLDNG,INE149A01033,TI Financial Holdings Limited,2023-10-23,Purchase,4424.4,0,4,1106.1,1424.6,2026-06-09
Pai,CHOLAHLDNG,INE149A01033,TI Financial Holdings Limited,2023-10-23,Purchase,1106.35,0,1,1106.35,1424.6,2026-06-09
Pai,CHOLAHLDNG,INE149A01033,TI Financial Holdings Limited,2023-10-23,Purchase,4425.6,0,4,1106.4,1424.6,2026-06-09
Pai,CHOLAHLDNG,INE149A01033,TI Financial Holdings Limited,2023-10-23,Purchase,10089.9,0,9,1121.1,1424.6,2026-06-09
Pai,CHOLAHLDNG,INE149A01033,TI Financial Holdings Limited,2023-10-23,Purchase,2242.1,0,2,1121.05,1424.6,2026-06-09
Pai,CHOLAHLDNG,INE149A01033,TI Financial Holdings Limited,2023-11-13,Purchase,3410.55,0,3,1136.85,1424.6,2026-06-09
Pai,CHOLAHLDNG,INE149A01033,TI Financial Holdings Limited,2023-12-12,Purchase,3007.8,0,3,1002.6,1424.6,2026-06-09
Pai,CHOLAHLDNG,INE149A01033,TI Financial Holdings Limited,2024-01-02,Sale,-9055.35,0,-9,1006.15,1424.6,2026-06-09
Pai,CHOLAHLDNG,INE149A01033,TI Financial Holdings Limited,2024-01-02,Sale,-16092.8,0,-16,1005.8,1424.6,2026-06-09
Pai,CHOLAHLDNG,INE149A01033,TI Financial Holdings Limited,2024-01-02,Sale,-1005.75,0,-1,1005.75,1424.6,2026-06-09
Pai,CHOLAHLDNG,INE149A01033,TI Financial Holdings Limited,2026-04-20,Purchase,19650.6,29.44,12,1635.1,1424.6,2026-06-09
Pai,CHOLAHLDNG,INE149A01033,TI Financial Holdings Limited,2026-04-20,Purchase,4905.6,0,3,1635.2,1424.6,2026-06-09
Pai,CHOLAHLDNG,INE149A01033,TI Financial Holdings Limited,2026-06-08,Sale,-1418,0,-1,1418,1424.6,2026-06-09
Pai,CHOLAHLDNG,INE149A01033,TI Financial Holdings Limited,2026-06-08,Sale,-4251.9,0,-3,1417.3,1424.6,2026-06-09
Pai,CHOLAHLDNG,INE149A01033,TI Financial Holdings Limited,2026-06-08,Sale,-4252.05,0,-3,1417.35,1424.6,2026-06-09
Pai,CHOLAHLDNG,INE149A01033,TI Financial Holdings Limited,2026-06-08,Sale,-4252.2,0,-3,1417.4,1424.6,2026-06-09
Pai,CHOLAHLDNG,INE149A01033,TI Financial Holdings Limited,2026-06-08,Sale,-7048.68,37.57,-5,1417.25,1424.6,2026-06-09
Pai,TITAN,INE280A01028,Titan Company Limited,2022-10-24,Purchase,2684.95,0,1,2684.95,4116,2026-06-09
Pai,TITAN,INE280A01028,Titan Company Limited,2022-11-02,Purchase,2732.8,0,1,2732.8,4116,2026-06-09
Pai,TITAN,INE280A01028,Titan Company Limited,2023-07-13,Dividend,20,0,0,0,4116,2026-06-09
Pai,TITAN,INE280A01028,Titan Company Limited,2024-06-27,Dividend,22,0,0,0,4116,2026-06-09
Pai,TITAN,INE280A01028,Titan Company Limited,2024-07-15,Sale,-6411.63,22.07,-2,3216.85,4116,2026-06-09
Pai,TORNTPOWER,INE813H01021,Torrent Power Limited,2023-12-01,Purchase,7760,0,8,970,1391.9,2026-03-25
Pai,TORNTPOWER,INE813H01021,Torrent Power Limited,2024-02-16,Dividend,96,0,0,0,1391.9,2026-03-25
Pai,TORNTPOWER,INE813H01021,Torrent Power Limited,2024-06-14,Dividend,32,0,0,0,1391.9,2026-03-25
Pai,TORNTPOWER,INE813H01021,Torrent Power Limited,2025-02-12,Dividend,112,0,0,0,1391.9,2026-03-25
Pai,TORNTPOWER,INE813H01021,Torrent Power Limited,2025-03-03,Sale,-9963.02,25.78,-8,1248.6,1391.9,2026-03-25
Pai,TARIL,INE763I01026,Transformers And Rectifiers (India) Limited,2025-02-27,Purchase,34913.2,53.18,83,420,297.8,2026-08-07
Pai,TARIL,INE763I01026,Transformers And Rectifiers (India) Limited,2025-02-27,Purchase,9658.85,0,23,419.95,297.8,2026-08-07
Pai,TARIL,INE763I01026,Transformers And Rectifiers (India) Limited,2025-03-12,Purchase,4656.42,5.82,12,387.55,297.8,2026-08-07
Pai,TARIL,INE763I01026,Transformers And Rectifiers (India) Limited,2025-03-19,Purchase,30899.8,37.02,72,428.65,297.8,2026-08-07
Pai,TARIL,INE763I01026,Transformers And Rectifiers (India) Limited,2025-05-09,Dividend,38,0,0,0,297.8,2026-08-07
Pai,TARIL,INE763I01026,Transformers And Rectifiers (India) Limited,2025-06-30,Purchase,3464.34,4.59,7,494.25,297.8,2026-08-07
Pai,TARIL,INE763I01026,Transformers And Rectifiers (India) Limited,2025-10-29,Purchase,1396.81,1.66,3,465.05,297.8,2026-08-07
Pai,TARIL,INE763I01026,Transformers And Rectifiers (India) Limited,2025-11-03,Sale,-898.4,0,-2,449.2,297.8,2026-08-07
Pai,TARIL,INE763I01026,Transformers And Rectifiers (India) Limited,2025-11-03,Sale,-9434.25,0,-21,449.25,297.8,2026-08-07
Pai,TARIL,INE763I01026,Transformers And Rectifiers (India) Limited,2025-11-03,Sale,-79416.8,109.28,-177,449.3,297.8,2026-08-07
Pai,TARIL,INE763I01026,Transformers And Rectifiers (India) Limited,2026-01-05,Purchase,194511,230.55,600,323.8,297.8,2026-08-07
Pai,TARIL,INE763I01026,Transformers And Rectifiers (India) Limited,2026-02-10,Purchase,13215.5,0,47,281.18,297.8,2026-08-07
Pai,TARIL,INE763I01026,Transformers And Rectifiers (India) Limited,2026-02-10,Purchase,36651.3,100.51,130,281.16,297.8,2026-08-07
Pai,TARIL,INE763I01026,Transformers And Rectifiers (India) Limited,2026-02-10,Purchase,34583.9,0,123,281.17,297.8,2026-08-07
Pai,TARIL,INE763I01026,Transformers And Rectifiers (India) Limited,2026-03-12,Sale,-124089,284.16,-432,287.9,297.8,2026-08-07
Pai,TARIL,INE763I01026,Transformers And Rectifiers (India) Limited,2026-03-12,Sale,-110285,0,-383,287.95,297.8,2026-08-07
Pai,TARIL,INE763I01026,Transformers And Rectifiers (India) Limited,2026-03-12,Sale,-24467.2,0,-85,287.85,297.8,2026-08-07
Pai,TARIL,INE763I01026,Transformers And Rectifiers (India) Limited,2026-03-24,Purchase,27767.8,32.77,100,277.35,297.8,2026-08-07
Pai,TARIL,INE763I01026,Transformers And Rectifiers (India) Limited,2026-04-01,Purchase,26014.5,32.08,96,270.65,297.8,2026-08-07
Pai,TARIL,INE763I01026,Transformers And Rectifiers (India) Limited,2026-04-01,Purchase,1082.8,0,4,270.7,297.8,2026-08-07
Pai,TARIL,INE763I01026,Transformers And Rectifiers (India) Limited,2026-04-20,Purchase,119424,141.74,372,320.65,297.8,2026-08-07
Pai,TRANSRAILL,INE454P01035,Transrail Lighting Limited,2025-01-16,Purchase,72456.4,86.08,117,618.55,507.25,2026-05-22
Pai,TRANSRAILL,INE454P01035,Transrail Lighting Limited,2025-01-30,Purchase,2763.5,0,5,552.7,507.25,2026-05-22
Pai,TRANSRAILL,INE454P01035,Transrail Lighting Limited,2025-01-30,Purchase,18839.1,45.57,34,552.75,507.25,2026-05-22
Pai,TRANSRAILL,INE454P01035,Transrail Lighting Limited,2025-01-30,Purchase,14925.6,0,27,552.8,507.25,2026-05-22
Pai,TRANSRAILL,INE454P01035,Transrail Lighting Limited,2025-01-30,Purchase,1657.95,0,3,552.65,507.25,2026-05-22
Pai,TRANSRAILL,INE454P01035,Transrail Lighting Limited,2025-02-17,Sale,-45517,120.19,-84,543.3,507.25,2026-05-22
Pai,TRANSRAILL,INE454P01035,Transrail Lighting Limited,2025-02-17,Sale,-29884.2,0,-55,543.35,507.25,2026-05-22
Pai,TRANSRAILL,INE454P01035,Transrail Lighting Limited,2025-02-17,Sale,-543.4,0,-1,543.4,507.25,2026-05-22
Pai,TRANSRAILL,INE454P01035,Transrail Lighting Limited,2025-02-17,Sale,-543.45,0,-1,543.45,507.25,2026-05-22
Pai,TRANSRAILL,INE454P01035,Transrail Lighting Limited,2025-02-17,Sale,-24457.5,0,-45,543.5,507.25,2026-05-22
Pai,TRANSRAILL,INE454P01035,Transrail Lighting Limited,2025-03-21,Purchase,94767.6,112.2,186,508.9,507.25,2026-05-22
Pai,TRANSRAILL,INE454P01035,Transrail Lighting Limited,2025-03-27,Sale,-21564,0,-45,479.2,507.25,2026-05-22
Pai,TRANSRAILL,INE454P01035,Transrail Lighting Limited,2025-03-27,Sale,-16782.5,0,-35,479.5,507.25,2026-05-22
Pai,TRANSRAILL,INE454P01035,Transrail Lighting Limited,2025-03-27,Sale,-21573,0,-45,479.4,507.25,2026-05-22
Pai,TRANSRAILL,INE454P01035,Transrail Lighting Limited,2025-03-27,Sale,-24333.2,108.54,-51,479.25,507.25,2026-05-22
Pai,TRANSRAILL,INE454P01035,Transrail Lighting Limited,2025-03-27,Sale,-4791.5,0,-10,479.15,507.25,2026-05-22
Pai,TRANSRAILL,INE454P01035,Transrail Lighting Limited,2025-04-02,Purchase,90299,107.57,186,484.9,507.25,2026-05-22
Pai,TRANSRAILL,INE454P01035,Transrail Lighting Limited,2025-08-29,Purchase,3038.15,3.15,4,758.75,507.25,2026-05-22
Pai,TRANSRAILL,INE454P01035,Transrail Lighting Limited,2025-09-04,Dividend,152,0,0,0,507.25,2026-05-22
Pai,TRANSRAILL,INE454P01035,Transrail Lighting Limited,2025-10-29,Purchase,2204.46,2.61,3,733.95,507.25,2026-05-22
Pai,TRANSRAILL,INE454P01035,Transrail Lighting Limited,2025-11-10,Sale,-49608.1,0,-79,627.95,507.25,2026-05-22
Pai,TRANSRAILL,INE454P01035,Transrail Lighting Limited,2025-11-10,Sale,-71450.9,141.07,-114,628,507.25,2026-05-22
Pai,TRANSRAILL,INE454P01035,Transrail Lighting Limited,2026-02-03,Purchase,65612.4,77.99,123,532.8,507.25,2026-05-22
Pai,TRANSRAILL,INE454P01035,Transrail Lighting Limited,2026-03-12,Sale,-46292.4,80.16,-92,504.05,507.25,2026-05-22
Pai,TRANSRAILL,INE454P01035,Transrail Lighting Limited,2026-03-12,Sale,-5041.5,0,-10,504.15,507.25,2026-05-22
Pai,TRANSRAILL,INE454P01035,Transrail Lighting Limited,2026-03-12,Sale,-5042.5,0,-10,504.25,507.25,2026-05-22
Pai,TRANSRAILL,INE454P01035,Transrail Lighting Limited,2026-03-12,Sale,-504.3,0,-1,504.3,507.25,2026-05-22
Pai,TRANSRAILL,INE454P01035,Transrail Lighting Limited,2026-03-12,Sale,-5041,0,-10,504.1,507.25,2026-05-22
Pai,TRANSRAILL,INE454P01035,Transrail Lighting Limited,2026-03-24,Purchase,1997.6,0,4,499.4,507.25,2026-05-22
Pai,TRANSRAILL,INE454P01035,Transrail Lighting Limited,2026-03-24,Purchase,1498.35,0,3,499.45,507.25,2026-05-22
Pai,TRANSRAILL,INE454P01035,Transrail Lighting Limited,2026-03-24,Purchase,38540,59.25,77,499.75,507.25,2026-05-22
Pai,TRANSRAILL,INE454P01035,Transrail Lighting Limited,2026-03-24,Purchase,7998.4,0,16,499.9,507.25,2026-05-22
Pai,TRANSRAILL,INE454P01035,Transrail Lighting Limited,2026-04-01,Purchase,47721.4,56.45,100,476.65,507.25,2026-05-22
Pai,TRANSRAILL,INE454P01035,Transrail Lighting Limited,2026-04-15,Purchase,2236.4,0,4,559.1,507.25,2026-05-22
Pai,TRANSRAILL,INE454P01035,Transrail Lighting Limited,2026-04-15,Purchase,6151.2,0,11,559.2,507.25,2026-05-22
Pai,TRANSRAILL,INE454P01035,Transrail Lighting Limited,2026-04-15,Purchase,6151.75,0,11,559.25,507.25,2026-05-22
Pai,TRANSRAILL,INE454P01035,Transrail Lighting Limited,2026-04-15,Purchase,16816.5,37.49,30,559.3,507.25,2026-05-22
Pai,TRANSRAILL,INE454P01035,Transrail Lighting Limited,2026-05-20,Sale,-9843,0,-20,492.15,507.25,2026-05-22
Pai,TRANSRAILL,INE454P01035,Transrail Lighting Limited,2026-05-20,Sale,-83034.6,147.16,-169,492.2,507.25,2026-05-22
Pai,TRANSRAILL,INE454P01035,Transrail Lighting Limited,2026-05-20,Sale,-4922.5,0,-10,492.25,507.25,2026-05-22
Pai,TRANSRAILL,INE454P01035,Transrail Lighting Limited,2026-05-20,Sale,-27568.8,0,-56,492.3,507.25,2026-05-22
Pai,TRANSRAILL,INE454P01035,Transrail Lighting Limited,2026-05-20,Sale,-492.35,0,-1,492.35,507.25,2026-05-22
Pai,TRENT,INE849A01020,Trent Limited,2022-10-24,Purchase,2883.6,0,2,1441.8,4083.3,2026-04-16
Pai,TRENT,INE849A01020,Trent Limited,2022-11-02,Purchase,1540.35,0,1,1540.35,4083.3,2026-04-16
Pai,TRENT,INE849A01020,Trent Limited,2022-12-01,Purchase,1467.7,0,1,1467.7,4083.3,2026-04-16
Pai,TRENT,INE849A01020,Trent Limited,2023-05-25,Dividend,8.8,0,0,0,4083.3,2026-04-16
Pai,TRENT,INE849A01020,Trent Limited,2023-11-02,Sale,-8790.2,0,-4,2197.55,4083.3,2026-04-16
Pai,TRITURBINE,INE152M01016,Triveni Turbine Limited,2022-10-24,Purchase,1171.2,0,4,292.8,636.45,2026-08-07
Pai,TRITURBINE,INE152M01016,Triveni Turbine Limited,2022-10-24,Purchase,2014.25,0,7,287.75,636.45,2026-08-07
Pai,TRITURBINE,INE152M01016,Triveni Turbine Limited,2022-10-24,Purchase,12656.6,0,44,287.65,636.45,2026-08-07
Pai,TRITURBINE,INE152M01016,Triveni Turbine Limited,2022-10-24,Purchase,287.7,0,1,287.7,636.45,2026-08-07
Pai,TRITURBINE,INE152M01016,Triveni Turbine Limited,2022-11-02,Purchase,283.35,0,1,283.35,636.45,2026-08-07
Pai,TRITURBINE,INE152M01016,Triveni Turbine Limited,2022-11-02,Purchase,566.8,0,2,283.4,636.45,2026-08-07
Pai,TRITURBINE,INE152M01016,Triveni Turbine Limited,2022-11-11,Purchase,2486.25,0,9,276.25,636.45,2026-08-07
Pai,TRITURBINE,INE152M01016,Triveni Turbine Limited,2022-12-01,Purchase,589.6,0,2,294.8,636.45,2026-08-07
Pai,TRITURBINE,INE152M01016,Triveni Turbine Limited,2023-01-12,Purchase,273.35,0,1,273.35,636.45,2026-08-07
Pai,TRITURBINE,INE152M01016,Triveni Turbine Limited,2023-01-12,Purchase,2187.2,0,8,273.4,636.45,2026-08-07
Pai,TRITURBINE,INE152M01016,Triveni Turbine Limited,2023-02-03,Sale,-21350,0,-61,350,636.45,2026-08-07
Pai,TRITURBINE,INE152M01016,Triveni Turbine Limited,2023-02-13,Purchase,1393.5,0,5,278.7,636.45,2026-08-07
Pai,TRITURBINE,INE152M01016,Triveni Turbine Limited,2023-03-14,Sale,-7470.4,0,-23,324.8,636.45,2026-08-07
Pai,TRITURBINE,INE152M01016,Triveni Turbine Limited,2023-04-03,Purchase,2911.5,0,9,323.5,636.45,2026-08-07
Pai,TRITURBINE,INE152M01016,Triveni Turbine Limited,2023-06-12,Purchase,1625.8,0,4,406.45,636.45,2026-08-07
Pai,TRITURBINE,INE152M01016,Triveni Turbine Limited,2023-06-12,Purchase,6505.6,0,16,406.6,636.45,2026-08-07
Pai,TRITURBINE,INE152M01016,Triveni Turbine Limited,2023-06-12,Purchase,6099.75,0,15,406.65,636.45,2026-08-07
Pai,TRITURBINE,INE152M01016,Triveni Turbine Limited,2023-06-12,Purchase,1626.8,0,4,406.7,636.45,2026-08-07
Pai,TRITURBINE,INE152M01016,Triveni Turbine Limited,2023-06-12,Purchase,2847.25,0,7,406.75,636.45,2026-08-07
Pai,TRITURBINE,INE152M01016,Triveni Turbine Limited,2023-07-13,Purchase,2404.5,0,6,400.75,636.45,2026-08-07
Pai,TRITURBINE,INE152M01016,Triveni Turbine Limited,2023-07-13,Purchase,3200,0,8,400,636.45,2026-08-07
Pai,TRITURBINE,INE152M01016,Triveni Turbine Limited,2023-08-14,Purchase,390,0,1,390,636.45,2026-08-07
Pai,TRITURBINE,INE152M01016,Triveni Turbine Limited,2023-10-12,Purchase,765.5,0,2,382.75,636.45,2026-08-07
Pai,TRITURBINE,INE152M01016,Triveni Turbine Limited,2023-12-12,Purchase,1596.6,0,4,399.15,636.45,2026-08-07
Pai,TRITURBINE,INE152M01016,Triveni Turbine Limited,2024-01-12,Purchase,1612.8,0,4,403.2,636.45,2026-08-07
Pai,TRITURBINE,INE152M01016,Triveni Turbine Limited,2024-02-09,Dividend,184,0,0,0,636.45,2026-08-07
Pai,TRITURBINE,INE152M01016,Triveni Turbine Limited,2024-08-12,Purchase,693.07,0.72,1,692.35,636.45,2026-08-07
Pai,TRITURBINE,INE152M01016,Triveni Turbine Limited,2024-09-06,Dividend,105.3,0,0,0,636.45,2026-08-07
Pai,TRITURBINE,INE152M01016,Triveni Turbine Limited,2024-10-07,Purchase,1971.54,2.04,3,656.5,636.45,2026-08-07
Pai,TRITURBINE,INE152M01016,Triveni Turbine Limited,2024-11-12,Purchase,1296.04,1.34,2,647.35,636.45,2026-08-07
Pai,TRITURBINE,INE152M01016,Triveni Turbine Limited,2024-12-10,Purchase,19542,23.25,25,780.75,636.45,2026-08-07
Pai,TRITURBINE,INE152M01016,Triveni Turbine Limited,2025-01-16,Purchase,3472.5,0,5,694.5,636.45,2026-08-07
Pai,TRITURBINE,INE152M01016,Triveni Turbine Limited,2025-01-16,Purchase,6262.04,11.09,9,694.55,636.45,2026-08-07
Pai,TRITURBINE,INE152M01016,Triveni Turbine Limited,2025-02-06,Dividend,250,0,0,0,636.45,2026-08-07
Pai,TRITURBINE,INE152M01016,Triveni Turbine Limited,2025-03-12,Purchase,3092.64,4.74,6,514.65,636.45,2026-08-07
Pai,TRITURBINE,INE152M01016,Triveni Turbine Limited,2025-03-12,Purchase,514.6,0,1,514.6,636.45,2026-08-07
Pai,TRITURBINE,INE152M01016,Triveni Turbine Limited,2025-03-19,Purchase,45778.9,54.43,81,564.5,636.45,2026-08-07
Pai,TRITURBINE,INE152M01016,Triveni Turbine Limited,2025-08-29,Purchase,2082.36,2.16,4,520.05,636.45,2026-08-07
Pai,TRITURBINE,INE152M01016,Triveni Turbine Limited,2025-09-01,Dividend,434,0,0,0,636.45,2026-08-07
Pai,TRITURBINE,INE152M01016,Triveni Turbine Limited,2026-02-03,Sale,-17924.8,0,-34,527.2,636.45,2026-08-07
Pai,TRITURBINE,INE152M01016,Triveni Turbine Limited,2026-02-03,Sale,-6322.2,0,-12,526.85,636.45,2026-08-07
Pai,TRITURBINE,INE152M01016,Triveni Turbine Limited,2026-02-03,Sale,-3160.8,0,-6,526.8,636.45,2026-08-07
Pai,TRITURBINE,INE152M01016,Triveni Turbine Limited,2026-02-03,Sale,-7903.5,0,-15,526.9,636.45,2026-08-07
Pai,TRITURBINE,INE152M01016,Triveni Turbine Limited,2026-02-03,Sale,-23636.2,76.57,-45,526.95,636.45,2026-08-07
Pai,TRITURBINE,INE152M01016,Triveni Turbine Limited,2026-02-09,Dividend,236.25,0,0,0,636.45,2026-08-07
Pai,TRITURBINE,INE152M01016,Triveni Turbine Limited,2026-02-10,Purchase,509.2,0,1,509.2,636.45,2026-08-07
Pai,TRITURBINE,INE152M01016,Triveni Turbine Limited,2026-02-10,Purchase,15327.6,45.63,30,509.4,636.45,2026-08-07
Pai,TRITURBINE,INE152M01016,Triveni Turbine Limited,2026-02-10,Purchase,11204.6,0,22,509.3,636.45,2026-08-07
Pai,TRITURBINE,INE152M01016,Triveni Turbine Limited,2026-02-10,Purchase,11205.7,0,22,509.35,636.45,2026-08-07
Pai,TRITURBINE,INE152M01016,Triveni Turbine Limited,2026-03-12,Sale,-4657,0,-10,465.7,636.45,2026-08-07
Pai,TRITURBINE,INE152M01016,Triveni Turbine Limited,2026-03-12,Sale,-931.6,0,-2,465.8,636.45,2026-08-07
Pai,TRITURBINE,INE152M01016,Triveni Turbine Limited,2026-03-12,Sale,-10712.2,0,-23,465.75,636.45,2026-08-07
Pai,TRITURBINE,INE152M01016,Triveni Turbine Limited,2026-03-12,Sale,-1397.55,0,-3,465.85,636.45,2026-08-07
Pai,TRITURBINE,INE152M01016,Triveni Turbine Limited,2026-03-12,Sale,-15832.1,0,-34,465.65,636.45,2026-08-07
Pai,TRITURBINE,INE152M01016,Triveni Turbine Limited,2026-03-12,Sale,-22346.4,0,-48,465.55,636.45,2026-08-07
Pai,TRITURBINE,INE152M01016,Triveni Turbine Limited,2026-03-12,Sale,-27833,102.96,-60,465.6,636.45,2026-08-07
Pai,TRITURBINE,INE152M01016,Triveni Turbine Limited,2026-04-15,Purchase,5152.95,0,11,468.45,636.45,2026-08-07
Pai,TRITURBINE,INE152M01016,Triveni Turbine Limited,2026-04-15,Purchase,7027.5,0,15,468.5,636.45,2026-08-07
Pai,TRITURBINE,INE152M01016,Triveni Turbine Limited,2026-04-15,Purchase,7028.25,0,15,468.55,636.45,2026-08-07
Pai,TRITURBINE,INE152M01016,Triveni Turbine Limited,2026-04-15,Purchase,17851.2,44.4,38,468.6,636.45,2026-08-07
Pai,TRITURBINE,INE152M01016,Triveni Turbine Limited,2026-07-31,Purchase,7908.55,0,13,608.35,636.45,2026-08-07
Pai,TRITURBINE,INE152M01016,Triveni Turbine Limited,2026-07-31,Purchase,21937.3,34.93,36,608.4,636.45,2026-08-07
Pai,UJJIVANSFB,INE551W01018,Ujjivan Small Finance Bank Limited,2024-04-23,Purchase,43563.8,0,812,53.65,,
Pai,UJJIVANSFB,INE551W01018,Ujjivan Small Finance Bank Limited,2024-05-13,Purchase,5195,0,100,51.95,,
Pai,UJJIVANSFB,INE551W01018,Ujjivan Small Finance Bank Limited,2024-06-12,Purchase,4097.14,5.34,82,49.9,,
Pai,UJJIVANSFB,INE551W01018,Ujjivan Small Finance Bank Limited,2024-06-12,Purchase,5841.94,7.15,117,49.87,,
Pai,UJJIVANSFB,INE551W01018,Ujjivan Small Finance Bank Limited,2024-07-12,Purchase,10216.9,12.62,229,44.56,,
Pai,UJJIVANSFB,INE551W01018,Ujjivan Small Finance Bank Limited,2024-07-12,Dividend,1666.5,0,0,0,,
Pai,UJJIVANSFB,INE551W01018,Ujjivan Small Finance Bank Limited,2024-08-12,Purchase,9600.66,10.98,228,42.06,,
Pai,UJJIVANSFB,INE551W01018,Ujjivan Small Finance Bank Limited,2024-09-12,Purchase,6555.01,7.81,155,42.24,,
Pai,UJJIVANSFB,INE551W01018,Ujjivan Small Finance Bank Limited,2024-10-14,Purchase,13109.3,18.34,325,40.28,,
Pai,UJJIVANSFB,INE551W01018,Ujjivan Small Finance Bank Limited,2024-10-14,Purchase,2659.14,0,66,40.29,,
Pai,UJJIVANSFB,INE551W01018,Ujjivan Small Finance Bank Limited,2024-11-12,Purchase,5454.99,9.55,154,35.36,,
Pai,UJJIVANSFB,INE551W01018,Ujjivan Small Finance Bank Limited,2024-11-12,Purchase,2794.23,0,79,35.37,,
Pai,UJJIVANSFB,INE551W01018,Ujjivan Small Finance Bank Limited,2025-02-17,Sale,-20909.1,0,-653,32.02,,
Pai,UJJIVANSFB,INE551W01018,Ujjivan Small Finance Bank Limited,2025-02-17,Sale,-54164.9,93.92,-1694,32.03,,
Pai,UNIONBANK,INE692A01016,Union Bank of India,2024-12-09,Purchase,5521.04,6.72,43,128.24,,
Pai,UNIONBANK,INE692A01016,Union Bank of India,2024-12-12,Purchase,1934.3,2,15,128.82,,
Pai,UNIONBANK,INE692A01016,Union Bank of India,2025-01-13,Purchase,2590.68,2.68,25,103.52,,
Pai,UNIONBANK,INE692A01016,Union Bank of India,2025-02-12,Purchase,800.75,1.42,7,114.19,,
Pai,UNIONBANK,INE692A01016,Union Bank of India,2025-02-12,Purchase,570.9,0,5,114.18,,
Pai,UNIONBANK,INE692A01016,Union Bank of India,2025-03-12,Purchase,229.58,0.24,2,114.67,,
Pai,UNIONBANK,INE692A01016,Union Bank of India,2025-04-29,Purchase,2710.76,2.81,21,128.95,,
Pai,UNIONBANK,INE692A01016,Union Bank of India,2025-05-29,Purchase,1836.2,1.9,13,141.1,,
Pai,UNIONBANK,INE692A01016,Union Bank of India,2025-06-30,Purchase,1692.34,1.75,11,153.69,,
Pai,UNIONBANK,INE692A01016,Union Bank of India,2025-07-25,Dividend,674.5,0,0,0,,
Pai,UNIONBANK,INE692A01016,Union Bank of India,2025-07-29,Purchase,4387.95,5.55,33,132.8,,
Pai,UNIONBANK,INE692A01016,Union Bank of India,2025-08-29,Sale,-22232.1,38.44,-175,127.26,,
Pai,UDS,INE851I01011,Updater Services Limited,2023-10-03,Purchase,15000,0,50,300,,
Pai,UDS,INE851I01011,Updater Services Limited,2025-03-03,Sale,-11585.2,30.91,-39,297.85,,
Pai,UDS,INE851I01011,Updater Services Limited,2025-03-03,Sale,-2085.3,0,-7,297.9,,
Pai,UDS,INE851I01011,Updater Services Limited,2025-03-03,Sale,-596,0,-2,298,,
Pai,UDS,INE851I01011,Updater Services Limited,2025-03-03,Sale,-596.1,0,-2,298.05,,
Pai,UPL,INE628A01036,UPL Limited,2025-02-17,Purchase,3745.2,0,6,624.2,,
Pai,UPL,INE628A01036,UPL Limited,2025-02-17,Purchase,16254.2,23.72,26,624.25,,
Pai,UPL,INE628A01036,UPL Limited,2025-03-12,Purchase,3691.82,4.82,6,614.5,,
Pai,UPL,INE628A01036,UPL Limited,2025-04-29,Purchase,677.4,0,1,677.4,,
Pai,UPL,INE628A01036,UPL Limited,2025-04-29,Purchase,3392.72,5.22,5,677.5,,
Pai,UPL,INE628A01036,UPL Limited,2025-05-29,Purchase,5675.08,6.88,9,629.8,,
Pai,UPL,INE628A01036,UPL Limited,2025-06-02,Sale,-33625.9,50.28,-53,635.4,,
Pai,USHAMART,INE228A01035,Usha Martin Limited,2023-05-03,Purchase,1541.75,0,7,220.25,,
Pai,USHAMART,INE228A01035,Usha Martin Limited,2023-05-12,Purchase,1160.75,0,5,232.15,,
Pai,USHAMART,INE228A01035,Usha Martin Limited,2023-06-12,Purchase,795,0,3,265,,
Pai,USHAMART,INE228A01035,Usha Martin Limited,2023-07-13,Purchase,302.8,0,1,302.8,,
Pai,USHAMART,INE228A01035,Usha Martin Limited,2023-07-13,Purchase,2423.2,0,8,302.9,,
Pai,USHAMART,INE228A01035,Usha Martin Limited,2023-08-03,Dividend,60,0,0,0,,
Pai,USHAMART,INE228A01035,Usha Martin Limited,2023-08-14,Purchase,1308,0,4,327,,
Pai,USHAMART,INE228A01035,Usha Martin Limited,2023-10-12,Purchase,328.85,0,1,328.85,,
Pai,USHAMART,INE228A01035,Usha Martin Limited,2023-10-12,Purchase,3617.9,0,11,328.9,,
Pai,USHAMART,INE228A01035,Usha Martin Limited,2023-10-12,Purchase,987,0,3,329,,
Pai,USHAMART,INE228A01035,Usha Martin Limited,2024-08-06,Dividend,118.25,0,0,0,,
Pai,USHAMART,INE228A01035,Usha Martin Limited,2025-03-03,Sale,-6710.59,28.41,-23,293,,
Pai,USHAMART,INE228A01035,Usha Martin Limited,2025-03-03,Sale,-5567.95,0,-19,293.05,,
Pai,USHAMART,INE228A01035,Usha Martin Limited,2025-03-03,Sale,-293.15,0,-1,293.15,,
Pai,WABAG,INE956G01038,VA Tech Wabag Limited,2025-10-20,Purchase,32371.9,38.54,23,1405.8,1493.3,2026-04-24
Pai,WABAG,INE956G01038,VA Tech Wabag Limited,2025-10-29,Purchase,2808.73,3.33,2,1402.7,1493.3,2026-04-24
Pai,WABAG,INE956G01038,VA Tech Wabag Limited,2025-12-29,Sale,-31854.4,48.12,-25,1276.1,1493.3,2026-04-24
Pai,WABAG,INE956G01038,VA Tech Wabag Limited,2026-02-10,Purchase,1308.3,0,1,1308.3,1493.3,2026-04-24
Pai,WABAG,INE956G01038,VA Tech Wabag Limited,2026-02-10,Purchase,32776.5,58.99,25,1308.7,1493.3,2026-04-24
Pai,WABAG,INE956G01038,VA Tech Wabag Limited,2026-02-10,Purchase,3925.8,0,3,1308.6,1493.3,2026-04-24
Pai,WABAG,INE956G01038,VA Tech Wabag Limited,2026-02-10,Purchase,11777.9,0,9,1308.65,1493.3,2026-04-24
Pai,WABAG,INE956G01038,VA Tech Wabag Limited,2026-02-23,Purchase,5119.1,6.3,4,1278.2,1493.3,2026-04-24
Pai,WABAG,INE956G01038,VA Tech Wabag Limited,2026-03-24,Purchase,19131.6,70.8,16,1191.3,1493.3,2026-04-24
Pai,WABAG,INE956G01038,VA Tech Wabag Limited,2026-03-24,Purchase,9531.2,0,8,1191.4,1493.3,2026-04-24
Pai,WABAG,INE956G01038,VA Tech Wabag Limited,2026-03-24,Purchase,17872.5,0,15,1191.5,1493.3,2026-04-24
Pai,WABAG,INE956G01038,VA Tech Wabag Limited,2026-03-24,Purchase,13107.6,0,11,1191.6,1493.3,2026-04-24
Pai,WABAG,INE956G01038,VA Tech Wabag Limited,2026-04-20,Sale,-29555.4,0,-21,1407.4,1493.3,2026-04-24
Pai,WABAG,INE956G01038,VA Tech Wabag Limited,2026-04-20,Sale,-45040,0,-32,1407.5,1493.3,2026-04-24
Pai,WABAG,INE956G01038,VA Tech Wabag Limited,2026-04-20,Sale,-54746.7,149.68,-39,1407.6,1493.3,2026-04-24
Pai,VALIANTORG,INE565V01010,Valiant Organics Limited,2022-10-24,Purchase,696.75,0,1,696.75,287.66,2026-04-16
Pai,VALIANTORG,INE565V01010,Valiant Organics Limited,2022-10-24,Purchase,11845.6,0,17,696.8,287.66,2026-04-16
Pai,VALIANTORG,INE565V01010,Valiant Organics Limited,2022-12-01,Purchase,649.35,0,1,649.35,287.66,2026-04-16
Pai,VALIANTORG,INE565V01010,Valiant Organics Limited,2023-01-12,Purchase,1098,0,2,549,287.66,2026-04-16
Pai,VALIANTORG,INE565V01010,Valiant Organics Limited,2023-02-10,Dividend,21,0,0,0,287.66,2026-04-16
Pai,VALIANTORG,INE565V01010,Valiant Organics Limited,2023-02-13,Purchase,1325.7,0,3,441.9,287.66,2026-04-16
Pai,VALIANTORG,INE565V01010,Valiant Organics Limited,2023-03-13,Purchase,1270.35,0,3,423.45,287.66,2026-04-16
Pai,VALIANTORG,INE565V01010,Valiant Organics Limited,2023-03-13,Purchase,1270.2,0,3,423.4,287.66,2026-04-16
Pai,VALIANTORG,INE565V01010,Valiant Organics Limited,2023-03-13,Purchase,423.35,0,1,423.35,287.66,2026-04-16
Pai,VALIANTORG,INE565V01010,Valiant Organics Limited,2023-03-13,Purchase,1693.2,0,4,423.3,287.66,2026-04-16
Pai,VALIANTORG,INE565V01010,Valiant Organics Limited,2023-03-13,Purchase,2962.75,0,7,423.25,287.66,2026-04-16
Pai,VALIANTORG,INE565V01010,Valiant Organics Limited,2024-03-05,Sale,-3173.45,0,-7,453.35,287.66,2026-04-16
Pai,VALIANTORG,INE565V01010,Valiant Organics Limited,2024-03-05,Sale,-4987.4,0,-11,453.4,287.66,2026-04-16
Pai,VALIANTORG,INE565V01010,Valiant Organics Limited,2024-03-05,Sale,-906.6,0,-2,453.3,287.66,2026-04-16
Pai,VALIANTORG,INE565V01010,Valiant Organics Limited,2024-03-05,Sale,-9971.5,0,-22,453.25,287.66,2026-04-16
Pai,VAML,INE1CDF01017,Vedanta Aluminium Metal Limited,2026-04-15,Purchase,3611.52,0,66,54.72,470.05,2026-08-07
Pai,VAML,INE1CDF01017,Vedanta Aluminium Metal Limited,2026-07-31,Purchase,54590.4,64.57,119,458.2,470.05,2026-08-07
Pai,VISL,INE1CLE01013,Vedanta Iron and Steel Limited,2026-04-15,Purchase,3430.02,0,66,51.97,32.28,2026-07-31
Pai,VISL,INE1CLE01013,Vedanta Iron and Steel Limited,2026-07-31,Sale,-1977.77,17.41,-66,30.23,32.28,2026-07-31
Pai,VEDL,INE205A01025,Vedanta Limited,2023-11-13,Purchase,12117.5,0,50,242.35,278.85,2026-08-07
Pai,VEDL,INE205A01025,Vedanta Limited,2023-12-12,Purchase,1988.4,0,8,248.55,278.85,2026-08-07
Pai,VEDL,INE205A01025,Vedanta Limited,2023-12-27,Dividend,638,0,0,0,278.85,2026-08-07
Pai,VEDL,INE205A01025,Vedanta Limited,2024-01-12,Purchase,2456.55,0,9,272.95,278.85,2026-08-07
Pai,VEDL,INE205A01025,Vedanta Limited,2024-02-12,Purchase,5133.8,0,19,270.2,278.85,2026-08-07
Pai,VEDL,INE205A01025,Vedanta Limited,2024-03-12,Purchase,4038,0,15,269.2,278.85,2026-08-07
Pai,VEDL,INE205A01025,Vedanta Limited,2024-05-13,Purchase,405.3,0,1,405.3,278.85,2026-08-07
Pai,VEDL,INE205A01025,Vedanta Limited,2024-05-24,Dividend,1122,0,0,0,278.85,2026-08-07
Pai,VEDL,INE205A01025,Vedanta Limited,2024-06-12,Sale,-45169.9,62.94,-101,447.85,278.85,2026-08-07
Pai,VEDL,INE205A01025,Vedanta Limited,2024-06-12,Sale,-447.9,0,-1,447.9,278.85,2026-08-07
Pai,VEDL,INE205A01025,Vedanta Limited,2026-04-15,Purchase,26498.7,60.4,66,400.58,278.85,2026-08-07
Pai,VEDL,INE205A01025,Vedanta Limited,2026-05-22,Purchase,1649.71,1.71,5,329.6,278.85,2026-08-07
Pai,VEDL,INE205A01025,Vedanta Limited,2026-06-22,Purchase,1519.07,1.57,5,303.5,278.85,2026-08-07
Pai,VEDL,INE205A01025,Vedanta Limited,2026-07-22,Purchase,6325.55,7.55,24,263.25,278.85,2026-08-07
Pai,VEDL,INE205A01025,Vedanta Limited,2026-08-04,Purchase,20157.6,23.89,75,268.45,278.85,2026-08-07
Pai,VOGL,INE704J01044,Vedanta Oil and Gas Limited,2026-04-15,Purchase,10855,0,66,164.47,35.54,2026-07-31
Pai,VOGL,INE704J01044,Vedanta Oil and Gas Limited,2026-06-22,Purchase,42466.5,51.31,1233,34.4,35.54,2026-07-31
Pai,VOGL,INE704J01044,Vedanta Oil and Gas Limited,2026-07-22,Purchase,2642.13,2.74,79,33.41,35.54,2026-07-31
Pai,VOGL,INE704J01044,Vedanta Oil and Gas Limited,2026-07-31,Sale,-46121.3,63.29,-1377,33.54,35.54,2026-07-31
Pai,VOGL,INE704J01044,Vedanta Oil and Gas Limited,2026-07-31,Sale,-33.55,0,-1,33.55,35.54,2026-07-31
Pai,VEDPOWER,INE694L01019,Vedanta Power Limited,2026-04-15,Purchase,6177.6,0,66,93.6,34.52,2026-07-31
Pai,VEDPOWER,INE694L01019,Vedanta Power Limited,2026-07-22,Purchase,216.82,0.22,6,36.1,34.52,2026-07-31
Pai,VEDPOWER,INE694L01019,Vedanta Power Limited,2026-07-31,Sale,-2383.37,17.83,-72,33.35,34.52,2026-07-31
Pai,VESUVIUS,INE386A01015,Vesuvius India Limited,2023-10-23,Purchase,6657.5,0,2,3328.75,,
Pai,VESUVIUS,INE386A01015,Vesuvius India Limited,2023-10-23,Purchase,3330.65,0,1,3330.65,,
Pai,VESUVIUS,INE386A01015,Vesuvius India Limited,2024-03-12,Sale,-3086.4,0,-1,3086.4,,
Pai,VESUVIUS,INE386A01015,Vesuvius India Limited,2024-03-12,Sale,-6172.9,0,-2,3086.45,,
Pai,VIKRAMSOLR,INE078V01014,Vikram Solar Limited,2026-04-20,Purchase,81128.1,96.06,350,231.52,192.49,2026-07-02
Pai,VIKRAMSOLR,INE078V01014,Vikram Solar Limited,2026-07-01,Sale,-43359.6,80.36,-240,181,192.49,2026-07-02
Pai,VIKRAMSOLR,INE078V01014,Vikram Solar Limited,2026-07-01,Sale,-19921,0,-110,181.1,192.49,2026-07-02
Pai,VIKRAN,INE01R501028,Vikran Engineering Limited,2026-07-01,Purchase,1969.76,0,26,75.76,71.59,2026-08-07
Pai,VIKRAN,INE01R501028,Vikran Engineering Limited,2026-07-01,Purchase,5607.72,0,74,75.78,71.59,2026-08-07
Pai,VIKRAN,INE01R501028,Vikran Engineering Limited,2026-07-01,Purchase,12453.3,23.76,164,75.79,71.59,2026-08-07
Pai,VMM,INE01EA01019,Vishal Mega Mart Limited,2025-09-09,Purchase,38199.7,54.42,252,151.37,,
Pai,VMM,INE01EA01019,Vishal Mega Mart Limited,2025-09-09,Purchase,4844.16,0,32,151.38,,
Pai,VMM,INE01EA01019,Vishal Mega Mart Limited,2025-09-09,Purchase,2725.2,0,18,151.4,,
Pai,VMM,INE01EA01019,Vishal Mega Mart Limited,2025-09-29,Purchase,5082.67,6.27,35,145.04,,
Pai,VMM,INE01EA01019,Vishal Mega Mart Limited,2025-10-29,Purchase,1474.24,1.74,10,147.25,,
Pai,VMM,INE01EA01019,Vishal Mega Mart Limited,2025-11-03,Sale,-49450.2,66.71,-347,142.7,,
Pai,VISHNU,INE270I01014,Vishnu Chemicals Limited,2026-02-18,Purchase,9805.66,11.16,19,515.5,586.6,2026-08-07
Pai,VISHNU,INE270I01014,Vishnu Chemicals Limited,2026-02-23,Purchase,1034.97,1.07,2,516.95,586.6,2026-08-07
Pai,VIYASH,INE807F01027,Viyash Scientific Limited,2025-11-18,Purchase,10191.5,12.56,43,236.72,,
Pai,VIYASH,INE807F01027,Viyash Scientific Limited,2025-12-09,Sale,-1955,0,-10,195.5,,
Pai,VIYASH,INE807F01027,Viyash Scientific Limited,2025-12-09,Sale,-6425.72,24.13,-33,195.45,,
Pai,VOLTAS,INE226A01021,Voltas Limited,2022-10-24,Purchase,3500.8,0,4,875.2,1464,2026-04-24
Pai,VOLTAS,INE226A01021,Voltas Limited,2022-11-02,Purchase,1820,0,2,910,1464,2026-04-24
Pai,VOLTAS,INE226A01021,Voltas Limited,2022-12-01,Purchase,1651.9,0,2,825.95,1464,2026-04-24
Pai,VOLTAS,INE226A01021,Voltas Limited,2023-06-09,Dividend,34,0,0,0,1464,2026-04-24
Pai,VOLTAS,INE226A01021,Voltas Limited,2023-11-02,Sale,-6674.4,0,-8,834.3,1464,2026-04-24
Pai,WAAREEENER,INE377N01017,Waaree Energies Limited,2024-10-25,Purchase,13527,0,9,1503,2717,2026-08-07
Pai,WAAREEENER,INE377N01017,Waaree Energies Limited,2024-10-29,Purchase,153989,0,62,2483.7,2717,2026-08-07
Pai,WAAREEENER,INE377N01017,Waaree Energies Limited,2024-12-10,Purchase,6297.33,7.53,2,3144.9,2717,2026-08-07
Pai,WAAREEENER,INE377N01017,Waaree Energies Limited,2025-01-16,Purchase,2663.7,0,1,2663.7,2717,2026-08-07
Pai,WAAREEENER,INE377N01017,Waaree Energies Limited,2025-01-16,Purchase,29339.4,38.16,11,2663.75,2717,2026-08-07
Pai,WAAREEENER,INE377N01017,Waaree Energies Limited,2025-02-17,Sale,-115702,202.72,-55,2107.35,2717,2026-08-07
Pai,WAAREEENER,INE377N01017,Waaree Energies Limited,2025-02-17,Sale,-10538.8,0,-5,2107.75,2717,2026-08-07
Pai,WAAREEENER,INE377N01017,Waaree Energies Limited,2025-02-17,Sale,-52695,0,-25,2107.8,2717,2026-08-07
Pai,WAAREEENER,INE377N01017,Waaree Energies Limited,2025-03-21,Purchase,199972,237.6,87,2295.8,2717,2026-08-07
Pai,WAAREEENER,INE377N01017,Waaree Energies Limited,2025-10-24,Dividend,174,0,0,0,2717,2026-08-07
Pai,WAAREEENER,INE377N01017,Waaree Energies Limited,2025-10-29,Purchase,6952.23,8.23,2,3472,2717,2026-08-07
Pai,WAAREEENER,INE377N01017,Waaree Energies Limited,2025-12-05,Sale,-234894,281.73,-82,2868,2717,2026-08-07
Pai,WAAREEENER,INE377N01017,Waaree Energies Limited,2025-12-05,Sale,-20090,0,-7,2870,2717,2026-08-07
Pai,WAAREEENER,INE377N01017,Waaree Energies Limited,2026-02-03,Purchase,93020.4,110.39,30,3097,2717,2026-08-07
Pai,WAAREEENER,INE377N01017,Waaree Energies Limited,2026-03-12,Sale,-79474.1,97.89,-30,2652.4,2717,2026-08-07
Pai,WAAREEENER,INE377N01017,Waaree Energies Limited,2026-03-24,Purchase,6169.6,0,2,3084.8,2717,2026-08-07
Pai,WAAREEENER,INE377N01017,Waaree Energies Limited,2026-03-24,Purchase,148264,183.54,48,3085,2717,2026-08-07
Pai,WAAREEENER,INE377N01017,Waaree Energies Limited,2026-04-15,Purchase,61092.3,72.3,18,3390,2717,2026-08-07
Pai,WAAREEENER,INE377N01017,Waaree Energies Limited,2026-05-20,Purchase,33336.6,57.22,11,3025.4,2717,2026-08-07
Pai,WAAREEENER,INE377N01017,Waaree Energies Limited,2026-05-20,Purchase,15127.5,0,5,3025.5,2717,2026-08-07
Pai,WAAREEENER,INE377N01017,Waaree Energies Limited,2026-05-22,Purchase,3053.06,3.16,1,3049.9,2717,2026-08-07
Pai,WAAREEENER,INE377N01017,Waaree Energies Limited,2026-07-22,Purchase,32285.1,39.89,12,2687.1,2717,2026-08-07
Pai,WEBELSOLAR,INE855C01015,Websol Energy System Limited,2024-09-05,Purchase,20978,0,210,99.9,96.38,2026-08-07
Pai,WEBELSOLAR,INE855C01015,Websol Energy System Limited,2024-09-05,Purchase,48034.5,82.46,480,99.9,96.38,2026-08-07
Pai,WEBELSOLAR,INE855C01015,Websol Energy System Limited,2024-10-07,Purchase,2936.44,3.04,30,97.78,96.38,2026-08-07
Pai,WEBELSOLAR,INE855C01015,Websol Energy System Limited,2024-11-12,Purchase,1358.51,1.41,10,135.71,96.38,2026-08-07
Pai,WEBELSOLAR,INE855C01015,Websol Energy System Limited,2025-01-16,Purchase,13046.3,15.52,80,162.89,96.38,2026-08-07
Pai,WEBELSOLAR,INE855C01015,Websol Energy System Limited,2025-02-12,Purchase,6436.42,7.67,50,128.58,96.38,2026-08-07
Pai,WEBELSOLAR,INE855C01015,Websol Energy System Limited,2025-03-12,Purchase,8334.64,9.64,90,92.5,96.38,2026-08-07
Pai,WEBELSOLAR,INE855C01015,Websol Energy System Limited,2025-03-19,Purchase,53028.6,62.95,580,91.32,96.38,2026-08-07
Pai,WEBELSOLAR,INE855C01015,Websol Energy System Limited,2025-06-30,Purchase,7922.01,9.21,60,131.88,96.38,2026-08-07
Pai,WEBELSOLAR,INE855C01015,Websol Energy System Limited,2025-08-29,Purchase,3975.62,5.12,30,132.35,96.38,2026-08-07
Pai,WEBELSOLAR,INE855C01015,Websol Energy System Limited,2025-09-29,Purchase,1265.91,1.31,10,126.46,96.38,2026-08-07
Pai,WEBELSOLAR,INE855C01015,Websol Energy System Limited,2025-10-29,Purchase,6001.61,7.11,50,119.89,96.38,2026-08-07
Pai,WEBELSOLAR,INE855C01015,Websol Energy System Limited,2025-12-01,Sale,-10064.6,0,-98,102.7,96.38,2026-08-07
Pai,WEBELSOLAR,INE855C01015,Websol Energy System Limited,2025-12-01,Sale,-56635.2,0,-552,102.6,96.38,2026-08-07
Pai,WEBELSOLAR,INE855C01015,Websol Energy System Limited,2025-12-01,Sale,-105534,195.6,-1030,102.65,96.38,2026-08-07
Pai,WEBELSOLAR,INE855C01015,Websol Energy System Limited,2025-12-17,Purchase,12829,0,151,84.96,96.38,2026-08-07
Pai,WEBELSOLAR,INE855C01015,Websol Energy System Limited,2025-12-17,Purchase,24174.5,42.97,284,84.97,96.38,2026-08-07
Pai,WEBELSOLAR,INE855C01015,Websol Energy System Limited,2025-12-19,Sale,-35487.3,52.21,-435,81.7,96.38,2026-08-07
Pai,WEBELSOLAR,INE855C01015,Websol Energy System Limited,2026-03-24,Purchase,19097.2,0,258,74.02,96.38,2026-08-07
Pai,WEBELSOLAR,INE855C01015,Websol Energy System Limited,2026-03-24,Purchase,10734.4,0,145,74.03,96.38,2026-08-07
Pai,WEBELSOLAR,INE855C01015,Websol Energy System Limited,2026-03-24,Purchase,44290.3,88.4,597,74.04,96.38,2026-08-07
Pai,ZENTEC,INE251B01027,Zen Technologies Limited,2023-05-03,Purchase,1758.3,0,6,293.05,1721.1,2026-08-07
Pai,ZENTEC,INE251B01027,Zen Technologies Limited,2023-05-12,Purchase,900.75,0,3,300.25,1721.1,2026-08-07
Pai,ZENTEC,INE251B01027,Zen Technologies Limited,2023-07-13,Purchase,1866.3,0,3,622.1,1721.1,2026-08-07
Pai,ZENTEC,INE251B01027,Zen Technologies Limited,2023-09-08,Dividend,2.4,0,0,0,1721.1,2026-08-07
Pai,ZENTEC,INE251B01027,Zen Technologies Limited,2023-09-12,Purchase,2382,0,3,794,1721.1,2026-08-07
Pai,ZENTEC,INE251B01027,Zen Technologies Limited,2023-10-12,Purchase,734,0,1,734,1721.1,2026-08-07
Pai,ZENTEC,INE251B01027,Zen Technologies Limited,2024-09-06,Dividend,16,0,0,0,1721.1,2026-08-07
Pai,ZENTEC,INE251B01027,Zen Technologies Limited,2025-03-03,Sale,-1011.65,0,-1,1011.65,1721.1,2026-08-07
Pai,ZENTEC,INE251B01027,Zen Technologies Limited,2025-03-03,Sale,-13121.1,32.26,-13,1011.8,1721.1,2026-08-07
Pai,ZENTEC,INE251B01027,Zen Technologies Limited,2025-03-03,Sale,-2023.7,0,-2,1011.85,1721.1,2026-08-07
Pai,ZENTEC,INE251B01027,Zen Technologies Limited,2025-03-24,Purchase,73752.8,87.76,50,1473.3,1721.1,2026-08-07
Pai,ZENTEC,INE251B01027,Zen Technologies Limited,2025-08-14,Dividend,100,0,0,0,1721.1,2026-08-07
Pai,ZENTEC,INE251B01027,Zen Technologies Limited,2025-10-20,Sale,-46697.3,86.72,-34,1376,1721.1,2026-08-07
Pai,ZENTEC,INE251B01027,Zen Technologies Limited,2025-10-20,Sale,-11009.6,0,-8,1376.2,1721.1,2026-08-07
Pai,ZENTEC,INE251B01027,Zen Technologies Limited,2025-10-20,Sale,-11008.8,0,-8,1376.1,1721.1,2026-08-07
Pai,ZENTEC,INE251B01027,Zen Technologies Limited,2026-02-10,Purchase,16111.2,0,12,1342.6,1721.1,2026-08-07
Pai,ZENTEC,INE251B01027,Zen Technologies Limited,2026-02-10,Purchase,38938.3,0,29,1342.7,1721.1,2026-08-07
Pai,ZENTEC,INE251B01027,Zen Technologies Limited,2026-02-10,Purchase,45788.3,119.49,34,1343.2,1721.1,2026-08-07
Pai,ZENSARTECH,INE520A01027,Zensar Technologies Limited,2023-10-23,Purchase,2910.3,0,6,485.05,452.8,2026-06-12
Pai,ZENSARTECH,INE520A01027,Zensar Technologies Limited,2023-11-13,Purchase,978.9,0,2,489.45,452.8,2026-06-12
Pai,ZENSARTECH,INE520A01027,Zensar Technologies Limited,2023-12-01,Sale,-4280,0,-8,535,452.8,2026-06-12
Pai,ZENSARTECH,INE520A01027,Zensar Technologies Limited,2024-01-02,Purchase,6525.75,0,11,593.25,452.8,2026-06-12
Pai,ZENSARTECH,INE520A01027,Zensar Technologies Limited,2024-01-12,Purchase,1144.6,0,2,572.3,452.8,2026-06-12
Pai,ZENSARTECH,INE520A01027,Zensar Technologies Limited,2024-02-01,Sale,-7411.95,0,-13,570.15,452.8,2026-06-12
Pai,ZENSARTECH,INE520A01027,Zensar Technologies Limited,2026-04-20,Purchase,49360.5,58.54,83,594,452.8,2026-06-12
Pai,ZENSARTECH,INE520A01027,Zensar Technologies Limited,2026-06-11,Sale,-36296.8,53.81,-82,443.3,452.8,2026-06-12
Pai,ZENSARTECH,INE520A01027,Zensar Technologies Limited,2026-06-11,Sale,-443.5,0,-1,443.5,452.8,2026-06-12
Pai,ZYDUSLIFE,INE010B01027,Zydus Lifesciences Limited,2024-04-01,Purchase,24020.4,0,24,1000.85,1114.2,2026-08-07
Pai,ZYDUSLIFE,INE010B01027,Zydus Lifesciences Limited,2024-04-12,Purchase,2954.1,0,3,984.7,1114.2,2026-08-07
Pai,ZYDUSLIFE,INE010B01027,Zydus Lifesciences Limited,2024-05-03,Sale,-19623,0,-20,981.15,1114.2,2026-08-07
Pai,ZYDUSLIFE,INE010B01027,Zydus Lifesciences Limited,2024-05-03,Sale,-6869.8,0,-7,981.4,1114.2,2026-08-07
Pai,ZYDUSLIFE,INE010B01027,Zydus Lifesciences Limited,2024-06-03,Purchase,58596,0,57,1028,1114.2,2026-08-07
Pai,ZYDUSLIFE,INE010B01027,Zydus Lifesciences Limited,2024-07-12,Purchase,1166.36,1.21,1,1165.15,1114.2,2026-08-07
Pai,ZYDUSLIFE,INE010B01027,Zydus Lifesciences Limited,2024-07-26,Dividend,174,0,0,0,1114.2,2026-08-07
Pai,ZYDUSLIFE,INE010B01027,Zydus Lifesciences Limited,2024-12-16,Sale,-51973.7,59.06,-53,981.75,1114.2,2026-08-07
Pai,ZYDUSLIFE,INE010B01027,Zydus Lifesciences Limited,2024-12-16,Sale,-4908,0,-5,981.6,1114.2,2026-08-07
Pai,ZYDUSLIFE,INE010B01027,Zydus Lifesciences Limited,2026-02-10,Purchase,34773,41.03,38,914,1114.2,2026-08-07
