Id,Name,Display Symbol,Exchange,Portfolio,Currency,Shares Owned,Cost Per Share,Commission,Transaction Date,Transaction Time,Purchase Exchange Rate,Purchase Exchange Currencies,Type,Accounting,Accounting Execution Ids,Notes,OutgoingCashLink        
1,Aarti Drugs Ltd.,AARTIDRUGS,NSI,India Stocks,INR,,,,,,,,,,,,
2,Aarti Drugs Ltd.,AARTIDRUGS,NSI,India Stocks,INR,16,459.7,0,2022-10-24 GMT+0530,12:30:00,,,Buy,,,,
3,Aarti Drugs Ltd.,AARTIDRUGS,NSI,India Stocks,INR,1,473.4,0,2022-11-02 GMT+0530,12:30:00,,,Buy,,,,
4,Aarti Drugs Ltd.,AARTIDRUGS,NSI,India Stocks,INR,1,452.65,0,2022-12-01 GMT+0530,12:30:00,,,Buy,,,,
5,Aarti Drugs Ltd.,AARTIDRUGS,NSI,India Stocks,INR,1,448.85,0,2023-01-12 GMT+0530,12:30:00,,,Buy,,,,
6,Aarti Drugs Ltd.,AARTIDRUGS,NSI,India Stocks,INR,19,0,0,2023-02-08 GMT+0530,12:30:00,,,Dividend,FIFO,,,
7,Aarti Drugs Ltd.,AARTIDRUGS,NSI,India Stocks,INR,16,336.35,0,2023-03-13 GMT+0530,12:30:00,,,Buy,,,,
8,Aarti Drugs Ltd.,AARTIDRUGS,NSI,India Stocks,INR,1,900,0,2023-08-24 GMT+0530,12:30:00,,,Sell,FIFO,,,
9,Aarti Drugs Ltd.,AARTIDRUGS,NSI,India Stocks,INR,34,0,0,2024-02-06 GMT+0530,12:30:00,,,Dividend,FIFO,,,
10,Aarti Drugs Ltd.,AARTIDRUGS,NSI,India Stocks,INR,14,483.55,0,2024-10-29 GMT+0530,12:30:00,,,Sell,FIFO,,,
11,Aarti Drugs Ltd.,AARTIDRUGS,NSI,India Stocks,INR,5,483.45,0,2024-10-29 GMT+0530,12:30:00,,,Sell,FIFO,,,
12,Aarti Drugs Ltd.,AARTIDRUGS,NSI,India Stocks,INR,15,483.5,17.05,2024-10-29 GMT+0530,12:30:00,,,Sell,FIFO,,,
13,Aarti Pharmalabs Limited,AARTIPHARM,NSI,India Stocks,INR,,,,,,,,,,,,
14,Aarti Pharmalabs Limited,AARTIPHARM,NSI,India Stocks,INR,71,382.15,0,2023-10-23 GMT+0530,12:30:00,,,Buy,,,,
15,Aarti Pharmalabs Limited,AARTIPHARM,NSI,India Stocks,INR,142,0,0,2024-02-16 GMT+0530,12:30:00,,,Dividend,FIFO,,,
16,Aarti Pharmalabs Limited,AARTIPHARM,NSI,India Stocks,INR,71,0,0,2024-07-31 GMT+0530,12:30:00,,,Dividend,FIFO,,,
17,Aarti Pharmalabs Limited,AARTIPHARM,NSI,India Stocks,INR,177.5,740,0,2025-02-14 GMT+0530,15:10:00,,,Dividend,FIFO,,,
18,Aarti Pharmalabs Limited,AARTIPHARM,NSI,India Stocks,INR,177.5,829.1,0,2025-09-15 GMT+0530,23:32:00,,,Dividend,FIFO,,,
19,Aarti Pharmalabs Limited,AARTIPHARM,NSI,India Stocks,INR,19,753.3,0,2025-11-11 GMT+0530,18:08:00,,,Sell,FIFO,,,
20,Aarti Pharmalabs Limited,AARTIPHARM,NSI,India Stocks,INR,22,753.25,70.83,2025-11-11 GMT+0530,18:12:00,,,Sell,FIFO,,,
21,Aarti Pharmalabs Limited,AARTIPHARM,NSI,India Stocks,INR,19,753.35,0,2025-11-11 GMT+0530,18:12:00,,,Sell,FIFO,,,
22,Aarti Pharmalabs Limited,AARTIPHARM,NSI,India Stocks,INR,2,753.55,0,2025-11-11 GMT+0530,18:13:00,,,Sell,FIFO,,,
23,Aarti Pharmalabs Limited,AARTIPHARM,NSI,India Stocks,INR,4,753.6,0,2025-11-11 GMT+0530,18:13:00,,,Sell,FIFO,,,
24,Aarti Pharmalabs Limited,AARTIPHARM,NSI,India Stocks,INR,1,753.65,0,2025-11-11 GMT+0530,18:13:00,,,Sell,FIFO,,,
25,Aarti Pharmalabs Limited,AARTIPHARM,NSI,India Stocks,INR,4,753.4,0,2025-11-11 GMT+0530,18:14:00,,,Sell,FIFO,,,
26,Hitachi Energy India Ltd,POWERINDIA,NSI,India Stocks,INR,,,,,,,,,,,,
27,Hitachi Energy India Ltd,POWERINDIA,NSI,India Stocks,INR,5,3238.95,0,2022-10-24 GMT+0530,12:30:00,,,Buy,,,,
28,Hitachi Energy India Ltd,POWERINDIA,NSI,India Stocks,INR,5,3374.9,0,2023-03-14 GMT+0530,12:30:00,,,Sell,FIFO,,,
29,Action Const Equip Ltd,ACE,NSI,India Stocks,INR,,,,,,,,,,,,
30,Action Const Equip Ltd,ACE,NSI,India Stocks,INR,5,433.95,0,2023-05-03 GMT+0530,12:30:00,,,Buy,,,,
31,Action Const Equip Ltd,ACE,NSI,India Stocks,INR,2,450.8,0,2023-05-12 GMT+0530,12:30:00,,,Buy,,,,
32,Action Const Equip Ltd,ACE,NSI,India Stocks,INR,3,488.7,0,2023-06-12 GMT+0530,12:30:00,,,Buy,,,,
33,Action Const Equip Ltd,ACE,NSI,India Stocks,INR,3,606.2,0,2023-07-13 GMT+0530,12:30:00,,,Buy,,,,
34,Action Const Equip Ltd,ACE,NSI,India Stocks,INR,1,779.85,0,2023-08-14 GMT+0530,12:30:00,,,Buy,,,,
35,Action Const Equip Ltd,ACE,NSI,India Stocks,INR,14,0,0,2023-08-17 GMT+0530,12:30:00,,,Dividend,FIFO,,,
36,Action Const Equip Ltd,ACE,NSI,India Stocks,INR,4,688,0,2023-09-12 GMT+0530,12:30:00,,,Buy,,,,
37,Action Const Equip Ltd,ACE,NSI,India Stocks,INR,1,718.15,0,2023-10-12 GMT+0530,12:30:00,,,Buy,,,,
38,Action Const Equip Ltd,ACE,NSI,India Stocks,INR,5,719.9,0,2023-10-12 GMT+0530,12:30:00,,,Buy,,,,
39,Action Const Equip Ltd,ACE,NSI,India Stocks,INR,24,1374.8,49.67,2024-07-19 GMT+0530,12:30:00,,,Sell,FIFO,,,
40,Action Const Equip Ltd,ACE,NSI,India Stocks,INR,21,972.7,24.36,2025-11-25 GMT+0530,14:39:00,,,Buy,,,,
41,Action Const Equip Ltd,ACE,NSI,India Stocks,INR,3,871.2,2.71,2026-02-23 GMT+0530,20:05:00,,,Buy,,,,
42,Action Const Equip Ltd,ACE,NSI,India Stocks,INR,24,841.8,36.3,2026-03-12 GMT+0530,14:17:00,,,Sell,FIFO,,,
43,Action Const Equip Ltd,ACE,NSI,India Stocks,INR,14,915.55,15.3,2026-04-20 GMT+0530,16:03:00,,,Buy,,,,
44,Awl Agri Business Limited,AWL,NSI,India Stocks,INR,,,,,,,,,,,,
45,Awl Agri Business Limited,AWL,NSI,India Stocks,INR,5,689.8,0,2022-10-24 GMT+0530,12:30:00,,,Buy,,,,
46,Awl Agri Business Limited,AWL,NSI,India Stocks,INR,20,689.9,0,2022-10-24 GMT+0530,12:30:00,,,Buy,,,,
47,Awl Agri Business Limited,AWL,NSI,India Stocks,INR,1,652.35,0,2022-12-01 GMT+0530,12:30:00,,,Buy,,,,
48,Awl Agri Business Limited,AWL,NSI,India Stocks,INR,3,574.8,0,2023-01-12 GMT+0530,12:30:00,,,Buy,,,,
49,Awl Agri Business Limited,AWL,NSI,India Stocks,INR,7,414.1,0,2023-02-13 GMT+0530,12:30:00,,,Buy,,,,
50,Awl Agri Business Limited,AWL,NSI,India Stocks,INR,36,448.55,0,2023-03-13 GMT+0530,12:30:00,,,Sell,FIFO,,,
51,Awl Agri Business Limited,AWL,NSI,India Stocks,INR,50,260,15.49,2025-10-20 GMT+0530,18:31:00,,,Buy,,,,
52,Awl Agri Business Limited,AWL,NSI,India Stocks,INR,2,270,0.64,2025-10-29 GMT+0530,18:46:00,,,Buy,,,,
53,Awl Agri Business Limited,AWL,NSI,India Stocks,INR,52,264.6,29.61,2025-11-25 GMT+0530,14:42:00,,,Sell,FIFO,,,
54,Ador Welding Ltd,ADORWELD,NSI,India Stocks,INR,,,,,,,,,,,,
55,Ador Welding Ltd,ADORWELD,NSI,India Stocks,INR,2,1074.05,0,2023-05-03 GMT+0530,12:30:00,,,Buy,,,,
56,Ador Welding Ltd,ADORWELD,NSI,India Stocks,INR,1,1172.35,0,2023-05-12 GMT+0530,12:30:00,,,Buy,,,,
57,Ador Welding Ltd,ADORWELD,NSI,India Stocks,INR,1,1177.9,0,2023-06-12 GMT+0530,12:30:00,,,Buy,,,,
58,Ador Welding Ltd,ADORWELD,NSI,India Stocks,INR,2,1267.65,0,2023-07-13 GMT+0530,12:30:00,,,Buy,,,,
59,Ador Welding Ltd,ADORWELD,NSI,India Stocks,INR,1,1266.75,0,2023-07-13 GMT+0530,12:30:00,,,Buy,,,,
60,Ador Welding Ltd,ADORWELD,NSI,India Stocks,INR,122.5,0,0,2023-08-02 GMT+0530,12:30:00,,,Dividend,FIFO,,,
61,Ador Welding Ltd,ADORWELD,NSI,India Stocks,INR,1,1111.45,0,2023-08-14 GMT+0530,12:30:00,,,Buy,,,,
62,Ador Welding Ltd,ADORWELD,NSI,India Stocks,INR,2,1112,0,2023-08-14 GMT+0530,12:30:00,,,Buy,,,,
63,Ador Welding Ltd,ADORWELD,NSI,India Stocks,INR,1,1094.85,0,2023-09-12 GMT+0530,12:30:00,,,Buy,,,,
64,Ador Welding Ltd,ADORWELD,NSI,India Stocks,INR,1,1130.5,0,2023-10-12 GMT+0530,12:30:00,,,Buy,,,,
65,Ador Welding Ltd,ADORWELD,NSI,India Stocks,INR,222,0,0,2024-05-15 GMT+0530,12:30:00,,,Dividend,FIFO,,,
66,Ador Welding Ltd,ADORWELD,NSI,India Stocks,INR,10,1155,29.72,2024-12-16 GMT+0530,12:30:00,,,Sell,FIFO,,,
67,Ador Welding Ltd,ADORWELD,NSI,India Stocks,INR,1,1154.15,0,2024-12-16 GMT+0530,12:30:00,,,Sell,FIFO,,,
68,Ador Welding Ltd,ADORWELD,NSI,India Stocks,INR,1,1154.2,0,2024-12-16 GMT+0530,12:30:00,,,Sell,FIFO,,,
69,Aia Engineering Limited,AIAENG,NSI,India Stocks,INR,,,,,,,,,,,,
70,Aia Engineering Limited,AIAENG,NSI,India Stocks,INR,2,2623.95,0,2022-10-24 GMT+0530,12:30:00,,,Buy,,,,
71,Aia Engineering Limited,AIAENG,NSI,India Stocks,INR,32,0,0,2023-09-12 GMT+0530,12:30:00,,,Dividend,FIFO,,,
72,Aia Engineering Limited,AIAENG,NSI,India Stocks,INR,32,0,0,2024-08-20 GMT+0530,12:30:00,,,Dividend,FIFO,,,
73,Aia Engineering Limited,AIAENG,NSI,India Stocks,INR,1,3854,8,2024-10-29 GMT+0530,12:30:00,,,Sell,FIFO,,,
74,Aia Engineering Limited,AIAENG,NSI,India Stocks,INR,1,3853.95,0,2024-10-29 GMT+0530,12:30:00,,,Sell,FIFO,,,
75,Angel One Limited,ANGELONE,NSI,India Stocks,INR,,,,,,,,,,,,
76,Angel One Limited,ANGELONE,NSI,India Stocks,INR,5,2651.15,0,2023-11-02 GMT+0530,12:30:00,,,Buy,,,,
77,Angel One Limited,ANGELONE,NSI,India Stocks,INR,1,2735,0,2023-11-13 GMT+0530,12:30:00,,,Buy,,,,
78,Angel One Limited,ANGELONE,NSI,India Stocks,INR,6,3063.05,0,2023-12-01 GMT+0530,12:30:00,,,Sell,FIFO,,,
79,Apar Industries Ltd.,APARINDS,NSI,India Stocks,INR,,,,,,,,,,,,
80,Apar Industries Ltd.,APARINDS,NSI,India Stocks,INR,12,1475.85,0,2022-10-24 GMT+0530,12:30:00,,,Buy,,,,
81,Apar Industries Ltd.,APARINDS,NSI,India Stocks,INR,1,1428.85,0,2022-11-02 GMT+0530,12:30:00,,,Buy,,,,
82,Apar Industries Ltd.,APARINDS,NSI,India Stocks,INR,1,1502.8,0,2022-12-01 GMT+0530,12:30:00,,,Buy,,,,
83,Apar Industries Ltd.,APARINDS,NSI,India Stocks,INR,3,2290.5,0,2023-03-14 GMT+0530,12:30:00,,,Sell,FIFO,,,
84,Apar Industries Ltd.,APARINDS,NSI,India Stocks,INR,1,2604,0,2023-04-03 GMT+0530,12:30:00,,,Buy,,,,
85,Apar Industries Ltd.,APARINDS,NSI,India Stocks,INR,2,2645,0,2023-05-12 GMT+0530,12:30:00,,,Buy,,,,
86,Apar Industries Ltd.,APARINDS,NSI,India Stocks,INR,560,0,0,2023-08-04 GMT+0530,12:30:00,,,Dividend,FIFO,,,
87,Apar Industries Ltd.,APARINDS,NSI,India Stocks,INR,3,5134.2,0,2023-11-02 GMT+0530,12:30:00,,,Sell,FIFO,,,
88,Apar Industries Ltd.,APARINDS,NSI,India Stocks,INR,10,5134.9,0,2023-11-02 GMT+0530,12:30:00,,,Sell,FIFO,,,
89,Apar Industries Ltd.,APARINDS,NSI,India Stocks,INR,1,5134.85,0,2023-11-02 GMT+0530,12:30:00,,,Sell,FIFO,,,
90,Artemis Med Service Ltd,ARTEMISMED,NSI,India Stocks,INR,,,,,,,,,,,,
91,Artemis Med Service Ltd,ARTEMISMED,NSI,India Stocks,INR,182,78.9,0,2022-11-23 GMT+0530,12:30:00,,,Buy,,,,
92,Artemis Med Service Ltd,ARTEMISMED,NSI,India Stocks,INR,7,80.5,0,2022-12-01 GMT+0530,12:30:00,,,Buy,,,,
93,Artemis Med Service Ltd,ARTEMISMED,NSI,India Stocks,INR,16,72,0,2023-01-12 GMT+0530,12:30:00,,,Buy,,,,
94,Artemis Med Service Ltd,ARTEMISMED,NSI,India Stocks,INR,2,67.6,0,2023-02-13 GMT+0530,12:30:00,,,Buy,,,,
95,Artemis Med Service Ltd,ARTEMISMED,NSI,India Stocks,INR,37,65.45,0,2023-03-13 GMT+0530,12:30:00,,,Buy,,,,
96,Artemis Med Service Ltd,ARTEMISMED,NSI,India Stocks,INR,26,65.55,0,2023-03-13 GMT+0530,12:30:00,,,Buy,,,,
97,Artemis Med Service Ltd,ARTEMISMED,NSI,India Stocks,INR,121.5,0,0,2023-07-14 GMT+0530,12:30:00,,,Dividend,FIFO,,,
98,Artemis Med Service Ltd,ARTEMISMED,NSI,India Stocks,INR,121.5,0,0,2024-07-05 GMT+0530,12:30:00,,,Dividend,FIFO,,,
99,Artemis Med Service Ltd,ARTEMISMED,NSI,India Stocks,INR,8,221.05,0,2025-03-03 GMT+0530,18:00:00,,,Sell,FIFO,,,
100,Artemis Med Service Ltd,ARTEMISMED,NSI,India Stocks,INR,58,221.2,0,2025-03-03 GMT+0530,18:02:00,,,Sell,FIFO,,,
101,Artemis Med Service Ltd,ARTEMISMED,NSI,India Stocks,INR,51,221.15,0,2025-03-03 GMT+0530,18:02:00,,,Sell,FIFO,,,
102,Artemis Med Service Ltd,ARTEMISMED,NSI,India Stocks,INR,60,221.1,0,2025-03-03 GMT+0530,18:02:00,,,Sell,FIFO,,,
103,Artemis Med Service Ltd,ARTEMISMED,NSI,India Stocks,INR,1,221.3,0,2025-03-03 GMT+0530,18:03:00,,,Sell,FIFO,,,
104,Artemis Med Service Ltd,ARTEMISMED,NSI,India Stocks,INR,91,221.25,77.77,2025-03-03 GMT+0530,18:03:00,,,Sell,FIFO,,,
105,Artemis Med Service Ltd,ARTEMISMED,NSI,India Stocks,INR,1,221.35,0,2025-03-03 GMT+0530,18:04:00,,,Sell,FIFO,,,
106,Artemis Med Service Ltd,ARTEMISMED,NSI,India Stocks,INR,270,254.95,81.41,2025-03-21 GMT+0530,12:10:00,,,Buy,,,,
107,Artemis Med Service Ltd,ARTEMISMED,NSI,India Stocks,INR,0,240.55,83.24,2025-05-08 GMT+0530,18:06:00,,,Sell All,FIFO,,,
108,Arvind Fashions Limited,ARVINDFASN,NSI,India Stocks,INR,,,,,,,,,,,,
109,Arvind Fashions Limited,ARVINDFASN,NSI,India Stocks,INR,4,282.45,0,2023-05-03 GMT+0530,12:30:00,,,Buy,,,,
110,Arvind Fashions Limited,ARVINDFASN,NSI,India Stocks,INR,2,282.4,0,2023-05-03 GMT+0530,12:30:00,,,Buy,,,,
111,Arvind Fashions Limited,ARVINDFASN,NSI,India Stocks,INR,4,280.75,1.05,2023-05-12 GMT+0530,12:30:00,,,Buy,,,,
112,Arvind Fashions Limited,ARVINDFASN,NSI,India Stocks,INR,2,315.4,0,2023-06-12 GMT+0530,12:30:00,,,Buy,,,,
113,Arvind Fashions Limited,ARVINDFASN,NSI,India Stocks,INR,1,315.45,0,2023-06-12 GMT+0530,12:30:00,,,Buy,,,,
114,Arvind Fashions Limited,ARVINDFASN,NSI,India Stocks,INR,5,346.9,0,2023-07-13 GMT+0530,12:30:00,,,Buy,,,,
115,Arvind Fashions Limited,ARVINDFASN,NSI,India Stocks,INR,3,346.95,0,2023-07-13 GMT+0530,12:30:00,,,Buy,,,,
116,Arvind Fashions Limited,ARVINDFASN,NSI,India Stocks,INR,2,304.75,0,2023-08-14 GMT+0530,12:30:00,,,Buy,,,,
117,Arvind Fashions Limited,ARVINDFASN,NSI,India Stocks,INR,8,304.5,0,2023-08-14 GMT+0530,12:30:00,,,Buy,,,,
118,Arvind Fashions Limited,ARVINDFASN,NSI,India Stocks,INR,31,0,0,2023-09-01 GMT+0530,12:30:00,,,Dividend,FIFO,,,
119,Arvind Fashions Limited,ARVINDFASN,NSI,India Stocks,INR,1,324.9,0,2023-09-12 GMT+0530,12:30:00,,,Buy,,,,
120,Arvind Fashions Limited,ARVINDFASN,NSI,India Stocks,INR,2,329,0,2023-10-12 GMT+0530,12:30:00,,,Buy,,,,
121,Arvind Fashions Limited,ARVINDFASN,NSI,India Stocks,INR,42.5,0,0,2024-08-09 GMT+0530,12:30:00,,,Dividend,FIFO,,,
122,Arvind Fashions Limited,ARVINDFASN,NSI,India Stocks,INR,34,501.1,33.01,2025-01-15 GMT+0530,12:30:00,,,Sell,FIFO,,,
123,Asahi Songwon Color Ltd,ASAHISONG,NSI,India Stocks,INR,,,,,,,,,,,,
124,Asahi Songwon Color Ltd,ASAHISONG,NSI,India Stocks,INR,34,297.5,0,2022-10-24 GMT+0530,12:30:00,,,Buy,,,,
125,Asahi Songwon Color Ltd,ASAHISONG,NSI,India Stocks,INR,8,297.45,0,2022-10-24 GMT+0530,12:30:00,,,Buy,,,,
126,Asahi Songwon Color Ltd,ASAHISONG,NSI,India Stocks,INR,3,292.7,0,2022-11-02 GMT+0530,12:30:00,,,Buy,,,,
127,Asahi Songwon Color Ltd,ASAHISONG,NSI,India Stocks,INR,4,267.75,0,2022-12-01 GMT+0530,12:30:00,,,Buy,,,,
128,Asahi Songwon Color Ltd,ASAHISONG,NSI,India Stocks,INR,2,260.6,0,2023-01-12 GMT+0530,12:30:00,,,Buy,,,,
129,Asahi Songwon Color Ltd,ASAHISONG,NSI,India Stocks,INR,3,221.9,0,2023-02-13 GMT+0530,12:30:00,,,Buy,,,,
130,Asahi Songwon Color Ltd,ASAHISONG,NSI,India Stocks,INR,32,186.6,0,2023-03-13 GMT+0530,12:30:00,,,Sell,FIFO,,,
131,Asahi Songwon Color Ltd,ASAHISONG,NSI,India Stocks,INR,12,186.65,0,2023-03-13 GMT+0530,12:30:00,,,Sell,FIFO,,,
132,Asahi Songwon Color Ltd,ASAHISONG,NSI,India Stocks,INR,10,186.7,0,2023-03-13 GMT+0530,12:30:00,,,Sell,FIFO,,,
133,Asian Paints Limited,ASIANPAINT,NSI,India Stocks,INR,,,,,,,,,,,,
134,Asian Paints Limited,ASIANPAINT,NSI,India Stocks,INR,2,3139.05,0,2022-10-24 GMT+0530,12:30:00,,,Buy,,,,
135,Asian Paints Limited,ASIANPAINT,NSI,India Stocks,INR,8.8,0,0,2022-10-31 GMT+0530,12:30:00,,,Dividend,FIFO,,,
136,Asian Paints Limited,ASIANPAINT,NSI,India Stocks,INR,1,2905.95,0,2023-01-12 GMT+0530,12:30:00,,,Buy,,,,
137,Asian Paints Limited,ASIANPAINT,NSI,India Stocks,INR,1,2792.65,0,2023-04-12 GMT+0530,12:30:00,,,Buy,,,,
138,Asian Paints Limited,ASIANPAINT,NSI,India Stocks,INR,85,0,0,2023-06-09 GMT+0530,12:30:00,,,Dividend,FIFO,,,
139,Asian Paints Limited,ASIANPAINT,NSI,India Stocks,INR,1,3396.5,0,2023-07-13 GMT+0530,12:30:00,,,Buy,,,,
140,Asian Paints Limited,ASIANPAINT,NSI,India Stocks,INR,1,3156.7,0,2023-10-12 GMT+0530,12:30:00,,,Buy,,,,
141,Asian Paints Limited,ASIANPAINT,NSI,India Stocks,INR,31,0,0,2023-11-03 GMT+0530,12:30:00,,,Dividend,FIFO,,,
142,Asian Paints Limited,ASIANPAINT,NSI,India Stocks,INR,6,2828.4,0,2024-03-05 GMT+0530,12:30:00,,,Sell,FIFO,,,
143,Astec Lifesciences Ltd,ASTEC,NSI,India Stocks,INR,,,,,,,,,,,,
144,Astec Lifesciences Ltd,ASTEC,NSI,India Stocks,INR,1,2167.95,0,2022-11-23 GMT+0530,12:30:00,,,Buy,,,,
145,Astec Lifesciences Ltd,ASTEC,NSI,India Stocks,INR,1,2167.9,0,2022-11-23 GMT+0530,12:30:00,,,Buy,,,,
146,Astec Lifesciences Ltd,ASTEC,NSI,India Stocks,INR,3,0,0,2023-07-21 GMT+0530,12:30:00,,,Dividend,FIFO,,,
147,Astec Lifesciences Ltd,ASTEC,NSI,India Stocks,INR,2,1229.45,0,2023-10-23 GMT+0530,12:30:00,,,Sell,FIFO,,,
148,Aster Dm Quality Care Ltd,ASTERDM,NSI,India Stocks,INR,,,,,,,,,,,,
149,Aster Dm Quality Care Ltd,ASTERDM,NSI,India Stocks,INR,12,248.8,0,2022-10-24 GMT+0530,12:30:00,,,Buy,,,,
150,Aster Dm Quality Care Ltd,ASTERDM,NSI,India Stocks,INR,2,259.5,0,2022-11-02 GMT+0530,12:30:00,,,Buy,,,,
151,Aster Dm Quality Care Ltd,ASTERDM,NSI,India Stocks,INR,2,232.65,0,2022-12-01 GMT+0530,12:30:00,,,Buy,,,,
152,Aster Dm Quality Care Ltd,ASTERDM,NSI,India Stocks,INR,16,330.1,0,2023-10-23 GMT+0530,12:30:00,,,Sell,FIFO,,,
153,Astral Limited,ASTRAL,NSI,India Stocks,INR,,,,,,,,,,,,
154,Astral Limited,ASTRAL,NSI,India Stocks,INR,3,2024.7,0,2022-10-24 GMT+0530,12:30:00,,,Buy,,,,
155,Astral Limited,ASTRAL,NSI,India Stocks,INR,3.75,0,0,2022-11-18 GMT+0530,12:30:00,,,Dividend,FIFO,,,
156,Astral Limited,ASTRAL,NSI,India Stocks,INR,1,2073.5,0,2023-01-12 GMT+0530,12:30:00,,,Buy,,,,
157,Astral Limited,ASTRAL,NSI,India Stocks,INR,1,1915.65,0,2023-02-13 GMT+0530,12:30:00,,,Buy,,,,
158,Astral Limited,ASTRAL,NSI,India Stocks,INR,947.6,0,0,2023-03-14 GMT+0530,12:30:00,,,Dividend,FIFO,,,
159,Astral Limited,ASTRAL,NSI,India Stocks,INR,1,0,0,2023-03-14 GMT+0530,12:30:00,,,Dividend Reinvest,,,,
160,Astral Limited,ASTRAL,NSI,India Stocks,INR,1,1441.45,0,2023-04-12 GMT+0530,12:30:00,,,Buy,,,,
161,Astral Limited,ASTRAL,NSI,India Stocks,INR,2,1838.4,0,2023-07-13 GMT+0530,12:30:00,,,Buy,,,,
162,Astral Limited,ASTRAL,NSI,India Stocks,INR,2,1839.25,0,2023-07-13 GMT+0530,12:30:00,,,Buy,,,,
163,Astral Limited,ASTRAL,NSI,India Stocks,INR,24.75,0,0,2023-08-04 GMT+0530,12:30:00,,,Dividend,FIFO,,,
164,Astral Limited,ASTRAL,NSI,India Stocks,INR,16.5,0,0,2023-10-27 GMT+0530,12:30:00,,,Dividend,FIFO,,,
165,Astral Limited,ASTRAL,NSI,India Stocks,INR,24.75,0,0,2024-08-16 GMT+0530,12:30:00,,,Dividend,FIFO,,,
166,Astral Limited,ASTRAL,NSI,India Stocks,INR,4,1774.2,20.4,2024-10-29 GMT+0530,12:30:00,,,Sell,FIFO,,,
167,Astral Limited,ASTRAL,NSI,India Stocks,INR,2,1774.5,0,2024-10-29 GMT+0530,12:30:00,,,Sell,FIFO,,,
168,Astral Limited,ASTRAL,NSI,India Stocks,INR,3,1774.1,0,2024-10-29 GMT+0530,12:30:00,,,Sell,FIFO,,,
169,Astral Limited,ASTRAL,NSI,India Stocks,INR,2,1775,0,2024-10-29 GMT+0530,12:30:00,,,Sell,FIFO,,,
170,Aurobindo Pharma Ltd,AUROPHARMA,NSI,India Stocks,INR,,,,,,,,,,,,
171,Aurobindo Pharma Ltd,AUROPHARMA,NSI,India Stocks,INR,24,523.95,0,2022-10-24 GMT+0530,12:30:00,,,Buy,,,,
172,Aurobindo Pharma Ltd,AUROPHARMA,NSI,India Stocks,INR,24,465.25,0,2022-11-14 GMT+0530,12:30:00,,,Sell,FIFO,,,
173,Aurobindo Pharma Ltd,AUROPHARMA,NSI,India Stocks,INR,5,881.95,0,2023-10-23 GMT+0530,12:30:00,,,Buy,,,,
174,Aurobindo Pharma Ltd,AUROPHARMA,NSI,India Stocks,INR,3,857.6,0,2023-11-02 GMT+0530,12:30:00,,,Sell,FIFO,,,
175,Aurobindo Pharma Ltd,AUROPHARMA,NSI,India Stocks,INR,2,857.65,0,2023-11-02 GMT+0530,12:30:00,,,Sell,FIFO,,,
176,Aurobindo Pharma Ltd,AUROPHARMA,NSI,India Stocks,INR,10,1093.2,0,2024-01-02 GMT+0530,12:30:00,,,Buy,,,,
177,Aurobindo Pharma Ltd,AUROPHARMA,NSI,India Stocks,INR,2,1093.3,0,2024-01-12 GMT+0530,12:30:00,,,Buy,,,,
178,Aurobindo Pharma Ltd,AUROPHARMA,NSI,India Stocks,INR,14,1070.75,0,2024-02-01 GMT+0530,12:30:00,,,Buy,,,,
179,Aurobindo Pharma Ltd,AUROPHARMA,NSI,India Stocks,INR,3,1017.55,0,2024-02-12 GMT+0530,12:30:00,,,Buy,,,,
180,Aurobindo Pharma Ltd,AUROPHARMA,NSI,India Stocks,INR,43.5,0,0,2024-02-20 GMT+0530,12:30:00,,,Dividend,FIFO,,,
181,Aurobindo Pharma Ltd,AUROPHARMA,NSI,India Stocks,INR,29,1087.4,0,2024-03-05 GMT+0530,12:30:00,,,Sell,FIFO,,,
182,Avalon Technologies Ltd,AVALON,NSI,India Stocks,INR,,,,,,,,,,,,
183,Avalon Technologies Ltd,AVALON,NSI,India Stocks,INR,442,436,0,2023-04-17 GMT+0530,12:30:00,,,Buy,,,,
184,Avalon Technologies Ltd,AVALON,NSI,India Stocks,INR,4,567.05,0,2024-10-29 GMT+0530,12:30:00,,,Sell,FIFO,,,
185,Avalon Technologies Ltd,AVALON,NSI,India Stocks,INR,101,567.1,0,2024-10-29 GMT+0530,12:30:00,,,Sell,FIFO,,,
186,Avalon Technologies Ltd,AVALON,NSI,India Stocks,INR,33,567.15,0,2024-10-29 GMT+0530,12:30:00,,,Sell,FIFO,,,
187,Avalon Technologies Ltd,AVALON,NSI,India Stocks,INR,104,567.2,262.36,2024-10-29 GMT+0530,12:30:00,,,Sell,FIFO,,,
188,Avalon Technologies Ltd,AVALON,NSI,India Stocks,INR,75,567.25,0,2024-10-29 GMT+0530,12:30:00,,,Sell,FIFO,,,
189,Avalon Technologies Ltd,AVALON,NSI,India Stocks,INR,18,567.3,0,2024-10-29 GMT+0530,12:30:00,,,Sell,FIFO,,,
190,Avalon Technologies Ltd,AVALON,NSI,India Stocks,INR,18,567.35,0,2024-10-29 GMT+0530,12:30:00,,,Sell,FIFO,,,
191,Avalon Technologies Ltd,AVALON,NSI,India Stocks,INR,10,567.4,0,2024-10-29 GMT+0530,12:30:00,,,Sell,FIFO,,,
192,Avalon Technologies Ltd,AVALON,NSI,India Stocks,INR,1,567.45,0,2024-10-29 GMT+0530,12:30:00,,,Sell,FIFO,,,
193,Avalon Technologies Ltd,AVALON,NSI,India Stocks,INR,10,567.55,0,2024-10-29 GMT+0530,12:30:00,,,Sell,FIFO,,,
194,Avalon Technologies Ltd,AVALON,NSI,India Stocks,INR,12,567.6,0,2024-10-29 GMT+0530,12:30:00,,,Sell,FIFO,,,
195,Avalon Technologies Ltd,AVALON,NSI,India Stocks,INR,1,567.75,0,2024-10-29 GMT+0530,12:30:00,,,Sell,FIFO,,,
196,Avalon Technologies Ltd,AVALON,NSI,India Stocks,INR,7,567.9,0,2024-10-29 GMT+0530,12:30:00,,,Sell,FIFO,,,
197,Avalon Technologies Ltd,AVALON,NSI,India Stocks,INR,13,567.95,0,2024-10-29 GMT+0530,12:30:00,,,Sell,FIFO,,,
198,Avalon Technologies Ltd,AVALON,NSI,India Stocks,INR,18,568.05,0,2024-10-29 GMT+0530,12:30:00,,,Sell,FIFO,,,
199,Avalon Technologies Ltd,AVALON,NSI,India Stocks,INR,4,568.1,0,2024-10-29 GMT+0530,12:30:00,,,Sell,FIFO,,,
200,Avalon Technologies Ltd,AVALON,NSI,India Stocks,INR,12,568.35,0,2024-10-29 GMT+0530,12:30:00,,,Sell,FIFO,,,
201,Avalon Technologies Ltd,AVALON,NSI,India Stocks,INR,1,568.4,0,2024-10-29 GMT+0530,12:30:00,,,Sell,FIFO,,,
202,Avalon Technologies Ltd,AVALON,NSI,India Stocks,INR,42,1024.75,103.27,2026-02-04 GMT+0530,21:31:00,,,Buy,,,,
203,Avalon Technologies Ltd,AVALON,NSI,India Stocks,INR,25,1024.8,0,2026-02-04 GMT+0530,21:31:00,,,Buy,,,,
204,Avalon Technologies Ltd,AVALON,NSI,India Stocks,INR,18,1025,0,2026-02-04 GMT+0530,21:31:00,,,Buy,,,,
205,Avalon Technologies Ltd,AVALON,NSI,India Stocks,INR,26,922.65,0,2026-03-12 GMT+0530,14:30:00,,,Sell,FIFO,,,
206,Avalon Technologies Ltd,AVALON,NSI,India Stocks,INR,35,923,97.34,2026-03-12 GMT+0530,14:31:00,,,Sell,FIFO,,,
207,Avalon Technologies Ltd,AVALON,NSI,India Stocks,INR,15,922.25,0,2026-03-12 GMT+0530,14:31:00,,,Sell,FIFO,,,
208,Avalon Technologies Ltd,AVALON,NSI,India Stocks,INR,9,922.7,0,2026-03-12 GMT+0530,14:32:00,,,Sell,FIFO,,,
209,Avalon Technologies Ltd,AVALON,NSI,India Stocks,INR,35,1069.1,44.82,2026-04-15 GMT+0530,20:09:00,,,Buy,,,,
210,Avalon Technologies Ltd,AVALON,NSI,India Stocks,INR,44,1348.4,70.55,2026-05-20 GMT+0530,19:34:00,,,Buy,,,,
211,Avalon Technologies Ltd,AVALON,NSI,India Stocks,INR,4,1474.3,7.12,2026-05-22 GMT+0530,14:07:00,,,Buy,,,,
212,Avanti Feeds Limited,AVANTIFEED,NSI,India Stocks,INR,,,,,,,,,,,,
213,Avanti Feeds Limited,AVANTIFEED,NSI,India Stocks,INR,16,631,12.48,2024-06-10 GMT+0530,12:30:00,,,Buy,,,,
214,Avanti Feeds Limited,AVANTIFEED,NSI,India Stocks,INR,108,0,0,2024-07-30 GMT+0530,12:30:00,,,Dividend,FIFO,,,
215,Avanti Feeds Limited,AVANTIFEED,NSI,India Stocks,INR,0,669.4,26.45,2025-08-01 GMT+0530,18:24:00,,,Sell All,FIFO,,,
216,Bank Of Baroda,BANKBARODA,NSI,India Stocks,INR,,,,,,,,,,,,
217,Bank Of Baroda,BANKBARODA,NSI,India Stocks,INR,21,262.59,6.72,2024-12-09 GMT+0530,12:30:00,,,Buy,,,,
218,Bank Of Baroda,BANKBARODA,NSI,India Stocks,INR,8,260.27,2.16,2024-12-12 GMT+0530,12:30:00,,,Buy,,,,
219,Bank Of Baroda,BANKBARODA,NSI,India Stocks,INR,10,222.32,2.31,2025-01-13 GMT+0530,12:30:00,,,Buy,,,,
220,Bank Of Baroda,BANKBARODA,NSI,India Stocks,INR,11,212.63,2.43,2025-02-12 GMT+0530,11:40:00,,,Buy,,,,
221,Bank Of Baroda,BANKBARODA,NSI,India Stocks,INR,4,204.1,0.85,2025-03-12 GMT+0530,12:29:00,,,Buy,,,,
222,Bank Of Baroda,BANKBARODA,NSI,India Stocks,INR,11,256.83,2.93,2025-04-29 GMT+0530,11:58:00,,,Buy,,,,
223,Bank Of Baroda,BANKBARODA,NSI,India Stocks,INR,18,241.93,5.52,2025-05-29 GMT+0530,11:18:00,,,Buy,,,,
224,Bank Of Baroda,BANKBARODA,NSI,India Stocks,INR,693.05,243.05,0,2025-06-06 GMT+0530,08:50:00,,,Dividend,FIFO,,,
225,Bank Of Baroda,BANKBARODA,NSI,India Stocks,INR,13,247.09,3.33,2025-06-30 GMT+0530,12:01:00,,,Buy,,,,
226,Bank Of Baroda,BANKBARODA,NSI,India Stocks,INR,8,241.71,2.01,2025-07-29 GMT+0530,17:15:00,,,Buy,,,,
227,Bank Of Baroda,BANKBARODA,NSI,India Stocks,INR,0,233.97,40.58,2025-08-29 GMT+0530,14:47:00,,,Sell All,FIFO,,,
228,Bank Of India,BANKINDIA,NSI,India Stocks,INR,,,,,,,,,,,,
229,Bank Of India,BANKINDIA,NSI,India Stocks,INR,104,117.59,14.69,2024-12-09 GMT+0530,12:30:00,,,Buy,,,,
230,Bank Of India,BANKINDIA,NSI,India Stocks,INR,33,113.43,4.88,2024-12-12 GMT+0530,12:30:00,,,Buy,,,,
231,Bank Of India,BANKINDIA,NSI,India Stocks,INR,58,92.76,6.58,2025-01-13 GMT+0530,12:30:00,,,Buy,,,,
232,Bank Of India,BANKINDIA,NSI,India Stocks,INR,6,101.61,1.05,2025-02-12 GMT+0530,11:42:00,,,Buy,,,,
233,Bank Of India,BANKINDIA,NSI,India Stocks,INR,4,101.6,0,2025-02-12 GMT+0530,11:43:00,,,Buy,,,,
234,Bank Of India,BANKINDIA,NSI,India Stocks,INR,43,94.84,5.23,2025-03-12 GMT+0530,12:30:00,,,Buy,,,,
235,Bank Of India,BANKINDIA,NSI,India Stocks,INR,1,118.3,0.12,2025-04-29 GMT+0530,11:59:00,,,Buy,,,,
236,Bank Of India,BANKINDIA,NSI,India Stocks,INR,31,118.95,4.83,2025-05-29 GMT+0530,11:18:00,,,Buy,,,,
237,Bank Of India,BANKINDIA,NSI,India Stocks,INR,0,125.47,51.79,2025-06-02 GMT+0530,16:03:00,,,Sell All,FIFO,,,
238,Bank Of India,BANKINDIA,NSI,India Stocks,INR,5,118.67,0,2025-07-03 GMT+0530,19:37:00,,,Buy,,,,
239,Bank Of India,BANKINDIA,NSI,India Stocks,INR,144,118.68,21.34,2025-07-03 GMT+0530,19:37:00,,,Buy,,,,
240,Bank Of India,BANKINDIA,NSI,India Stocks,INR,20,111.84,2.32,2025-07-29 GMT+0530,17:18:00,,,Buy,,,,
241,Bank Of India,BANKINDIA,NSI,India Stocks,INR,0,111.47,34.88,2025-08-29 GMT+0530,14:49:00,,,Sell All,FIFO,,,
242,Bank Of India,BANKINDIA,NSI,India Stocks,INR,237,141.55,70.98,2025-11-03 GMT+0530,18:19:00,,,Buy,,,,
243,Bank Of India,BANKINDIA,NSI,India Stocks,INR,185,141.6,0,2025-11-03 GMT+0530,18:20:00,,,Buy,,,,
244,Bank Of India,BANKINDIA,NSI,India Stocks,INR,5,149.18,0.77,2025-11-17 GMT+0530,11:09:00,,,Buy,,,,
245,Bank Of India,BANKINDIA,NSI,India Stocks,INR,173,137.67,0,2025-12-09 GMT+0530,19:34:00,,,Sell,FIFO,,,
246,Bank Of India,BANKINDIA,NSI,India Stocks,INR,254,137.69,76.33,2025-12-09 GMT+0530,19:35:00,,,Sell,FIFO,,,
247,Bharat Bijlee Ltd,BBL,NSI,India Stocks,INR,,,,,,,,,,,,
248,Bharat Bijlee Ltd,BBL,NSI,India Stocks,INR,10,1005.5,0,2022-10-24 GMT+0530,12:30:00,,,Buy,,,,
249,Bharat Bijlee Ltd,BBL,NSI,India Stocks,INR,4,1286.18,0,2023-04-03 GMT+0530,12:30:00,,,Buy,,,,
250,Bharat Bijlee Ltd,BBL,NSI,India Stocks,INR,2,1762.98,0,2023-07-13 GMT+0530,12:30:00,,,Buy,,,,
251,Bharat Bijlee Ltd,BBL,NSI,India Stocks,INR,320,0,0,2023-09-06 GMT+0530,12:30:00,,,Dividend,FIFO,,,
252,Bharat Bijlee Ltd,BBL,NSI,India Stocks,INR,2,1932.38,0,2023-09-12 GMT+0530,12:30:00,,,Buy,,,,
253,Bharat Bijlee Ltd,BBL,NSI,India Stocks,INR,630,0,0,2024-08-21 GMT+0530,12:30:00,,,Dividend,FIFO,,,
254,Bharat Bijlee Ltd,BBL,NSI,India Stocks,INR,1,4423.95,5.59,2024-10-07 GMT+0530,12:30:00,,,Buy,,,,
255,Bharat Bijlee Ltd,BBL,NSI,India Stocks,INR,2,3733.65,8.75,2024-11-12 GMT+0530,12:30:00,,,Buy,,,,
256,Bharat Bijlee Ltd,BBL,NSI,India Stocks,INR,1,3820.15,0,2024-12-10 GMT+0530,12:30:00,,,Sell,FIFO,,,
257,Bharat Bijlee Ltd,BBL,NSI,India Stocks,INR,1,3820.2,0,2024-12-10 GMT+0530,12:30:00,,,Sell,FIFO,,,
258,Bharat Bijlee Ltd,BBL,NSI,India Stocks,INR,8,3820.45,98.58,2024-12-10 GMT+0530,12:30:00,,,Sell,FIFO,,,
259,Bharat Bijlee Ltd,BBL,NSI,India Stocks,INR,3,3820.85,0,2024-12-10 GMT+0530,12:30:00,,,Sell,FIFO,,,
260,Bharat Bijlee Ltd,BBL,NSI,India Stocks,INR,2,3820.95,0,2024-12-10 GMT+0530,12:30:00,,,Sell,FIFO,,,
261,Bharat Bijlee Ltd,BBL,NSI,India Stocks,INR,6,3821,0,2024-12-10 GMT+0530,12:30:00,,,Sell,FIFO,,,
262,Bharat Forge Ltd,BHARATFORG,NSI,India Stocks,INR,,,,,,,,,,,,
263,Bharat Forge Ltd,BHARATFORG,NSI,India Stocks,INR,22,813.2,0,2023-03-13 GMT+0530,12:30:00,,,Buy,,,,
264,Bharat Forge Ltd,BHARATFORG,NSI,India Stocks,INR,1,775.3,0,2023-04-12 GMT+0530,12:30:00,,,Buy,,,,
265,Bharat Forge Ltd,BHARATFORG,NSI,India Stocks,INR,126.5,0,0,2023-07-07 GMT+0530,12:30:00,,,Dividend,FIFO,,,
266,Bharat Forge Ltd,BHARATFORG,NSI,India Stocks,INR,57.5,0,0,2024-02-23 GMT+0530,12:30:00,,,Dividend,FIFO,,,
267,Bharat Forge Ltd,BHARATFORG,NSI,India Stocks,INR,149.5,0,0,2024-07-05 GMT+0530,12:30:00,,,Dividend,FIFO,,,
268,Bharat Forge Ltd,BHARATFORG,NSI,India Stocks,INR,57.5,1090.2,0,2025-02-18 GMT+0530,20:36:00,,,Dividend,FIFO,,,
269,Bharat Forge Ltd,BHARATFORG,NSI,India Stocks,INR,0,1012.4,0,2025-03-03 GMT+0530,18:06:00,,,Sell All,FIFO,,,
270,Bharat Forge Ltd,BHARATFORG,NSI,India Stocks,INR,22,1012.35,39.5,2025-03-03 GMT+0530,18:06:00,,,Sell,FIFO,,,
271,Birlasoft Limited,BSOFT,NSI,India Stocks,INR,,,,,,,,,,,,
272,Birlasoft Limited,BSOFT,NSI,India Stocks,INR,16,759.1,0,2024-03-05 GMT+0530,12:30:00,,,Buy,,,,
273,Birlasoft Limited,BSOFT,NSI,India Stocks,INR,16,747.75,0,2024-03-28 GMT+0530,12:30:00,,,Sell,FIFO,,,
274,Blue Star Limited,BLUESTARCO,NSI,India Stocks,INR,,,,,,,,,,,,
275,Blue Star Limited,BLUESTARCO,NSI,India Stocks,INR,3,1257.95,0,2022-12-08 GMT+0530,12:30:00,,,Buy,,,,
276,Blue Star Limited,BLUESTARCO,NSI,India Stocks,INR,3,0,0,2023-06-20 GMT+0530,12:30:00,,,Dividend Reinvest,,,,
277,Blue Star Limited,BLUESTARCO,NSI,India Stocks,INR,36,0,0,2023-07-21 GMT+0530,12:30:00,,,Dividend,FIFO,,,
278,Blue Star Limited,BLUESTARCO,NSI,India Stocks,INR,6,887.5,0,2023-10-23 GMT+0530,12:30:00,,,Sell,FIFO,,,
279,Blue Star Limited,BLUESTARCO,NSI,India Stocks,INR,16,990.15,0,2023-12-01 GMT+0530,12:30:00,,,Buy,,,,
280,Blue Star Limited,BLUESTARCO,NSI,India Stocks,INR,112,0,0,2024-07-19 GMT+0530,12:30:00,,,Dividend,FIFO,,,
281,Blue Star Limited,BLUESTARCO,NSI,India Stocks,INR,2,1920.35,0,2025-03-03 GMT+0530,18:08:00,,,Sell,FIFO,,,
282,Blue Star Limited,BLUESTARCO,NSI,India Stocks,INR,1,1920.15,0,2025-03-03 GMT+0530,18:08:00,,,Sell,FIFO,,,
283,Blue Star Limited,BLUESTARCO,NSI,India Stocks,INR,0,1920.4,47.46,2025-03-03 GMT+0530,18:09:00,,,Sell All,FIFO,,,
284,Borosil Limited,BOROLTD,NSI,India Stocks,INR,,,,,,,,,,,,
285,Borosil Limited,BOROLTD,NSI,India Stocks,INR,7,219.86,0,2023-05-03 GMT+0530,12:30:00,,,Buy,,,,
286,Borosil Limited,BOROLTD,NSI,India Stocks,INR,5,213.36,0,2023-05-12 GMT+0530,12:30:00,,,Buy,,,,
287,Borosil Limited,BOROLTD,NSI,India Stocks,INR,4,231.44,0,2023-06-12 GMT+0530,12:30:00,,,Buy,,,,
288,Borosil Limited,BOROLTD,NSI,India Stocks,INR,7,221.46,0,2023-07-13 GMT+0530,12:30:00,,,Buy,,,,
289,Borosil Limited,BOROLTD,NSI,India Stocks,INR,6,221.41,0,2023-07-13 GMT+0530,12:30:00,,,Buy,,,,
290,Borosil Limited,BOROLTD,NSI,India Stocks,INR,2,236.07,0,2023-08-14 GMT+0530,12:30:00,,,Buy,,,,
291,Borosil Limited,BOROLTD,NSI,India Stocks,INR,3,236.79,0,2023-08-14 GMT+0530,12:30:00,,,Buy,,,,
292,Borosil Limited,BOROLTD,NSI,India Stocks,INR,4,233.34,0,2023-08-17 GMT+0530,12:30:00,,,Buy,,,,
293,Borosil Limited,BOROLTD,NSI,India Stocks,INR,3,233.31,0,2023-08-17 GMT+0530,12:30:00,,,Buy,,,,
294,Borosil Limited,BOROLTD,NSI,India Stocks,INR,8,218.87,0,2023-09-12 GMT+0530,12:30:00,,,Buy,,,,
295,Borosil Limited,BOROLTD,NSI,India Stocks,INR,3,213.41,0,2023-10-12 GMT+0530,12:30:00,,,Buy,,,,
296,Borosil Limited,BOROLTD,NSI,India Stocks,INR,41,383.35,36.02,2025-01-15 GMT+0530,12:30:00,,,Sell,FIFO,,,
297,Borosil Limited,BOROLTD,NSI,India Stocks,INR,11,383.3,0,2025-01-15 GMT+0530,12:30:00,,,Sell,FIFO,,,
298,Borosil Renewables Ltd,BORORENEW,NSI,India Stocks,INR,,,,,,,,,,,,
299,Borosil Renewables Ltd,BORORENEW,NSI,India Stocks,INR,22,576.1,0,2022-10-24 GMT+0530,12:30:00,,,Buy,,,,
300,Borosil Renewables Ltd,BORORENEW,NSI,India Stocks,INR,1,543,0,2022-12-01 GMT+0530,12:30:00,,,Buy,,,,
301,Borosil Renewables Ltd,BORORENEW,NSI,India Stocks,INR,5,501,0,2023-01-12 GMT+0530,12:30:00,,,Buy,,,,
302,Borosil Renewables Ltd,BORORENEW,NSI,India Stocks,INR,3,478.9,0,2023-02-13 GMT+0530,12:30:00,,,Buy,,,,
303,Borosil Renewables Ltd,BORORENEW,NSI,India Stocks,INR,1,461.2,0,2023-03-13 GMT+0530,12:30:00,,,Buy,,,,
304,Borosil Renewables Ltd,BORORENEW,NSI,India Stocks,INR,10,419.4,0,2023-04-03 GMT+0530,12:30:00,,,Buy,,,,
305,Borosil Renewables Ltd,BORORENEW,NSI,India Stocks,INR,5,478.35,0,2023-07-13 GMT+0530,12:30:00,,,Buy,,,,
306,Borosil Renewables Ltd,BORORENEW,NSI,India Stocks,INR,10,479.6,0,2023-07-13 GMT+0530,12:30:00,,,Buy,,,,
307,Borosil Renewables Ltd,BORORENEW,NSI,India Stocks,INR,4,457.55,0,2023-08-14 GMT+0530,12:30:00,,,Buy,,,,
308,Borosil Renewables Ltd,BORORENEW,NSI,India Stocks,INR,4,420,0,2023-10-12 GMT+0530,12:30:00,,,Buy,,,,
309,Borosil Renewables Ltd,BORORENEW,NSI,India Stocks,INR,13,416.8,0,2023-11-02 GMT+0530,12:30:00,,,Buy,,,,
310,Borosil Renewables Ltd,BORORENEW,NSI,India Stocks,INR,11,416.75,0,2023-11-02 GMT+0530,12:30:00,,,Buy,,,,
311,Borosil Renewables Ltd,BORORENEW,NSI,India Stocks,INR,3,416.7,0,2023-11-02 GMT+0530,12:30:00,,,Buy,,,,
312,Borosil Renewables Ltd,BORORENEW,NSI,India Stocks,INR,2,427.8,0,2023-11-13 GMT+0530,12:30:00,,,Buy,,,,
313,Borosil Renewables Ltd,BORORENEW,NSI,India Stocks,INR,4,433.35,0,2023-12-12 GMT+0530,12:30:00,,,Buy,,,,
314,Borosil Renewables Ltd,BORORENEW,NSI,India Stocks,INR,1,509.5,0,2024-02-12 GMT+0530,12:30:00,,,Buy,,,,
315,Borosil Renewables Ltd,BORORENEW,NSI,India Stocks,INR,21,509.55,0,2024-02-12 GMT+0530,12:30:00,,,Buy,,,,
316,Borosil Renewables Ltd,BORORENEW,NSI,India Stocks,INR,8,552,0,2024-04-12 GMT+0530,12:30:00,,,Buy,,,,
317,Borosil Renewables Ltd,BORORENEW,NSI,India Stocks,INR,3,494.7,0,2024-05-13 GMT+0530,12:30:00,,,Buy,,,,
318,Borosil Renewables Ltd,BORORENEW,NSI,India Stocks,INR,5,503,2.7,2024-06-12 GMT+0530,12:30:00,,,Buy,,,,
319,Borosil Renewables Ltd,BORORENEW,NSI,India Stocks,INR,11,513.3,6.87,2024-07-12 GMT+0530,12:30:00,,,Buy,,,,
320,Borosil Renewables Ltd,BORORENEW,NSI,India Stocks,INR,15,470.2,0,2024-07-19 GMT+0530,12:30:00,,,Sell,FIFO,,,
321,Borosil Renewables Ltd,BORORENEW,NSI,India Stocks,INR,132,470.25,87.26,2024-07-19 GMT+0530,12:30:00,,,Sell,FIFO,,,
322,Borosil Renewables Ltd,BORORENEW,NSI,India Stocks,INR,193,592.6,132.87,2024-12-10 GMT+0530,12:30:00,,,Buy,,,,
323,Borosil Renewables Ltd,BORORENEW,NSI,India Stocks,INR,7,582.95,5.23,2024-12-12 GMT+0530,12:30:00,,,Buy,,,,
324,Borosil Renewables Ltd,BORORENEW,NSI,India Stocks,INR,97,585,67.87,2025-01-16 GMT+0530,12:30:00,,,Buy,,,,
325,Borosil Renewables Ltd,BORORENEW,NSI,India Stocks,INR,44,472,0,2025-02-17 GMT+0530,20:54:00,,,Sell,FIFO,,,
326,Borosil Renewables Ltd,BORORENEW,NSI,India Stocks,INR,139,471,160.04,2025-02-17 GMT+0530,20:55:00,,,Sell,FIFO,,,
327,Borosil Renewables Ltd,BORORENEW,NSI,India Stocks,INR,32,473,0,2025-02-17 GMT+0530,20:55:00,,,Sell,FIFO,,,
328,Borosil Renewables Ltd,BORORENEW,NSI,India Stocks,INR,80,470.95,0,2025-02-17 GMT+0530,20:56:00,,,Sell,FIFO,,,
329,Borosil Renewables Ltd,BORORENEW,NSI,India Stocks,INR,2,472.45,0,2025-02-17 GMT+0530,20:56:00,,,Sell,FIFO,,,
330,Borosil Renewables Ltd,BORORENEW,NSI,India Stocks,INR,200,510.15,120.85,2025-03-21 GMT+0530,12:10:00,,,Buy,,,,
331,Borosil Renewables Ltd,BORORENEW,NSI,India Stocks,INR,60,487.75,0,2025-03-27 GMT+0530,11:44:00,,,Sell,FIFO,,,
332,Borosil Renewables Ltd,BORORENEW,NSI,India Stocks,INR,112,487.7,116.53,2025-03-27 GMT+0530,11:45:00,,,Sell,FIFO,,,
333,Borosil Renewables Ltd,BORORENEW,NSI,India Stocks,INR,0,487.8,0,2025-03-27 GMT+0530,11:46:00,,,Sell All,FIFO,,,
334,Borosil Renewables Ltd,BORORENEW,NSI,India Stocks,INR,26,487.65,0,2025-03-27 GMT+0530,11:46:00,,,Sell,FIFO,,,
335,Borosil Renewables Ltd,BORORENEW,NSI,India Stocks,INR,12,495.35,0,2026-02-03 GMT+0530,19:55:00,,,Buy,,,,
336,Borosil Renewables Ltd,BORORENEW,NSI,India Stocks,INR,89,495.4,0,2026-02-03 GMT+0530,19:56:00,,,Buy,,,,
337,Borosil Renewables Ltd,BORORENEW,NSI,India Stocks,INR,27,495.25,0,2026-02-03 GMT+0530,19:56:00,,,Buy,,,,
338,Borosil Renewables Ltd,BORORENEW,NSI,India Stocks,INR,98,495.45,133.15,2026-02-03 GMT+0530,19:56:00,,,Buy,,,,
339,Borosil Renewables Ltd,BORORENEW,NSI,India Stocks,INR,5,482,2.5,2026-02-23 GMT+0530,20:06:00,,,Buy,,,,
340,Borosil Renewables Ltd,BORORENEW,NSI,India Stocks,INR,7,408.25,0,2026-03-12 GMT+0530,14:34:00,,,Sell,FIFO,,,
341,Borosil Renewables Ltd,BORORENEW,NSI,India Stocks,INR,24,408.4,0,2026-03-12 GMT+0530,14:34:00,,,Sell,FIFO,,,
342,Borosil Renewables Ltd,BORORENEW,NSI,India Stocks,INR,189,408.2,113.93,2026-03-12 GMT+0530,14:34:00,,,Sell,FIFO,,,
343,Borosil Renewables Ltd,BORORENEW,NSI,India Stocks,INR,11,408.35,0,2026-03-12 GMT+0530,14:34:00,,,Sell,FIFO,,,
344,Borosil Renewables Ltd,BORORENEW,NSI,India Stocks,INR,41,477.45,0,2026-04-15 GMT+0530,20:10:00,,,Buy,,,,
345,Borosil Renewables Ltd,BORORENEW,NSI,India Stocks,INR,52,477.6,88.88,2026-04-15 GMT+0530,20:11:00,,,Buy,,,,
346,Borosil Renewables Ltd,BORORENEW,NSI,India Stocks,INR,31,477.55,0,2026-04-15 GMT+0530,20:11:00,,,Buy,,,,
347,Borosil Renewables Ltd,BORORENEW,NSI,India Stocks,INR,33,477.5,0,2026-04-15 GMT+0530,20:11:00,,,Buy,,,,
348,Borosil Renewables Ltd,BORORENEW,NSI,India Stocks,INR,68,517.05,48.91,2026-05-20 GMT+0530,19:35:00,,,Buy,,,,
349,Borosil Renewables Ltd,BORORENEW,NSI,India Stocks,INR,12,517.1,0,2026-05-20 GMT+0530,19:36:00,,,Buy,,,,
350,Borosil Renewables Ltd,BORORENEW,NSI,India Stocks,INR,14,514.7,8.48,2026-05-22 GMT+0530,14:08:00,,,Buy,,,,
351,Borosil Renewables Ltd,BORORENEW,NSI,India Stocks,INR,26,597.8,18.12,2026-06-22 GMT+0530,19:18:00,,,Buy,,,,
352,Borosil Renewables Ltd,BORORENEW,NSI,India Stocks,INR,14,593.2,9.62,2026-07-22 GMT+0530,21:13:00,,,Buy,,,,
353,Borosil Scientific Ltd,BOROSCI,NSI,India Stocks,INR,,,,,,,,,,,,
354,Borosil Scientific Ltd,BOROSCI,NSI,India Stocks,INR,5,254.79,0,2023-05-03 GMT+0530,12:30:00,,,Buy,,,,
355,Borosil Scientific Ltd,BOROSCI,NSI,India Stocks,INR,1,249.14,0,2023-05-12 GMT+0530,12:30:00,,,Buy,,,,
356,Borosil Scientific Ltd,BOROSCI,NSI,India Stocks,INR,3,247.26,0,2023-05-12 GMT+0530,12:30:00,,,Buy,,,,
357,Borosil Scientific Ltd,BOROSCI,NSI,India Stocks,INR,3,268.21,0,2023-06-12 GMT+0530,12:30:00,,,Buy,,,,
358,Borosil Scientific Ltd,BOROSCI,NSI,India Stocks,INR,5,256.65,0,2023-07-13 GMT+0530,12:30:00,,,Buy,,,,
359,Borosil Scientific Ltd,BOROSCI,NSI,India Stocks,INR,4,256.59,0,2023-07-13 GMT+0530,12:30:00,,,Buy,,,,
360,Borosil Scientific Ltd,BOROSCI,NSI,India Stocks,INR,1,271.67,0,2023-08-14 GMT+0530,12:30:00,,,Buy,,,,
361,Borosil Scientific Ltd,BOROSCI,NSI,India Stocks,INR,1,273.57,0,2023-08-14 GMT+0530,12:30:00,,,Buy,,,,
362,Borosil Scientific Ltd,BOROSCI,NSI,India Stocks,INR,2,274.41,0,2023-08-14 GMT+0530,12:30:00,,,Buy,,,,
363,Borosil Scientific Ltd,BOROSCI,NSI,India Stocks,INR,1,261.06,0,2023-08-14 GMT+0530,12:30:00,,,Buy,,,,
364,Borosil Scientific Ltd,BOROSCI,NSI,India Stocks,INR,2,270.41,0,2023-08-17 GMT+0530,12:30:00,,,Buy,,,,
365,Borosil Scientific Ltd,BOROSCI,NSI,India Stocks,INR,2,270.38,0,2023-08-17 GMT+0530,12:30:00,,,Buy,,,,
366,Borosil Scientific Ltd,BOROSCI,NSI,India Stocks,INR,6,253.64,0,2023-09-12 GMT+0530,12:30:00,,,Buy,,,,
367,Borosil Scientific Ltd,BOROSCI,NSI,India Stocks,INR,2,247.32,0,2023-10-12 GMT+0530,12:30:00,,,Buy,,,,
368,Borosil Scientific Ltd,BOROSCI,NSI,India Stocks,INR,1,264.95,0,2023-10-12 GMT+0530,12:30:00,,,Buy,,,,
369,Borosil Scientific Ltd,BOROSCI,NSI,India Stocks,INR,39,172,22.3,2024-10-25 GMT+0530,12:30:00,,,Sell,FIFO,,,
370,Bse Limited,BSE,NSI,India Stocks,INR,,,,,,,,,,,,
371,Bse Limited,BSE,NSI,India Stocks,INR,2,5368.85,13.14,2024-12-09 GMT+0530,12:30:00,,,Buy,,,,
372,Bse Limited,BSE,NSI,India Stocks,INR,1,5636.65,6.85,2024-12-12 GMT+0530,12:30:00,,,Buy,,,,
373,Bse Limited,BSE,NSI,India Stocks,INR,1,5351.65,6.55,2025-02-12 GMT+0530,11:43:00,,,Buy,,,,
374,Bse Limited,BSE,NSI,India Stocks,INR,0,5165,36.77,2025-02-17 GMT+0530,21:02:00,,,Sell All,FIFO,,,
375,Bse Limited,BSE,NSI,India Stocks,INR,12,2700.9,38.62,2025-06-02 GMT+0530,17:20:00,,,Buy,,,,
376,Bse Limited,BSE,NSI,India Stocks,INR,2,2772,6.75,2025-06-30 GMT+0530,12:06:00,,,Buy,,,,
377,Bse Limited,BSE,NSI,India Stocks,INR,3,2443.9,8.61,2025-07-29 GMT+0530,17:24:00,,,Buy,,,,
378,Bse Limited,BSE,NSI,India Stocks,INR,2,2126.5,5.41,2025-08-29 GMT+0530,14:51:00,,,Buy,,,,
379,Bse Limited,BSE,NSI,India Stocks,INR,4,2090.7,9.68,2025-09-29 GMT+0530,13:43:00,,,Buy,,,,
380,Bse Limited,BSE,NSI,India Stocks,INR,1,2439.5,2.9,2025-10-29 GMT+0530,18:47:00,,,Buy,,,,
381,Bse Limited,BSE,NSI,India Stocks,INR,1,3559.1,19.03,2026-07-20 GMT+0530,23:44:00,,,Sell,FIFO,,,
382,C.e. Info Systems Limited,MAPMYINDIA,NSI,India Stocks,INR,,,,,,,,,,,,
383,C.e. Info Systems Limited,MAPMYINDIA,NSI,India Stocks,INR,5,1915,0,2023-10-23 GMT+0530,12:30:00,,,Buy,,,,
384,C.e. Info Systems Limited,MAPMYINDIA,NSI,India Stocks,INR,1,2136.75,0,2023-11-13 GMT+0530,12:30:00,,,Buy,,,,
385,C.e. Info Systems Limited,MAPMYINDIA,NSI,India Stocks,INR,2,2249.7,0,2023-12-01 GMT+0530,12:30:00,,,Buy,,,,
386,C.e. Info Systems Limited,MAPMYINDIA,NSI,India Stocks,INR,2,2173.75,0,2023-12-12 GMT+0530,12:30:00,,,Buy,,,,
387,C.e. Info Systems Limited,MAPMYINDIA,NSI,India Stocks,INR,2,2023.7,0,2024-01-12 GMT+0530,12:30:00,,,Buy,,,,
388,C.e. Info Systems Limited,MAPMYINDIA,NSI,India Stocks,INR,12,1856.05,0,2024-02-01 GMT+0530,12:30:00,,,Sell,FIFO,,,
389,Canara Bank,CANBK,NSI,India Stocks,INR,,,,,,,,,,,,
390,Canara Bank,CANBK,NSI,India Stocks,INR,50,109.49,6.68,2024-12-09 GMT+0530,12:30:00,,,Buy,,,,
391,Canara Bank,CANBK,NSI,India Stocks,INR,19,108.1,2.13,2024-12-12 GMT+0530,12:30:00,,,Buy,,,,
392,Canara Bank,CANBK,NSI,India Stocks,INR,26,90.48,2.44,2025-01-13 GMT+0530,12:30:00,,,Buy,,,,
393,Canara Bank,CANBK,NSI,India Stocks,INR,22,90.95,2.08,2025-02-12 GMT+0530,11:46:00,,,Buy,,,,
394,Canara Bank,CANBK,NSI,India Stocks,INR,15,83.14,1.29,2025-03-12 GMT+0530,12:32:00,,,Buy,,,,
395,Canara Bank,CANBK,NSI,India Stocks,INR,26,100.24,2.7,2025-04-29 GMT+0530,12:01:00,,,Buy,,,,
396,Canara Bank,CANBK,NSI,India Stocks,INR,15,110.62,1.72,2025-05-29 GMT+0530,11:22:00,,,Buy,,,,
397,Canara Bank,CANBK,NSI,India Stocks,INR,692,115.25,0,2025-06-13 GMT+0530,12:51:00,,,Dividend,FIFO,,,
398,Canara Bank,CANBK,NSI,India Stocks,INR,24,114.05,2.84,2025-06-30 GMT+0530,12:07:00,,,Buy,,,,
399,Canara Bank,CANBK,NSI,India Stocks,INR,21,110.65,2.41,2025-07-29 GMT+0530,17:25:00,,,Buy,,,,
400,Canara Bank,CANBK,NSI,India Stocks,INR,0,105.09,39.11,2025-08-29 GMT+0530,14:53:00,,,Sell All,FIFO,,,
401,Caplin Point Lab Ltd.,CAPLIPOINT,NSI,India Stocks,INR,,,,,,,,,,,,
402,Caplin Point Lab Ltd.,CAPLIPOINT,NSI,India Stocks,INR,12,744,0,2022-10-24 GMT+0530,12:30:00,,,Buy,,,,
403,Caplin Point Lab Ltd.,CAPLIPOINT,NSI,India Stocks,INR,1,736.95,0,2022-11-02 GMT+0530,12:30:00,,,Buy,,,,
404,Caplin Point Lab Ltd.,CAPLIPOINT,NSI,India Stocks,INR,5,657.45,0,2023-03-13 GMT+0530,12:30:00,,,Buy,,,,
405,Caplin Point Lab Ltd.,CAPLIPOINT,NSI,India Stocks,INR,9,657.5,0,2023-03-13 GMT+0530,12:30:00,,,Buy,,,,
406,Caplin Point Lab Ltd.,CAPLIPOINT,NSI,India Stocks,INR,54,0,0,2023-06-09 GMT+0530,12:30:00,,,Dividend,FIFO,,,
407,Caplin Point Lab Ltd.,CAPLIPOINT,NSI,India Stocks,INR,67.5,0,0,2023-09-14 GMT+0530,12:30:00,,,Dividend,FIFO,,,
408,Caplin Point Lab Ltd.,CAPLIPOINT,NSI,India Stocks,INR,67.5,0,0,2024-05-31 GMT+0530,12:30:00,,,Dividend,FIFO,,,
409,Caplin Point Lab Ltd.,CAPLIPOINT,NSI,India Stocks,INR,67.5,0,0,2024-09-23 GMT+0530,12:30:00,,,Dividend,FIFO,,,
410,Caplin Point Lab Ltd.,CAPLIPOINT,NSI,India Stocks,INR,0,1750.05,64.74,2025-03-03 GMT+0530,18:10:00,,,Sell All,FIFO,,,
411,Caplin Point Lab Ltd.,CAPLIPOINT,NSI,India Stocks,INR,7,1750,0,2025-03-03 GMT+0530,18:10:00,,,Sell,FIFO,,,
412,Caplin Point Lab Ltd.,CAPLIPOINT,NSI,India Stocks,INR,27,1967.25,63.1,2025-03-21 GMT+0530,12:11:00,,,Buy,,,,
413,Caplin Point Lab Ltd.,CAPLIPOINT,NSI,India Stocks,INR,81,2051.1,0,2025-05-30 GMT+0530,21:10:00,,,Dividend,FIFO,,,
414,Caplin Point Lab Ltd.,CAPLIPOINT,NSI,India Stocks,INR,81,1966.1,0,2025-09-12 GMT+0530,00:09:00,,,Dividend,FIFO,,,
415,Caplin Point Lab Ltd.,CAPLIPOINT,NSI,India Stocks,INR,1,1984.5,0,2025-10-20 GMT+0530,18:32:00,,,Sell,FIFO,,,
416,Caplin Point Lab Ltd.,CAPLIPOINT,NSI,India Stocks,INR,1,1984.6,0,2025-10-20 GMT+0530,18:33:00,,,Sell,FIFO,,,
417,Caplin Point Lab Ltd.,CAPLIPOINT,NSI,India Stocks,INR,0,1984.3,70.92,2025-10-20 GMT+0530,18:34:00,,,Sell All,FIFO,,,
418,Carysil Limited,CARYSIL,NSI,India Stocks,INR,,,,,,,,,,,,
419,Carysil Limited,CARYSIL,NSI,India Stocks,INR,9,531.65,0,2023-03-13 GMT+0530,12:30:00,,,Buy,,,,
420,Carysil Limited,CARYSIL,NSI,India Stocks,INR,13,531.6,0,2023-03-13 GMT+0530,12:30:00,,,Buy,,,,
421,Carysil Limited,CARYSIL,NSI,India Stocks,INR,5,531.5,0,2023-03-13 GMT+0530,12:30:00,,,Buy,,,,
422,Carysil Limited,CARYSIL,NSI,India Stocks,INR,1,531.45,0,2023-03-13 GMT+0530,12:30:00,,,Buy,,,,
423,Carysil Limited,CARYSIL,NSI,India Stocks,INR,56,0,0,2023-09-21 GMT+0530,12:30:00,,,Dividend,FIFO,,,
424,Carysil Limited,CARYSIL,NSI,India Stocks,INR,28,784.05,38.18,2024-07-16 GMT+0530,12:30:00,,,Sell,FIFO,,,
425,Carysil Limited,CARYSIL,NSI,India Stocks,INR,1,906.25,0,2025-10-20 GMT+0530,18:36:00,,,Buy,,,,
426,Carysil Limited,CARYSIL,NSI,India Stocks,INR,11,906.35,15.16,2025-10-20 GMT+0530,18:38:00,,,Buy,,,,
427,Carysil Limited,CARYSIL,NSI,India Stocks,INR,2,906.3,0,2025-10-20 GMT+0530,18:38:00,,,Buy,,,,
428,Carysil Limited,CARYSIL,NSI,India Stocks,INR,1,910.9,1.08,2025-10-29 GMT+0530,18:48:00,,,Buy,,,,
429,Carysil Limited,CARYSIL,NSI,India Stocks,INR,15,946.3,30.07,2025-11-25 GMT+0530,14:49:00,,,Sell,FIFO,,,
430,Centum Electronics Ltd,CENTUM,NSI,India Stocks,INR,,,,,,,,,,,,
431,Centum Electronics Ltd,CENTUM,NSI,India Stocks,INR,1,800.6,0,2023-05-03 GMT+0530,12:30:00,,,Buy,,,,
432,Centum Electronics Ltd,CENTUM,NSI,India Stocks,INR,2,800.4,0,2023-05-03 GMT+0530,12:30:00,,,Buy,,,,
433,Centum Electronics Ltd,CENTUM,NSI,India Stocks,INR,1,811.4,0,2023-05-12 GMT+0530,12:30:00,,,Buy,,,,
434,Centum Electronics Ltd,CENTUM,NSI,India Stocks,INR,1,1408.85,0,2023-07-13 GMT+0530,12:30:00,,,Buy,,,,
435,Centum Electronics Ltd,CENTUM,NSI,India Stocks,INR,1,1408.2,0,2023-07-13 GMT+0530,12:30:00,,,Buy,,,,
436,Centum Electronics Ltd,CENTUM,NSI,India Stocks,INR,1,1404,0,2023-07-13 GMT+0530,12:30:00,,,Buy,,,,
437,Centum Electronics Ltd,CENTUM,NSI,India Stocks,INR,28,0,0,2023-08-02 GMT+0530,12:30:00,,,Dividend,FIFO,,,
438,Centum Electronics Ltd,CENTUM,NSI,India Stocks,INR,1,1311.9,0,2023-08-14 GMT+0530,12:30:00,,,Buy,,,,
439,Centum Electronics Ltd,CENTUM,NSI,India Stocks,INR,1,1317.95,0,2023-08-14 GMT+0530,12:30:00,,,Buy,,,,
440,Centum Electronics Ltd,CENTUM,NSI,India Stocks,INR,5,1457.9,0,2023-10-12 GMT+0530,12:30:00,,,Buy,,,,
441,Centum Electronics Ltd,CENTUM,NSI,India Stocks,INR,42,0,0,2024-02-20 GMT+0530,12:30:00,,,Dividend,FIFO,,,
442,Centum Electronics Ltd,CENTUM,NSI,India Stocks,INR,14,1617.55,39.38,2024-07-18 GMT+0530,12:30:00,,,Sell,FIFO,,,
443,Cesc Ltd,CESC,NSI,India Stocks,INR,,,,,,,,,,,,
444,Cesc Ltd,CESC,NSI,India Stocks,INR,137,78.65,0,2022-10-24 GMT+0530,12:30:00,,,Buy,,,,
445,Cesc Ltd,CESC,NSI,India Stocks,INR,8,77,0,2022-11-02 GMT+0530,12:30:00,,,Buy,,,,
446,Cesc Ltd,CESC,NSI,India Stocks,INR,5,74.8,0,2022-12-01 GMT+0530,12:30:00,,,Buy,,,,
447,Cesc Ltd,CESC,NSI,India Stocks,INR,6,75.3,0,2023-01-12 GMT+0530,12:30:00,,,Buy,,,,
448,Cesc Ltd,CESC,NSI,India Stocks,INR,702,0,0,2023-02-24 GMT+0530,12:30:00,,,Dividend,FIFO,,,
449,Cesc Ltd,CESC,NSI,India Stocks,INR,7,70.3,0,2023-03-13 GMT+0530,12:30:00,,,Buy,,,,
450,Cesc Ltd,CESC,NSI,India Stocks,INR,15,68.85,0,2023-04-12 GMT+0530,12:30:00,,,Buy,,,,
451,Cesc Ltd,CESC,NSI,India Stocks,INR,801,0,0,2024-02-01 GMT+0530,12:30:00,,,Dividend,FIFO,,,
452,Cesc Ltd,CESC,NSI,India Stocks,INR,38,140.05,0,2024-02-01 GMT+0530,12:30:00,,,Buy,,,,
453,Cesc Ltd,CESC,NSI,India Stocks,INR,6,128.45,0,2024-02-12 GMT+0530,12:30:00,,,Buy,,,,
454,Cesc Ltd,CESC,NSI,India Stocks,INR,3,118.65,0,2024-03-12 GMT+0530,12:30:00,,,Buy,,,,
455,Cesc Ltd,CESC,NSI,India Stocks,INR,47,125.25,0,2024-04-01 GMT+0530,12:30:00,,,Sell,FIFO,,,
456,Cesc Ltd,CESC,NSI,India Stocks,INR,801,141.54,0,2025-01-16 GMT+0530,16:43:00,,,Dividend,FIFO,,,
457,Cesc Ltd,CESC,NSI,India Stocks,INR,1068,174.75,0,2025-10-27 GMT+0530,21:10:00,,,Dividend,FIFO,,,
458,Cesc Ltd,CESC,NSI,India Stocks,INR,100,182.21,21.62,2025-10-29 GMT+0530,18:51:00,,,Buy,,,,
459,Cesc Ltd,CESC,NSI,India Stocks,INR,11,166.82,0,2026-06-11 GMT+0530,18:58:00,,,Sell,FIFO,,,
460,Cesc Ltd,CESC,NSI,India Stocks,INR,3,166.81,0,2026-06-11 GMT+0530,18:58:00,,,Sell,FIFO,,,
461,Cesc Ltd,CESC,NSI,India Stocks,INR,54,166.84,0,2026-06-11 GMT+0530,18:59:00,,,Sell,FIFO,,,
462,Cesc Ltd,CESC,NSI,India Stocks,INR,210,166.83,63.45,2026-06-11 GMT+0530,18:59:00,,,Sell,FIFO,,,
463,Chalet Hotels Limited,CHALET,NSI,India Stocks,INR,,,,,,,,,,,,
464,Chalet Hotels Limited,CHALET,NSI,India Stocks,INR,5,571.3,0,2023-11-02 GMT+0530,12:30:00,,,Buy,,,,
465,Chalet Hotels Limited,CHALET,NSI,India Stocks,INR,1,582.65,0,2023-11-13 GMT+0530,12:30:00,,,Buy,,,,
466,Chalet Hotels Limited,CHALET,NSI,India Stocks,INR,6,580.1,0,2023-12-01 GMT+0530,12:30:00,,,Sell,FIFO,,,
467,Cie Automotive India Ltd,CIEINDIA,NSI,India Stocks,INR,,,,,,,,,,,,
468,Cie Automotive India Ltd,CIEINDIA,NSI,India Stocks,INR,32,315,0,2022-10-24 GMT+0530,12:30:00,,,Buy,,,,
469,Cie Automotive India Ltd,CIEINDIA,NSI,India Stocks,INR,2,301.9,0,2022-11-02 GMT+0530,12:30:00,,,Buy,,,,
470,Cie Automotive India Ltd,CIEINDIA,NSI,India Stocks,INR,1,289.7,0,2022-12-01 GMT+0530,12:30:00,,,Buy,,,,
471,Cie Automotive India Ltd,CIEINDIA,NSI,India Stocks,INR,1,372.2,0,2023-04-12 GMT+0530,12:30:00,,,Buy,,,,
472,Cie Automotive India Ltd,CIEINDIA,NSI,India Stocks,INR,90,0,0,2023-06-02 GMT+0530,12:30:00,,,Dividend,FIFO,,,
473,Cie Automotive India Ltd,CIEINDIA,NSI,India Stocks,INR,36,450,0,2023-10-23 GMT+0530,12:30:00,,,Sell,FIFO,,,
474,Coal India Ltd,COALINDIA,NSI,India Stocks,INR,,,,,,,,,,,,
475,Coal India Ltd,COALINDIA,NSI,India Stocks,INR,46,346.6,0,2023-11-13 GMT+0530,12:30:00,,,Buy,,,,
476,Coal India Ltd,COALINDIA,NSI,India Stocks,INR,702,0,0,2023-11-21 GMT+0530,12:30:00,,,Dividend,FIFO,,,
477,Coal India Ltd,COALINDIA,NSI,India Stocks,INR,9,349.55,0,2023-12-12 GMT+0530,12:30:00,,,Buy,,,,
478,Coal India Ltd,COALINDIA,NSI,India Stocks,INR,30,394.75,0,2024-01-02 GMT+0530,12:30:00,,,Buy,,,,
479,Coal India Ltd,COALINDIA,NSI,India Stocks,INR,7,380,0,2024-01-12 GMT+0530,12:30:00,,,Buy,,,,
480,Coal India Ltd,COALINDIA,NSI,India Stocks,INR,10,380.3,0,2024-01-12 GMT+0530,12:30:00,,,Buy,,,,
481,Coal India Ltd,COALINDIA,NSI,India Stocks,INR,6,435.25,0,2024-02-12 GMT+0530,12:30:00,,,Buy,,,,
482,Coal India Ltd,COALINDIA,NSI,India Stocks,INR,567,0,0,2024-02-20 GMT+0530,12:30:00,,,Dividend,FIFO,,,
483,Coal India Ltd,COALINDIA,NSI,India Stocks,INR,7,458.45,0,2024-03-05 GMT+0530,12:30:00,,,Buy,,,,
484,Coal India Ltd,COALINDIA,NSI,India Stocks,INR,7,449.8,0,2024-03-12 GMT+0530,12:30:00,,,Buy,,,,
485,Coal India Ltd,COALINDIA,NSI,India Stocks,INR,3,449.75,0,2024-03-12 GMT+0530,12:30:00,,,Buy,,,,
486,Coal India Ltd,COALINDIA,NSI,India Stocks,INR,10,460.3,0,2024-04-12 GMT+0530,12:30:00,,,Buy,,,,
487,Coal India Ltd,COALINDIA,NSI,India Stocks,INR,1,459.95,0,2024-04-12 GMT+0530,12:30:00,,,Buy,,,,
488,Coal India Ltd,COALINDIA,NSI,India Stocks,INR,2,460,0,2024-04-12 GMT+0530,12:30:00,,,Buy,,,,
489,Coal India Ltd,COALINDIA,NSI,India Stocks,INR,7,444,0,2024-04-23 GMT+0530,12:30:00,,,Buy,,,,
490,Coal India Ltd,COALINDIA,NSI,India Stocks,INR,2,442.5,0,2024-05-13 GMT+0530,12:30:00,,,Buy,,,,
491,Coal India Ltd,COALINDIA,NSI,India Stocks,INR,1,442.65,0,2024-05-13 GMT+0530,12:30:00,,,Buy,,,,
492,Coal India Ltd,COALINDIA,NSI,India Stocks,INR,8,442.75,0,2024-05-13 GMT+0530,12:30:00,,,Buy,,,,
493,Coal India Ltd,COALINDIA,NSI,India Stocks,INR,6,492,3.15,2024-06-12 GMT+0530,12:30:00,,,Buy,,,,
494,Coal India Ltd,COALINDIA,NSI,India Stocks,INR,2,493,1.11,2024-06-12 GMT+0530,12:30:00,,,Buy,,,,
495,Coal India Ltd,COALINDIA,NSI,India Stocks,INR,6,503.65,3.14,2024-07-12 GMT+0530,12:30:00,,,Buy,,,,
496,Coal India Ltd,COALINDIA,NSI,India Stocks,INR,6,503.4,3.14,2024-07-12 GMT+0530,12:30:00,,,Buy,,,,
497,Coal India Ltd,COALINDIA,NSI,India Stocks,INR,7,525.25,4.83,2024-08-12 GMT+0530,12:30:00,,,Buy,,,,
498,Coal India Ltd,COALINDIA,NSI,India Stocks,INR,915,0,0,2024-08-16 GMT+0530,12:30:00,,,Dividend,FIFO,,,
499,Coal India Ltd,COALINDIA,NSI,India Stocks,INR,12,483.55,7.04,2024-09-12 GMT+0530,12:30:00,,,Buy,,,,
500,Coal India Ltd,COALINDIA,NSI,India Stocks,INR,3071,0,0,2024-11-05 GMT+0530,12:30:00,,,Dividend,FIFO,,,
501,Coal India Ltd,COALINDIA,NSI,India Stocks,INR,11,413.4,5.72,2024-11-12 GMT+0530,12:30:00,,,Buy,,,,
502,Coal India Ltd,COALINDIA,NSI,India Stocks,INR,13,418.6,6.65,2024-12-09 GMT+0530,12:30:00,,,Buy,,,,
503,Coal India Ltd,COALINDIA,NSI,India Stocks,INR,5,411,2.13,2024-12-12 GMT+0530,12:30:00,,,Buy,,,,
504,Coal India Ltd,COALINDIA,NSI,India Stocks,INR,5,367.1,1.9,2025-01-13 GMT+0530,12:30:00,,,Buy,,,,
505,Coal India Ltd,COALINDIA,NSI,India Stocks,INR,1282,361.1,0,2025-01-31 GMT+0530,17:19:00,,,Dividend,FIFO,,,
506,Coal India Ltd,COALINDIA,NSI,India Stocks,INR,5,360.7,1.87,2025-02-12 GMT+0530,11:46:00,,,Buy,,,,
507,Coal India Ltd,COALINDIA,NSI,India Stocks,INR,105,357.35,102.08,2025-02-17 GMT+0530,21:04:00,,,Sell,FIFO,,,
508,Coal India Ltd,COALINDIA,NSI,India Stocks,INR,122,357.3,0,2025-02-17 GMT+0530,21:04:00,,,Sell,FIFO,,,
509,Coal India Ltd,COALINDIA,NSI,India Stocks,INR,0,357.4,0,2025-02-17 GMT+0530,21:05:00,,,Sell All,FIFO,,,
510,Coal India Ltd,COALINDIA,NSI,India Stocks,INR,27,378.15,12.59,2025-03-12 GMT+0530,12:33:00,,,Buy,,,,
511,Coal India Ltd,COALINDIA,NSI,India Stocks,INR,8,396.25,3.29,2025-04-29 GMT+0530,12:02:00,,,Buy,,,,
512,Coal India Ltd,COALINDIA,NSI,India Stocks,INR,7,399.85,2.9,2025-05-29 GMT+0530,11:23:00,,,Buy,,,,
513,Coal India Ltd,COALINDIA,NSI,India Stocks,INR,7,392.75,3.26,2025-06-30 GMT+0530,12:09:00,,,Buy,,,,
514,Coal India Ltd,COALINDIA,NSI,India Stocks,INR,1,392.7,0,2025-06-30 GMT+0530,12:09:00,,,Buy,,,,
515,Coal India Ltd,COALINDIA,NSI,India Stocks,INR,5,378.5,1.96,2025-07-29 GMT+0530,17:27:00,,,Buy,,,,
516,Coal India Ltd,COALINDIA,NSI,India Stocks,INR,303,380,0,2025-08-06 GMT+0530,18:45:00,,,Dividend,FIFO,,,
517,Coal India Ltd,COALINDIA,NSI,India Stocks,INR,283,394.7,0,2025-08-21 GMT+0530,19:49:00,,,Dividend,FIFO,,,
518,Coal India Ltd,COALINDIA,NSI,India Stocks,INR,0,377.35,36.87,2025-08-29 GMT+0530,14:55:00,,,Sell All,FIFO,,,
519,Cochin Shipyard Limited,COCHINSHIP,NSI,India Stocks,INR,,,,,,,,,,,,
520,Cochin Shipyard Limited,COCHINSHIP,NSI,India Stocks,INR,20,677,0,2024-01-02 GMT+0530,12:30:00,,,Buy,,,,
521,Cochin Shipyard Limited,COCHINSHIP,NSI,India Stocks,INR,2,755.25,0,2024-01-12 GMT+0530,12:30:00,,,Buy,,,,
522,Cochin Shipyard Limited,COCHINSHIP,NSI,India Stocks,INR,77,0,0,2024-02-12 GMT+0530,12:30:00,,,Dividend,FIFO,,,
523,Cochin Shipyard Limited,COCHINSHIP,NSI,India Stocks,INR,4,829.15,0,2024-02-12 GMT+0530,12:30:00,,,Buy,,,,
524,Cochin Shipyard Limited,COCHINSHIP,NSI,India Stocks,INR,2,819.65,0,2024-03-12 GMT+0530,12:30:00,,,Buy,,,,
525,Cochin Shipyard Limited,COCHINSHIP,NSI,India Stocks,INR,3,1182.95,0,2024-05-13 GMT+0530,12:30:00,,,Buy,,,,
526,Cochin Shipyard Limited,COCHINSHIP,NSI,India Stocks,INR,3,1910.9,7.04,2024-06-12 GMT+0530,12:30:00,,,Buy,,,,
527,Cochin Shipyard Limited,COCHINSHIP,NSI,India Stocks,INR,76.5,0,0,2024-09-23 GMT+0530,12:30:00,,,Dividend,FIFO,,,
528,Cochin Shipyard Limited,COCHINSHIP,NSI,India Stocks,INR,136,0,0,2024-11-19 GMT+0530,12:30:00,,,Dividend,FIFO,,,
529,Cochin Shipyard Limited,COCHINSHIP,NSI,India Stocks,INR,119,1288.2,0,2025-02-12 GMT+0530,08:54:00,,,Dividend,FIFO,,,
530,Cochin Shipyard Limited,COCHINSHIP,NSI,India Stocks,INR,2,1252.5,0,2025-03-03 GMT+0530,18:11:00,,,Sell,FIFO,,,
531,Cochin Shipyard Limited,COCHINSHIP,NSI,India Stocks,INR,9,1252.75,0,2025-03-03 GMT+0530,18:12:00,,,Sell,FIFO,,,
532,Cochin Shipyard Limited,COCHINSHIP,NSI,India Stocks,INR,4,1252.7,0,2025-03-03 GMT+0530,18:12:00,,,Sell,FIFO,,,
533,Cochin Shipyard Limited,COCHINSHIP,NSI,India Stocks,INR,4,1252.6,0,2025-03-03 GMT+0530,18:12:00,,,Sell,FIFO,,,
534,Cochin Shipyard Limited,COCHINSHIP,NSI,India Stocks,INR,0,1252.8,59.53,2025-03-03 GMT+0530,18:13:00,,,Sell All,FIFO,,,
535,Cochin Shipyard Limited,COCHINSHIP,NSI,India Stocks,INR,34,1445.1,57.97,2025-03-21 GMT+0530,12:12:00,,,Buy,,,,
536,Cochin Shipyard Limited,COCHINSHIP,NSI,India Stocks,INR,0,1741,76.75,2025-08-01 GMT+0530,18:26:00,,,Sell All,FIFO,,,
537,Coforge Limited,COFORGE,NSI,India Stocks,INR,,,,,,,,,,,,
538,Coforge Limited,COFORGE,NSI,India Stocks,INR,1,8942,10.28,2024-12-09 GMT+0530,12:30:00,,,Buy,,,,
539,Coforge Limited,COFORGE,NSI,India Stocks,INR,1,9223.3,16.29,2024-12-12 GMT+0530,12:30:00,,,Buy,,,,
540,Coforge Limited,COFORGE,NSI,India Stocks,INR,38,7875.45,0,2025-01-30 GMT+0530,19:41:00,,,Dividend,FIFO,,,
541,Coforge Limited,COFORGE,NSI,India Stocks,INR,1,8098.75,9.4,2025-02-12 GMT+0530,11:49:00,,,Buy,,,,
542,Coforge Limited,COFORGE,NSI,India Stocks,INR,0,7650.95,39.15,2025-02-17 GMT+0530,21:10:00,,,Sell All,FIFO,,,
543,Colgate Palmolive Ltd.,COLPAL,NSI,India Stocks,INR,,,,,,,,,,,,
544,Colgate Palmolive Ltd.,COLPAL,NSI,India Stocks,INR,8,2249,0,2023-12-01 GMT+0530,12:30:00,,,Buy,,,,
545,Colgate Palmolive Ltd.,COLPAL,NSI,India Stocks,INR,1,2321.65,0,2023-12-12 GMT+0530,12:30:00,,,Buy,,,,
546,Colgate Palmolive Ltd.,COLPAL,NSI,India Stocks,INR,9,2498.85,0,2024-01-02 GMT+0530,12:30:00,,,Sell,FIFO,,,
547,Colgate Palmolive Ltd.,COLPAL,NSI,India Stocks,INR,12,2710.65,0,2024-04-01 GMT+0530,12:30:00,,,Buy,,,,
548,Colgate Palmolive Ltd.,COLPAL,NSI,India Stocks,INR,2,2687.75,0,2024-04-12 GMT+0530,12:30:00,,,Buy,,,,
549,Colgate Palmolive Ltd.,COLPAL,NSI,India Stocks,INR,14,2783.3,0,2024-05-03 GMT+0530,12:30:00,,,Sell,FIFO,,,
550,Control Print Limited,CONTROLPR,NSI,India Stocks,INR,,,,,,,,,,,,
551,Control Print Limited,CONTROLPR,NSI,India Stocks,INR,2,572.95,0,2023-05-03 GMT+0530,12:30:00,,,Buy,,,,
552,Control Print Limited,CONTROLPR,NSI,India Stocks,INR,1,613.05,0,2023-05-12 GMT+0530,12:30:00,,,Buy,,,,
553,Control Print Limited,CONTROLPR,NSI,India Stocks,INR,2,641.95,0,2023-06-12 GMT+0530,12:30:00,,,Buy,,,,
554,Control Print Limited,CONTROLPR,NSI,India Stocks,INR,2,645.85,0,2023-07-13 GMT+0530,12:30:00,,,Buy,,,,
555,Control Print Limited,CONTROLPR,NSI,India Stocks,INR,1,645.35,0,2023-07-13 GMT+0530,12:30:00,,,Buy,,,,
556,Control Print Limited,CONTROLPR,NSI,India Stocks,INR,40,0,0,2023-07-14 GMT+0530,12:30:00,,,Dividend,FIFO,,,
557,Control Print Limited,CONTROLPR,NSI,India Stocks,INR,1,729.45,0,2023-08-14 GMT+0530,12:30:00,,,Buy,,,,
558,Control Print Limited,CONTROLPR,NSI,India Stocks,INR,8,764,0,2023-08-17 GMT+0530,12:30:00,,,Buy,,,,
559,Control Print Limited,CONTROLPR,NSI,India Stocks,INR,2,779.85,0,2023-09-12 GMT+0530,12:30:00,,,Buy,,,,
560,Control Print Limited,CONTROLPR,NSI,India Stocks,INR,1,803.75,0,2023-10-12 GMT+0530,12:30:00,,,Buy,,,,
561,Control Print Limited,CONTROLPR,NSI,India Stocks,INR,80,0,0,2024-02-02 GMT+0530,12:30:00,,,Dividend,FIFO,,,
562,Control Print Limited,CONTROLPR,NSI,India Stocks,INR,20,814.4,32.29,2024-07-15 GMT+0530,12:30:00,,,Sell,FIFO,,,
563,Coromandel Interntl. Ltd,COROMANDEL,NSI,India Stocks,INR,,,,,,,,,,,,
564,Coromandel Interntl. Ltd,COROMANDEL,NSI,India Stocks,INR,3,998.9,0,2022-10-24 GMT+0530,12:30:00,,,Buy,,,,
565,Coromandel Interntl. Ltd,COROMANDEL,NSI,India Stocks,INR,1,984.3,0,2022-11-02 GMT+0530,12:30:00,,,Buy,,,,
566,Coromandel Interntl. Ltd,COROMANDEL,NSI,India Stocks,INR,1,932.5,0,2022-11-11 GMT+0530,12:30:00,,,Sell,FIFO,,,
567,Coromandel Interntl. Ltd,COROMANDEL,NSI,India Stocks,INR,3,932.45,0,2022-11-11 GMT+0530,12:30:00,,,Sell,FIFO,,,
568,Cummins India Ltd,CUMMINSIND,NSI,India Stocks,INR,,,,,,,,,,,,
569,Cummins India Ltd,CUMMINSIND,NSI,India Stocks,INR,12,3016.1,0,2024-04-01 GMT+0530,12:30:00,,,Buy,,,,
570,Cummins India Ltd,CUMMINSIND,NSI,India Stocks,INR,1,3063.95,0,2024-04-12 GMT+0530,12:30:00,,,Buy,,,,
571,Cummins India Ltd,CUMMINSIND,NSI,India Stocks,INR,2,3400.95,0,2024-05-03 GMT+0530,12:30:00,,,Sell,FIFO,,,
572,Cummins India Ltd,CUMMINSIND,NSI,India Stocks,INR,11,3400.6,0,2024-05-03 GMT+0530,12:30:00,,,Sell,FIFO,,,
573,Cummins India Ltd,CUMMINSIND,NSI,India Stocks,INR,14,4386.8,72.71,2025-11-03 GMT+0530,18:21:00,,,Buy,,,,
574,Cummins India Ltd,CUMMINSIND,NSI,India Stocks,INR,1,4299,5.46,2025-11-17 GMT+0530,11:10:00,,,Buy,,,,
575,Cummins India Ltd,CUMMINSIND,NSI,India Stocks,INR,300,0,0,2026-02-11 GMT+0530,20:53:00,,,Dividend,FIFO,,,
576,Cyient Limited,CYIENT,NSI,India Stocks,INR,,,,,,,,,,,,
577,Cyient Limited,CYIENT,NSI,India Stocks,INR,12,1619.6,0,2023-10-23 GMT+0530,12:30:00,,,Buy,,,,
578,Cyient Limited,CYIENT,NSI,India Stocks,INR,4,1662.85,0,2023-10-23 GMT+0530,12:30:00,,,Buy,,,,
579,Cyient Limited,CYIENT,NSI,India Stocks,INR,1,1662.45,0,2023-10-23 GMT+0530,12:30:00,,,Buy,,,,
580,Cyient Limited,CYIENT,NSI,India Stocks,INR,204,0,0,2023-11-01 GMT+0530,12:30:00,,,Dividend,FIFO,,,
581,Cyient Limited,CYIENT,NSI,India Stocks,INR,1,1676.65,0,2023-11-13 GMT+0530,12:30:00,,,Buy,,,,
582,Cyient Limited,CYIENT,NSI,India Stocks,INR,1,1995.25,0,2023-12-01 GMT+0530,12:30:00,,,Buy,,,,
583,Cyient Limited,CYIENT,NSI,India Stocks,INR,1,1993,0,2023-12-01 GMT+0530,12:30:00,,,Buy,,,,
584,Cyient Limited,CYIENT,NSI,India Stocks,INR,2,1976.2,0,2023-12-12 GMT+0530,12:30:00,,,Buy,,,,
585,Cyient Limited,CYIENT,NSI,India Stocks,INR,1,2319,0,2024-01-02 GMT+0530,12:30:00,,,Buy,,,,
586,Cyient Limited,CYIENT,NSI,India Stocks,INR,2,2242.8,0,2024-01-12 GMT+0530,12:30:00,,,Buy,,,,
587,Cyient Limited,CYIENT,NSI,India Stocks,INR,12,1935.6,0,2024-02-01 GMT+0530,12:30:00,,,Sell,FIFO,,,
588,Cyient Limited,CYIENT,NSI,India Stocks,INR,234,0,0,2024-06-21 GMT+0530,12:30:00,,,Dividend,FIFO,,,
589,Cyient Limited,CYIENT,NSI,India Stocks,INR,156,0,0,2024-11-06 GMT+0530,12:30:00,,,Dividend,FIFO,,,
590,Cyient Limited,CYIENT,NSI,India Stocks,INR,13,2097.9,43.63,2024-12-16 GMT+0530,12:30:00,,,Sell,FIFO,,,
591,Dalmia Bharat Sug In Ltd,DALMIASUG,NSI,India Stocks,INR,,,,,,,,,,,,
592,Dalmia Bharat Sug In Ltd,DALMIASUG,NSI,India Stocks,INR,50,324.9,0,2022-10-24 GMT+0530,12:30:00,,,Buy,,,,
593,Dalmia Bharat Sug In Ltd,DALMIASUG,NSI,India Stocks,INR,1,330.4,0,2022-11-02 GMT+0530,12:30:00,,,Buy,,,,
594,Dalmia Bharat Sug In Ltd,DALMIASUG,NSI,India Stocks,INR,2,353.5,0,2022-12-01 GMT+0530,12:30:00,,,Buy,,,,
595,Dalmia Bharat Sug In Ltd,DALMIASUG,NSI,India Stocks,INR,3,370.85,0,2023-01-12 GMT+0530,12:30:00,,,Buy,,,,
596,Dalmia Bharat Sug In Ltd,DALMIASUG,NSI,India Stocks,INR,168,0,0,2023-02-15 GMT+0530,12:30:00,,,Dividend,FIFO,,,
597,Dalmia Bharat Sug In Ltd,DALMIASUG,NSI,India Stocks,INR,18,349.1,0,2023-03-13 GMT+0530,12:30:00,,,Sell,FIFO,,,
598,Dalmia Bharat Sug In Ltd,DALMIASUG,NSI,India Stocks,INR,23,349.2,0,2023-03-13 GMT+0530,12:30:00,,,Sell,FIFO,,,
599,Dalmia Bharat Sug In Ltd,DALMIASUG,NSI,India Stocks,INR,15,349.15,0,2023-03-13 GMT+0530,12:30:00,,,Sell,FIFO,,,
600,Data Patterns India Ltd,DATAPATTNS,NSI,India Stocks,INR,,,,,,,,,,,,
601,Data Patterns India Ltd,DATAPATTNS,NSI,India Stocks,INR,25,585,0,2021-12-23 GMT+0530,12:30:00,,,Buy,,,,
602,Data Patterns India Ltd,DATAPATTNS,NSI,India Stocks,INR,87.5,0,0,2022-08-29 GMT+0530,12:30:00,,,Dividend,FIFO,,,
603,Data Patterns India Ltd,DATAPATTNS,NSI,India Stocks,INR,112.5,0,0,2023-08-02 GMT+0530,12:30:00,,,Dividend,FIFO,,,
604,Data Patterns India Ltd,DATAPATTNS,NSI,India Stocks,INR,162.5,0,0,2024-07-23 GMT+0530,12:30:00,,,Dividend,FIFO,,,
605,Data Patterns India Ltd,DATAPATTNS,NSI,India Stocks,INR,0,1407.4,52.12,2025-03-03 GMT+0530,18:16:00,,,Sell All,FIFO,,,
606,Data Patterns India Ltd,DATAPATTNS,NSI,India Stocks,INR,4,1407.25,0,2025-03-03 GMT+0530,18:16:00,,,Sell,FIFO,,,
607,Data Patterns India Ltd,DATAPATTNS,NSI,India Stocks,INR,4,2906,27.3,2026-02-10 GMT+0530,20:43:00,,,Buy,,,,
608,Data Patterns India Ltd,DATAPATTNS,NSI,India Stocks,INR,4,2905.95,0,2026-02-10 GMT+0530,20:43:00,,,Buy,,,,
609,Data Patterns India Ltd,DATAPATTNS,NSI,India Stocks,INR,1,4045,0,2026-07-20 GMT+0530,23:49:00,,,Sell,FIFO,,,
610,Data Patterns India Ltd,DATAPATTNS,NSI,India Stocks,INR,5,4042.65,49.09,2026-07-20 GMT+0530,23:50:00,,,Sell,FIFO,,,
611,Data Patterns India Ltd,DATAPATTNS,NSI,India Stocks,INR,1,4042.8,0,2026-07-20 GMT+0530,23:50:00,,,Sell,FIFO,,,
612,Data Patterns India Ltd,DATAPATTNS,NSI,India Stocks,INR,1,4042.75,0,2026-07-20 GMT+0530,23:50:00,,,Sell,FIFO,,,
613,Eclerx Services Ltd,ECLERX,NSI,India Stocks,INR,,,,,,,,,,,,
614,Eclerx Services Ltd,ECLERX,NSI,India Stocks,INR,3,1939.65,0,2023-10-23 GMT+0530,12:30:00,,,Buy,,,,
615,Eclerx Services Ltd,ECLERX,NSI,India Stocks,INR,3,0,0,2024-09-06 GMT+0530,12:30:00,,,Dividend,FIFO,,,
616,Eclerx Services Ltd,ECLERX,NSI,India Stocks,INR,0,2758.1,23.99,2025-03-03 GMT+0530,18:21:00,,,Sell All,FIFO,,,
617,Eclerx Services Ltd,ECLERX,NSI,India Stocks,INR,7,1558.4,0,2026-05-20 GMT+0530,19:37:00,,,Buy,,,,
618,Eclerx Services Ltd,ECLERX,NSI,India Stocks,INR,3,1558.6,0,2026-05-20 GMT+0530,19:38:00,,,Buy,,,,
619,Eclerx Services Ltd,ECLERX,NSI,India Stocks,INR,13,1558.55,55.88,2026-05-20 GMT+0530,19:38:00,,,Buy,,,,
620,Eclerx Services Ltd,ECLERX,NSI,India Stocks,INR,7,1558.45,0,2026-05-20 GMT+0530,19:38:00,,,Buy,,,,
621,Eclerx Services Ltd,ECLERX,NSI,India Stocks,INR,4,1584.9,0,2026-05-25 GMT+0530,23:40:00,,,Buy,,,,
622,Eclerx Services Ltd,ECLERX,NSI,India Stocks,INR,6,1584.8,18.44,2026-05-25 GMT+0530,23:40:00,,,Buy,,,,
623,Eid Parry India Ltd,EIDPARRY,NSI,India Stocks,INR,,,,,,,,,,,,
624,Eid Parry India Ltd,EIDPARRY,NSI,India Stocks,INR,2,592.15,0,2022-10-28 GMT+0530,12:30:00,,,Buy,,,,
625,Eid Parry India Ltd,EIDPARRY,NSI,India Stocks,INR,3,614.9,0,2022-11-01 GMT+0530,12:30:00,,,Buy,,,,
626,Eid Parry India Ltd,EIDPARRY,NSI,India Stocks,INR,2,612.7,0,2022-11-02 GMT+0530,12:30:00,,,Buy,,,,
627,Eid Parry India Ltd,EIDPARRY,NSI,India Stocks,INR,38.5,0,0,2022-11-22 GMT+0530,12:30:00,,,Dividend,FIFO,,,
628,Eid Parry India Ltd,EIDPARRY,NSI,India Stocks,INR,2,598.1,0,2022-12-01 GMT+0530,12:30:00,,,Buy,,,,
629,Eid Parry India Ltd,EIDPARRY,NSI,India Stocks,INR,36,0,0,2023-04-21 GMT+0530,12:30:00,,,Dividend,FIFO,,,
630,Eid Parry India Ltd,EIDPARRY,NSI,India Stocks,INR,7,468.05,0,2023-10-23 GMT+0530,12:30:00,,,Sell,FIFO,,,
631,Eid Parry India Ltd,EIDPARRY,NSI,India Stocks,INR,2,468.1,0,2023-10-23 GMT+0530,12:30:00,,,Sell,FIFO,,,
632,Eih Limited,EIHOTEL,NSI,India Stocks,INR,,,,,,,,,,,,
633,Eih Limited,EIHOTEL,NSI,India Stocks,INR,11,475,0,2024-04-01 GMT+0530,12:30:00,,,Buy,,,,
634,Eih Limited,EIHOTEL,NSI,India Stocks,INR,1,480.1,0,2024-04-12 GMT+0530,12:30:00,,,Buy,,,,
635,Eih Limited,EIHOTEL,NSI,India Stocks,INR,11,469.6,0,2024-05-03 GMT+0530,12:30:00,,,Buy,,,,
636,Eih Limited,EIHOTEL,NSI,India Stocks,INR,1,424.45,0.44,2024-07-12 GMT+0530,12:30:00,,,Buy,,,,
637,Eih Limited,EIHOTEL,NSI,India Stocks,INR,24,415.6,25.75,2024-07-16 GMT+0530,12:30:00,,,Sell,FIFO,,,
638,Elecon Eng. Co. Ltd,ELECON,NSI,India Stocks,INR,,,,,,,,,,,,
639,Elecon Eng. Co. Ltd,ELECON,NSI,India Stocks,INR,8,216.35,0,2023-05-03 GMT+0530,12:30:00,,,Buy,,,,
640,Elecon Eng. Co. Ltd,ELECON,NSI,India Stocks,INR,2,246,0,2023-05-12 GMT+0530,12:30:00,,,Buy,,,,
641,Elecon Eng. Co. Ltd,ELECON,NSI,India Stocks,INR,10,0,0,2023-06-09 GMT+0530,12:30:00,,,Dividend,FIFO,,,
642,Elecon Eng. Co. Ltd,ELECON,NSI,India Stocks,INR,4,282.55,0,2023-06-12 GMT+0530,12:30:00,,,Buy,,,,
643,Elecon Eng. Co. Ltd,ELECON,NSI,India Stocks,INR,4,362.4,0,2023-07-13 GMT+0530,12:30:00,,,Buy,,,,
644,Elecon Eng. Co. Ltd,ELECON,NSI,India Stocks,INR,2,414.38,0,2023-08-14 GMT+0530,12:30:00,,,Buy,,,,
645,Elecon Eng. Co. Ltd,ELECON,NSI,India Stocks,INR,2,413.98,0,2023-08-14 GMT+0530,12:30:00,,,Buy,,,,
646,Elecon Eng. Co. Ltd,ELECON,NSI,India Stocks,INR,4,398.3,0,2023-09-12 GMT+0530,12:30:00,,,Buy,,,,
647,Elecon Eng. Co. Ltd,ELECON,NSI,India Stocks,INR,2,415.4,0,2023-10-12 GMT+0530,12:30:00,,,Buy,,,,
648,Elecon Eng. Co. Ltd,ELECON,NSI,India Stocks,INR,14,0,0,2023-10-31 GMT+0530,12:30:00,,,Dividend,FIFO,,,
649,Elecon Eng. Co. Ltd,ELECON,NSI,India Stocks,INR,28,0,0,2024-06-14 GMT+0530,12:30:00,,,Dividend,FIFO,,,
650,Elecon Eng. Co. Ltd,ELECON,NSI,India Stocks,INR,14,0,0,2024-10-28 GMT+0530,12:30:00,,,Dividend,FIFO,,,
651,Elecon Eng. Co. Ltd,ELECON,NSI,India Stocks,INR,5,408,0,2025-03-03 GMT+0530,18:23:00,,,Sell,FIFO,,,
652,Elecon Eng. Co. Ltd,ELECON,NSI,India Stocks,INR,1,407.95,0,2025-03-03 GMT+0530,18:23:00,,,Sell,FIFO,,,
653,Elecon Eng. Co. Ltd,ELECON,NSI,India Stocks,INR,0,408.15,27.19,2025-03-03 GMT+0530,18:24:00,,,Sell All,FIFO,,,
654,Elecon Eng. Co. Ltd,ELECON,NSI,India Stocks,INR,10,408.05,0,2025-03-03 GMT+0530,18:24:00,,,Sell,FIFO,,,
655,Elecon Eng. Co. Ltd,ELECON,NSI,India Stocks,INR,28,433.9,14.6,2025-03-21 GMT+0530,12:12:00,,,Buy,,,,
656,Elecon Eng. Co. Ltd,ELECON,NSI,India Stocks,INR,42,646.95,0,2025-06-13 GMT+0530,12:53:00,,,Dividend,FIFO,,,
657,Elecon Eng. Co. Ltd,ELECON,NSI,India Stocks,INR,18,570.7,31.92,2025-08-01 GMT+0530,18:35:00,,,Sell,FIFO,,,
658,Elecon Eng. Co. Ltd,ELECON,NSI,India Stocks,INR,3,570.75,0,2025-08-01 GMT+0530,18:37:00,,,Sell,FIFO,,,
659,Elecon Eng. Co. Ltd,ELECON,NSI,India Stocks,INR,0,570.8,0,2025-08-01 GMT+0530,18:38:00,,,Sell All,FIFO,,,
660,Elecon Eng. Co. Ltd,ELECON,NSI,India Stocks,INR,3,570.65,0,2025-08-01 GMT+0530,18:38:00,,,Sell,FIFO,,,
661,Elecon Eng. Co. Ltd,ELECON,NSI,India Stocks,INR,3,570.6,0,2025-08-01 GMT+0530,18:38:00,,,Sell,FIFO,,,
662,Embassy Office Parks Reit,EMBASSY,NSI,India Stocks,INR,,,,,,,,,,,,
663,Embassy Office Parks Reit,EMBASSY,NSI,India Stocks,INR,85,359.09,48.31,2024-06-12 GMT+0530,12:30:00,,,Buy,,,,
664,Embassy Office Parks Reit,EMBASSY,NSI,India Stocks,INR,4,359.06,0,2024-06-12 GMT+0530,12:30:00,,,Buy,,,,
665,Embassy Office Parks Reit,EMBASSY,NSI,India Stocks,INR,3,359.7,1.2,2024-06-12 GMT+0530,12:30:00,,,Buy,,,,
666,Embassy Office Parks Reit,EMBASSY,NSI,India Stocks,INR,24,359.08,0,2024-06-12 GMT+0530,12:30:00,,,Buy,,,,
667,Embassy Office Parks Reit,EMBASSY,NSI,India Stocks,INR,7,360.51,2.63,2024-07-12 GMT+0530,12:30:00,,,Buy,,,,
668,Embassy Office Parks Reit,EMBASSY,NSI,India Stocks,INR,678.34,0,0,2024-08-02 GMT+0530,12:30:00,,,Dividend,FIFO,,,
669,Embassy Office Parks Reit,EMBASSY,NSI,India Stocks,INR,7,379.82,2.77,2024-08-12 GMT+0530,12:30:00,,,Buy,,,,
670,Embassy Office Parks Reit,EMBASSY,NSI,India Stocks,INR,5,391.7,2.04,2024-09-12 GMT+0530,12:30:00,,,Buy,,,,
671,Embassy Office Parks Reit,EMBASSY,NSI,India Stocks,INR,17,389.92,7.88,2024-10-14 GMT+0530,12:30:00,,,Buy,,,,
672,Embassy Office Parks Reit,EMBASSY,NSI,India Stocks,INR,872.02,0,0,2024-10-29 GMT+0530,12:30:00,,,Dividend,FIFO,,,
673,Embassy Office Parks Reit,EMBASSY,NSI,India Stocks,INR,8,388.48,3.22,2024-11-12 GMT+0530,12:30:00,,,Buy,,,,
674,Embassy Office Parks Reit,EMBASSY,NSI,India Stocks,INR,935.68,363,0,2025-02-01 GMT+0530,12:30:00,,,Dividend,FIFO,,,
675,Embassy Office Parks Reit,EMBASSY,NSI,India Stocks,INR,0,356.3,74.48,2025-03-24 GMT+0530,11:45:00,,,Sell All,FIFO,,,
676,Exide Industries Ltd,EXIDEIND,NSI,India Stocks,INR,,,,,,,,,,,,
677,Exide Industries Ltd,EXIDEIND,NSI,India Stocks,INR,72,160.2,0,2022-10-24 GMT+0530,12:30:00,,,Buy,,,,
678,Exide Industries Ltd,EXIDEIND,NSI,India Stocks,INR,2,189.25,0,2022-12-01 GMT+0530,12:30:00,,,Buy,,,,
679,Exide Industries Ltd,EXIDEIND,NSI,India Stocks,INR,148,0,0,2023-08-01 GMT+0530,12:30:00,,,Dividend,FIFO,,,
680,Exide Industries Ltd,EXIDEIND,NSI,India Stocks,INR,35,555.15,0,2024-07-19 GMT+0530,12:30:00,,,Buy,,,,
681,Exide Industries Ltd,EXIDEIND,NSI,India Stocks,INR,84,555.35,78.75,2024-07-19 GMT+0530,12:30:00,,,Buy,,,,
682,Exide Industries Ltd,EXIDEIND,NSI,India Stocks,INR,386,0,0,2024-07-22 GMT+0530,12:30:00,,,Dividend,FIFO,,,
683,Exide Industries Ltd,EXIDEIND,NSI,India Stocks,INR,3,495.85,1.55,2024-08-12 GMT+0530,12:30:00,,,Buy,,,,
684,Exide Industries Ltd,EXIDEIND,NSI,India Stocks,INR,2,475.25,0.99,2024-09-12 GMT+0530,12:30:00,,,Buy,,,,
685,Exide Industries Ltd,EXIDEIND,NSI,India Stocks,INR,4,483.85,2.01,2024-10-07 GMT+0530,12:30:00,,,Buy,,,,
686,Exide Industries Ltd,EXIDEIND,NSI,India Stocks,INR,5,431.5,2.24,2024-11-12 GMT+0530,12:30:00,,,Buy,,,,
687,Exide Industries Ltd,EXIDEIND,NSI,India Stocks,INR,35,469.25,29.31,2024-12-10 GMT+0530,12:30:00,,,Buy,,,,
688,Exide Industries Ltd,EXIDEIND,NSI,India Stocks,INR,17,469.2,0,2024-12-10 GMT+0530,12:30:00,,,Buy,,,,
689,Exide Industries Ltd,EXIDEIND,NSI,India Stocks,INR,3,466.4,1.45,2024-12-12 GMT+0530,12:30:00,,,Buy,,,,
690,Exide Industries Ltd,EXIDEIND,NSI,India Stocks,INR,84,383.15,0,2025-01-15 GMT+0530,12:30:00,,,Sell,FIFO,,,
691,Exide Industries Ltd,EXIDEIND,NSI,India Stocks,INR,178,383.1,119.99,2025-01-15 GMT+0530,12:30:00,,,Sell,FIFO,,,
692,Fiem Industries Limited,FIEMIND,NSI,India Stocks,INR,,,,,,,,,,,,
693,Fiem Industries Limited,FIEMIND,NSI,India Stocks,INR,5,1585.4,0,2022-10-24 GMT+0530,12:30:00,,,Buy,,,,
694,Fiem Industries Limited,FIEMIND,NSI,India Stocks,INR,3,1585.45,0,2022-10-24 GMT+0530,12:30:00,,,Buy,,,,
695,Fiem Industries Limited,FIEMIND,NSI,India Stocks,INR,2,1699.55,0,2023-02-16 GMT+0530,12:30:00,,,Buy,,,,
696,Fiem Industries Limited,FIEMIND,NSI,India Stocks,INR,4,1604.05,0,2023-04-03 GMT+0530,12:30:00,,,Buy,,,,
697,Fiem Industries Limited,FIEMIND,NSI,India Stocks,INR,3,1823.15,0,2023-07-13 GMT+0530,12:30:00,,,Buy,,,,
698,Fiem Industries Limited,FIEMIND,NSI,India Stocks,INR,1,1825.3,0,2023-07-13 GMT+0530,12:30:00,,,Buy,,,,
699,Fiem Industries Limited,FIEMIND,NSI,India Stocks,INR,540,0,0,2023-07-21 GMT+0530,12:30:00,,,Dividend,FIFO,,,
700,Fiem Industries Limited,FIEMIND,NSI,India Stocks,INR,1,1907.7,0,2023-09-12 GMT+0530,12:30:00,,,Buy,,,,
701,Fiem Industries Limited,FIEMIND,NSI,India Stocks,INR,1,1795,0,2023-11-02 GMT+0530,12:30:00,,,Buy,,,,
702,Fiem Industries Limited,FIEMIND,NSI,India Stocks,INR,7,1794.95,0,2023-11-02 GMT+0530,12:30:00,,,Buy,,,,
703,Fiem Industries Limited,FIEMIND,NSI,India Stocks,INR,27,0,0,2024-02-28 GMT+0530,12:30:00,,,Dividend Reinvest,,,,
704,Fiem Industries Limited,FIEMIND,NSI,India Stocks,INR,2,1140,0,2024-04-12 GMT+0530,12:30:00,,,Buy,,,,
705,Fiem Industries Limited,FIEMIND,NSI,India Stocks,INR,1120,0,0,2024-07-24 GMT+0530,12:30:00,,,Dividend,FIFO,,,
706,Fiem Industries Limited,FIEMIND,NSI,India Stocks,INR,1,1302.6,1.36,2024-08-12 GMT+0530,12:30:00,,,Buy,,,,
707,Fiem Industries Limited,FIEMIND,NSI,India Stocks,INR,2,1609.05,3.34,2024-10-07 GMT+0530,12:30:00,,,Buy,,,,
708,Fiem Industries Limited,FIEMIND,NSI,India Stocks,INR,3,1618.8,6.04,2024-12-10 GMT+0530,12:30:00,,,Buy,,,,
709,Fiem Industries Limited,FIEMIND,NSI,India Stocks,INR,9,1435.95,15.41,2025-01-16 GMT+0530,12:30:00,,,Buy,,,,
710,Fiem Industries Limited,FIEMIND,NSI,India Stocks,INR,3,1339.35,9.34,2025-03-12 GMT+0530,12:36:00,,,Buy,,,,
711,Fiem Industries Limited,FIEMIND,NSI,India Stocks,INR,2,1339.1,0,2025-03-12 GMT+0530,12:36:00,,,Buy,,,,
712,Fiem Industries Limited,FIEMIND,NSI,India Stocks,INR,1,1339,0,2025-03-12 GMT+0530,12:37:00,,,Buy,,,,
713,Fiem Industries Limited,FIEMIND,NSI,India Stocks,INR,22,1342.55,74.48,2025-03-19 GMT+0530,12:33:00,,,Buy,,,,
714,Fiem Industries Limited,FIEMIND,NSI,India Stocks,INR,9,1343.25,0,2025-03-19 GMT+0530,12:34:00,,,Buy,,,,
715,Fiem Industries Limited,FIEMIND,NSI,India Stocks,INR,2,1343.15,0,2025-03-19 GMT+0530,12:34:00,,,Buy,,,,
716,Fiem Industries Limited,FIEMIND,NSI,India Stocks,INR,10,1343.1,0,2025-03-19 GMT+0530,12:34:00,,,Buy,,,,
717,Fiem Industries Limited,FIEMIND,NSI,India Stocks,INR,1,1343.05,0,2025-03-19 GMT+0530,12:34:00,,,Buy,,,,
718,Fiem Industries Limited,FIEMIND,NSI,India Stocks,INR,3,1343.3,0,2025-03-19 GMT+0530,12:35:00,,,Buy,,,,
719,Fiem Industries Limited,FIEMIND,NSI,India Stocks,INR,3720,1876.4,0,2025-07-24 GMT+0530,19:03:00,,,Dividend,FIFO,,,
720,Fiem Industries Limited,FIEMIND,NSI,India Stocks,INR,1,2127.2,2.21,2025-08-29 GMT+0530,14:58:00,,,Buy,,,,
721,Fiem Industries Limited,FIEMIND,NSI,India Stocks,INR,5,1953.9,11.13,2025-09-29 GMT+0530,15:58:00,,,Buy,,,,
722,Fiem Industries Limited,FIEMIND,NSI,India Stocks,INR,1,2095.9,4.97,2025-10-29 GMT+0530,18:59:00,,,Buy,,,,
723,Fiem Industries Limited,FIEMIND,NSI,India Stocks,INR,1,2095.8,0,2025-10-29 GMT+0530,18:59:00,,,Buy,,,,
724,Fiem Industries Limited,FIEMIND,NSI,India Stocks,INR,1,2176.9,0,2026-02-03 GMT+0530,19:09:00,,,Sell,FIFO,,,
725,Fiem Industries Limited,FIEMIND,NSI,India Stocks,INR,30,2177,0,2026-02-03 GMT+0530,19:10:00,,,Sell,FIFO,,,
726,Fiem Industries Limited,FIEMIND,NSI,India Stocks,INR,2,2177.8,0,2026-02-03 GMT+0530,19:10:00,,,Sell,FIFO,,,
727,Fiem Industries Limited,FIEMIND,NSI,India Stocks,INR,2,2176.6,0,2026-02-03 GMT+0530,19:10:00,,,Sell,FIFO,,,
728,Fiem Industries Limited,FIEMIND,NSI,India Stocks,INR,12,2178.5,0,2026-02-03 GMT+0530,19:10:00,,,Sell,FIFO,,,
729,Fiem Industries Limited,FIEMIND,NSI,India Stocks,INR,9,2176.8,0,2026-02-03 GMT+0530,19:11:00,,,Sell,FIFO,,,
730,Fiem Industries Limited,FIEMIND,NSI,India Stocks,INR,40,2178.6,245.78,2026-02-03 GMT+0530,19:11:00,,,Sell,FIFO,,,
731,Fiem Industries Limited,FIEMIND,NSI,India Stocks,INR,3,2177.7,0,2026-02-03 GMT+0530,19:11:00,,,Sell,FIFO,,,
732,Fiem Industries Limited,FIEMIND,NSI,India Stocks,INR,3,2176,0,2026-02-03 GMT+0530,19:11:00,,,Sell,FIFO,,,
733,Fiem Industries Limited,FIEMIND,NSI,India Stocks,INR,13,2358.7,0,2026-02-10 GMT+0530,20:46:00,,,Buy,,,,
734,Fiem Industries Limited,FIEMIND,NSI,India Stocks,INR,1,2359,0,2026-02-10 GMT+0530,20:47:00,,,Buy,,,,
735,Fiem Industries Limited,FIEMIND,NSI,India Stocks,INR,16,2358.9,210.55,2026-02-10 GMT+0530,20:47:00,,,Buy,,,,
736,Fiem Industries Limited,FIEMIND,NSI,India Stocks,INR,16,2358.8,0,2026-02-10 GMT+0530,20:47:00,,,Buy,,,,
737,Fiem Industries Limited,FIEMIND,NSI,India Stocks,INR,7,2359.7,0,2026-02-10 GMT+0530,20:48:00,,,Buy,,,,
738,Fiem Industries Limited,FIEMIND,NSI,India Stocks,INR,4,2359.3,0,2026-02-10 GMT+0530,20:48:00,,,Buy,,,,
739,Fiem Industries Limited,FIEMIND,NSI,India Stocks,INR,7,2359.2,0,2026-02-10 GMT+0530,20:48:00,,,Buy,,,,
740,Fiem Industries Limited,FIEMIND,NSI,India Stocks,INR,6,2359.4,0,2026-02-10 GMT+0530,20:49:00,,,Buy,,,,
741,Fiem Industries Limited,FIEMIND,NSI,India Stocks,INR,3,2359.6,0,2026-02-10 GMT+0530,20:49:00,,,Buy,,,,
742,Fiem Industries Limited,FIEMIND,NSI,India Stocks,INR,1,2360,0,2026-02-10 GMT+0530,20:49:00,,,Buy,,,,
743,Fiem Industries Limited,FIEMIND,NSI,India Stocks,INR,1,2359.9,0,2026-02-10 GMT+0530,20:49:00,,,Buy,,,,
744,Fiem Industries Limited,FIEMIND,NSI,India Stocks,INR,2,2337,8.27,2026-02-23 GMT+0530,20:11:00,,,Buy,,,,
745,Fiem Industries Limited,FIEMIND,NSI,India Stocks,INR,1,2336.8,0,2026-02-23 GMT+0530,20:11:00,,,Buy,,,,
746,Fiem Industries Limited,FIEMIND,NSI,India Stocks,INR,49,2060,246.16,2026-03-12 GMT+0530,14:43:00,,,Sell,FIFO,,,
747,Fiem Industries Limited,FIEMIND,NSI,India Stocks,INR,1,2060.2,0,2026-03-12 GMT+0530,14:43:00,,,Sell,FIFO,,,
748,Fiem Industries Limited,FIEMIND,NSI,India Stocks,INR,1,2060.6,0,2026-03-12 GMT+0530,14:44:00,,,Sell,FIFO,,,
749,Fiem Industries Limited,FIEMIND,NSI,India Stocks,INR,5,2060.5,0,2026-03-12 GMT+0530,14:44:00,,,Sell,FIFO,,,
750,Fiem Industries Limited,FIEMIND,NSI,India Stocks,INR,1,2060.3,0,2026-03-12 GMT+0530,14:44:00,,,Sell,FIFO,,,
751,Fiem Industries Limited,FIEMIND,NSI,India Stocks,INR,7,2060.1,0,2026-03-12 GMT+0530,14:44:00,,,Sell,FIFO,,,
752,Fiem Industries Limited,FIEMIND,NSI,India Stocks,INR,13,2059.6,0,2026-03-12 GMT+0530,14:45:00,,,Sell,FIFO,,,
753,Fiem Industries Limited,FIEMIND,NSI,India Stocks,INR,17,2060.8,0,2026-03-12 GMT+0530,14:45:00,,,Sell,FIFO,,,
754,Fiem Industries Limited,FIEMIND,NSI,India Stocks,INR,1,2060.7,0,2026-03-12 GMT+0530,14:45:00,,,Sell,FIFO,,,
755,Fiem Industries Limited,FIEMIND,NSI,India Stocks,INR,10,2060.4,0,2026-03-12 GMT+0530,14:46:00,,,Sell,FIFO,,,
756,Fiem Industries Limited,FIEMIND,NSI,India Stocks,INR,3,2059.7,0,2026-03-12 GMT+0530,14:46:00,,,Sell,FIFO,,,
757,Fiem Industries Limited,FIEMIND,NSI,India Stocks,INR,11,2208.2,29.2,2026-04-15 GMT+0530,20:16:00,,,Buy,,,,
758,Fiem Industries Limited,FIEMIND,NSI,India Stocks,INR,440,0,0,2026-07-24 GMT+0530,19:25:00,,,Dividend,FIFO,,,
759,Fiem Industries Limited,FIEMIND,NSI,India Stocks,INR,2,2301.9,0,2026-07-31 GMT+0530,13:31:00,,,Sell,FIFO,,,
760,Fiem Industries Limited,FIEMIND,NSI,India Stocks,INR,8,2302.9,41.62,2026-07-31 GMT+0530,13:32:00,,,Sell,FIFO,,,
761,Fiem Industries Limited,FIEMIND,NSI,India Stocks,INR,1,2302.1,0,2026-07-31 GMT+0530,13:32:00,,,Sell,FIFO,,,
762,Finolex Cables Ltd,FINCABLES,NSI,India Stocks,INR,,,,,,,,,,,,
763,Finolex Cables Ltd,FINCABLES,NSI,India Stocks,INR,14,530.75,0,2022-11-14 GMT+0530,12:30:00,,,Buy,,,,
764,Finolex Cables Ltd,FINCABLES,NSI,India Stocks,INR,10,530.7,0,2022-11-14 GMT+0530,12:30:00,,,Buy,,,,
765,Finolex Cables Ltd,FINCABLES,NSI,India Stocks,INR,1,565.25,0,2022-12-01 GMT+0530,12:30:00,,,Buy,,,,
766,Finolex Cables Ltd,FINCABLES,NSI,India Stocks,INR,1,543.4,0,2023-01-12 GMT+0530,12:30:00,,,Buy,,,,
767,Finolex Cables Ltd,FINCABLES,NSI,India Stocks,INR,6,787,0,2023-03-13 GMT+0530,12:30:00,,,Sell,FIFO,,,
768,Finolex Cables Ltd,FINCABLES,NSI,India Stocks,INR,140,0,0,2023-09-22 GMT+0530,12:30:00,,,Dividend,FIFO,,,
769,Finolex Cables Ltd,FINCABLES,NSI,India Stocks,INR,160,0,0,2024-09-17 GMT+0530,12:30:00,,,Dividend,FIFO,,,
770,Finolex Cables Ltd,FINCABLES,NSI,India Stocks,INR,20,1012.8,36.35,2025-01-15 GMT+0530,12:30:00,,,Sell,FIFO,,,
771,Fortis Healthcare Ltd,FORTIS,NSI,India Stocks,INR,,,,,,,,,,,,
772,Fortis Healthcare Ltd,FORTIS,NSI,India Stocks,INR,17,716.05,14.63,2024-12-09 GMT+0530,12:30:00,,,Buy,,,,
773,Fortis Healthcare Ltd,FORTIS,NSI,India Stocks,INR,5,718.8,4.73,2024-12-12 GMT+0530,12:30:00,,,Buy,,,,
774,Fortis Healthcare Ltd,FORTIS,NSI,India Stocks,INR,5,662.95,3.44,2025-01-13 GMT+0530,12:30:00,,,Buy,,,,
775,Fortis Healthcare Ltd,FORTIS,NSI,India Stocks,INR,5,620.7,5.51,2025-02-12 GMT+0530,11:50:00,,,Buy,,,,
776,Fortis Healthcare Ltd,FORTIS,NSI,India Stocks,INR,2,620.65,0,2025-02-12 GMT+0530,11:51:00,,,Buy,,,,
777,Fortis Healthcare Ltd,FORTIS,NSI,India Stocks,INR,0,604.2,0,2025-02-17 GMT+0530,21:11:00,,,Sell All,FIFO,,,
778,Fortis Healthcare Ltd,FORTIS,NSI,India Stocks,INR,25,604.25,36.65,2025-02-17 GMT+0530,21:11:00,,,Sell,FIFO,,,
779,Fortis Healthcare Ltd,FORTIS,NSI,India Stocks,INR,46,897.4,48.82,2025-08-08 GMT+0530,12:16:00,,,Buy,,,,
780,Fortis Healthcare Ltd,FORTIS,NSI,India Stocks,INR,4,912.05,4.78,2025-08-29 GMT+0530,14:59:00,,,Buy,,,,
781,Fortis Healthcare Ltd,FORTIS,NSI,India Stocks,INR,3,944.5,2.94,2025-09-29 GMT+0530,16:00:00,,,Buy,,,,
782,Fortis Healthcare Ltd,FORTIS,NSI,India Stocks,INR,2,1054.05,2.51,2025-10-29 GMT+0530,19:00:00,,,Buy,,,,
783,Fortis Healthcare Ltd,FORTIS,NSI,India Stocks,INR,8,933.4,8.75,2025-11-17 GMT+0530,11:13:00,,,Buy,,,,
784,Fortis Healthcare Ltd,FORTIS,NSI,India Stocks,INR,63,905.7,74.53,2025-12-02 GMT+0530,11:49:00,,,Sell,FIFO,,,
785,Gail (india) Ltd,GAIL,NSI,India Stocks,INR,,,,,,,,,,,,
786,Gail (india) Ltd,GAIL,NSI,India Stocks,INR,200,130,0,2021-02-02 GMT+0530,12:30:00,,,Buy,,,,
787,Gail (india) Ltd,GAIL,NSI,India Stocks,INR,500,0,0,2021-03-22 GMT+0530,12:30:00,,,Dividend,FIFO,,,
788,Gail (india) Ltd,GAIL,NSI,India Stocks,INR,800,0,0,2021-12-30 GMT+0530,12:30:00,,,Dividend,FIFO,,,
789,Gail (india) Ltd,GAIL,NSI,India Stocks,INR,1000,0,0,2022-03-21 GMT+0530,12:30:00,,,Dividend,FIFO,,,
790,Gail (india) Ltd,GAIL,NSI,India Stocks,INR,200,0,0,2022-08-01 GMT+0530,12:30:00,,,Dividend,FIFO,,,
791,Gail (india) Ltd,GAIL,NSI,India Stocks,INR,100,0,0,2022-09-06 GMT+0530,12:30:00,,,Dividend Reinvest,,,,
792,Gail (india) Ltd,GAIL,NSI,India Stocks,INR,1200,0,0,2023-03-21 GMT+0530,12:30:00,,,Dividend,FIFO,,,
793,Gail (india) Ltd,GAIL,NSI,India Stocks,INR,1650,0,0,2024-02-06 GMT+0530,12:30:00,,,Dividend,FIFO,,,
794,Gail (india) Ltd,GAIL,NSI,India Stocks,INR,1950,162.29,0,2025-02-07 GMT+0530,22:42:00,,,Dividend,FIFO,,,
795,Gail (india) Ltd,GAIL,NSI,India Stocks,INR,0,156.8,0,2025-03-03 GMT+0530,18:29:00,,,Sell All,FIFO,,,
796,Gail (india) Ltd,GAIL,NSI,India Stocks,INR,173,156.75,64.51,2025-03-03 GMT+0530,18:29:00,,,Sell,FIFO,,,
797,Ganesh Housing Limited,GANESHHOUC,NSI,India Stocks,INR,,,,,,,,,,,,
798,Ganesh Housing Limited,GANESHHOUC,NSI,India Stocks,INR,10,1023.95,12.62,2024-06-10 GMT+0530,12:30:00,,,Buy,,,,
799,Ganesh Housing Limited,GANESHHOUC,NSI,India Stocks,INR,110,0,0,2024-08-30 GMT+0530,12:30:00,,,Dividend,FIFO,,,
800,Ganesh Housing Limited,GANESHHOUC,NSI,India Stocks,INR,5,1030.3,26.03,2025-03-03 GMT+0530,18:31:00,,,Sell,FIFO,,,
801,Ganesh Housing Limited,GANESHHOUC,NSI,India Stocks,INR,4,1030.2,0,2025-03-03 GMT+0530,18:31:00,,,Sell,FIFO,,,
802,Ganesh Housing Limited,GANESHHOUC,NSI,India Stocks,INR,0,1030.35,0,2025-03-03 GMT+0530,18:32:00,,,Sell All,FIFO,,,
803,Ganesha Ecosphere Limited,GANECOS,NSI,India Stocks,INR,,,,,,,,,,,,
804,Ganesha Ecosphere Limited,GANECOS,NSI,India Stocks,INR,13,799.9,0,2022-10-24 GMT+0530,12:30:00,,,Buy,,,,
805,Ganesha Ecosphere Limited,GANECOS,NSI,India Stocks,INR,6,799.8,0,2022-10-24 GMT+0530,12:30:00,,,Buy,,,,
806,Ganesha Ecosphere Limited,GANECOS,NSI,India Stocks,INR,1,898,0,2022-12-01 GMT+0530,12:30:00,,,Buy,,,,
807,Ganesha Ecosphere Limited,GANECOS,NSI,India Stocks,INR,6,832.35,0,2023-03-14 GMT+0530,12:30:00,,,Buy,,,,
808,Ganesha Ecosphere Limited,GANECOS,NSI,India Stocks,INR,4,896.05,0,2023-04-03 GMT+0530,12:30:00,,,Buy,,,,
809,Ganesha Ecosphere Limited,GANECOS,NSI,India Stocks,INR,3,998,0,2023-05-03 GMT+0530,12:30:00,,,Buy,,,,
810,Ganesha Ecosphere Limited,GANECOS,NSI,India Stocks,INR,1,1067.3,0,2023-05-12 GMT+0530,12:30:00,,,Buy,,,,
811,Ganesha Ecosphere Limited,GANECOS,NSI,India Stocks,INR,2,1054.15,0,2023-06-12 GMT+0530,12:30:00,,,Buy,,,,
812,Ganesha Ecosphere Limited,GANECOS,NSI,India Stocks,INR,3,1056,0,2023-06-12 GMT+0530,12:30:00,,,Buy,,,,
813,Ganesha Ecosphere Limited,GANECOS,NSI,India Stocks,INR,3,1040.75,0,2023-07-13 GMT+0530,12:30:00,,,Buy,,,,
814,Ganesha Ecosphere Limited,GANECOS,NSI,India Stocks,INR,2,1039.65,0,2023-07-13 GMT+0530,12:30:00,,,Buy,,,,
815,Ganesha Ecosphere Limited,GANECOS,NSI,India Stocks,INR,1,1039.85,0,2023-07-13 GMT+0530,12:30:00,,,Buy,,,,
816,Ganesha Ecosphere Limited,GANECOS,NSI,India Stocks,INR,7,1039.8,0,2023-07-13 GMT+0530,12:30:00,,,Buy,,,,
817,Ganesha Ecosphere Limited,GANECOS,NSI,India Stocks,INR,1,1057.05,0,2023-08-14 GMT+0530,12:30:00,,,Buy,,,,
818,Ganesha Ecosphere Limited,GANECOS,NSI,India Stocks,INR,3,1057.55,0,2023-08-14 GMT+0530,12:30:00,,,Buy,,,,
819,Ganesha Ecosphere Limited,GANECOS,NSI,India Stocks,INR,5,1052.95,0,2023-09-01 GMT+0530,12:30:00,,,Buy,,,,
820,Ganesha Ecosphere Limited,GANECOS,NSI,India Stocks,INR,1,1053.25,0,2023-09-01 GMT+0530,12:30:00,,,Buy,,,,
821,Ganesha Ecosphere Limited,GANECOS,NSI,India Stocks,INR,3,1053.3,0,2023-09-01 GMT+0530,12:30:00,,,Buy,,,,
822,Ganesha Ecosphere Limited,GANECOS,NSI,India Stocks,INR,2,1014.4,0,2023-09-12 GMT+0530,12:30:00,,,Buy,,,,
823,Ganesha Ecosphere Limited,GANECOS,NSI,India Stocks,INR,1,1017.7,0,2023-09-12 GMT+0530,12:30:00,,,Buy,,,,
824,Ganesha Ecosphere Limited,GANECOS,NSI,India Stocks,INR,136,0,0,2023-09-14 GMT+0530,12:30:00,,,Dividend,FIFO,,,
825,Ganesha Ecosphere Limited,GANECOS,NSI,India Stocks,INR,1,961.7,0,2023-10-12 GMT+0530,12:30:00,,,Buy,,,,
826,Ganesha Ecosphere Limited,GANECOS,NSI,India Stocks,INR,5,961.35,0,2023-10-12 GMT+0530,12:30:00,,,Buy,,,,
827,Ganesha Ecosphere Limited,GANECOS,NSI,India Stocks,INR,1,961.75,0,2023-10-12 GMT+0530,12:30:00,,,Buy,,,,
828,Ganesha Ecosphere Limited,GANECOS,NSI,India Stocks,INR,4,961.95,0,2023-10-12 GMT+0530,12:30:00,,,Buy,,,,
829,Ganesha Ecosphere Limited,GANECOS,NSI,India Stocks,INR,1,961.3,0,2023-10-12 GMT+0530,12:30:00,,,Buy,,,,
830,Ganesha Ecosphere Limited,GANECOS,NSI,India Stocks,INR,7,858.3,0,2023-11-02 GMT+0530,12:30:00,,,Buy,,,,
831,Ganesha Ecosphere Limited,GANECOS,NSI,India Stocks,INR,2,858.25,0,2023-11-02 GMT+0530,12:30:00,,,Buy,,,,
832,Ganesha Ecosphere Limited,GANECOS,NSI,India Stocks,INR,4,858.4,0,2023-11-02 GMT+0530,12:30:00,,,Buy,,,,
833,Ganesha Ecosphere Limited,GANECOS,NSI,India Stocks,INR,4,853,0,2023-11-13 GMT+0530,12:30:00,,,Buy,,,,
834,Ganesha Ecosphere Limited,GANECOS,NSI,India Stocks,INR,1,1065.5,0,2024-02-12 GMT+0530,12:30:00,,,Buy,,,,
835,Ganesha Ecosphere Limited,GANECOS,NSI,India Stocks,INR,3,1012.95,0,2024-04-12 GMT+0530,12:30:00,,,Buy,,,,
836,Ganesha Ecosphere Limited,GANECOS,NSI,India Stocks,INR,303,0,0,2024-09-03 GMT+0530,12:30:00,,,Dividend,FIFO,,,
837,Ganesha Ecosphere Limited,GANECOS,NSI,India Stocks,INR,3,1810.5,6.63,2024-10-07 GMT+0530,12:30:00,,,Buy,,,,
838,Ganesha Ecosphere Limited,GANECOS,NSI,India Stocks,INR,156,0,0,2024-11-26 GMT+0530,12:30:00,,,Dividend,FIFO,,,
839,Ganesha Ecosphere Limited,GANECOS,NSI,India Stocks,INR,2,2159.9,5.48,2024-12-10 GMT+0530,12:30:00,,,Buy,,,,
840,Ganesha Ecosphere Limited,GANECOS,NSI,India Stocks,INR,7,1762.5,39.74,2025-01-16 GMT+0530,12:30:00,,,Buy,,,,
841,Ganesha Ecosphere Limited,GANECOS,NSI,India Stocks,INR,6,1762.45,0,2025-01-16 GMT+0530,12:30:00,,,Buy,,,,
842,Ganesha Ecosphere Limited,GANECOS,NSI,India Stocks,INR,6,1762.4,0,2025-01-16 GMT+0530,12:30:00,,,Buy,,,,
843,Ganesha Ecosphere Limited,GANECOS,NSI,India Stocks,INR,1,1595.55,5.97,2025-02-12 GMT+0530,11:54:00,,,Buy,,,,
844,Ganesha Ecosphere Limited,GANECOS,NSI,India Stocks,INR,1,1595.1,0,2025-02-12 GMT+0530,11:55:00,,,Buy,,,,
845,Ganesha Ecosphere Limited,GANECOS,NSI,India Stocks,INR,1,1595.5,0,2025-02-12 GMT+0530,11:55:00,,,Buy,,,,
846,Ganesha Ecosphere Limited,GANECOS,NSI,India Stocks,INR,2,1358.45,5.23,2025-03-12 GMT+0530,12:39:00,,,Buy,,,,
847,Ganesha Ecosphere Limited,GANECOS,NSI,India Stocks,INR,1,1358.4,0,2025-03-12 GMT+0530,12:40:00,,,Buy,,,,
848,Ganesha Ecosphere Limited,GANECOS,NSI,India Stocks,INR,1,1499.35,0,2025-03-19 GMT+0530,21:27:00,,,Buy,,,,
849,Ganesha Ecosphere Limited,GANECOS,NSI,India Stocks,INR,5,1499.4,0,2025-03-19 GMT+0530,21:28:00,,,Buy,,,,
850,Ganesha Ecosphere Limited,GANECOS,NSI,India Stocks,INR,8,1499.55,0,2025-03-19 GMT+0530,21:29:00,,,Buy,,,,
851,Ganesha Ecosphere Limited,GANECOS,NSI,India Stocks,INR,5,1499.5,0,2025-03-19 GMT+0530,21:29:00,,,Buy,,,,
852,Ganesha Ecosphere Limited,GANECOS,NSI,India Stocks,INR,6,1499.45,0,2025-03-19 GMT+0530,21:29:00,,,Buy,,,,
853,Ganesha Ecosphere Limited,GANECOS,NSI,India Stocks,INR,2,1499.65,0,2025-03-19 GMT+0530,21:30:00,,,Buy,,,,
854,Ganesha Ecosphere Limited,GANECOS,NSI,India Stocks,INR,37,1499.6,113.56,2025-03-19 GMT+0530,21:30:00,,,Buy,,,,
855,Ganesha Ecosphere Limited,GANECOS,NSI,India Stocks,INR,7,1463.4,19.91,2025-06-30 GMT+0530,12:10:00,,,Buy,,,,
856,Ganesha Ecosphere Limited,GANECOS,NSI,India Stocks,INR,3,1463.5,0,2025-06-30 GMT+0530,12:11:00,,,Buy,,,,
857,Ganesha Ecosphere Limited,GANECOS,NSI,India Stocks,INR,1,1348.7,1.4,2025-08-29 GMT+0530,15:01:00,,,Buy,,,,
858,Ganesha Ecosphere Limited,GANECOS,NSI,India Stocks,INR,618,1211.7,0,2025-09-19 GMT+0530,20:23:00,,,Dividend,FIFO,,,
859,Ganesha Ecosphere Limited,GANECOS,NSI,India Stocks,INR,5,1197.2,0,2025-09-29 GMT+0530,16:03:00,,,Buy,,,,
860,Ganesha Ecosphere Limited,GANECOS,NSI,India Stocks,INR,2,1197.6,0,2025-09-29 GMT+0530,16:04:00,,,Buy,,,,
861,Ganesha Ecosphere Limited,GANECOS,NSI,India Stocks,INR,6,1197.7,26.63,2025-09-29 GMT+0530,16:04:00,,,Buy,,,,
862,Ganesha Ecosphere Limited,GANECOS,NSI,India Stocks,INR,1,1197.8,0,2025-09-29 GMT+0530,16:05:00,,,Buy,,,,
863,Ganesha Ecosphere Limited,GANECOS,NSI,India Stocks,INR,3,1197.1,0,2025-09-29 GMT+0530,16:05:00,,,Buy,,,,
864,Ganesha Ecosphere Limited,GANECOS,NSI,India Stocks,INR,1,1225.4,0,2025-10-29 GMT+0530,19:01:00,,,Buy,,,,
865,Ganesha Ecosphere Limited,GANECOS,NSI,India Stocks,INR,3,1225.9,5.82,2025-10-29 GMT+0530,19:02:00,,,Buy,,,,
866,Ganesha Ecosphere Limited,GANECOS,NSI,India Stocks,INR,3,1060.2,0,2025-11-10 GMT+0530,17:01:00,,,Sell,FIFO,,,
867,Ganesha Ecosphere Limited,GANECOS,NSI,India Stocks,INR,19,1060.1,0,2025-11-10 GMT+0530,17:01:00,,,Sell,FIFO,,,
868,Ganesha Ecosphere Limited,GANECOS,NSI,India Stocks,INR,4,1060.4,0,2025-11-10 GMT+0530,17:02:00,,,Sell,FIFO,,,
869,Ganesha Ecosphere Limited,GANECOS,NSI,India Stocks,INR,34,1060.3,0,2025-11-10 GMT+0530,17:02:00,,,Sell,FIFO,,,
870,Ganesha Ecosphere Limited,GANECOS,NSI,India Stocks,INR,158,1060,264.98,2025-11-10 GMT+0530,17:02:00,,,Sell,FIFO,,,
871,Ganesha Ecosphere Limited,GANECOS,NSI,India Stocks,INR,9,1060.7,0,2025-11-10 GMT+0530,17:04:00,,,Sell,FIFO,,,
872,Ganesha Ecosphere Limited,GANECOS,NSI,India Stocks,INR,48,717.45,44.7,2026-02-03 GMT+0530,20:07:00,,,Buy,,,,
873,Ganesha Ecosphere Limited,GANECOS,NSI,India Stocks,INR,4,717.55,0,2026-02-03 GMT+0530,20:08:00,,,Buy,,,,
874,Ganesha Ecosphere Limited,GANECOS,NSI,India Stocks,INR,1,742.8,0.77,2026-02-23 GMT+0530,20:13:00,,,Buy,,,,
875,Garware Hi-tech Films Ltd,GRWRHITECH,NSI,India Stocks,INR,,,,,,,,,,,,
876,Garware Hi-tech Films Ltd,GRWRHITECH,NSI,India Stocks,INR,1,1553.35,0,2023-10-12 GMT+0530,12:30:00,,,Buy,,,,
877,Garware Hi-tech Films Ltd,GRWRHITECH,NSI,India Stocks,INR,3,1553.05,0,2023-10-12 GMT+0530,12:30:00,,,Buy,,,,
878,Garware Hi-tech Films Ltd,GRWRHITECH,NSI,India Stocks,INR,1,1553.45,0,2023-10-12 GMT+0530,12:30:00,,,Buy,,,,
879,Garware Hi-tech Films Ltd,GRWRHITECH,NSI,India Stocks,INR,1,1553.5,0,2023-10-12 GMT+0530,12:30:00,,,Buy,,,,
880,Garware Hi-tech Films Ltd,GRWRHITECH,NSI,India Stocks,INR,3,1553.4,0,2023-10-12 GMT+0530,12:30:00,,,Buy,,,,
881,Garware Hi-tech Films Ltd,GRWRHITECH,NSI,India Stocks,INR,90,0,0,2024-09-17 GMT+0530,12:30:00,,,Dividend,FIFO,,,
882,Garware Hi-tech Films Ltd,GRWRHITECH,NSI,India Stocks,INR,0,3389,46.98,2025-08-01 GMT+0530,18:41:00,,,Sell All,FIFO,,,
883,Gateway Distriparks Ltd,GATEWAY,NSI,India Stocks,INR,,,,,,,,,,,,
884,Gateway Distriparks Ltd,GATEWAY,NSI,India Stocks,INR,59,87.9,0,2024-11-08 GMT+0530,12:30:00,,,Buy,,,,
885,Gateway Distriparks Ltd,GATEWAY,NSI,India Stocks,INR,86,87.89,0,2024-11-08 GMT+0530,12:30:00,,,Buy,,,,
886,Gateway Distriparks Ltd,GATEWAY,NSI,India Stocks,INR,25,87.88,0,2024-11-08 GMT+0530,12:30:00,,,Buy,,,,
887,Gateway Distriparks Ltd,GATEWAY,NSI,India Stocks,INR,36,87.87,0,2024-11-08 GMT+0530,12:30:00,,,Buy,,,,
888,Gateway Distriparks Ltd,GATEWAY,NSI,India Stocks,INR,64,87.86,0,2024-11-08 GMT+0530,12:30:00,,,Buy,,,,
889,Gateway Distriparks Ltd,GATEWAY,NSI,India Stocks,INR,3,87.85,0,2024-11-08 GMT+0530,12:30:00,,,Buy,,,,
890,Gateway Distriparks Ltd,GATEWAY,NSI,India Stocks,INR,151,87.83,44.65,2024-11-08 GMT+0530,12:30:00,,,Buy,,,,
891,Gateway Distriparks Ltd,GATEWAY,NSI,India Stocks,INR,32,86.25,2.86,2024-11-12 GMT+0530,12:30:00,,,Buy,,,,
892,Gateway Distriparks Ltd,GATEWAY,NSI,India Stocks,INR,230,77.91,52.49,2025-01-15 GMT+0530,12:30:00,,,Sell,FIFO,,,
893,Gateway Distriparks Ltd,GATEWAY,NSI,India Stocks,INR,37,77.92,0,2025-01-15 GMT+0530,12:30:00,,,Sell,FIFO,,,
894,Gateway Distriparks Ltd,GATEWAY,NSI,India Stocks,INR,147,77.93,0,2025-01-15 GMT+0530,12:30:00,,,Sell,FIFO,,,
895,Gateway Distriparks Ltd,GATEWAY,NSI,India Stocks,INR,42,77.94,0,2025-01-15 GMT+0530,12:30:00,,,Sell,FIFO,,,
896,Ge Vernova T&d India Ltd,GVT&D,NSI,India Stocks,INR,,,,,,,,,,,,
897,Ge Vernova T&d India Ltd,GVT&D,NSI,India Stocks,INR,35,375,0,2023-10-23 GMT+0530,12:30:00,,,Buy,,,,
898,Ge Vernova T&d India Ltd,GVT&D,NSI,India Stocks,INR,16,416.55,0,2023-12-01 GMT+0530,12:30:00,,,Sell,FIFO,,,
899,Ge Vernova T&d India Ltd,GVT&D,NSI,India Stocks,INR,19,418.05,0,2023-12-01 GMT+0530,12:30:00,,,Sell,FIFO,,,
900,Ge Vernova T&d India Ltd,GVT&D,NSI,India Stocks,INR,15,2280.6,40.47,2025-06-02 GMT+0530,17:25:00,,,Buy,,,,
901,Ge Vernova T&d India Ltd,GVT&D,NSI,India Stocks,INR,1,2359,2.45,2025-06-30 GMT+0530,12:15:00,,,Buy,,,,
902,Ge Vernova T&d India Ltd,GVT&D,NSI,India Stocks,INR,1,2385.1,2.47,2025-07-29 GMT+0530,17:33:00,,,Buy,,,,
903,Ge Vernova T&d India Ltd,GVT&D,NSI,India Stocks,INR,85,2992.7,0,2025-08-22 GMT+0530,22:13:00,,,Dividend,FIFO,,,
904,Ge Vernova T&d India Ltd,GVT&D,NSI,India Stocks,INR,1,2729.9,2.83,2025-08-29 GMT+0530,15:06:00,,,Buy,,,,
905,Ge Vernova T&d India Ltd,GVT&D,NSI,India Stocks,INR,1,2945.1,3.5,2025-10-29 GMT+0530,19:54:00,,,Buy,,,,
906,Ge Vernova T&d India Ltd,GVT&D,NSI,India Stocks,INR,1,3075.5,3.19,2025-11-17 GMT+0530,11:15:00,,,Buy,,,,
907,Ge Vernova T&d India Ltd,GVT&D,NSI,India Stocks,INR,9,2841.5,0,2025-12-02 GMT+0530,11:50:00,,,Sell,FIFO,,,
908,Ge Vernova T&d India Ltd,GVT&D,NSI,India Stocks,INR,11,2841.9,74.3,2025-12-02 GMT+0530,11:51:00,,,Sell,FIFO,,,
909,General Ins Corp Of India,GICRE,NSI,India Stocks,INR,,,,,,,,,,,,
910,General Ins Corp Of India,GICRE,NSI,India Stocks,INR,29,416.95,14.54,2024-12-09 GMT+0530,12:30:00,,,Buy,,,,
911,General Ins Corp Of India,GICRE,NSI,India Stocks,INR,7,433.2,3.15,2024-12-12 GMT+0530,12:30:00,,,Buy,,,,
912,General Ins Corp Of India,GICRE,NSI,India Stocks,INR,8,415.5,3.45,2025-01-13 GMT+0530,12:30:00,,,Buy,,,,
913,General Ins Corp Of India,GICRE,NSI,India Stocks,INR,6,384,4.98,2025-02-12 GMT+0530,11:58:00,,,Buy,,,,
914,General Ins Corp Of India,GICRE,NSI,India Stocks,INR,4,384.1,0,2025-02-12 GMT+0530,11:59:00,,,Buy,,,,
915,General Ins Corp Of India,GICRE,NSI,India Stocks,INR,8,376.8,3.13,2025-03-12 GMT+0530,12:41:00,,,Buy,,,,
916,General Ins Corp Of India,GICRE,NSI,India Stocks,INR,7,430.5,3.13,2025-04-29 GMT+0530,12:03:00,,,Buy,,,,
917,General Ins Corp Of India,GICRE,NSI,India Stocks,INR,9,408.8,6.09,2025-05-29 GMT+0530,11:26:00,,,Buy,,,,
918,General Ins Corp Of India,GICRE,NSI,India Stocks,INR,3,408.75,0,2025-05-29 GMT+0530,11:26:00,,,Buy,,,,
919,General Ins Corp Of India,GICRE,NSI,India Stocks,INR,0,407.8,49.61,2025-06-02 GMT+0530,16:04:00,,,Sell All,FIFO,,,
920,Genus Power Infrastru Ltd,GENUSPOWER,NSI,India Stocks,INR,,,,,,,,,,,,
921,Genus Power Infrastru Ltd,GENUSPOWER,NSI,India Stocks,INR,127,277.8,0,2024-02-01 GMT+0530,12:30:00,,,Buy,,,,
922,Genus Power Infrastru Ltd,GENUSPOWER,NSI,India Stocks,INR,127,248.35,0,2024-03-05 GMT+0530,12:30:00,,,Sell,FIFO,,,
923,Genus Power Infrastru Ltd,GENUSPOWER,NSI,India Stocks,INR,120,224.9,0,2024-03-12 GMT+0530,12:30:00,,,Buy,,,,
924,Genus Power Infrastru Ltd,GENUSPOWER,NSI,India Stocks,INR,2,265.45,0,2024-04-12 GMT+0530,12:30:00,,,Buy,,,,
925,Genus Power Infrastru Ltd,GENUSPOWER,NSI,India Stocks,INR,11,270.3,0,2024-05-13 GMT+0530,12:30:00,,,Buy,,,,
926,Genus Power Infrastru Ltd,GENUSPOWER,NSI,India Stocks,INR,5,374.6,1.95,2024-08-12 GMT+0530,12:30:00,,,Buy,,,,
927,Genus Power Infrastru Ltd,GENUSPOWER,NSI,India Stocks,INR,1,415,0.38,2024-09-12 GMT+0530,12:30:00,,,Buy,,,,
928,Genus Power Infrastru Ltd,GENUSPOWER,NSI,India Stocks,INR,83.4,0,0,2024-09-23 GMT+0530,12:30:00,,,Dividend,FIFO,,,
929,Genus Power Infrastru Ltd,GENUSPOWER,NSI,India Stocks,INR,5,364.95,1.89,2024-10-07 GMT+0530,12:30:00,,,Buy,,,,
930,Genus Power Infrastru Ltd,GENUSPOWER,NSI,India Stocks,INR,4,397.4,1.65,2024-10-14 GMT+0530,12:30:00,,,Buy,,,,
931,Genus Power Infrastru Ltd,GENUSPOWER,NSI,India Stocks,INR,57,421.3,28.91,2024-12-10 GMT+0530,12:30:00,,,Buy,,,,
932,Genus Power Infrastru Ltd,GENUSPOWER,NSI,India Stocks,INR,2,422.5,0.88,2024-12-12 GMT+0530,12:30:00,,,Buy,,,,
933,Genus Power Infrastru Ltd,GENUSPOWER,NSI,India Stocks,INR,28,369.95,12.75,2025-01-16 GMT+0530,12:30:00,,,Buy,,,,
934,Genus Power Infrastru Ltd,GENUSPOWER,NSI,India Stocks,INR,9,291.8,2.72,2025-02-12 GMT+0530,11:56:00,,,Buy,,,,
935,Genus Power Infrastru Ltd,GENUSPOWER,NSI,India Stocks,INR,0,257.45,80.51,2025-02-17 GMT+0530,21:15:00,,,Sell All,FIFO,,,
936,Genus Power Infrastru Ltd,GENUSPOWER,NSI,India Stocks,INR,26,257.5,0,2025-02-17 GMT+0530,21:15:00,,,Sell,FIFO,,,
937,Genus Power Infrastru Ltd,GENUSPOWER,NSI,India Stocks,INR,244,276.7,80.04,2025-03-21 GMT+0530,12:13:00,,,Buy,,,,
938,Genus Power Infrastru Ltd,GENUSPOWER,NSI,India Stocks,INR,177,361.65,97.92,2025-05-23 GMT+0530,14:05:00,,,Buy,,,,
939,Genus Power Infrastru Ltd,GENUSPOWER,NSI,India Stocks,INR,5,361.85,0,2025-05-23 GMT+0530,14:05:00,,,Buy,,,,
940,Genus Power Infrastru Ltd,GENUSPOWER,NSI,India Stocks,INR,47,361.7,0,2025-05-23 GMT+0530,14:05:00,,,Buy,,,,
941,Genus Power Infrastru Ltd,GENUSPOWER,NSI,India Stocks,INR,9,353.2,3.3,2025-07-29 GMT+0530,17:29:00,,,Buy,,,,
942,Genus Power Infrastru Ltd,GENUSPOWER,NSI,India Stocks,INR,31,333.4,12.72,2025-08-29 GMT+0530,15:04:00,,,Buy,,,,
943,Genus Power Infrastru Ltd,GENUSPOWER,NSI,India Stocks,INR,1256.85,313.4,0,2025-09-19 GMT+0530,12:28:00,,,Dividend,FIFO,,,
944,Genus Power Infrastru Ltd,GENUSPOWER,NSI,India Stocks,INR,29,314.05,10.45,2025-09-29 GMT+0530,16:08:00,,,Buy,,,,
945,Genus Power Infrastru Ltd,GENUSPOWER,NSI,India Stocks,INR,6,300.25,2.14,2025-10-29 GMT+0530,19:03:00,,,Buy,,,,
946,Genus Power Infrastru Ltd,GENUSPOWER,NSI,India Stocks,INR,512,342.85,207.26,2025-11-03 GMT+0530,18:23:00,,,Buy,,,,
947,Genus Power Infrastru Ltd,GENUSPOWER,NSI,India Stocks,INR,97,296.95,0,2025-12-09 GMT+0530,19:43:00,,,Sell,FIFO,,,
948,Genus Power Infrastru Ltd,GENUSPOWER,NSI,India Stocks,INR,100,297.1,0,2025-12-09 GMT+0530,19:43:00,,,Sell,FIFO,,,
949,Genus Power Infrastru Ltd,GENUSPOWER,NSI,India Stocks,INR,220,296.9,0,2025-12-09 GMT+0530,19:43:00,,,Sell,FIFO,,,
950,Genus Power Infrastru Ltd,GENUSPOWER,NSI,India Stocks,INR,1,297.15,0,2025-12-09 GMT+0530,19:44:00,,,Sell,FIFO,,,
951,Genus Power Infrastru Ltd,GENUSPOWER,NSI,India Stocks,INR,230,297,341.86,2025-12-09 GMT+0530,19:44:00,,,Sell,FIFO,,,
952,Genus Power Infrastru Ltd,GENUSPOWER,NSI,India Stocks,INR,129,296.85,0,2025-12-09 GMT+0530,19:44:00,,,Sell,FIFO,,,
953,Genus Power Infrastru Ltd,GENUSPOWER,NSI,India Stocks,INR,5,297.2,0,2025-12-09 GMT+0530,19:45:00,,,Sell,FIFO,,,
954,Genus Power Infrastru Ltd,GENUSPOWER,NSI,India Stocks,INR,21,297.25,0,2025-12-09 GMT+0530,19:45:00,,,Sell,FIFO,,,
955,Genus Power Infrastru Ltd,GENUSPOWER,NSI,India Stocks,INR,46,297.05,0,2025-12-09 GMT+0530,19:45:00,,,Sell,FIFO,,,
956,Genus Power Infrastru Ltd,GENUSPOWER,NSI,India Stocks,INR,211,296.8,0,2025-12-09 GMT+0530,19:45:00,,,Sell,FIFO,,,
957,Genus Power Infrastru Ltd,GENUSPOWER,NSI,India Stocks,INR,40,303,14.89,2025-12-17 GMT+0530,12:10:00,,,Buy,,,,
958,Genus Power Infrastru Ltd,GENUSPOWER,NSI,India Stocks,INR,1,302.85,0,2025-12-17 GMT+0530,12:10:00,,,Buy,,,,
959,Genus Power Infrastru Ltd,GENUSPOWER,NSI,India Stocks,INR,23,286.05,27.51,2025-12-30 GMT+0530,12:56:00,,,Sell,FIFO,,,
960,Genus Power Infrastru Ltd,GENUSPOWER,NSI,India Stocks,INR,17,286.25,0,2025-12-30 GMT+0530,12:56:00,,,Sell,FIFO,,,
961,Genus Power Infrastru Ltd,GENUSPOWER,NSI,India Stocks,INR,1,286.1,0,2025-12-30 GMT+0530,12:56:00,,,Sell,FIFO,,,
962,Glenmark Pharmaceuticals,GLENMARK,NSI,India Stocks,INR,,,,,,,,,,,,
963,Glenmark Pharmaceuticals,GLENMARK,NSI,India Stocks,INR,7,752.3,0,2023-11-02 GMT+0530,12:30:00,,,Buy,,,,
964,Glenmark Pharmaceuticals,GLENMARK,NSI,India Stocks,INR,7,787.95,0,2023-12-01 GMT+0530,12:30:00,,,Sell,FIFO,,,
965,Global Health Limited,MEDANTA,NSI,India Stocks,INR,,,,,,,,,,,,
966,Global Health Limited,MEDANTA,NSI,India Stocks,INR,44,336,0,2022-11-15 GMT+0530,12:30:00,,,Buy,,,,
967,Global Health Limited,MEDANTA,NSI,India Stocks,INR,35,1246.5,0,2024-03-05 GMT+0530,12:30:00,,,Buy,,,,
968,Global Health Limited,MEDANTA,NSI,India Stocks,INR,1,1204.7,0,2024-03-12 GMT+0530,12:30:00,,,Buy,,,,
969,Global Health Limited,MEDANTA,NSI,India Stocks,INR,2,1417.55,0,2024-04-12 GMT+0530,12:30:00,,,Buy,,,,
970,Global Health Limited,MEDANTA,NSI,India Stocks,INR,8,1415.5,0,2024-05-03 GMT+0530,12:30:00,,,Buy,,,,
971,Global Health Limited,MEDANTA,NSI,India Stocks,INR,5,1229,7.39,2024-07-12 GMT+0530,12:30:00,,,Buy,,,,
972,Global Health Limited,MEDANTA,NSI,India Stocks,INR,10,1182.2,14.26,2024-12-09 GMT+0530,12:30:00,,,Buy,,,,
973,Global Health Limited,MEDANTA,NSI,India Stocks,INR,4,1119.5,5.65,2024-12-12 GMT+0530,12:30:00,,,Buy,,,,
974,Global Health Limited,MEDANTA,NSI,India Stocks,INR,3,1048.7,3.26,2025-01-13 GMT+0530,12:30:00,,,Buy,,,,
975,Global Health Limited,MEDANTA,NSI,India Stocks,INR,2,1096.4,2.27,2025-02-12 GMT+0530,12:09:00,,,Buy,,,,
976,Global Health Limited,MEDANTA,NSI,India Stocks,INR,1,1168.7,1.21,2025-03-12 GMT+0530,12:54:00,,,Buy,,,,
977,Global Health Limited,MEDANTA,NSI,India Stocks,INR,5,1200.4,7.23,2025-04-29 GMT+0530,12:09:00,,,Buy,,,,
978,Global Health Limited,MEDANTA,NSI,India Stocks,INR,3,1196.8,4.72,2025-05-29 GMT+0530,11:39:00,,,Buy,,,,
979,Global Health Limited,MEDANTA,NSI,India Stocks,INR,13,1213.4,0,2025-06-02 GMT+0530,16:14:00,,,Sell,FIFO,,,
980,Global Health Limited,MEDANTA,NSI,India Stocks,INR,15,1213.1,50.58,2025-06-02 GMT+0530,16:15:00,,,Sell,FIFO,,,
981,Global Health Limited,MEDANTA,NSI,India Stocks,INR,20,1418.9,33.44,2025-08-08 GMT+0530,12:22:00,,,Buy,,,,
982,Global Health Limited,MEDANTA,NSI,India Stocks,INR,57.5,1386.4,0,2025-08-22 GMT+0530,23:22:00,,,Dividend,FIFO,,,
983,Global Health Limited,MEDANTA,NSI,India Stocks,INR,2,1395.8,2.9,2025-08-29 GMT+0530,15:51:00,,,Buy,,,,
984,Global Health Limited,MEDANTA,NSI,India Stocks,INR,12,1376.4,19.13,2025-09-09 GMT+0530,20:26:00,,,Buy,,,,
985,Global Health Limited,MEDANTA,NSI,India Stocks,INR,4,1307,6.42,2025-09-29 GMT+0530,16:28:00,,,Buy,,,,
986,Global Health Limited,MEDANTA,NSI,India Stocks,INR,3,1361.1,6.46,2025-10-29 GMT+0530,20:01:00,,,Buy,,,,
987,Global Health Limited,MEDANTA,NSI,India Stocks,INR,1,1361,0,2025-10-29 GMT+0530,20:01:00,,,Buy,,,,
988,Global Health Limited,MEDANTA,NSI,India Stocks,INR,18,1306.5,0,2025-11-03 GMT+0530,18:00:00,,,Sell,FIFO,,,
989,Global Health Limited,MEDANTA,NSI,India Stocks,INR,16,1306.9,0,2025-11-03 GMT+0530,18:00:00,,,Sell,FIFO,,,
990,Global Health Limited,MEDANTA,NSI,India Stocks,INR,33,1306.1,0,2025-11-03 GMT+0530,18:01:00,,,Sell,FIFO,,,
991,Global Health Limited,MEDANTA,NSI,India Stocks,INR,3,1306.2,0,2025-11-03 GMT+0530,18:01:00,,,Sell,FIFO,,,
992,Global Health Limited,MEDANTA,NSI,India Stocks,INR,61,1306,200.99,2025-11-03 GMT+0530,18:01:00,,,Sell,FIFO,,,
993,Global Health Limited,MEDANTA,NSI,India Stocks,INR,2,1306.4,0,2025-11-03 GMT+0530,18:02:00,,,Sell,FIFO,,,
994,Global Health Limited,MEDANTA,NSI,India Stocks,INR,4,1306.3,0,2025-11-03 GMT+0530,18:02:00,,,Sell,FIFO,,,
995,Godawari Pow & Isp Ltd,GPIL,NSI,India Stocks,INR,,,,,,,,,,,,
996,Godawari Pow & Isp Ltd,GPIL,NSI,India Stocks,INR,185,53.6,0,2022-10-24 GMT+0530,12:30:00,,,Buy,,,,
997,Godawari Pow & Isp Ltd,GPIL,NSI,India Stocks,INR,5,54.3,0,2022-11-02 GMT+0530,12:30:00,,,Buy,,,,
998,Godawari Pow & Isp Ltd,GPIL,NSI,India Stocks,INR,5,64.12,0,2022-12-01 GMT+0530,12:30:00,,,Buy,,,,
999,Godawari Pow & Isp Ltd,GPIL,NSI,India Stocks,INR,70,100,0,2023-04-24 GMT+0530,12:30:00,,,Sell,FIFO,,,
1000,Godawari Pow & Isp Ltd,GPIL,NSI,India Stocks,INR,100,0,0,2023-08-18 GMT+0530,12:30:00,,,Dividend,FIFO,,,
1001,Godawari Pow & Isp Ltd,GPIL,NSI,India Stocks,INR,125,0,0,2024-08-16 GMT+0530,12:30:00,,,Dividend,FIFO,,,
1002,Godawari Pow & Isp Ltd,GPIL,NSI,India Stocks,INR,31.25,0,0,2024-08-16 GMT+0530,12:30:00,,,Dividend,FIFO,,,
1003,Godawari Pow & Isp Ltd,GPIL,NSI,India Stocks,INR,0,152.85,0,2025-03-03 GMT+0530,18:41:00,,,Sell All,FIFO,,,
1004,Godawari Pow & Isp Ltd,GPIL,NSI,India Stocks,INR,5,152.8,0,2025-03-03 GMT+0530,18:41:00,,,Sell,FIFO,,,
1005,Godawari Pow & Isp Ltd,GPIL,NSI,India Stocks,INR,115,152.75,35.3,2025-03-03 GMT+0530,18:41:00,,,Sell,FIFO,,,
1006,Gokaldas Exports Ltd.,GOKEX,NSI,India Stocks,INR,,,,,,,,,,,,
1007,Gokaldas Exports Ltd.,GOKEX,NSI,India Stocks,INR,6,375.1,0,2023-05-03 GMT+0530,12:30:00,,,Buy,,,,
1008,Gokaldas Exports Ltd.,GOKEX,NSI,India Stocks,INR,4,388,0,2023-05-12 GMT+0530,12:30:00,,,Buy,,,,
1009,Gokaldas Exports Ltd.,GOKEX,NSI,India Stocks,INR,2,479.2,0,2023-06-12 GMT+0530,12:30:00,,,Buy,,,,
1010,Gokaldas Exports Ltd.,GOKEX,NSI,India Stocks,INR,5,527.75,0,2023-07-13 GMT+0530,12:30:00,,,Buy,,,,
1011,Gokaldas Exports Ltd.,GOKEX,NSI,India Stocks,INR,3,527.55,0,2023-07-13 GMT+0530,12:30:00,,,Buy,,,,
1012,Gokaldas Exports Ltd.,GOKEX,NSI,India Stocks,INR,2,512.5,0,2023-08-14 GMT+0530,12:30:00,,,Buy,,,,
1013,Gokaldas Exports Ltd.,GOKEX,NSI,India Stocks,INR,3,512.25,0,2023-08-14 GMT+0530,12:30:00,,,Buy,,,,
1014,Gokaldas Exports Ltd.,GOKEX,NSI,India Stocks,INR,2,840.55,0,2023-10-12 GMT+0530,12:30:00,,,Buy,,,,
1015,Gokaldas Exports Ltd.,GOKEX,NSI,India Stocks,INR,1,772.85,0,2025-03-03 GMT+0530,18:33:00,,,Sell,FIFO,,,
1016,Gokaldas Exports Ltd.,GOKEX,NSI,India Stocks,INR,0,772.9,36.99,2025-03-03 GMT+0530,18:34:00,,,Sell All,FIFO,,,
1017,Goodluck India Limited,GOODLUCK,NSI,India Stocks,INR,,,,,,,,,,,,
1018,Goodluck India Limited,GOODLUCK,NSI,India Stocks,INR,10,568.2,0,2023-08-17 GMT+0530,12:30:00,,,Buy,,,,
1019,Goodluck India Limited,GOODLUCK,NSI,India Stocks,INR,4,568.15,0,2023-08-17 GMT+0530,12:30:00,,,Buy,,,,
1020,Goodluck India Limited,GOODLUCK,NSI,India Stocks,INR,8,568,0,2023-08-17 GMT+0530,12:30:00,,,Buy,,,,
1021,Goodluck India Limited,GOODLUCK,NSI,India Stocks,INR,2,581.9,0,2023-09-12 GMT+0530,12:30:00,,,Buy,,,,
1022,Goodluck India Limited,GOODLUCK,NSI,India Stocks,INR,60,0,0,2023-09-22 GMT+0530,12:30:00,,,Dividend,FIFO,,,
1023,Goodluck India Limited,GOODLUCK,NSI,India Stocks,INR,2,774.35,0,2023-10-12 GMT+0530,12:30:00,,,Buy,,,,
1024,Goodluck India Limited,GOODLUCK,NSI,India Stocks,INR,78,0,0,2024-02-14 GMT+0530,12:30:00,,,Dividend,FIFO,,,
1025,Goodluck India Limited,GOODLUCK,NSI,India Stocks,INR,52,0,0,2024-04-12 GMT+0530,12:30:00,,,Dividend,FIFO,,,
1026,Goodluck India Limited,GOODLUCK,NSI,India Stocks,INR,26,0,0,2024-09-20 GMT+0530,12:30:00,,,Dividend,FIFO,,,
1027,Goodluck India Limited,GOODLUCK,NSI,India Stocks,INR,8,616.05,31.96,2025-03-03 GMT+0530,18:37:00,,,Sell,FIFO,,,
1028,Goodluck India Limited,GOODLUCK,NSI,India Stocks,INR,1,615.95,0,2025-03-03 GMT+0530,18:37:00,,,Sell,FIFO,,,
1029,Goodluck India Limited,GOODLUCK,NSI,India Stocks,INR,1,616.6,0,2025-03-03 GMT+0530,18:38:00,,,Sell,FIFO,,,
1030,Goodluck India Limited,GOODLUCK,NSI,India Stocks,INR,4,616.55,0,2025-03-03 GMT+0530,18:38:00,,,Sell,FIFO,,,
1031,Goodluck India Limited,GOODLUCK,NSI,India Stocks,INR,7,616.35,0,2025-03-03 GMT+0530,18:38:00,,,Sell,FIFO,,,
1032,Goodluck India Limited,GOODLUCK,NSI,India Stocks,INR,4,616.3,0,2025-03-03 GMT+0530,18:38:00,,,Sell,FIFO,,,
1033,Goodluck India Limited,GOODLUCK,NSI,India Stocks,INR,0,616.65,0,2025-03-03 GMT+0530,18:39:00,,,Sell All,FIFO,,,
1034,Gravita India Limited,GRAVITA,NSI,India Stocks,INR,,,,,,,,,,,,
1035,Gravita India Limited,GRAVITA,NSI,India Stocks,INR,30,358.75,0,2022-11-23 GMT+0530,12:30:00,,,Buy,,,,
1036,Gravita India Limited,GRAVITA,NSI,India Stocks,INR,1,363.3,0,2022-12-01 GMT+0530,12:30:00,,,Buy,,,,
1037,Gravita India Limited,GRAVITA,NSI,India Stocks,INR,1,467.8,0,2023-03-13 GMT+0530,12:30:00,,,Buy,,,,
1038,Gravita India Limited,GRAVITA,NSI,India Stocks,INR,2,467.9,0,2023-03-13 GMT+0530,12:30:00,,,Buy,,,,
1039,Gravita India Limited,GRAVITA,NSI,India Stocks,INR,2,494.5,0,2023-04-03 GMT+0530,12:30:00,,,Buy,,,,
1040,Gravita India Limited,GRAVITA,NSI,India Stocks,INR,3,563,0,2023-05-03 GMT+0530,12:30:00,,,Buy,,,,
1041,Gravita India Limited,GRAVITA,NSI,India Stocks,INR,2,573.3,0,2023-05-12 GMT+0530,12:30:00,,,Buy,,,,
1042,Gravita India Limited,GRAVITA,NSI,India Stocks,INR,2,592.4,0,2023-06-12 GMT+0530,12:30:00,,,Buy,,,,
1043,Gravita India Limited,GRAVITA,NSI,India Stocks,INR,6,629.4,0,2023-07-13 GMT+0530,12:30:00,,,Buy,,,,
1044,Gravita India Limited,GRAVITA,NSI,India Stocks,INR,3,630,0,2023-07-13 GMT+0530,12:30:00,,,Buy,,,,
1045,Gravita India Limited,GRAVITA,NSI,India Stocks,INR,1,630.6,0,2023-07-13 GMT+0530,12:30:00,,,Buy,,,,
1046,Gravita India Limited,GRAVITA,NSI,India Stocks,INR,2,630.75,0,2023-07-13 GMT+0530,12:30:00,,,Buy,,,,
1047,Gravita India Limited,GRAVITA,NSI,India Stocks,INR,1,697.75,0,2023-08-14 GMT+0530,12:30:00,,,Buy,,,,
1048,Gravita India Limited,GRAVITA,NSI,India Stocks,INR,243.6,0,0,2023-09-04 GMT+0530,12:30:00,,,Dividend,FIFO,,,
1049,Gravita India Limited,GRAVITA,NSI,India Stocks,INR,1,768.15,0,2023-09-12 GMT+0530,12:30:00,,,Buy,,,,
1050,Gravita India Limited,GRAVITA,NSI,India Stocks,INR,1,893.85,0,2023-10-12 GMT+0530,12:30:00,,,Buy,,,,
1051,Gravita India Limited,GRAVITA,NSI,India Stocks,INR,5,1070.8,0,2023-12-12 GMT+0530,12:30:00,,,Buy,,,,
1052,Gravita India Limited,GRAVITA,NSI,India Stocks,INR,6,1018,0,2024-01-12 GMT+0530,12:30:00,,,Buy,,,,
1053,Gravita India Limited,GRAVITA,NSI,India Stocks,INR,15,891,0,2024-02-01 GMT+0530,12:30:00,,,Sell,FIFO,,,
1054,Gravita India Limited,GRAVITA,NSI,India Stocks,INR,54,874.05,0,2024-02-01 GMT+0530,12:30:00,,,Sell,FIFO,,,
1055,Gravita India Limited,GRAVITA,NSI,India Stocks,INR,5,1696.8,9.8,2026-04-20 GMT+0530,16:32:00,,,Buy,,,,
1056,Greaves Cotton Ltd.,GREAVESCOT,NSI,India Stocks,INR,,,,,,,,,,,,
1057,Greaves Cotton Ltd.,GREAVESCOT,NSI,India Stocks,INR,140,154.95,0,2023-05-18 GMT+0530,12:30:00,,,Buy,,,,
1058,Greaves Cotton Ltd.,GREAVESCOT,NSI,India Stocks,INR,31,135.65,0,2023-06-12 GMT+0530,12:30:00,,,Buy,,,,
1059,Greaves Cotton Ltd.,GREAVESCOT,NSI,India Stocks,INR,34,137,0,2023-07-13 GMT+0530,12:30:00,,,Buy,,,,
1060,Greaves Cotton Ltd.,GREAVESCOT,NSI,India Stocks,INR,201,136.25,0,2023-07-24 GMT+0530,12:30:00,,,Sell,FIFO,,,
1061,Greaves Cotton Ltd.,GREAVESCOT,NSI,India Stocks,INR,4,136.3,0,2023-07-24 GMT+0530,12:30:00,,,Sell,FIFO,,,
1062,Gujarat Pipavav Port Ltd,GPPL,NSI,India Stocks,INR,,,,,,,,,,,,
1063,Gujarat Pipavav Port Ltd,GPPL,NSI,India Stocks,INR,43,123.85,0,2023-10-23 GMT+0530,12:30:00,,,Buy,,,,
1064,Gujarat Pipavav Port Ltd,GPPL,NSI,India Stocks,INR,43,123,0,2023-11-02 GMT+0530,12:30:00,,,Sell,FIFO,,,
1065,Hbl Engineering Ltd,HBLENGINE,NSI,India Stocks,INR,,,,,,,,,,,,
1066,Hbl Engineering Ltd,HBLENGINE,NSI,India Stocks,INR,26,153.4,0,2023-06-21 GMT+0530,12:30:00,,,Buy,,,,
1067,Hbl Engineering Ltd,HBLENGINE,NSI,India Stocks,INR,10,163.45,0,2023-07-13 GMT+0530,12:30:00,,,Buy,,,,
1068,Hbl Engineering Ltd,HBLENGINE,NSI,India Stocks,INR,5,163.55,0,2023-07-13 GMT+0530,12:30:00,,,Buy,,,,
1069,Hbl Engineering Ltd,HBLENGINE,NSI,India Stocks,INR,3,229.05,0,2023-08-14 GMT+0530,12:30:00,,,Buy,,,,
1070,Hbl Engineering Ltd,HBLENGINE,NSI,India Stocks,INR,6,250.4,0,2023-09-12 GMT+0530,12:30:00,,,Buy,,,,
1071,Hbl Engineering Ltd,HBLENGINE,NSI,India Stocks,INR,22.5,0,0,2023-09-15 GMT+0530,12:30:00,,,Dividend,FIFO,,,
1072,Hbl Engineering Ltd,HBLENGINE,NSI,India Stocks,INR,4,302,0,2023-10-12 GMT+0530,12:30:00,,,Buy,,,,
1073,Hbl Engineering Ltd,HBLENGINE,NSI,India Stocks,INR,27,0,0,2024-09-13 GMT+0530,12:30:00,,,Dividend,FIFO,,,
1074,Hbl Engineering Ltd,HBLENGINE,NSI,India Stocks,INR,186,584.95,194.44,2025-01-30 GMT+0530,19:12:00,,,Buy,,,,
1075,Hbl Engineering Ltd,HBLENGINE,NSI,India Stocks,INR,94,584.65,0,2025-01-30 GMT+0530,19:13:00,,,Buy,,,,
1076,Hbl Engineering Ltd,HBLENGINE,NSI,India Stocks,INR,11,504.95,6.76,2025-02-12 GMT+0530,12:00:00,,,Buy,,,,
1077,Hbl Engineering Ltd,HBLENGINE,NSI,India Stocks,INR,340,476.3,187.13,2025-02-17 GMT+0530,21:17:00,,,Sell,FIFO,,,
1078,Hbl Engineering Ltd,HBLENGINE,NSI,India Stocks,INR,0,476.5,0,2025-02-17 GMT+0530,21:18:00,,,Sell All,FIFO,,,
1079,Hbl Engineering Ltd,HBLENGINE,NSI,India Stocks,INR,345,464.1,190.1,2025-03-21 GMT+0530,12:13:00,,,Buy,,,,
1080,Hbl Engineering Ltd,HBLENGINE,NSI,India Stocks,INR,5,565.3,2.93,2025-07-29 GMT+0530,17:35:00,,,Buy,,,,
1081,Hbl Engineering Ltd,HBLENGINE,NSI,India Stocks,INR,350,911.35,0,2025-09-12 GMT+0530,09:49:00,,,Dividend,FIFO,,,
1082,Hbl Engineering Ltd,HBLENGINE,NSI,India Stocks,INR,10,843.1,0,2025-12-03 GMT+0530,12:06:00,,,Sell,FIFO,,,
1083,Hbl Engineering Ltd,HBLENGINE,NSI,India Stocks,INR,30,843.2,0,2025-12-03 GMT+0530,12:07:00,,,Sell,FIFO,,,
1084,Hbl Engineering Ltd,HBLENGINE,NSI,India Stocks,INR,200,843.35,323.76,2025-12-03 GMT+0530,12:07:00,,,Sell,FIFO,,,
1085,Hbl Engineering Ltd,HBLENGINE,NSI,India Stocks,INR,70,843.3,0,2025-12-03 GMT+0530,12:08:00,,,Sell,FIFO,,,
1086,Hbl Engineering Ltd,HBLENGINE,NSI,India Stocks,INR,40,843.05,0,2025-12-03 GMT+0530,12:08:00,,,Sell,FIFO,,,
1087,Hbl Engineering Ltd,HBLENGINE,NSI,India Stocks,INR,350,942.55,389.97,2026-01-05 GMT+0530,18:35:00,,,Buy,,,,
1088,Hbl Engineering Ltd,HBLENGINE,NSI,India Stocks,INR,142,785,132.64,2026-02-03 GMT+0530,19:46:00,,,Buy,,,,
1089,Hbl Engineering Ltd,HBLENGINE,NSI,India Stocks,INR,984,0,0,2026-02-13 GMT+0530,18:02:00,,,Dividend,FIFO,,,
1090,Hbl Engineering Ltd,HBLENGINE,NSI,India Stocks,INR,35,724.95,31.06,2026-02-23 GMT+0530,20:14:00,,,Buy,,,,
1091,Hbl Engineering Ltd,HBLENGINE,NSI,India Stocks,INR,147,663.25,0,2026-03-12 GMT+0530,16:21:00,,,Sell,FIFO,,,
1092,Hbl Engineering Ltd,HBLENGINE,NSI,India Stocks,INR,322,663.2,380.73,2026-03-12 GMT+0530,16:22:00,,,Sell,FIFO,,,
1093,Hbl Engineering Ltd,HBLENGINE,NSI,India Stocks,INR,18,663.15,0,2026-03-12 GMT+0530,16:22:00,,,Sell,FIFO,,,
1094,Hbl Engineering Ltd,HBLENGINE,NSI,India Stocks,INR,18,663.1,0,2026-03-12 GMT+0530,16:22:00,,,Sell,FIFO,,,
1095,Hbl Engineering Ltd,HBLENGINE,NSI,India Stocks,INR,16,663.05,0,2026-03-12 GMT+0530,16:22:00,,,Sell,FIFO,,,
1096,Hbl Engineering Ltd,HBLENGINE,NSI,India Stocks,INR,6,663,0,2026-03-12 GMT+0530,16:23:00,,,Sell,FIFO,,,
1097,Hbl Engineering Ltd,HBLENGINE,NSI,India Stocks,INR,81,766.15,73.38,2026-04-15 GMT+0530,20:17:00,,,Buy,,,,
1098,Hbl Engineering Ltd,HBLENGINE,NSI,India Stocks,INR,18,750.55,0,2026-05-20 GMT+0530,19:42:00,,,Buy,,,,
1099,Hbl Engineering Ltd,HBLENGINE,NSI,India Stocks,INR,5,750.7,0,2026-05-20 GMT+0530,19:43:00,,,Buy,,,,
1100,Hbl Engineering Ltd,HBLENGINE,NSI,India Stocks,INR,34,750.6,50.38,2026-05-20 GMT+0530,19:43:00,,,Buy,,,,
1101,Hbl Engineering Ltd,HBLENGINE,NSI,India Stocks,INR,3,793.65,3.29,2026-05-22 GMT+0530,14:12:00,,,Buy,,,,
1102,Hbl Engineering Ltd,HBLENGINE,NSI,India Stocks,INR,1,793.75,0,2026-05-22 GMT+0530,14:13:00,,,Buy,,,,
1103,Hbl Engineering Ltd,HBLENGINE,NSI,India Stocks,INR,28,819.55,26.81,2026-06-22 GMT+0530,19:22:00,,,Buy,,,,
1104,Hbl Engineering Ltd,HBLENGINE,NSI,India Stocks,INR,26,722.3,30.23,2026-07-22 GMT+0530,21:16:00,,,Buy,,,,
1105,Hbl Engineering Ltd,HBLENGINE,NSI,India Stocks,INR,9,722.25,0,2026-07-22 GMT+0530,21:17:00,,,Buy,,,,
1106,Hcl Technologies Ltd,HCLTECH,NSI,India Stocks,INR,,,,,,,,,,,,
1107,Hcl Technologies Ltd,HCLTECH,NSI,India Stocks,INR,3,1915,6.96,2024-12-09 GMT+0530,12:30:00,,,Buy,,,,
1108,Hcl Technologies Ltd,HCLTECH,NSI,India Stocks,INR,1,1934.8,2.01,2024-12-12 GMT+0530,12:30:00,,,Buy,,,,
1109,Hcl Technologies Ltd,HCLTECH,NSI,India Stocks,INR,1,1994.35,2.07,2025-01-13 GMT+0530,12:30:00,,,Buy,,,,
1110,Hcl Technologies Ltd,HCLTECH,NSI,India Stocks,INR,90,1792.85,0,2025-01-17 GMT+0530,15:14:00,,,Dividend,FIFO,,,
1111,Hcl Technologies Ltd,HCLTECH,NSI,India Stocks,INR,1,1717.45,1.78,2025-02-12 GMT+0530,12:02:00,,,Buy,,,,
1112,Hcl Technologies Ltd,HCLTECH,NSI,India Stocks,INR,1,1516.65,1.57,2025-03-12 GMT+0530,12:43:00,,,Buy,,,,
1113,Hcl Technologies Ltd,HCLTECH,NSI,India Stocks,INR,126,1576.2,0,2025-04-28 GMT+0530,15:19:00,,,Dividend,FIFO,,,
1114,Hcl Technologies Ltd,HCLTECH,NSI,India Stocks,INR,1,1552.9,1.61,2025-04-29 GMT+0530,12:04:00,,,Buy,,,,
1115,Hcl Technologies Ltd,HCLTECH,NSI,India Stocks,INR,2,1661.1,3.45,2025-05-29 GMT+0530,11:27:00,,,Buy,,,,
1116,Hcl Technologies Ltd,HCLTECH,NSI,India Stocks,INR,1,1722,1.79,2025-06-30 GMT+0530,12:17:00,,,Buy,,,,
1117,Hcl Technologies Ltd,HCLTECH,NSI,India Stocks,INR,132,1466.1,0,2025-07-18 GMT+0530,19:30:00,,,Dividend,FIFO,,,
1118,Hcl Technologies Ltd,HCLTECH,NSI,India Stocks,INR,3,1474,5.59,2025-07-29 GMT+0530,17:37:00,,,Buy,,,,
1119,Hcl Technologies Ltd,HCLTECH,NSI,India Stocks,INR,0,1460.3,36.55,2025-08-29 GMT+0530,15:08:00,,,Sell All,FIFO,,,
1120,Hdfc Bank Ltd,HDFCBANK,NSI,India Stocks,INR,,,,,,,,,,,,
1121,Hdfc Bank Ltd,HDFCBANK,NSI,India Stocks,INR,3,1422.08,0,2022-10-24 GMT+0530,12:30:00,,,Buy,,,,
1122,Hdfc Bank Ltd,HDFCBANK,NSI,India Stocks,INR,1,1606.07,0,2022-12-01 GMT+0530,12:30:00,,,Buy,,,,
1123,Hdfc Bank Ltd,HDFCBANK,NSI,India Stocks,INR,1,1542.38,0,2022-12-01 GMT+0530,12:30:00,,,Buy,,,,
1124,Hdfc Bank Ltd,HDFCBANK,NSI,India Stocks,INR,1,1549.17,0,2023-03-13 GMT+0530,12:30:00,,,Buy,,,,
1125,Hdfc Bank Ltd,HDFCBANK,NSI,India Stocks,INR,176,0,0,2023-05-16 GMT+0530,12:30:00,,,Dividend,FIFO,,,
1126,Hdfc Bank Ltd,HDFCBANK,NSI,India Stocks,INR,1,1575.68,0,2023-06-12 GMT+0530,12:30:00,,,Buy,,,,
1127,Hdfc Bank Ltd,HDFCBANK,NSI,India Stocks,INR,1,1561.85,0,2023-06-12 GMT+0530,12:30:00,,,Buy,,,,
1128,Hdfc Bank Ltd,HDFCBANK,NSI,India Stocks,INR,604.6,0,0,2023-07-13 GMT+0530,12:30:00,,,Dividend,FIFO,,,
1129,Hdfc Bank Ltd,HDFCBANK,NSI,India Stocks,INR,3,1433.45,0,2024-03-05 GMT+0530,12:30:00,,,Sell,FIFO,,,
1130,Hdfc Bank Ltd,HDFCBANK,NSI,India Stocks,INR,5,1433.4,0,2024-03-05 GMT+0530,12:30:00,,,Sell,FIFO,,,
1131,Hindustan Petroleum Corp,HINDPETRO,NSI,India Stocks,INR,,,,,,,,,,,,
1132,Hindustan Petroleum Corp,HINDPETRO,NSI,India Stocks,INR,15,527.45,0,2024-03-05 GMT+0530,12:30:00,,,Buy,,,,
1133,Hindustan Petroleum Corp,HINDPETRO,NSI,India Stocks,INR,15,476.1,0,2024-03-28 GMT+0530,12:30:00,,,Sell,FIFO,,,
1134,Hindustan Unilever Ltd.,HINDUNILVR,NSI,India Stocks,INR,,,,,,,,,,,,
1135,Hindustan Unilever Ltd.,HINDUNILVR,NSI,India Stocks,INR,2,2599.75,0,2022-10-24 GMT+0530,12:30:00,,,Buy,,,,
1136,Hindustan Unilever Ltd.,HINDUNILVR,NSI,India Stocks,INR,34,0,0,2022-11-01 GMT+0530,12:30:00,,,Dividend,FIFO,,,
1137,Hindustan Unilever Ltd.,HINDUNILVR,NSI,India Stocks,INR,1,2575.35,0,2023-01-12 GMT+0530,12:30:00,,,Buy,,,,
1138,Hindustan Unilever Ltd.,HINDUNILVR,NSI,India Stocks,INR,1,2466.4,0,2023-03-13 GMT+0530,12:30:00,,,Buy,,,,
1139,Hindustan Unilever Ltd.,HINDUNILVR,NSI,India Stocks,INR,1,2645.7,0,2023-06-12 GMT+0530,12:30:00,,,Buy,,,,
1140,Hindustan Unilever Ltd.,HINDUNILVR,NSI,India Stocks,INR,110,0,0,2023-06-19 GMT+0530,12:30:00,,,Dividend,FIFO,,,
1141,Hindustan Unilever Ltd.,HINDUNILVR,NSI,India Stocks,INR,1,2668,0,2023-07-13 GMT+0530,12:30:00,,,Buy,,,,
1142,Hindustan Unilever Ltd.,HINDUNILVR,NSI,India Stocks,INR,1,2505.45,0,2023-09-12 GMT+0530,12:30:00,,,Buy,,,,
1143,Hindustan Unilever Ltd.,HINDUNILVR,NSI,India Stocks,INR,126,0,0,2023-11-02 GMT+0530,12:30:00,,,Dividend,FIFO,,,
1144,Hindustan Unilever Ltd.,HINDUNILVR,NSI,India Stocks,INR,3,2400.05,0,2024-03-05 GMT+0530,12:30:00,,,Sell,FIFO,,,
1145,Hindustan Unilever Ltd.,HINDUNILVR,NSI,India Stocks,INR,4,2400.8,0,2024-03-05 GMT+0530,12:30:00,,,Sell,FIFO,,,
1146,Hindustan Zinc Limited,HINDZINC,NSI,India Stocks,INR,,,,,,,,,,,,
1147,Hindustan Zinc Limited,HINDZINC,NSI,India Stocks,INR,28,698.25,0,2024-06-03 GMT+0530,12:30:00,,,Buy,,,,
1148,Hindustan Zinc Limited,HINDZINC,NSI,India Stocks,INR,1,692.45,0.8,2024-06-12 GMT+0530,12:30:00,,,Buy,,,,
1149,Hindustan Zinc Limited,HINDZINC,NSI,India Stocks,INR,3,671.15,2.09,2024-07-12 GMT+0530,12:30:00,,,Buy,,,,
1150,Hindustan Zinc Limited,HINDZINC,NSI,India Stocks,INR,608,0,0,2024-08-28 GMT+0530,12:30:00,,,Dividend,FIFO,,,
1151,Hindustan Zinc Limited,HINDZINC,NSI,India Stocks,INR,32,510.9,32.3,2024-10-25 GMT+0530,12:30:00,,,Sell,FIFO,,,
1152,Hindware Hme Inovaton Ltd,HINDWAREAP,NSI,India Stocks,INR,,,,,,,,,,,,
1153,Hindware Hme Inovaton Ltd,HINDWAREAP,NSI,India Stocks,INR,31,361.8,0,2022-10-24 GMT+0530,12:30:00,,,Buy,,,,
1154,Hindware Hme Inovaton Ltd,HINDWAREAP,NSI,India Stocks,INR,2,359.45,0,2022-11-02 GMT+0530,12:30:00,,,Buy,,,,
1155,Hindware Hme Inovaton Ltd,HINDWAREAP,NSI,India Stocks,INR,1,345.05,0,2022-12-01 GMT+0530,12:30:00,,,Buy,,,,
1156,Hindware Hme Inovaton Ltd,HINDWAREAP,NSI,India Stocks,INR,1,345,0,2022-12-01 GMT+0530,12:30:00,,,Buy,,,,
1157,Hindware Hme Inovaton Ltd,HINDWAREAP,NSI,India Stocks,INR,1,353.1,0,2023-03-13 GMT+0530,12:30:00,,,Buy,,,,
1158,Hindware Hme Inovaton Ltd,HINDWAREAP,NSI,India Stocks,INR,3,353.05,0,2023-03-13 GMT+0530,12:30:00,,,Buy,,,,
1159,Hindware Hme Inovaton Ltd,HINDWAREAP,NSI,India Stocks,INR,10,521.7,0,2023-06-21 GMT+0530,12:30:00,,,Buy,,,,
1160,Hindware Hme Inovaton Ltd,HINDWAREAP,NSI,India Stocks,INR,4,560.75,0,2023-07-13 GMT+0530,12:30:00,,,Buy,,,,
1161,Hindware Hme Inovaton Ltd,HINDWAREAP,NSI,India Stocks,INR,2,560.6,0,2023-07-13 GMT+0530,12:30:00,,,Buy,,,,
1162,Hindware Hme Inovaton Ltd,HINDWAREAP,NSI,India Stocks,INR,1,526,0,2023-08-14 GMT+0530,12:30:00,,,Buy,,,,
1163,Hindware Hme Inovaton Ltd,HINDWAREAP,NSI,India Stocks,INR,3,529.1,0,2023-08-14 GMT+0530,12:30:00,,,Buy,,,,
1164,Hindware Hme Inovaton Ltd,HINDWAREAP,NSI,India Stocks,INR,1,559.45,0,2023-09-12 GMT+0530,12:30:00,,,Buy,,,,
1165,Hindware Hme Inovaton Ltd,HINDWAREAP,NSI,India Stocks,INR,30,0,0,2023-09-20 GMT+0530,12:30:00,,,Dividend,FIFO,,,
1166,Hindware Hme Inovaton Ltd,HINDWAREAP,NSI,India Stocks,INR,2,533.1,0,2023-10-12 GMT+0530,12:30:00,,,Buy,,,,
1167,Hindware Hme Inovaton Ltd,HINDWAREAP,NSI,India Stocks,INR,31,499.15,0,2023-10-23 GMT+0530,12:30:00,,,Sell,FIFO,,,
1168,Hindware Hme Inovaton Ltd,HINDWAREAP,NSI,India Stocks,INR,8,499.2,0,2023-10-23 GMT+0530,12:30:00,,,Sell,FIFO,,,
1169,Hindware Hme Inovaton Ltd,HINDWAREAP,NSI,India Stocks,INR,23,388.35,0,2024-03-05 GMT+0530,12:30:00,,,Sell,FIFO,,,
1170,Hpl Electric & Power Ltd,HPL,NSI,India Stocks,INR,,,,,,,,,,,,
1171,Hpl Electric & Power Ltd,HPL,NSI,India Stocks,INR,79,300.05,0,2024-02-01 GMT+0530,12:30:00,,,Buy,,,,
1172,Hpl Electric & Power Ltd,HPL,NSI,India Stocks,INR,4,329.65,0,2024-04-12 GMT+0530,12:30:00,,,Buy,,,,
1173,Hpl Electric & Power Ltd,HPL,NSI,India Stocks,INR,2,613.8,1.28,2024-08-12 GMT+0530,12:30:00,,,Buy,,,,
1174,Hpl Electric & Power Ltd,HPL,NSI,India Stocks,INR,1,573.85,0,2024-09-12 GMT+0530,12:30:00,,,Buy,,,,
1175,Hpl Electric & Power Ltd,HPL,NSI,India Stocks,INR,3,573.8,2.39,2024-09-12 GMT+0530,12:30:00,,,Buy,,,,
1176,Hpl Electric & Power Ltd,HPL,NSI,India Stocks,INR,89,0,0,2024-09-23 GMT+0530,12:30:00,,,Dividend,FIFO,,,
1177,Hpl Electric & Power Ltd,HPL,NSI,India Stocks,INR,4,529.8,2.2,2024-10-07 GMT+0530,12:30:00,,,Buy,,,,
1178,Hpl Electric & Power Ltd,HPL,NSI,India Stocks,INR,2,556.15,1.15,2024-10-14 GMT+0530,12:30:00,,,Buy,,,,
1179,Hpl Electric & Power Ltd,HPL,NSI,India Stocks,INR,21,506.4,39.16,2024-10-29 GMT+0530,12:30:00,,,Buy,,,,
1180,Hpl Electric & Power Ltd,HPL,NSI,India Stocks,INR,10,506.5,0,2024-10-29 GMT+0530,12:30:00,,,Buy,,,,
1181,Hpl Electric & Power Ltd,HPL,NSI,India Stocks,INR,20,506.65,0,2024-10-29 GMT+0530,12:30:00,,,Buy,,,,
1182,Hpl Electric & Power Ltd,HPL,NSI,India Stocks,INR,14,506.7,0,2024-10-29 GMT+0530,12:30:00,,,Buy,,,,
1183,Hpl Electric & Power Ltd,HPL,NSI,India Stocks,INR,8,516.7,5.29,2025-01-16 GMT+0530,12:30:00,,,Buy,,,,
1184,Hpl Electric & Power Ltd,HPL,NSI,India Stocks,INR,5,421.3,2.19,2025-02-12 GMT+0530,12:02:00,,,Buy,,,,
1185,Hpl Electric & Power Ltd,HPL,NSI,India Stocks,INR,7,376.1,3.12,2025-03-12 GMT+0530,12:44:00,,,Buy,,,,
1186,Hpl Electric & Power Ltd,HPL,NSI,India Stocks,INR,1,376,0,2025-03-12 GMT+0530,12:45:00,,,Buy,,,,
1187,Hpl Electric & Power Ltd,HPL,NSI,India Stocks,INR,58,399.75,53.03,2025-03-19 GMT+0530,12:43:00,,,Buy,,,,
1188,Hpl Electric & Power Ltd,HPL,NSI,India Stocks,INR,37,399.7,0,2025-03-19 GMT+0530,12:43:00,,,Buy,,,,
1189,Hpl Electric & Power Ltd,HPL,NSI,India Stocks,INR,16,399.65,0,2025-03-19 GMT+0530,12:43:00,,,Buy,,,,
1190,Hpl Electric & Power Ltd,HPL,NSI,India Stocks,INR,1,553.1,0.57,2025-07-29 GMT+0530,17:39:00,,,Buy,,,,
1191,Hpl Electric & Power Ltd,HPL,NSI,India Stocks,INR,293,459.1,0,2025-09-22 GMT+0530,23:17:00,,,Dividend,FIFO,,,
1192,Hpl Electric & Power Ltd,HPL,NSI,India Stocks,INR,4,439.8,2.08,2025-10-29 GMT+0530,19:57:00,,,Buy,,,,
1193,Hpl Electric & Power Ltd,HPL,NSI,India Stocks,INR,6,442.9,0,2025-11-03 GMT+0530,17:56:00,,,Sell,FIFO,,,
1194,Hpl Electric & Power Ltd,HPL,NSI,India Stocks,INR,7,442.95,0,2025-11-03 GMT+0530,17:56:00,,,Sell,FIFO,,,
1195,Hpl Electric & Power Ltd,HPL,NSI,India Stocks,INR,201,442.85,152.88,2025-11-03 GMT+0530,17:56:00,,,Sell,FIFO,,,
1196,Hpl Electric & Power Ltd,HPL,NSI,India Stocks,INR,58,443.35,0,2025-11-03 GMT+0530,17:57:00,,,Sell,FIFO,,,
1197,Hpl Electric & Power Ltd,HPL,NSI,India Stocks,INR,15,443.2,0,2025-11-03 GMT+0530,17:57:00,,,Sell,FIFO,,,
1198,Hpl Electric & Power Ltd,HPL,NSI,India Stocks,INR,10,443,0,2025-11-03 GMT+0530,17:57:00,,,Sell,FIFO,,,
1199,Hpl Electric & Power Ltd,HPL,NSI,India Stocks,INR,129,454.5,236.97,2025-11-10 GMT+0530,17:07:00,,,Buy,,,,
1200,Hpl Electric & Power Ltd,HPL,NSI,India Stocks,INR,49,454.35,0,2025-11-10 GMT+0530,17:08:00,,,Buy,,,,
1201,Hpl Electric & Power Ltd,HPL,NSI,India Stocks,INR,11,454.25,0,2025-11-10 GMT+0530,17:08:00,,,Buy,,,,
1202,Hpl Electric & Power Ltd,HPL,NSI,India Stocks,INR,67,454.4,0,2025-11-10 GMT+0530,17:09:00,,,Buy,,,,
1203,Hpl Electric & Power Ltd,HPL,NSI,India Stocks,INR,24,454.65,0,2025-11-10 GMT+0530,17:09:00,,,Buy,,,,
1204,Hpl Electric & Power Ltd,HPL,NSI,India Stocks,INR,12,454.3,0,2025-11-10 GMT+0530,17:09:00,,,Buy,,,,
1205,Hpl Electric & Power Ltd,HPL,NSI,India Stocks,INR,87,454.45,0,2025-11-10 GMT+0530,17:09:00,,,Buy,,,,
1206,Hpl Electric & Power Ltd,HPL,NSI,India Stocks,INR,60,454.6,0,2025-11-10 GMT+0530,17:10:00,,,Buy,,,,
1207,Hpl Electric & Power Ltd,HPL,NSI,India Stocks,INR,163,417.05,205.24,2025-12-01 GMT+0530,13:17:00,,,Sell,FIFO,,,
1208,Hpl Electric & Power Ltd,HPL,NSI,India Stocks,INR,25,417.3,0,2025-12-01 GMT+0530,13:18:00,,,Sell,FIFO,,,
1209,Hpl Electric & Power Ltd,HPL,NSI,India Stocks,INR,32,416.95,0,2025-12-01 GMT+0530,13:18:00,,,Sell,FIFO,,,
1210,Hpl Electric & Power Ltd,HPL,NSI,India Stocks,INR,114,416.8,0,2025-12-01 GMT+0530,13:18:00,,,Sell,FIFO,,,
1211,Hpl Electric & Power Ltd,HPL,NSI,India Stocks,INR,3,416.85,0,2025-12-01 GMT+0530,13:19:00,,,Sell,FIFO,,,
1212,Hpl Electric & Power Ltd,HPL,NSI,India Stocks,INR,37,416.9,0,2025-12-01 GMT+0530,13:19:00,,,Sell,FIFO,,,
1213,Hpl Electric & Power Ltd,HPL,NSI,India Stocks,INR,11,417.35,0,2025-12-01 GMT+0530,13:19:00,,,Sell,FIFO,,,
1214,Hpl Electric & Power Ltd,HPL,NSI,India Stocks,INR,54,417,0,2025-12-01 GMT+0530,13:27:00,,,Sell,FIFO,,,
1215,Hpl Electric & Power Ltd,HPL,NSI,India Stocks,INR,117,317.75,44.57,2026-02-03 GMT+0530,19:52:00,,,Buy,,,,
1216,Hpl Electric & Power Ltd,HPL,NSI,India Stocks,INR,48,271.75,32.19,2026-04-01 GMT+0530,20:38:00,,,Buy,,,,
1217,Hpl Electric & Power Ltd,HPL,NSI,India Stocks,INR,21,271.65,0,2026-04-01 GMT+0530,20:38:00,,,Buy,,,,
1218,Hpl Electric & Power Ltd,HPL,NSI,India Stocks,INR,9,271.85,0,2026-04-01 GMT+0530,20:39:00,,,Buy,,,,
1219,Hpl Electric & Power Ltd,HPL,NSI,India Stocks,INR,22,271.8,0,2026-04-01 GMT+0530,20:39:00,,,Buy,,,,
1220,Hpl Electric & Power Ltd,HPL,NSI,India Stocks,INR,95,333,90.3,2026-04-15 GMT+0530,20:19:00,,,Sell,FIFO,,,
1221,Hpl Electric & Power Ltd,HPL,NSI,India Stocks,INR,53,332.9,0,2026-04-15 GMT+0530,20:19:00,,,Sell,FIFO,,,
1222,Hpl Electric & Power Ltd,HPL,NSI,India Stocks,INR,33,333.1,0,2026-04-15 GMT+0530,20:20:00,,,Sell,FIFO,,,
1223,Hpl Electric & Power Ltd,HPL,NSI,India Stocks,INR,36,333.05,0,2026-04-15 GMT+0530,20:20:00,,,Sell,FIFO,,,
1224,Icici Bank Ltd.,ICICIBANK,NSI,India Stocks,INR,,,,,,,,,,,,
1225,Icici Bank Ltd.,ICICIBANK,NSI,India Stocks,INR,4,914.5,0,2022-11-16 GMT+0530,12:30:00,,,Buy,,,,
1226,Icici Bank Ltd.,ICICIBANK,NSI,India Stocks,INR,1,944.7,0,2022-12-01 GMT+0530,12:30:00,,,Buy,,,,
1227,Icici Bank Ltd.,ICICIBANK,NSI,India Stocks,INR,40,0,0,2023-08-09 GMT+0530,12:30:00,,,Dividend,FIFO,,,
1228,Icici Bank Ltd.,ICICIBANK,NSI,India Stocks,INR,5,930.15,0,2023-10-23 GMT+0530,12:30:00,,,Sell,FIFO,,,
1229,Icici Lombard Gic Limited,ICICIGI,NSI,India Stocks,INR,,,,,,,,,,,,
1230,Icici Lombard Gic Limited,ICICIGI,NSI,India Stocks,INR,4,1402,0,2023-10-23 GMT+0530,12:30:00,,,Buy,,,,
1231,Icici Lombard Gic Limited,ICICIGI,NSI,India Stocks,INR,20,0,0,2023-10-27 GMT+0530,12:30:00,,,Dividend,FIFO,,,
1232,Icici Lombard Gic Limited,ICICIGI,NSI,India Stocks,INR,1,1368.05,0,2023-11-02 GMT+0530,12:30:00,,,Buy,,,,
1233,Icici Lombard Gic Limited,ICICIGI,NSI,India Stocks,INR,1,1368.1,0,2023-11-02 GMT+0530,12:30:00,,,Buy,,,,
1234,Icici Lombard Gic Limited,ICICIGI,NSI,India Stocks,INR,36,0,0,2024-06-07 GMT+0530,12:30:00,,,Dividend,FIFO,,,
1235,Icici Lombard Gic Limited,ICICIGI,NSI,India Stocks,INR,33,0,0,2024-10-28 GMT+0530,12:30:00,,,Dividend,FIFO,,,
1236,Icici Lombard Gic Limited,ICICIGI,NSI,India Stocks,INR,0,1673,25.75,2025-03-03 GMT+0530,18:42:00,,,Sell All,FIFO,,,
1237,Icici Securities Limited,ISEC,NSI,India Stocks,INR,,,,,,,,,,,,
1238,Icici Securities Limited,ISEC,NSI,India Stocks,INR,65,835.85,64.52,2024-09-04 GMT+0530,12:30:00,,,Buy,,,,
1239,Icici Securities Limited,ISEC,NSI,India Stocks,INR,4,831.6,3.46,2024-09-12 GMT+0530,12:30:00,,,Buy,,,,
1240,Icici Securities Limited,ISEC,NSI,India Stocks,INR,8,836.45,7.94,2024-10-14 GMT+0530,12:30:00,,,Buy,,,,
1241,Icici Securities Limited,ISEC,NSI,India Stocks,INR,16,837.85,0,2024-11-08 GMT+0530,12:30:00,,,Sell,FIFO,,,
1242,Icici Securities Limited,ISEC,NSI,India Stocks,INR,13,837.8,0,2024-11-08 GMT+0530,12:30:00,,,Sell,FIFO,,,
1243,Icici Securities Limited,ISEC,NSI,India Stocks,INR,4,837.75,0,2024-11-08 GMT+0530,12:30:00,,,Sell,FIFO,,,
1244,Icici Securities Limited,ISEC,NSI,India Stocks,INR,35,837.7,80.99,2024-11-08 GMT+0530,12:30:00,,,Sell,FIFO,,,
1245,Icici Securities Limited,ISEC,NSI,India Stocks,INR,3,837.65,0,2024-11-08 GMT+0530,12:30:00,,,Sell,FIFO,,,
1246,Icici Securities Limited,ISEC,NSI,India Stocks,INR,6,837.6,0,2024-11-08 GMT+0530,12:30:00,,,Sell,FIFO,,,
1247,Iifl Finance Limited,IIFL,NSI,India Stocks,INR,,,,,,,,,,,,
1248,Iifl Finance Limited,IIFL,NSI,India Stocks,INR,62,482.55,35.05,2024-06-10 GMT+0530,12:30:00,,,Buy,,,,
1249,Iifl Finance Limited,IIFL,NSI,India Stocks,INR,62,400.85,41.43,2024-10-25 GMT+0530,12:30:00,,,Sell,FIFO,,,
1250,Indian Oil Corp Ltd,IOC,NSI,India Stocks,INR,,,,,,,,,,,,
1251,Indian Oil Corp Ltd,IOC,NSI,India Stocks,INR,163,98.15,0,2023-11-13 GMT+0530,12:30:00,,,Buy,,,,
1252,Indian Oil Corp Ltd,IOC,NSI,India Stocks,INR,33,117.65,0,2023-12-12 GMT+0530,12:30:00,,,Buy,,,,
1253,Indian Oil Corp Ltd,IOC,NSI,India Stocks,INR,22,133.6,0,2024-01-12 GMT+0530,12:30:00,,,Buy,,,,
1254,Indian Oil Corp Ltd,IOC,NSI,India Stocks,INR,85,148.25,0,2024-02-01 GMT+0530,12:30:00,,,Buy,,,,
1255,Indian Oil Corp Ltd,IOC,NSI,India Stocks,INR,1,172.6,0,2024-03-12 GMT+0530,12:30:00,,,Buy,,,,
1256,Indian Oil Corp Ltd,IOC,NSI,India Stocks,INR,38,172.85,0,2024-04-12 GMT+0530,12:30:00,,,Buy,,,,
1257,Indian Oil Corp Ltd,IOC,NSI,India Stocks,INR,44,157.6,0,2024-05-13 GMT+0530,12:30:00,,,Buy,,,,
1258,Indian Oil Corp Ltd,IOC,NSI,India Stocks,INR,7,157.5,0,2024-05-13 GMT+0530,12:30:00,,,Buy,,,,
1259,Indian Oil Corp Ltd,IOC,NSI,India Stocks,INR,35,169.8,7.26,2024-06-12 GMT+0530,12:30:00,,,Buy,,,,
1260,Indian Oil Corp Ltd,IOC,NSI,India Stocks,INR,5,169.18,0.96,2024-06-12 GMT+0530,12:30:00,,,Buy,,,,
1261,Indian Oil Corp Ltd,IOC,NSI,India Stocks,INR,3031,0,0,2024-07-12 GMT+0530,12:30:00,,,Dividend,FIFO,,,
1262,Indian Oil Corp Ltd,IOC,NSI,India Stocks,INR,19,167.09,4.48,2024-07-12 GMT+0530,12:30:00,,,Buy,,,,
1263,Indian Oil Corp Ltd,IOC,NSI,India Stocks,INR,30,167.1,6.04,2024-07-12 GMT+0530,12:30:00,,,Buy,,,,
1264,Indian Oil Corp Ltd,IOC,NSI,India Stocks,INR,35,168.62,7.14,2024-08-12 GMT+0530,12:30:00,,,Buy,,,,
1265,Indian Oil Corp Ltd,IOC,NSI,India Stocks,INR,33,171.69,6.89,2024-09-12 GMT+0530,12:30:00,,,Buy,,,,
1266,Indian Oil Corp Ltd,IOC,NSI,India Stocks,INR,30,138.66,5.32,2024-11-12 GMT+0530,12:30:00,,,Buy,,,,
1267,Indian Oil Corp Ltd,IOC,NSI,India Stocks,INR,580,128.21,92.48,2025-01-15 GMT+0530,12:30:00,,,Sell,FIFO,,,
1268,Indian Railway Fin Corp L,IRFC,NSI,India Stocks,INR,,,,,,,,,,,,
1269,Indian Railway Fin Corp L,IRFC,NSI,India Stocks,INR,575,26,0,2021-01-28 GMT+0530,12:30:00,,,Buy,,,,
1270,Indian Railway Fin Corp L,IRFC,NSI,India Stocks,INR,603.75,0,0,2021-02-17 GMT+0530,12:30:00,,,Dividend,FIFO,,,
1271,Indian Railway Fin Corp L,IRFC,NSI,India Stocks,INR,442.75,0,0,2021-11-10 GMT+0530,12:30:00,,,Dividend,FIFO,,,
1272,Indian Railway Fin Corp L,IRFC,NSI,India Stocks,INR,362.25,0,0,2022-09-15 GMT+0530,12:30:00,,,Dividend,FIFO,,,
1273,Indian Railway Fin Corp L,IRFC,NSI,India Stocks,INR,460,0,0,2022-11-17 GMT+0530,12:30:00,,,Dividend,FIFO,,,
1274,Indian Railway Fin Corp L,IRFC,NSI,India Stocks,INR,402.5,0,0,2023-09-15 GMT+0530,12:30:00,,,Dividend,FIFO,,,
1275,Indian Railway Fin Corp L,IRFC,NSI,India Stocks,INR,134,73.25,0,2023-10-23 GMT+0530,12:30:00,,,Buy,,,,
1276,Indian Railway Fin Corp L,IRFC,NSI,India Stocks,INR,567.2,0,0,2023-11-10 GMT+0530,12:30:00,,,Dividend,FIFO,,,
1277,Indian Railway Fin Corp L,IRFC,NSI,India Stocks,INR,33,74,0,2023-11-13 GMT+0530,12:30:00,,,Buy,,,,
1278,Indian Railway Fin Corp L,IRFC,NSI,India Stocks,INR,19,83.3,0,2023-12-12 GMT+0530,12:30:00,,,Buy,,,,
1279,Indian Railway Fin Corp L,IRFC,NSI,India Stocks,INR,10,113.95,0,2024-01-12 GMT+0530,12:30:00,,,Buy,,,,
1280,Indian Railway Fin Corp L,IRFC,NSI,India Stocks,INR,67,139.15,0,2024-02-12 GMT+0530,12:30:00,,,Buy,,,,
1281,Indian Railway Fin Corp L,IRFC,NSI,India Stocks,INR,17,136,0,2024-03-12 GMT+0530,12:30:00,,,Buy,,,,
1282,Indian Railway Fin Corp L,IRFC,NSI,India Stocks,INR,28,147.15,0,2024-04-12 GMT+0530,12:30:00,,,Buy,,,,
1283,Indian Railway Fin Corp L,IRFC,NSI,India Stocks,INR,22,145.45,0,2024-05-13 GMT+0530,12:30:00,,,Buy,,,,
1284,Indian Railway Fin Corp L,IRFC,NSI,India Stocks,INR,31,177.15,6.79,2024-06-12 GMT+0530,12:30:00,,,Buy,,,,
1285,Indian Railway Fin Corp L,IRFC,NSI,India Stocks,INR,655.2,0,0,2024-08-22 GMT+0530,12:30:00,,,Dividend,FIFO,,,
1286,Indian Railway Fin Corp L,IRFC,NSI,India Stocks,INR,748.8,0,0,2024-11-12 GMT+0530,12:30:00,,,Dividend,FIFO,,,
1287,Indian Railway Fin Corp L,IRFC,NSI,India Stocks,INR,748.8,124.34,0,2025-03-21 GMT+0530,18:02:00,,,Dividend,FIFO,,,
1288,Indian Railway Fin Corp L,IRFC,NSI,India Stocks,INR,982.8,120.25,0,2025-10-24 GMT+0530,22:57:00,,,Dividend,FIFO,,,
1289,Indian Railway Fin Corp L,IRFC,NSI,India Stocks,INR,982.8,0,0,2026-03-13 GMT+0530,12:43:00,,,Dividend,FIFO,,,
1290,Indus Towers Limited,INDUSTOWER,NSI,India Stocks,INR,,,,,,,,,,,,
1291,Indus Towers Limited,INDUSTOWER,NSI,India Stocks,INR,43,185.35,0,2023-11-13 GMT+0530,12:30:00,,,Buy,,,,
1292,Indus Towers Limited,INDUSTOWER,NSI,India Stocks,INR,8,191.05,0,2023-12-12 GMT+0530,12:30:00,,,Buy,,,,
1293,Indus Towers Limited,INDUSTOWER,NSI,India Stocks,INR,7,214.6,0,2024-01-12 GMT+0530,12:30:00,,,Buy,,,,
1294,Indus Towers Limited,INDUSTOWER,NSI,India Stocks,INR,14,217.3,0,2024-02-12 GMT+0530,12:30:00,,,Buy,,,,
1295,Indus Towers Limited,INDUSTOWER,NSI,India Stocks,INR,2,243,0,2024-03-12 GMT+0530,12:30:00,,,Buy,,,,
1296,Indus Towers Limited,INDUSTOWER,NSI,India Stocks,INR,45,355.25,0,2024-05-03 GMT+0530,12:30:00,,,Buy,,,,
1297,Indus Towers Limited,INDUSTOWER,NSI,India Stocks,INR,19,323.8,0,2024-05-13 GMT+0530,12:30:00,,,Buy,,,,
1298,Indus Towers Limited,INDUSTOWER,NSI,India Stocks,INR,15,342.85,18.73,2024-06-12 GMT+0530,12:30:00,,,Sell,FIFO,,,
1299,Indus Towers Limited,INDUSTOWER,NSI,India Stocks,INR,3,343.2,0.49,2024-06-12 GMT+0530,12:30:00,,,Buy,,,,
1300,Indus Towers Limited,INDUSTOWER,NSI,India Stocks,INR,7,343,1.03,2024-06-12 GMT+0530,12:30:00,,,Buy,,,,
1301,Indus Towers Limited,INDUSTOWER,NSI,India Stocks,INR,5,432.1,2.25,2024-09-12 GMT+0530,12:30:00,,,Buy,,,,
1302,Indus Towers Limited,INDUSTOWER,NSI,India Stocks,INR,13,384.65,6.19,2024-10-14 GMT+0530,12:30:00,,,Buy,,,,
1303,Indus Towers Limited,INDUSTOWER,NSI,India Stocks,INR,26,325.25,9.77,2024-11-08 GMT+0530,12:30:00,,,Buy,,,,
1304,Indus Towers Limited,INDUSTOWER,NSI,India Stocks,INR,9,320.5,2.99,2024-11-12 GMT+0530,12:30:00,,,Buy,,,,
1305,Indus Towers Limited,INDUSTOWER,NSI,India Stocks,INR,113,322.1,77.97,2025-03-03 GMT+0530,18:44:00,,,Sell,FIFO,,,
1306,Indus Towers Limited,INDUSTOWER,NSI,India Stocks,INR,69,322.05,0,2025-03-03 GMT+0530,18:44:00,,,Sell,FIFO,,,
1307,Indus Towers Limited,INDUSTOWER,NSI,India Stocks,INR,0,322.15,0,2025-03-03 GMT+0530,18:45:00,,,Sell All,FIFO,,,
1308,Indus Towers Limited,INDUSTOWER,NSI,India Stocks,INR,186,349,77.34,2025-03-21 GMT+0530,12:14:00,,,Buy,,,,
1309,Indus Towers Limited,INDUSTOWER,NSI,India Stocks,INR,0,351.55,0,2025-08-01 GMT+0530,18:49:00,,,Sell All,FIFO,,,
1310,Indus Towers Limited,INDUSTOWER,NSI,India Stocks,INR,106,351.6,83.18,2025-08-01 GMT+0530,18:49:00,,,Sell,FIFO,,,
1311,Indusind Bank Limited,INDUSINDBK,NSI,India Stocks,INR,,,,,,,,,,,,
1312,Indusind Bank Limited,INDUSINDBK,NSI,India Stocks,INR,2,1159.1,0,2022-10-24 GMT+0530,12:30:00,,,Buy,,,,
1313,Indusind Bank Limited,INDUSINDBK,NSI,India Stocks,INR,1,1151.55,0,2022-11-02 GMT+0530,12:30:00,,,Buy,,,,
1314,Indusind Bank Limited,INDUSINDBK,NSI,India Stocks,INR,3,1148.7,0,2022-11-11 GMT+0530,12:30:00,,,Sell,FIFO,,,
1315,Infosys Limited,INFY,NSI,India Stocks,INR,,,,,,,,,,,,
1316,Infosys Limited,INFY,NSI,India Stocks,INR,4,1512.6,0,2022-10-24 GMT+0530,12:30:00,,,Buy,,,,
1317,Infosys Limited,INFY,NSI,India Stocks,INR,66,0,0,2022-10-27 GMT+0530,12:30:00,,,Dividend,FIFO,,,
1318,Infosys Limited,INFY,NSI,India Stocks,INR,1,1554.3,0,2022-11-02 GMT+0530,12:30:00,,,Buy,,,,
1319,Infosys Limited,INFY,NSI,India Stocks,INR,1,1568.35,0,2023-02-13 GMT+0530,12:30:00,,,Buy,,,,
1320,Infosys Limited,INFY,NSI,India Stocks,INR,1,1447.95,0,2023-03-13 GMT+0530,12:30:00,,,Buy,,,,
1321,Infosys Limited,INFY,NSI,India Stocks,INR,1,1418.5,0,2023-04-12 GMT+0530,12:30:00,,,Buy,,,,
1322,Infosys Limited,INFY,NSI,India Stocks,INR,1,1249,0,2023-05-12 GMT+0530,12:30:00,,,Buy,,,,
1323,Infosys Limited,INFY,NSI,India Stocks,INR,157.5,0,0,2023-06-02 GMT+0530,12:30:00,,,Dividend,FIFO,,,
1324,Infosys Limited,INFY,NSI,India Stocks,INR,1,1290.5,0,2023-06-12 GMT+0530,12:30:00,,,Buy,,,,
1325,Infosys Limited,INFY,NSI,India Stocks,INR,2,1369.05,0,2023-07-13 GMT+0530,12:30:00,,,Buy,,,,
1326,Infosys Limited,INFY,NSI,India Stocks,INR,1,1369.7,0,2023-07-13 GMT+0530,12:30:00,,,Buy,,,,
1327,Infosys Limited,INFY,NSI,India Stocks,INR,1,1375,0,2023-08-14 GMT+0530,12:30:00,,,Buy,,,,
1328,Infosys Limited,INFY,NSI,India Stocks,INR,1,1481.15,0,2023-10-12 GMT+0530,12:30:00,,,Buy,,,,
1329,Infosys Limited,INFY,NSI,India Stocks,INR,270,0,0,2023-10-25 GMT+0530,12:30:00,,,Dividend,FIFO,,,
1330,Infosys Limited,INFY,NSI,India Stocks,INR,420,0,0,2024-05-31 GMT+0530,12:30:00,,,Dividend,FIFO,,,
1331,Infosys Limited,INFY,NSI,India Stocks,INR,315,0,0,2024-10-29 GMT+0530,12:30:00,,,Dividend,FIFO,,,
1332,Infosys Limited,INFY,NSI,India Stocks,INR,330,1608.5,0,2025-05-30 GMT+0530,12:52:00,,,Dividend,FIFO,,,
1333,Infosys Limited,INFY,NSI,India Stocks,INR,0,1481.7,38.4,2025-08-01 GMT+0530,18:43:00,,,Sell All,FIFO,,,
1334,Ingersoll-rand India Ltd,INGERRAND,NSI,India Stocks,INR,,,,,,,,,,,,
1335,Ingersoll-rand India Ltd,INGERRAND,NSI,India Stocks,INR,1,2184.35,0,2022-10-24 GMT+0530,12:30:00,,,Buy,,,,
1336,Ingersoll-rand India Ltd,INGERRAND,NSI,India Stocks,INR,1,2242.95,0,2022-10-28 GMT+0530,12:30:00,,,Buy,,,,
1337,Ingersoll-rand India Ltd,INGERRAND,NSI,India Stocks,INR,60,0,0,2022-11-22 GMT+0530,12:30:00,,,Dividend,FIFO,,,
1338,Ingersoll-rand India Ltd,INGERRAND,NSI,India Stocks,INR,1,2118.8,0,2022-12-08 GMT+0530,12:30:00,,,Buy,,,,
1339,Ingersoll-rand India Ltd,INGERRAND,NSI,India Stocks,INR,60,0,0,2023-07-17 GMT+0530,12:30:00,,,Dividend,FIFO,,,
1340,Ingersoll-rand India Ltd,INGERRAND,NSI,India Stocks,INR,1,2911.15,0,2023-10-23 GMT+0530,12:30:00,,,Sell,FIFO,,,
1341,Ingersoll-rand India Ltd,INGERRAND,NSI,India Stocks,INR,2,2911.2,0,2023-10-23 GMT+0530,12:30:00,,,Sell,FIFO,,,
1342,Inox Wind Limited,INOXWIND,NSI,India Stocks,INR,,,,,,,,,,,,
1343,Inox Wind Limited,INOXWIND,NSI,India Stocks,INR,106,211.7,0,2023-07-24 GMT+0530,12:30:00,,,Buy,,,,
1344,Inox Wind Limited,INOXWIND,NSI,India Stocks,INR,5,202.95,0,2023-08-14 GMT+0530,12:30:00,,,Buy,,,,
1345,Inox Wind Limited,INOXWIND,NSI,India Stocks,INR,3,199.8,0,2023-09-12 GMT+0530,12:30:00,,,Buy,,,,
1346,Inox Wind Limited,INOXWIND,NSI,India Stocks,INR,1,500.6,0,2024-02-12 GMT+0530,12:30:00,,,Buy,,,,
1347,Inox Wind Limited,INOXWIND,NSI,India Stocks,INR,3,552.1,0,2024-04-12 GMT+0530,12:30:00,,,Buy,,,,
1348,Inox Wind Limited,INOXWIND,NSI,India Stocks,INR,12,530.25,0,2024-05-13 GMT+0530,12:30:00,,,Buy,,,,
1349,Inox Wind Limited,INOXWIND,NSI,India Stocks,INR,390,0,0,2024-05-24 GMT+0530,12:30:00,,,Dividend Reinvest,,,,
1350,Inox Wind Limited,INOXWIND,NSI,India Stocks,INR,18,151,2.91,2024-06-12 GMT+0530,12:30:00,,,Buy,,,,
1351,Inox Wind Limited,INOXWIND,NSI,India Stocks,INR,7,170.88,1.24,2024-07-12 GMT+0530,12:30:00,,,Buy,,,,
1352,Inox Wind Limited,INOXWIND,NSI,India Stocks,INR,22,212.4,5.85,2024-10-07 GMT+0530,12:30:00,,,Buy,,,,
1353,Inox Wind Limited,INOXWIND,NSI,India Stocks,INR,67,219.78,24.65,2024-10-14 GMT+0530,12:30:00,,,Buy,,,,
1354,Inox Wind Limited,INOXWIND,NSI,India Stocks,INR,26,219.79,0,2024-10-14 GMT+0530,12:30:00,,,Buy,,,,
1355,Inox Wind Limited,INOXWIND,NSI,India Stocks,INR,65,200.09,17.67,2024-11-12 GMT+0530,12:30:00,,,Buy,,,,
1356,Inox Wind Limited,INOXWIND,NSI,India Stocks,INR,37,203.5,8.81,2024-12-12 GMT+0530,12:30:00,,,Buy,,,,
1357,Inox Wind Limited,INOXWIND,NSI,India Stocks,INR,156,150.91,33.23,2025-01-13 GMT+0530,12:30:00,,,Buy,,,,
1358,Inox Wind Limited,INOXWIND,NSI,India Stocks,INR,0,155.6,0,2025-02-27 GMT+0530,13:15:00,,,Sell All,FIFO,,,
1359,Inox Wind Limited,INOXWIND,NSI,India Stocks,INR,597,155.6,162.08,2025-02-27 GMT+0530,13:15:00,,,Sell,FIFO,,,
1360,Ion Exchange (india) Ltd,IONEXCHANG,NSI,India Stocks,INR,,,,,,,,,,,,
1361,Ion Exchange (india) Ltd,IONEXCHANG,NSI,India Stocks,INR,10,382.59,0,2023-05-08 GMT+0530,12:30:00,,,Buy,,,,
1362,Ion Exchange (india) Ltd,IONEXCHANG,NSI,India Stocks,INR,60,382.58,0,2023-05-08 GMT+0530,12:30:00,,,Buy,,,,
1363,Ion Exchange (india) Ltd,IONEXCHANG,NSI,India Stocks,INR,9,502.5,0,2023-08-14 GMT+0530,12:30:00,,,Buy,,,,
1364,Ion Exchange (india) Ltd,IONEXCHANG,NSI,India Stocks,INR,98.75,0,0,2023-08-30 GMT+0530,12:30:00,,,Dividend,FIFO,,,
1365,Ion Exchange (india) Ltd,IONEXCHANG,NSI,India Stocks,INR,1,547.6,0,2023-09-12 GMT+0530,12:30:00,,,Buy,,,,
1366,Ion Exchange (india) Ltd,IONEXCHANG,NSI,India Stocks,INR,7,524.8,0,2023-10-12 GMT+0530,12:30:00,,,Buy,,,,
1367,Ion Exchange (india) Ltd,IONEXCHANG,NSI,India Stocks,INR,12,557.65,0,2024-01-12 GMT+0530,12:30:00,,,Buy,,,,
1368,Ion Exchange (india) Ltd,IONEXCHANG,NSI,India Stocks,INR,5,496.65,0,2024-02-12 GMT+0530,12:30:00,,,Buy,,,,
1369,Ion Exchange (india) Ltd,IONEXCHANG,NSI,India Stocks,INR,1,531.45,0.63,2024-06-12 GMT+0530,12:30:00,,,Buy,,,,
1370,Ion Exchange (india) Ltd,IONEXCHANG,NSI,India Stocks,INR,53,623.3,39.37,2024-07-19 GMT+0530,12:30:00,,,Buy,,,,
1371,Ion Exchange (india) Ltd,IONEXCHANG,NSI,India Stocks,INR,5,684.55,4.56,2024-08-12 GMT+0530,12:30:00,,,Buy,,,,
1372,Ion Exchange (india) Ltd,IONEXCHANG,NSI,India Stocks,INR,244.5,0,0,2024-09-03 GMT+0530,12:30:00,,,Dividend,FIFO,,,
1373,Ion Exchange (india) Ltd,IONEXCHANG,NSI,India Stocks,INR,3,664.8,2.07,2024-09-12 GMT+0530,12:30:00,,,Buy,,,,
1374,Ion Exchange (india) Ltd,IONEXCHANG,NSI,India Stocks,INR,7,626.2,5.55,2024-10-07 GMT+0530,12:30:00,,,Buy,,,,
1375,Ion Exchange (india) Ltd,IONEXCHANG,NSI,India Stocks,INR,6,639.55,4.98,2024-10-14 GMT+0530,12:30:00,,,Buy,,,,
1376,Ion Exchange (india) Ltd,IONEXCHANG,NSI,India Stocks,INR,8,639.75,6.31,2024-11-12 GMT+0530,12:30:00,,,Buy,,,,
1377,Ion Exchange (india) Ltd,IONEXCHANG,NSI,India Stocks,INR,14,716.85,13.15,2024-12-10 GMT+0530,12:30:00,,,Buy,,,,
1378,Ion Exchange (india) Ltd,IONEXCHANG,NSI,India Stocks,INR,1,716.75,0,2024-12-10 GMT+0530,12:30:00,,,Buy,,,,
1379,Ion Exchange (india) Ltd,IONEXCHANG,NSI,India Stocks,INR,3,712.5,2.22,2024-12-12 GMT+0530,12:30:00,,,Buy,,,,
1380,Ion Exchange (india) Ltd,IONEXCHANG,NSI,India Stocks,INR,16,647,15.42,2025-01-16 GMT+0530,12:30:00,,,Buy,,,,
1381,Ion Exchange (india) Ltd,IONEXCHANG,NSI,India Stocks,INR,4,647.05,0,2025-01-16 GMT+0530,12:30:00,,,Buy,,,,
1382,Ion Exchange (india) Ltd,IONEXCHANG,NSI,India Stocks,INR,3,504.45,0,2025-02-17 GMT+0530,21:51:00,,,Sell,FIFO,,,
1383,Ion Exchange (india) Ltd,IONEXCHANG,NSI,India Stocks,INR,42,504.4,0,2025-02-17 GMT+0530,21:51:00,,,Sell,FIFO,,,
1384,Ion Exchange (india) Ltd,IONEXCHANG,NSI,India Stocks,INR,2,504.35,0,2025-02-17 GMT+0530,21:51:00,,,Sell,FIFO,,,
1385,Ion Exchange (india) Ltd,IONEXCHANG,NSI,India Stocks,INR,26,504.6,0,2025-02-17 GMT+0530,21:52:00,,,Sell,FIFO,,,
1386,Ion Exchange (india) Ltd,IONEXCHANG,NSI,India Stocks,INR,51,504.55,133.11,2025-02-17 GMT+0530,21:52:00,,,Sell,FIFO,,,
1387,Ion Exchange (india) Ltd,IONEXCHANG,NSI,India Stocks,INR,36,504.5,0,2025-02-17 GMT+0530,21:52:00,,,Sell,FIFO,,,
1388,Ion Exchange (india) Ltd,IONEXCHANG,NSI,India Stocks,INR,0,504.75,0,2025-02-17 GMT+0530,21:53:00,,,Sell All,FIFO,,,
1389,Ion Exchange (india) Ltd,IONEXCHANG,NSI,India Stocks,INR,30,504.7,0,2025-02-17 GMT+0530,21:53:00,,,Sell,FIFO,,,
1390,Ion Exchange (india) Ltd,IONEXCHANG,NSI,India Stocks,INR,33,504.65,0,2025-02-17 GMT+0530,21:53:00,,,Sell,FIFO,,,
1391,Ion Exchange (india) Ltd,IONEXCHANG,NSI,India Stocks,INR,225,490.6,131.51,2025-03-21 GMT+0530,12:15:00,,,Buy,,,,
1392,Ion Exchange (india) Ltd,IONEXCHANG,NSI,India Stocks,INR,11,464.25,0,2025-03-27 GMT+0530,11:50:00,,,Sell,FIFO,,,
1393,Ion Exchange (india) Ltd,IONEXCHANG,NSI,India Stocks,INR,2,464.2,0,2025-03-27 GMT+0530,11:50:00,,,Sell,FIFO,,,
1394,Ion Exchange (india) Ltd,IONEXCHANG,NSI,India Stocks,INR,0,464.1,124.52,2025-03-27 GMT+0530,11:51:00,,,Sell All,FIFO,,,
1395,Ion Exchange (india) Ltd,IONEXCHANG,NSI,India Stocks,INR,68,464.3,0,2025-03-27 GMT+0530,11:51:00,,,Sell,FIFO,,,
1396,Ion Exchange (india) Ltd,IONEXCHANG,NSI,India Stocks,INR,225,475.95,127.09,2025-04-02 GMT+0530,13:08:00,,,Buy,,,,
1397,Ion Exchange (india) Ltd,IONEXCHANG,NSI,India Stocks,INR,10,573.3,0,2025-05-23 GMT+0530,14:13:00,,,Buy,,,,
1398,Ion Exchange (india) Ltd,IONEXCHANG,NSI,India Stocks,INR,7,573.25,0,2025-05-23 GMT+0530,14:13:00,,,Buy,,,,
1399,Ion Exchange (india) Ltd,IONEXCHANG,NSI,India Stocks,INR,13,573.65,0,2025-05-23 GMT+0530,14:14:00,,,Buy,,,,
1400,Ion Exchange (india) Ltd,IONEXCHANG,NSI,India Stocks,INR,35,573.6,0,2025-05-23 GMT+0530,14:14:00,,,Buy,,,,
1401,Ion Exchange (india) Ltd,IONEXCHANG,NSI,India Stocks,INR,32,573.5,0,2025-05-23 GMT+0530,14:14:00,,,Buy,,,,
1402,Ion Exchange (india) Ltd,IONEXCHANG,NSI,India Stocks,INR,4,573.35,0,2025-05-23 GMT+0530,14:14:00,,,Buy,,,,
1403,Ion Exchange (india) Ltd,IONEXCHANG,NSI,India Stocks,INR,43,573.7,97.68,2025-05-23 GMT+0530,14:15:00,,,Buy,,,,
1404,Ion Exchange (india) Ltd,IONEXCHANG,NSI,India Stocks,INR,7,548.55,0,2025-05-29 GMT+0530,11:30:00,,,Buy,,,,
1405,Ion Exchange (india) Ltd,IONEXCHANG,NSI,India Stocks,INR,12,548.65,12.81,2025-05-29 GMT+0530,11:30:00,,,Buy,,,,
1406,Ion Exchange (india) Ltd,IONEXCHANG,NSI,India Stocks,INR,9,539.15,8.83,2025-06-30 GMT+0530,12:22:00,,,Buy,,,,
1407,Ion Exchange (india) Ltd,IONEXCHANG,NSI,India Stocks,INR,5,539.25,0,2025-06-30 GMT+0530,12:22:00,,,Buy,,,,
1408,Ion Exchange (india) Ltd,IONEXCHANG,NSI,India Stocks,INR,69,475.05,0,2025-07-23 GMT+0530,12:28:00,,,Sell,FIFO,,,
1409,Ion Exchange (india) Ltd,IONEXCHANG,NSI,India Stocks,INR,333,475,213.44,2025-07-23 GMT+0530,12:28:00,,,Sell,FIFO,,,
1410,Ircon International Ltd,IRCON,NSI,India Stocks,INR,,,,,,,,,,,,
1411,Ircon International Ltd,IRCON,NSI,India Stocks,INR,8,170.95,0,2023-12-01 GMT+0530,12:30:00,,,Buy,,,,
1412,Ircon International Ltd,IRCON,NSI,India Stocks,INR,2,162.85,0,2023-12-12 GMT+0530,12:30:00,,,Buy,,,,
1413,Ircon International Ltd,IRCON,NSI,India Stocks,INR,11,195.65,0,2024-01-12 GMT+0530,12:30:00,,,Buy,,,,
1414,Ircon International Ltd,IRCON,NSI,India Stocks,INR,4,206.4,0,2024-02-12 GMT+0530,12:30:00,,,Buy,,,,
1415,Ircon International Ltd,IRCON,NSI,India Stocks,INR,45,0,0,2024-02-16 GMT+0530,12:30:00,,,Dividend,FIFO,,,
1416,Ircon International Ltd,IRCON,NSI,India Stocks,INR,2,207.6,0,2024-03-12 GMT+0530,12:30:00,,,Buy,,,,
1417,Ircon International Ltd,IRCON,NSI,India Stocks,INR,27,226,0,2024-04-01 GMT+0530,12:30:00,,,Sell,FIFO,,,
1418,Itc Ltd,ITC,NSI,India Stocks,INR,,,,,,,,,,,,
1419,Itc Ltd,ITC,NSI,India Stocks,INR,15,301.59,0,2022-10-24 GMT+0530,12:30:00,,,Buy,,,,
1420,Itc Ltd,ITC,NSI,India Stocks,INR,16,301.76,0,2022-10-24 GMT+0530,12:30:00,,,Buy,,,,
1421,Itc Ltd,ITC,NSI,India Stocks,INR,2,302.76,0,2022-11-01 GMT+0530,12:30:00,,,Buy,,,,
1422,Itc Ltd,ITC,NSI,India Stocks,INR,3,306.39,0,2022-11-02 GMT+0530,12:30:00,,,Buy,,,,
1423,Itc Ltd,ITC,NSI,India Stocks,INR,3,306.35,0,2022-11-02 GMT+0530,12:30:00,,,Buy,,,,
1424,Itc Ltd,ITC,NSI,India Stocks,INR,3,292.81,0,2022-11-23 GMT+0530,12:30:00,,,Buy,,,,
1425,Itc Ltd,ITC,NSI,India Stocks,INR,7,293.11,0,2022-12-01 GMT+0530,12:30:00,,,Buy,,,,
1426,Itc Ltd,ITC,NSI,India Stocks,INR,3,285.24,0,2023-01-12 GMT+0530,12:30:00,,,Buy,,,,
1427,Itc Ltd,ITC,NSI,India Stocks,INR,312,0,0,2023-02-15 GMT+0530,12:30:00,,,Dividend,FIFO,,,
1428,Itc Ltd,ITC,NSI,India Stocks,INR,1,333.76,0,2023-03-13 GMT+0530,12:30:00,,,Buy,,,,
1429,Itc Ltd,ITC,NSI,India Stocks,INR,2,339.65,0,2023-04-12 GMT+0530,12:30:00,,,Buy,,,,
1430,Itc Ltd,ITC,NSI,India Stocks,INR,1,362.44,0,2023-05-12 GMT+0530,12:30:00,,,Buy,,,,
1431,Itc Ltd,ITC,NSI,India Stocks,INR,532,0,0,2023-05-30 GMT+0530,12:30:00,,,Dividend,FIFO,,,
1432,Itc Ltd,ITC,NSI,India Stocks,INR,1,377.57,0,2023-06-12 GMT+0530,12:30:00,,,Buy,,,,
1433,Itc Ltd,ITC,NSI,India Stocks,INR,7,409.49,0,2023-07-13 GMT+0530,12:30:00,,,Buy,,,,
1434,Itc Ltd,ITC,NSI,India Stocks,INR,2,409.79,0,2023-07-13 GMT+0530,12:30:00,,,Buy,,,,
1435,Itc Ltd,ITC,NSI,India Stocks,INR,413,0,0,2024-02-08 GMT+0530,12:30:00,,,Dividend,FIFO,,,
1436,Itc Ltd,ITC,NSI,India Stocks,INR,495,0,0,2024-06-04 GMT+0530,12:30:00,,,Dividend,FIFO,,,
1437,Itc Ltd,ITC,NSI,India Stocks,INR,12,408.23,6.88,2024-12-09 GMT+0530,12:30:00,,,Buy,,,,
1438,Itc Ltd,ITC,NSI,India Stocks,INR,4,400.66,1.92,2024-12-12 GMT+0530,12:30:00,,,Buy,,,,
1439,Itc Ltd,ITC,NSI,India Stocks,INR,8,411.74,5.15,2024-12-27 GMT+0530,12:30:00,,,Buy,,,,
1440,Itc Ltd,ITC,NSI,India Stocks,INR,2,440.65,0.91,2025-01-13 GMT+0530,12:30:00,,,Buy,,,,
1441,Itc Ltd,ITC,NSI,India Stocks,INR,3,412.3,1.28,2025-02-12 GMT+0530,12:05:00,,,Buy,,,,
1442,Itc Ltd,ITC,NSI,India Stocks,INR,598,403.9,0,2025-02-12 GMT+0530,18:22:00,,,Dividend,FIFO,,,
1443,Itc Ltd,ITC,NSI,India Stocks,INR,1,407,0.42,2025-03-12 GMT+0530,12:48:00,,,Buy,,,,
1444,Itc Ltd,ITC,NSI,India Stocks,INR,0,408.45,56.02,2025-04-02 GMT+0530,13:13:00,,,Sell All,FIFO,,,
1445,J B Chemicals And Pharma,JBCHEPHARM,NSI,India Stocks,INR,,,,,,,,,,,,
1446,J B Chemicals And Pharma,JBCHEPHARM,NSI,India Stocks,INR,4,1003.33,0,2022-11-01 GMT+0530,12:30:00,,,Buy,,,,
1447,J B Chemicals And Pharma,JBCHEPHARM,NSI,India Stocks,INR,2,1017.5,0,2022-12-08 GMT+0530,12:30:00,,,Buy,,,,
1448,J B Chemicals And Pharma,JBCHEPHARM,NSI,India Stocks,INR,25.5,0,0,2023-02-17 GMT+0530,12:30:00,,,Dividend,FIFO,,,
1449,J B Chemicals And Pharma,JBCHEPHARM,NSI,India Stocks,INR,27.75,0,0,2023-08-17 GMT+0530,12:30:00,,,Dividend,FIFO,,,
1450,J B Chemicals And Pharma,JBCHEPHARM,NSI,India Stocks,INR,6,1289,0,2023-10-23 GMT+0530,12:30:00,,,Sell,FIFO,,,
1451,Jio Fin Services Ltd,JIOFIN,NSI,India Stocks,INR,,,,,,,,,,,,
1452,Jio Fin Services Ltd,JIOFIN,NSI,India Stocks,INR,2,115.49,0,2022-10-24 GMT+0530,12:30:00,,,Buy,,,,
1453,Jio Fin Services Ltd,JIOFIN,NSI,India Stocks,INR,1,128.52,0,2022-12-01 GMT+0530,12:30:00,,,Buy,,,,
1454,Jio Fin Services Ltd,JIOFIN,NSI,India Stocks,INR,1,108.6,0,2023-02-13 GMT+0530,12:30:00,,,Buy,,,,
1455,Jio Fin Services Ltd,JIOFIN,NSI,India Stocks,INR,1,115.56,0,2023-05-12 GMT+0530,12:30:00,,,Buy,,,,
1456,Jio Fin Services Ltd,JIOFIN,NSI,India Stocks,INR,1,129.97,0,2023-07-13 GMT+0530,12:30:00,,,Buy,,,,
1457,Jio Fin Services Ltd,JIOFIN,NSI,India Stocks,INR,6,334.85,17.44,2024-07-19 GMT+0530,12:30:00,,,Sell,FIFO,,,
1458,Jk Lakshmi Cement Ltd,JKLAKSHMI,NSI,India Stocks,INR,,,,,,,,,,,,
1459,Jk Lakshmi Cement Ltd,JKLAKSHMI,NSI,India Stocks,INR,6,534.95,0,2022-10-24 GMT+0530,12:30:00,,,Buy,,,,
1460,Jk Lakshmi Cement Ltd,JKLAKSHMI,NSI,India Stocks,INR,2,587.4,0,2022-11-02 GMT+0530,12:30:00,,,Buy,,,,
1461,Jk Lakshmi Cement Ltd,JKLAKSHMI,NSI,India Stocks,INR,1,724.1,0,2022-12-01 GMT+0530,12:30:00,,,Buy,,,,
1462,Jk Lakshmi Cement Ltd,JKLAKSHMI,NSI,India Stocks,INR,33.75,0,0,2023-08-11 GMT+0530,12:30:00,,,Dividend,FIFO,,,
1463,Jk Lakshmi Cement Ltd,JKLAKSHMI,NSI,India Stocks,INR,9,660,0,2023-10-23 GMT+0530,12:30:00,,,Sell,FIFO,,,
1464,Jsw Energy Limited,JSWENERGY,NSI,India Stocks,INR,,,,,,,,,,,,
1465,Jsw Energy Limited,JSWENERGY,NSI,India Stocks,INR,32,316.85,0,2022-10-24 GMT+0530,12:30:00,,,Buy,,,,
1466,Jsw Energy Limited,JSWENERGY,NSI,India Stocks,INR,2,307.2,0,2022-12-01 GMT+0530,12:30:00,,,Buy,,,,
1467,Jsw Energy Limited,JSWENERGY,NSI,India Stocks,INR,2,276.8,0,2023-01-12 GMT+0530,12:30:00,,,Buy,,,,
1468,Jsw Energy Limited,JSWENERGY,NSI,India Stocks,INR,4,225.55,0,2023-02-13 GMT+0530,12:30:00,,,Buy,,,,
1469,Jsw Energy Limited,JSWENERGY,NSI,India Stocks,INR,31,265.9,0,2023-03-13 GMT+0530,12:30:00,,,Buy,,,,
1470,Jsw Energy Limited,JSWENERGY,NSI,India Stocks,INR,9,246.9,0,2023-04-12 GMT+0530,12:30:00,,,Buy,,,,
1471,Jsw Energy Limited,JSWENERGY,NSI,India Stocks,INR,160,0,0,2023-06-02 GMT+0530,12:30:00,,,Dividend,FIFO,,,
1472,Jsw Energy Limited,JSWENERGY,NSI,India Stocks,INR,160,0,0,2024-05-31 GMT+0530,12:30:00,,,Dividend,FIFO,,,
1473,Jsw Energy Limited,JSWENERGY,NSI,India Stocks,INR,1,474.95,0,2025-05-08 GMT+0530,18:07:00,,,Sell,FIFO,,,
1474,Jsw Energy Limited,JSWENERGY,NSI,India Stocks,INR,0,474.85,54.75,2025-05-08 GMT+0530,18:08:00,,,Sell All,FIFO,,,
1475,Jsw Energy Limited,JSWENERGY,NSI,India Stocks,INR,46,516.75,30.8,2026-01-05 GMT+0530,18:40:00,,,Buy,,,,
1476,Jsw Energy Limited,JSWENERGY,NSI,India Stocks,INR,4,516.7,0,2026-01-05 GMT+0530,18:41:00,,,Buy,,,,
1477,Jsw Energy Limited,JSWENERGY,NSI,India Stocks,INR,100,0,0,2026-06-05 GMT+0530,20:07:00,,,Dividend,FIFO,,,
1478,Jsw Infrastructure Ltd,JSWINFRA,NSI,India Stocks,INR,,,,,,,,,,,,
1479,Jsw Infrastructure Ltd,JSWINFRA,NSI,India Stocks,INR,126,119,0,2023-09-29 GMT+0530,12:30:00,,,Buy,,,,
1480,Jsw Infrastructure Ltd,JSWINFRA,NSI,India Stocks,INR,69.3,0,0,2024-07-19 GMT+0530,12:30:00,,,Dividend,FIFO,,,
1481,Jsw Infrastructure Ltd,JSWINFRA,NSI,India Stocks,INR,100.8,307.95,0,2025-07-01 GMT+0530,16:29:00,,,Dividend,FIFO,,,
1482,Jsw Infrastructure Ltd,JSWINFRA,NSI,India Stocks,INR,0,293.9,53.76,2025-10-20 GMT+0530,19:09:00,,,Sell All,FIFO,,,
1483,Jubilant Ingrevia Limited,JUBLINGREA,NSI,India Stocks,INR,,,,,,,,,,,,
1484,Jubilant Ingrevia Limited,JUBLINGREA,NSI,India Stocks,INR,16,534.7,0,2022-10-24 GMT+0530,12:30:00,,,Buy,,,,
1485,Jubilant Ingrevia Limited,JUBLINGREA,NSI,India Stocks,INR,1,511.7,0,2022-11-02 GMT+0530,12:30:00,,,Buy,,,,
1486,Jubilant Ingrevia Limited,JUBLINGREA,NSI,India Stocks,INR,1,511.65,0,2022-11-02 GMT+0530,12:30:00,,,Buy,,,,
1487,Jubilant Ingrevia Limited,JUBLINGREA,NSI,India Stocks,INR,1,535.9,0,2022-12-01 GMT+0530,12:30:00,,,Buy,,,,
1488,Jubilant Ingrevia Limited,JUBLINGREA,NSI,India Stocks,INR,1,521.1,0,2023-01-12 GMT+0530,12:30:00,,,Buy,,,,
1489,Jubilant Ingrevia Limited,JUBLINGREA,NSI,India Stocks,INR,50,0,0,2023-02-10 GMT+0530,12:30:00,,,Dividend,FIFO,,,
1490,Jubilant Ingrevia Limited,JUBLINGREA,NSI,India Stocks,INR,2,422.65,0,2023-03-13 GMT+0530,12:30:00,,,Buy,,,,
1491,Jubilant Ingrevia Limited,JUBLINGREA,NSI,India Stocks,INR,4,394.45,0,2023-04-12 GMT+0530,12:30:00,,,Buy,,,,
1492,Jubilant Ingrevia Limited,JUBLINGREA,NSI,India Stocks,INR,65,0,0,2023-08-10 GMT+0530,12:30:00,,,Dividend,FIFO,,,
1493,Jubilant Ingrevia Limited,JUBLINGREA,NSI,India Stocks,INR,65,0,0,2024-02-09 GMT+0530,12:30:00,,,Dividend,FIFO,,,
1494,Jubilant Ingrevia Limited,JUBLINGREA,NSI,India Stocks,INR,10,478.65,0,2024-03-05 GMT+0530,12:30:00,,,Sell,FIFO,,,
1495,Jubilant Ingrevia Limited,JUBLINGREA,NSI,India Stocks,INR,1,478.7,0,2024-03-05 GMT+0530,12:30:00,,,Sell,FIFO,,,
1496,Jubilant Ingrevia Limited,JUBLINGREA,NSI,India Stocks,INR,2,478.75,0,2024-03-05 GMT+0530,12:30:00,,,Sell,FIFO,,,
1497,Jubilant Ingrevia Limited,JUBLINGREA,NSI,India Stocks,INR,13,478.8,0,2024-03-05 GMT+0530,12:30:00,,,Sell,FIFO,,,
1498,Jyothy Labs Limited,JYOTHYLAB,NSI,India Stocks,INR,,,,,,,,,,,,
1499,Jyothy Labs Limited,JYOTHYLAB,NSI,India Stocks,INR,23,198.45,0,2022-10-24 GMT+0530,12:30:00,,,Buy,,,,
1500,Jyothy Labs Limited,JYOTHYLAB,NSI,India Stocks,INR,5,196.95,0,2022-11-02 GMT+0530,12:30:00,,,Buy,,,,
1501,Jyothy Labs Limited,JYOTHYLAB,NSI,India Stocks,INR,2,202.55,0,2022-12-01 GMT+0530,12:30:00,,,Buy,,,,
1502,Jyothy Labs Limited,JYOTHYLAB,NSI,India Stocks,INR,11,212.5,0,2022-12-08 GMT+0530,12:30:00,,,Buy,,,,
1503,Jyothy Labs Limited,JYOTHYLAB,NSI,India Stocks,INR,123,0,0,2023-07-03 GMT+0530,12:30:00,,,Dividend,FIFO,,,
1504,Jyothy Labs Limited,JYOTHYLAB,NSI,India Stocks,INR,10,352.9,0,2023-10-23 GMT+0530,12:30:00,,,Buy,,,,
1505,Jyothy Labs Limited,JYOTHYLAB,NSI,India Stocks,INR,14,358.65,0,2023-10-23 GMT+0530,12:30:00,,,Buy,,,,
1506,Jyothy Labs Limited,JYOTHYLAB,NSI,India Stocks,INR,6,358.65,0,2023-11-02 GMT+0530,12:30:00,,,Buy,,,,
1507,Jyothy Labs Limited,JYOTHYLAB,NSI,India Stocks,INR,1,418.3,0,2023-11-13 GMT+0530,12:30:00,,,Buy,,,,
1508,Jyothy Labs Limited,JYOTHYLAB,NSI,India Stocks,INR,3,452,0,2023-12-12 GMT+0530,12:30:00,,,Buy,,,,
1509,Jyothy Labs Limited,JYOTHYLAB,NSI,India Stocks,INR,1,484.1,0,2024-01-02 GMT+0530,12:30:00,,,Buy,,,,
1510,Jyothy Labs Limited,JYOTHYLAB,NSI,India Stocks,INR,22,484.3,0,2024-01-02 GMT+0530,12:30:00,,,Buy,,,,
1511,Jyothy Labs Limited,JYOTHYLAB,NSI,India Stocks,INR,5,508.95,0,2024-01-12 GMT+0530,12:30:00,,,Buy,,,,
1512,Jyothy Labs Limited,JYOTHYLAB,NSI,India Stocks,INR,5,515.5,0,2024-02-01 GMT+0530,12:30:00,,,Buy,,,,
1513,Jyothy Labs Limited,JYOTHYLAB,NSI,India Stocks,INR,6,456.4,0,2024-02-12 GMT+0530,12:30:00,,,Buy,,,,
1514,Jyothy Labs Limited,JYOTHYLAB,NSI,India Stocks,INR,3,456.5,0,2024-02-12 GMT+0530,12:30:00,,,Buy,,,,
1515,Jyothy Labs Limited,JYOTHYLAB,NSI,India Stocks,INR,1,456.45,0,2024-02-12 GMT+0530,12:30:00,,,Buy,,,,
1516,Jyothy Labs Limited,JYOTHYLAB,NSI,India Stocks,INR,1,425.05,0,2024-03-12 GMT+0530,12:30:00,,,Buy,,,,
1517,Jyothy Labs Limited,JYOTHYLAB,NSI,India Stocks,INR,21,443.05,0,2024-04-01 GMT+0530,12:30:00,,,Sell,FIFO,,,
1518,Jyothy Labs Limited,JYOTHYLAB,NSI,India Stocks,INR,41,443.1,0,2024-04-01 GMT+0530,12:30:00,,,Sell,FIFO,,,
1519,Jyothy Labs Limited,JYOTHYLAB,NSI,India Stocks,INR,199.5,0,0,2024-07-03 GMT+0530,12:30:00,,,Dividend,FIFO,,,
1520,Jyothy Labs Limited,JYOTHYLAB,NSI,India Stocks,INR,57,409.75,39.76,2024-12-16 GMT+0530,12:30:00,,,Sell,FIFO,,,
1521,Kpr Mill Ltd.,KPRMILL,NSI,India Stocks,INR,,,,,,,,,,,,
1522,Kpr Mill Ltd.,KPRMILL,NSI,India Stocks,INR,12,552.95,0,2022-10-24 GMT+0530,12:30:00,,,Buy,,,,
1523,Kpr Mill Ltd.,KPRMILL,NSI,India Stocks,INR,6,553,0,2022-10-24 GMT+0530,12:30:00,,,Buy,,,,
1524,Kpr Mill Ltd.,KPRMILL,NSI,India Stocks,INR,1,553.9,0,2022-11-02 GMT+0530,12:30:00,,,Buy,,,,
1525,Kpr Mill Ltd.,KPRMILL,NSI,India Stocks,INR,1,554.85,0,2022-12-01 GMT+0530,12:30:00,,,Buy,,,,
1526,Kpr Mill Ltd.,KPRMILL,NSI,India Stocks,INR,40,0,0,2023-02-14 GMT+0530,12:30:00,,,Dividend,FIFO,,,
1527,Kpr Mill Ltd.,KPRMILL,NSI,India Stocks,INR,40,0,0,2023-07-21 GMT+0530,12:30:00,,,Dividend,FIFO,,,
1528,Kpr Mill Ltd.,KPRMILL,NSI,India Stocks,INR,6,869,0,2023-12-01 GMT+0530,12:30:00,,,Buy,,,,
1529,Kpr Mill Ltd.,KPRMILL,NSI,India Stocks,INR,65,0,0,2024-02-13 GMT+0530,12:30:00,,,Dividend,FIFO,,,
1530,Kpr Mill Ltd.,KPRMILL,NSI,India Stocks,INR,65,0,0,2024-07-15 GMT+0530,12:30:00,,,Dividend,FIFO,,,
1531,Kpr Mill Ltd.,KPRMILL,NSI,India Stocks,INR,65,828.85,0,2025-02-07 GMT+0530,17:16:00,,,Dividend,FIFO,,,
1532,Kpr Mill Ltd.,KPRMILL,NSI,India Stocks,INR,17,803.05,37,2025-03-03 GMT+0530,18:51:00,,,Sell,FIFO,,,
1533,Kpr Mill Ltd.,KPRMILL,NSI,India Stocks,INR,7,803,0,2025-03-03 GMT+0530,18:51:00,,,Sell,FIFO,,,
1534,Kpr Mill Ltd.,KPRMILL,NSI,India Stocks,INR,0,803.2,0,2025-03-03 GMT+0530,18:52:00,,,Sell All,FIFO,,,
1535,Kpr Mill Ltd.,KPRMILL,NSI,India Stocks,INR,1,803.15,0,2025-03-03 GMT+0530,18:52:00,,,Sell,FIFO,,,
1536,Kalpataru Project Int Ltd,KPIL,NSI,India Stocks,INR,,,,,,,,,,,,
1537,Kalpataru Project Int Ltd,KPIL,NSI,India Stocks,INR,8,1220.4,0,2024-05-03 GMT+0530,12:30:00,,,Buy,,,,
1538,Kalpataru Project Int Ltd,KPIL,NSI,India Stocks,INR,14,1220.35,0,2024-05-03 GMT+0530,12:30:00,,,Buy,,,,
1539,Kalpataru Project Int Ltd,KPIL,NSI,India Stocks,INR,1,1168.3,0,2024-05-13 GMT+0530,12:30:00,,,Buy,,,,
1540,Kalpataru Project Int Ltd,KPIL,NSI,India Stocks,INR,184,0,0,2024-06-28 GMT+0530,12:30:00,,,Dividend,FIFO,,,
1541,Kalpataru Project Int Ltd,KPIL,NSI,India Stocks,INR,49,1349.9,78.81,2024-07-19 GMT+0530,12:30:00,,,Buy,,,,
1542,Kalpataru Project Int Ltd,KPIL,NSI,India Stocks,INR,1,1229.65,2.56,2024-08-12 GMT+0530,12:30:00,,,Buy,,,,
1543,Kalpataru Project Int Ltd,KPIL,NSI,India Stocks,INR,1,1229.6,0,2024-08-12 GMT+0530,12:30:00,,,Buy,,,,
1544,Kalpataru Project Int Ltd,KPIL,NSI,India Stocks,INR,2,1313.45,2.73,2024-10-07 GMT+0530,12:30:00,,,Buy,,,,
1545,Kalpataru Project Int Ltd,KPIL,NSI,India Stocks,INR,14,1293.25,21.78,2024-12-10 GMT+0530,12:30:00,,,Buy,,,,
1546,Kalpataru Project Int Ltd,KPIL,NSI,India Stocks,INR,7,1172.75,9.52,2025-01-16 GMT+0530,12:30:00,,,Buy,,,,
1547,Kalpataru Project Int Ltd,KPIL,NSI,India Stocks,INR,10,910.15,0,2025-02-17 GMT+0530,19:53:00,,,Sell,FIFO,,,
1548,Kalpataru Project Int Ltd,KPIL,NSI,India Stocks,INR,6,910.1,0,2025-02-17 GMT+0530,19:53:00,,,Sell,FIFO,,,
1549,Kalpataru Project Int Ltd,KPIL,NSI,India Stocks,INR,22,910.05,0,2025-02-17 GMT+0530,19:53:00,,,Sell,FIFO,,,
1550,Kalpataru Project Int Ltd,KPIL,NSI,India Stocks,INR,4,910.3,0,2025-02-17 GMT+0530,19:54:00,,,Sell,FIFO,,,
1551,Kalpataru Project Int Ltd,KPIL,NSI,India Stocks,INR,34,910.25,107.64,2025-02-17 GMT+0530,19:54:00,,,Sell,FIFO,,,
1552,Kalpataru Project Int Ltd,KPIL,NSI,India Stocks,INR,4,910.2,0,2025-02-17 GMT+0530,19:54:00,,,Sell,FIFO,,,
1553,Kalpataru Project Int Ltd,KPIL,NSI,India Stocks,INR,0,910.9,0,2025-02-17 GMT+0530,19:55:00,,,Sell All,FIFO,,,
1554,Kalpataru Project Int Ltd,KPIL,NSI,India Stocks,INR,8,910.4,0,2025-02-17 GMT+0530,19:55:00,,,Sell,FIFO,,,
1555,Kalpataru Project Int Ltd,KPIL,NSI,India Stocks,INR,5,910.35,0,2025-02-17 GMT+0530,19:55:00,,,Sell,FIFO,,,
1556,Kalpataru Project Int Ltd,KPIL,NSI,India Stocks,INR,97,946.15,109.21,2025-03-21 GMT+0530,12:15:00,,,Buy,,,,
1557,Kalpataru Project Int Ltd,KPIL,NSI,India Stocks,INR,873,1201.6,0,2025-06-23 GMT+0530,11:53:00,,,Dividend,FIFO,,,
1558,Kalpataru Project Int Ltd,KPIL,NSI,India Stocks,INR,3,1267,4.94,2025-08-29 GMT+0530,15:48:00,,,Buy,,,,
1559,Kalpataru Project Int Ltd,KPIL,NSI,India Stocks,INR,1,1256.6,1.5,2025-10-29 GMT+0530,20:00:00,,,Buy,,,,
1560,Kalpataru Project Int Ltd,KPIL,NSI,India Stocks,INR,56,1109.2,131.58,2026-02-03 GMT+0530,19:19:00,,,Sell,FIFO,,,
1561,Kalpataru Project Int Ltd,KPIL,NSI,India Stocks,INR,1,1109.4,0,2026-02-03 GMT+0530,19:19:00,,,Sell,FIFO,,,
1562,Kalpataru Project Int Ltd,KPIL,NSI,India Stocks,INR,21,1109.8,0,2026-02-03 GMT+0530,19:20:00,,,Sell,FIFO,,,
1563,Kalpataru Project Int Ltd,KPIL,NSI,India Stocks,INR,23,1109.3,0,2026-02-03 GMT+0530,19:20:00,,,Sell,FIFO,,,
1564,Kalyan Jewellers Ind Ltd,KALYANKJIL,NSI,India Stocks,INR,,,,,,,,,,,,
1565,Kalyan Jewellers Ind Ltd,KALYANKJIL,NSI,India Stocks,INR,22,288.55,0,2023-10-23 GMT+0530,12:30:00,,,Buy,,,,
1566,Kalyan Jewellers Ind Ltd,KALYANKJIL,NSI,India Stocks,INR,2,340.1,0,2023-11-13 GMT+0530,12:30:00,,,Buy,,,,
1567,Kalyan Jewellers Ind Ltd,KALYANKJIL,NSI,India Stocks,INR,7,334.35,0,2023-12-01 GMT+0530,12:30:00,,,Buy,,,,
1568,Kalyan Jewellers Ind Ltd,KALYANKJIL,NSI,India Stocks,INR,9,315.6,0,2023-12-12 GMT+0530,12:30:00,,,Buy,,,,
1569,Kalyan Jewellers Ind Ltd,KALYANKJIL,NSI,India Stocks,INR,3,389,0,2024-01-12 GMT+0530,12:30:00,,,Buy,,,,
1570,Kalyan Jewellers Ind Ltd,KALYANKJIL,NSI,India Stocks,INR,9,345,0,2024-02-01 GMT+0530,12:30:00,,,Buy,,,,
1571,Kalyan Jewellers Ind Ltd,KALYANKJIL,NSI,India Stocks,INR,1,355.85,0,2024-02-12 GMT+0530,12:30:00,,,Buy,,,,
1572,Kalyan Jewellers Ind Ltd,KALYANKJIL,NSI,India Stocks,INR,53,410.15,0,2024-03-05 GMT+0530,12:30:00,,,Sell,FIFO,,,
1573,Kalyan Jewellers Ind Ltd,KALYANKJIL,NSI,India Stocks,INR,34,430,0,2024-04-01 GMT+0530,12:30:00,,,Buy,,,,
1574,Kalyan Jewellers Ind Ltd,KALYANKJIL,NSI,India Stocks,INR,4,429.75,0,2024-04-12 GMT+0530,12:30:00,,,Buy,,,,
1575,Kalyan Jewellers Ind Ltd,KALYANKJIL,NSI,India Stocks,INR,31,409,0,2024-05-03 GMT+0530,12:30:00,,,Buy,,,,
1576,Kalyan Jewellers Ind Ltd,KALYANKJIL,NSI,India Stocks,INR,1,400.2,0,2024-05-13 GMT+0530,12:30:00,,,Buy,,,,
1577,Kalyan Jewellers Ind Ltd,KALYANKJIL,NSI,India Stocks,INR,13,390.25,0,2024-06-03 GMT+0530,12:30:00,,,Buy,,,,
1578,Kalyan Jewellers Ind Ltd,KALYANKJIL,NSI,India Stocks,INR,99.6,0,0,2024-08-09 GMT+0530,12:30:00,,,Dividend,FIFO,,,
1579,Kalyan Jewellers Ind Ltd,KALYANKJIL,NSI,India Stocks,INR,78,456.05,54.91,2025-03-03 GMT+0530,18:46:00,,,Sell,FIFO,,,
1580,Kalyan Jewellers Ind Ltd,KALYANKJIL,NSI,India Stocks,INR,0,456.15,0,2025-03-03 GMT+0530,18:47:00,,,Sell All,FIFO,,,
1581,Kalyan Jewellers Ind Ltd,KALYANKJIL,NSI,India Stocks,INR,35,442.45,0,2026-02-10 GMT+0530,21:04:00,,,Buy,,,,
1582,Kalyan Jewellers Ind Ltd,KALYANKJIL,NSI,India Stocks,INR,40,442.5,39.43,2026-02-10 GMT+0530,21:05:00,,,Buy,,,,
1583,Kalyan Jewellers Ind Ltd,KALYANKJIL,NSI,India Stocks,INR,75,382.4,45.09,2026-03-12 GMT+0530,16:39:00,,,Sell,FIFO,,,
1584,Kddl Limited,KDDL,NSI,India Stocks,INR,,,,,,,,,,,,
1585,Kddl Limited,KDDL,NSI,India Stocks,INR,2,1190,0,2023-05-03 GMT+0530,12:30:00,,,Buy,,,,
1586,Kddl Limited,KDDL,NSI,India Stocks,INR,1,1159.2,0,2023-05-12 GMT+0530,12:30:00,,,Buy,,,,
1587,Kddl Limited,KDDL,NSI,India Stocks,INR,1,1403.35,0,2023-06-12 GMT+0530,12:30:00,,,Buy,,,,
1588,Kddl Limited,KDDL,NSI,India Stocks,INR,2,1470.55,0,2023-07-13 GMT+0530,12:30:00,,,Buy,,,,
1589,Kddl Limited,KDDL,NSI,India Stocks,INR,1,1473.55,0,2023-07-13 GMT+0530,12:30:00,,,Buy,,,,
1590,Kddl Limited,KDDL,NSI,India Stocks,INR,1,1802.1,0,2023-09-12 GMT+0530,12:30:00,,,Buy,,,,
1591,Kddl Limited,KDDL,NSI,India Stocks,INR,16,0,0,2023-09-22 GMT+0530,12:30:00,,,Dividend,FIFO,,,
1592,Kddl Limited,KDDL,NSI,India Stocks,INR,1,2121.85,0,2023-10-12 GMT+0530,12:30:00,,,Buy,,,,
1593,Kddl Limited,KDDL,NSI,India Stocks,INR,522,0,0,2024-01-25 GMT+0530,12:30:00,,,Dividend,FIFO,,,
1594,Kddl Limited,KDDL,NSI,India Stocks,INR,36,0,0,2024-08-27 GMT+0530,12:30:00,,,Dividend,FIFO,,,
1595,Kddl Limited,KDDL,NSI,India Stocks,INR,0,2648.5,40.26,2025-05-08 GMT+0530,18:10:00,,,Sell All,FIFO,,,
1596,Kei Industries Ltd.,KEI,NSI,India Stocks,INR,,,,,,,,,,,,
1597,Kei Industries Ltd.,KEI,NSI,India Stocks,INR,3,1569.9,0,2022-10-24 GMT+0530,12:30:00,,,Buy,,,,
1598,Kei Industries Ltd.,KEI,NSI,India Stocks,INR,1,1599.15,0,2022-11-11 GMT+0530,12:30:00,,,Buy,,,,
1599,Kei Industries Ltd.,KEI,NSI,India Stocks,INR,1,1585.5,0,2022-12-01 GMT+0530,12:30:00,,,Buy,,,,
1600,Kei Industries Ltd.,KEI,NSI,India Stocks,INR,1,1567.45,0,2022-12-08 GMT+0530,12:30:00,,,Buy,,,,
1601,Kei Industries Ltd.,KEI,NSI,India Stocks,INR,18,0,0,2023-02-03 GMT+0530,12:30:00,,,Dividend,FIFO,,,
1602,Kei Industries Ltd.,KEI,NSI,India Stocks,INR,2,2887.95,0,2023-12-01 GMT+0530,12:30:00,,,Buy,,,,
1603,Kei Industries Ltd.,KEI,NSI,India Stocks,INR,28,0,0,2024-03-19 GMT+0530,12:30:00,,,Dividend,FIFO,,,
1604,Kei Industries Ltd.,KEI,NSI,India Stocks,INR,32,3917.75,0,2025-01-27 GMT+0530,23:24:00,,,Dividend,FIFO,,,
1605,Kei Industries Ltd.,KEI,NSI,India Stocks,INR,0,3098.95,41.06,2025-03-03 GMT+0530,18:48:00,,,Sell All,FIFO,,,
1606,Kiocl Limited,KIOCL,NSI,India Stocks,INR,,,,,,,,,,,,
1607,Kiocl Limited,KIOCL,NSI,India Stocks,INR,10,390.75,0,2024-01-02 GMT+0530,12:30:00,,,Buy,,,,
1608,Kiocl Limited,KIOCL,NSI,India Stocks,INR,2,372.5,0,2024-01-12 GMT+0530,12:30:00,,,Buy,,,,
1609,Kiocl Limited,KIOCL,NSI,India Stocks,INR,12,375.25,0,2024-02-01 GMT+0530,12:30:00,,,Sell,FIFO,,,
1610,Kirloskar Ferrous Industries L,KIRLFER,BSE,India Stocks,INR,,,,,,,,,,,,
1611,Kirloskar Ferrous Industries L,KIRLFER,BSE,India Stocks,INR,4,425.9,0,2023-05-03 GMT+0530,12:30:00,,,Buy,,,,
1612,Kirloskar Ferrous Industries L,KIRLFER,BSE,India Stocks,INR,2,461.35,0,2023-05-12 GMT+0530,12:30:00,,,Buy,,,,
1613,Kirloskar Ferrous Industries L,KIRLFER,BSE,India Stocks,INR,3,447.1,0,2023-06-12 GMT+0530,12:30:00,,,Buy,,,,
1614,Kirloskar Ferrous Industries L,KIRLFER,BSE,India Stocks,INR,4,486.05,0,2023-07-13 GMT+0530,12:30:00,,,Buy,,,,
1615,Kirloskar Ferrous Industries L,KIRLFER,BSE,India Stocks,INR,2,487.4,0,2023-07-13 GMT+0530,12:30:00,,,Buy,,,,
1616,Kirloskar Ferrous Industries L,KIRLFER,BSE,India Stocks,INR,45,0,0,2023-07-14 GMT+0530,12:30:00,,,Dividend,FIFO,,,
1617,Kirloskar Ferrous Industries L,KIRLFER,BSE,India Stocks,INR,1,482.6,0,2023-08-14 GMT+0530,12:30:00,,,Buy,,,,
1618,Kirloskar Ferrous Industries L,KIRLFER,BSE,India Stocks,INR,3,482.5,0,2023-08-14 GMT+0530,12:30:00,,,Buy,,,,
1619,Kirloskar Ferrous Industries L,KIRLFER,BSE,India Stocks,INR,3,466.35,0,2023-09-12 GMT+0530,12:30:00,,,Buy,,,,
1620,Kirloskar Ferrous Industries L,KIRLFER,BSE,India Stocks,INR,2,466.8,0,2023-10-12 GMT+0530,12:30:00,,,Buy,,,,
1621,Kirloskar Ferrous Industries L,KIRLFER,BSE,India Stocks,INR,72,0,0,2024-03-15 GMT+0530,12:30:00,,,Dividend,FIFO,,,
1622,Kirloskar Ferrous Industries L,KIRLFER,BSE,India Stocks,INR,60,0,0,2024-09-13 GMT+0530,12:30:00,,,Dividend,FIFO,,,
1623,Kirloskar Ferrous Industries L,KIRLFER,BSE,India Stocks,INR,72,451,0,2025-02-14 GMT+0530,21:16:00,,,Dividend,FIFO,,,
1624,Kirloskar Ferrous Industries L,KIRLFER,BSE,India Stocks,INR,0,450.25,26.64,2025-03-03 GMT+0530,18:49:00,,,Sell All,FIFO,,,
1625,Kpit Technologies Limited,KPITTECH,NSI,India Stocks,INR,,,,,,,,,,,,
1626,Kpit Technologies Limited,KPITTECH,NSI,India Stocks,INR,1,716.9,0,2022-10-24 GMT+0530,12:30:00,,,Buy,,,,
1627,Kpit Technologies Limited,KPITTECH,NSI,India Stocks,INR,20,716.85,0,2022-10-24 GMT+0530,12:30:00,,,Buy,,,,
1628,Kpit Technologies Limited,KPITTECH,NSI,India Stocks,INR,1,714.3,0,2022-11-02 GMT+0530,12:30:00,,,Buy,,,,
1629,Kpit Technologies Limited,KPITTECH,NSI,India Stocks,INR,1,724.8,0,2022-12-01 GMT+0530,12:30:00,,,Buy,,,,
1630,Kpit Technologies Limited,KPITTECH,NSI,India Stocks,INR,1,693,0,2023-01-12 GMT+0530,12:30:00,,,Buy,,,,
1631,Kpit Technologies Limited,KPITTECH,NSI,India Stocks,INR,34.8,0,0,2023-02-10 GMT+0530,12:30:00,,,Dividend,FIFO,,,
1632,Kpit Technologies Limited,KPITTECH,NSI,India Stocks,INR,1,813.9,0,2023-03-13 GMT+0530,12:30:00,,,Buy,,,,
1633,Kpit Technologies Limited,KPITTECH,NSI,India Stocks,INR,4,783.4,0,2023-03-14 GMT+0530,12:30:00,,,Sell,FIFO,,,
1634,Kpit Technologies Limited,KPITTECH,NSI,India Stocks,INR,2,783.35,0,2023-03-14 GMT+0530,12:30:00,,,Sell,FIFO,,,
1635,Kpit Technologies Limited,KPITTECH,NSI,India Stocks,INR,2,844.4,0,2023-04-03 GMT+0530,12:30:00,,,Buy,,,,
1636,Kpit Technologies Limited,KPITTECH,NSI,India Stocks,INR,1,923.3,0,2023-05-03 GMT+0530,12:30:00,,,Buy,,,,
1637,Kpit Technologies Limited,KPITTECH,NSI,India Stocks,INR,2,902.15,0,2023-05-12 GMT+0530,12:30:00,,,Buy,,,,
1638,Kpit Technologies Limited,KPITTECH,NSI,India Stocks,INR,1,902.3,0,2023-05-12 GMT+0530,12:30:00,,,Buy,,,,
1639,Kpit Technologies Limited,KPITTECH,NSI,India Stocks,INR,1,1134.75,0,2023-06-12 GMT+0530,12:30:00,,,Buy,,,,
1640,Kpit Technologies Limited,KPITTECH,NSI,India Stocks,INR,4,1052.95,0,2023-07-13 GMT+0530,12:30:00,,,Buy,,,,
1641,Kpit Technologies Limited,KPITTECH,NSI,India Stocks,INR,1,1053,0,2023-07-13 GMT+0530,12:30:00,,,Buy,,,,
1642,Kpit Technologies Limited,KPITTECH,NSI,India Stocks,INR,82.15,0,0,2023-08-14 GMT+0530,12:30:00,,,Dividend,FIFO,,,
1643,Kpit Technologies Limited,KPITTECH,NSI,India Stocks,INR,1,1127,0,2023-08-14 GMT+0530,12:30:00,,,Buy,,,,
1644,Kpit Technologies Limited,KPITTECH,NSI,India Stocks,INR,1,1158.1,0,2023-09-12 GMT+0530,12:30:00,,,Buy,,,,
1645,Kpit Technologies Limited,KPITTECH,NSI,India Stocks,INR,1,1159.65,0,2023-09-12 GMT+0530,12:30:00,,,Buy,,,,
1646,Kpit Technologies Limited,KPITTECH,NSI,India Stocks,INR,71.4,0,0,2024-02-09 GMT+0530,12:30:00,,,Dividend,FIFO,,,
1647,Kpit Technologies Limited,KPITTECH,NSI,India Stocks,INR,13,1377.7,0,2024-04-23 GMT+0530,12:30:00,,,Buy,,,,
1648,Kpit Technologies Limited,KPITTECH,NSI,India Stocks,INR,216.2,0,0,2024-08-09 GMT+0530,12:30:00,,,Dividend,FIFO,,,
1649,Kpit Technologies Limited,KPITTECH,NSI,India Stocks,INR,2,1686,4.5,2024-10-07 GMT+0530,12:30:00,,,Buy,,,,
1650,Kpit Technologies Limited,KPITTECH,NSI,India Stocks,INR,3,1326.2,0,2024-10-29 GMT+0530,12:30:00,,,Sell,FIFO,,,
1651,Kpit Technologies Limited,KPITTECH,NSI,India Stocks,INR,7,1326.15,0,2024-10-29 GMT+0530,12:30:00,,,Sell,FIFO,,,
1652,Kpit Technologies Limited,KPITTECH,NSI,India Stocks,INR,9,1326.1,0,2024-10-29 GMT+0530,12:30:00,,,Sell,FIFO,,,
1653,Kpit Technologies Limited,KPITTECH,NSI,India Stocks,INR,4,1326.05,0,2024-10-29 GMT+0530,12:30:00,,,Sell,FIFO,,,
1654,Kpit Technologies Limited,KPITTECH,NSI,India Stocks,INR,19,1326,57.78,2024-10-29 GMT+0530,12:30:00,,,Sell,FIFO,,,
1655,Kpit Technologies Limited,KPITTECH,NSI,India Stocks,INR,2,1330.95,0,2024-10-29 GMT+0530,12:30:00,,,Sell,FIFO,,,
1656,Kpit Technologies Limited,KPITTECH,NSI,India Stocks,INR,5,1330.9,9.74,2024-10-29 GMT+0530,12:30:00,,,Sell,FIFO,,,
1657,Ksb Limited,KSB,NSI,India Stocks,INR,,,,,,,,,,,,
1658,Ksb Limited,KSB,NSI,India Stocks,INR,30,411.56,0,2022-10-24 GMT+0530,12:30:00,,,Buy,,,,
1659,Ksb Limited,KSB,NSI,India Stocks,INR,5,370.65,0,2023-02-13 GMT+0530,12:30:00,,,Buy,,,,
1660,Ksb Limited,KSB,NSI,India Stocks,INR,5,370.05,0,2023-02-16 GMT+0530,12:30:00,,,Buy,,,,
1661,Ksb Limited,KSB,NSI,India Stocks,INR,5,370.06,0,2023-02-16 GMT+0530,12:30:00,,,Buy,,,,
1662,Ksb Limited,KSB,NSI,India Stocks,INR,5,436.39,0,2023-04-03 GMT+0530,12:30:00,,,Buy,,,,
1663,Ksb Limited,KSB,NSI,India Stocks,INR,5,449.35,0,2023-04-12 GMT+0530,12:30:00,,,Buy,,,,
1664,Ksb Limited,KSB,NSI,India Stocks,INR,165,0,0,2023-04-28 GMT+0530,12:30:00,,,Dividend,FIFO,,,
1665,Ksb Limited,KSB,NSI,India Stocks,INR,10,426.58,0,2023-05-12 GMT+0530,12:30:00,,,Buy,,,,
1666,Ksb Limited,KSB,NSI,India Stocks,INR,5,410.35,0,2023-07-13 GMT+0530,12:30:00,,,Buy,,,,
1667,Ksb Limited,KSB,NSI,India Stocks,INR,5,410.72,0,2023-07-13 GMT+0530,12:30:00,,,Buy,,,,
1668,Ksb Limited,KSB,NSI,India Stocks,INR,5,410.69,0,2023-07-13 GMT+0530,12:30:00,,,Buy,,,,
1669,Ksb Limited,KSB,NSI,India Stocks,INR,280,0,0,2024-06-13 GMT+0530,12:30:00,,,Dividend,FIFO,,,
1670,Ksb Limited,KSB,NSI,India Stocks,INR,41,929.05,45.24,2024-08-08 GMT+0530,12:30:00,,,Buy,,,,
1671,Ksb Limited,KSB,NSI,India Stocks,INR,5,923.7,5.8,2024-08-12 GMT+0530,12:30:00,,,Buy,,,,
1672,Ksb Limited,KSB,NSI,India Stocks,INR,1,887.9,0.92,2024-09-12 GMT+0530,12:30:00,,,Buy,,,,
1673,Ksb Limited,KSB,NSI,India Stocks,INR,1,849.95,0,2024-10-07 GMT+0530,12:30:00,,,Buy,,,,
1674,Ksb Limited,KSB,NSI,India Stocks,INR,4,850,5.41,2024-10-07 GMT+0530,12:30:00,,,Buy,,,,
1675,Ksb Limited,KSB,NSI,India Stocks,INR,3,782.15,0,2024-10-29 GMT+0530,12:30:00,,,Sell,FIFO,,,
1676,Ksb Limited,KSB,NSI,India Stocks,INR,79,782,107.09,2024-10-29 GMT+0530,12:30:00,,,Sell,FIFO,,,
1677,Ksb Limited,KSB,NSI,India Stocks,INR,50,782.05,0,2024-10-29 GMT+0530,12:30:00,,,Sell,FIFO,,,
1678,La Opala Rg Limited,LAOPALA,NSI,India Stocks,INR,,,,,,,,,,,,
1679,La Opala Rg Limited,LAOPALA,NSI,India Stocks,INR,13,404.95,0,2022-10-24 GMT+0530,12:30:00,,,Buy,,,,
1680,La Opala Rg Limited,LAOPALA,NSI,India Stocks,INR,1,401.05,0,2022-11-02 GMT+0530,12:30:00,,,Buy,,,,
1681,La Opala Rg Limited,LAOPALA,NSI,India Stocks,INR,2,401,0,2022-11-02 GMT+0530,12:30:00,,,Buy,,,,
1682,La Opala Rg Limited,LAOPALA,NSI,India Stocks,INR,32,0,0,2022-11-18 GMT+0530,12:30:00,,,Dividend,FIFO,,,
1683,La Opala Rg Limited,LAOPALA,NSI,India Stocks,INR,1,406.8,0,2022-12-01 GMT+0530,12:30:00,,,Buy,,,,
1684,La Opala Rg Limited,LAOPALA,NSI,India Stocks,INR,3,388.8,0,2023-01-12 GMT+0530,12:30:00,,,Buy,,,,
1685,La Opala Rg Limited,LAOPALA,NSI,India Stocks,INR,3,372.55,0,2023-02-13 GMT+0530,12:30:00,,,Buy,,,,
1686,La Opala Rg Limited,LAOPALA,NSI,India Stocks,INR,4,352.3,0,2023-03-13 GMT+0530,12:30:00,,,Buy,,,,
1687,La Opala Rg Limited,LAOPALA,NSI,India Stocks,INR,3,357,0,2023-04-12 GMT+0530,12:30:00,,,Buy,,,,
1688,La Opala Rg Limited,LAOPALA,NSI,India Stocks,INR,1,378.6,0,2023-05-12 GMT+0530,12:30:00,,,Buy,,,,
1689,La Opala Rg Limited,LAOPALA,NSI,India Stocks,INR,6,463.35,0,2023-07-13 GMT+0530,12:30:00,,,Buy,,,,
1690,La Opala Rg Limited,LAOPALA,NSI,India Stocks,INR,1,463.4,0,2023-07-13 GMT+0530,12:30:00,,,Buy,,,,
1691,La Opala Rg Limited,LAOPALA,NSI,India Stocks,INR,3,413.3,0,2023-09-12 GMT+0530,12:30:00,,,Buy,,,,
1692,La Opala Rg Limited,LAOPALA,NSI,India Stocks,INR,123,0,0,2023-09-21 GMT+0530,12:30:00,,,Dividend,FIFO,,,
1693,La Opala Rg Limited,LAOPALA,NSI,India Stocks,INR,12,334.1,0,2024-03-05 GMT+0530,12:30:00,,,Sell,FIFO,,,
1694,La Opala Rg Limited,LAOPALA,NSI,India Stocks,INR,16,334.2,0,2024-03-05 GMT+0530,12:30:00,,,Sell,FIFO,,,
1695,La Opala Rg Limited,LAOPALA,NSI,India Stocks,INR,13,334.05,0,2024-03-05 GMT+0530,12:30:00,,,Sell,FIFO,,,
1696,Lupin Limited,LUPIN,NSI,India Stocks,INR,,,,,,,,,,,,
1697,Lupin Limited,LUPIN,NSI,India Stocks,INR,10,1175.15,0,2023-10-23 GMT+0530,12:30:00,,,Buy,,,,
1698,Lupin Limited,LUPIN,NSI,India Stocks,INR,3,1168.75,0,2023-11-13 GMT+0530,12:30:00,,,Buy,,,,
1699,Lupin Limited,LUPIN,NSI,India Stocks,INR,3,1245.35,0,2023-12-12 GMT+0530,12:30:00,,,Buy,,,,
1700,Lupin Limited,LUPIN,NSI,India Stocks,INR,16,1388.75,0,2024-01-02 GMT+0530,12:30:00,,,Sell,FIFO,,,
1701,Lupin Limited,LUPIN,NSI,India Stocks,INR,15,1683.95,0,2024-03-05 GMT+0530,12:30:00,,,Buy,,,,
1702,Lupin Limited,LUPIN,NSI,India Stocks,INR,15,1608,0,2024-03-28 GMT+0530,12:30:00,,,Sell,FIFO,,,
1703,Lupin Limited,LUPIN,NSI,India Stocks,INR,12,1611.25,0,2024-04-01 GMT+0530,12:30:00,,,Buy,,,,
1704,Lupin Limited,LUPIN,NSI,India Stocks,INR,1,1634.5,0,2024-04-12 GMT+0530,12:30:00,,,Buy,,,,
1705,Lupin Limited,LUPIN,NSI,India Stocks,INR,8,1658.8,0,2024-05-03 GMT+0530,12:30:00,,,Buy,,,,
1706,Lupin Limited,LUPIN,NSI,India Stocks,INR,1,1658.75,0,2024-05-03 GMT+0530,12:30:00,,,Buy,,,,
1707,Lupin Limited,LUPIN,NSI,India Stocks,INR,176,0,0,2024-07-16 GMT+0530,12:30:00,,,Dividend,FIFO,,,
1708,Lupin Limited,LUPIN,NSI,India Stocks,INR,0,1911.5,58.97,2025-03-03 GMT+0530,18:53:00,,,Sell All,FIFO,,,
1709,M&m Fin. Services Ltd,M&MFIN,NSI,India Stocks,INR,,,,,,,,,,,,
1710,M&m Fin. Services Ltd,M&MFIN,NSI,India Stocks,INR,21,207.25,0,2022-11-23 GMT+0530,12:30:00,,,Buy,,,,
1711,M&m Fin. Services Ltd,M&MFIN,NSI,India Stocks,INR,2,219.1,0,2022-12-01 GMT+0530,12:30:00,,,Buy,,,,
1712,M&m Fin. Services Ltd,M&MFIN,NSI,India Stocks,INR,138,0,0,2023-07-21 GMT+0530,12:30:00,,,Dividend,FIFO,,,
1713,M&m Fin. Services Ltd,M&MFIN,NSI,India Stocks,INR,23,273.05,0,2023-10-23 GMT+0530,12:30:00,,,Sell,FIFO,,,
1714,M&m Fin. Services Ltd,M&MFIN,NSI,India Stocks,INR,135,274.6,44.46,2024-11-08 GMT+0530,12:30:00,,,Buy,,,,
1715,M&m Fin. Services Ltd,M&MFIN,NSI,India Stocks,INR,13,264.4,4.57,2024-11-12 GMT+0530,12:30:00,,,Buy,,,,
1716,M&m Fin. Services Ltd,M&MFIN,NSI,India Stocks,INR,137,263.55,56.12,2025-01-15 GMT+0530,12:30:00,,,Sell,FIFO,,,
1717,M&m Fin. Services Ltd,M&MFIN,NSI,India Stocks,INR,11,263.6,0,2025-01-15 GMT+0530,12:30:00,,,Sell,FIFO,,,
1718,M&m Fin. Services Ltd,M&MFIN,NSI,India Stocks,INR,34,277.95,0,2025-02-17 GMT+0530,19:57:00,,,Buy,,,,
1719,M&m Fin. Services Ltd,M&MFIN,NSI,India Stocks,INR,39,277.9,24.05,2025-02-17 GMT+0530,19:57:00,,,Buy,,,,
1720,M&m Fin. Services Ltd,M&MFIN,NSI,India Stocks,INR,15,267.35,5.16,2025-03-12 GMT+0530,12:55:00,,,Buy,,,,
1721,M&m Fin. Services Ltd,M&MFIN,NSI,India Stocks,INR,0,263.05,39.35,2025-04-11 GMT+0530,13:36:00,,,Sell All,FIFO,,,
1722,M&m Fin. Services Ltd,M&MFIN,NSI,India Stocks,INR,32,371.55,0,2025-12-02 GMT+0530,11:55:00,,,Buy,,,,
1723,M&m Fin. Services Ltd,M&MFIN,NSI,India Stocks,INR,158,371.5,83.82,2025-12-02 GMT+0530,11:56:00,,,Buy,,,,
1724,M&m Fin. Services Ltd,M&MFIN,NSI,India Stocks,INR,125,348.75,84.07,2025-12-09 GMT+0530,19:50:00,,,Sell,FIFO,,,
1725,M&m Fin. Services Ltd,M&MFIN,NSI,India Stocks,INR,65,348.65,0,2025-12-09 GMT+0530,19:51:00,,,Sell,FIFO,,,
1726,Mahindra & Mahindra Ltd,M&M,NSI,India Stocks,INR,,,,,,,,,,,,
1727,Mahindra & Mahindra Ltd,M&M,NSI,India Stocks,INR,3,1268.4,0,2022-10-24 GMT+0530,12:30:00,,,Buy,,,,
1728,Mahindra & Mahindra Ltd,M&M,NSI,India Stocks,INR,1,1292.2,0,2022-11-11 GMT+0530,12:30:00,,,Buy,,,,
1729,Mahindra & Mahindra Ltd,M&M,NSI,India Stocks,INR,1,1276.05,0,2022-12-08 GMT+0530,12:30:00,,,Buy,,,,
1730,Mahindra & Mahindra Ltd,M&M,NSI,India Stocks,INR,81.25,0,0,2023-07-14 GMT+0530,12:30:00,,,Dividend,FIFO,,,
1731,Mahindra & Mahindra Ltd,M&M,NSI,India Stocks,INR,5,1565.15,0,2023-10-23 GMT+0530,12:30:00,,,Sell,FIFO,,,
1732,Marico Limited,MARICO,NSI,India Stocks,INR,,,,,,,,,,,,
1733,Marico Limited,MARICO,NSI,India Stocks,INR,2,524.45,0,2022-10-24 GMT+0530,12:30:00,,,Buy,,,,
1734,Marico Limited,MARICO,NSI,India Stocks,INR,8,524.4,0,2022-10-24 GMT+0530,12:30:00,,,Buy,,,,
1735,Marico Limited,MARICO,NSI,India Stocks,INR,3,529.15,0,2022-11-02 GMT+0530,12:30:00,,,Buy,,,,
1736,Marico Limited,MARICO,NSI,India Stocks,INR,1,502.15,0,2022-12-01 GMT+0530,12:30:00,,,Buy,,,,
1737,Marico Limited,MARICO,NSI,India Stocks,INR,2,492.65,0,2023-01-12 GMT+0530,12:30:00,,,Buy,,,,
1738,Marico Limited,MARICO,NSI,India Stocks,INR,2,493,0,2023-02-13 GMT+0530,12:30:00,,,Buy,,,,
1739,Marico Limited,MARICO,NSI,India Stocks,INR,81,0,0,2023-03-08 GMT+0530,12:30:00,,,Dividend,FIFO,,,
1740,Marico Limited,MARICO,NSI,India Stocks,INR,1,492.75,0,2023-03-13 GMT+0530,12:30:00,,,Buy,,,,
1741,Marico Limited,MARICO,NSI,India Stocks,INR,4,480.7,0,2023-04-12 GMT+0530,12:30:00,,,Buy,,,,
1742,Marico Limited,MARICO,NSI,India Stocks,INR,1,534.3,0,2023-06-12 GMT+0530,12:30:00,,,Buy,,,,
1743,Marico Limited,MARICO,NSI,India Stocks,INR,6,533.85,0,2023-07-13 GMT+0530,12:30:00,,,Buy,,,,
1744,Marico Limited,MARICO,NSI,India Stocks,INR,3,534.45,0,2023-07-13 GMT+0530,12:30:00,,,Buy,,,,
1745,Marico Limited,MARICO,NSI,India Stocks,INR,3,537.2,0,2023-10-12 GMT+0530,12:30:00,,,Buy,,,,
1746,Marico Limited,MARICO,NSI,India Stocks,INR,108,0,0,2023-11-07 GMT+0530,12:30:00,,,Dividend,FIFO,,,
1747,Marico Limited,MARICO,NSI,India Stocks,INR,234,0,0,2024-03-06 GMT+0530,12:30:00,,,Dividend,FIFO,,,
1748,Marico Limited,MARICO,NSI,India Stocks,INR,8,507.05,0,2024-03-12 GMT+0530,12:30:00,,,Sell,FIFO,,,
1749,Marico Limited,MARICO,NSI,India Stocks,INR,28,507.1,0,2024-03-12 GMT+0530,12:30:00,,,Sell,FIFO,,,
1750,Mazagon Dock Shipbuil Ltd,MAZDOCK,NSI,India Stocks,INR,,,,,,,,,,,,
1751,Mazagon Dock Shipbuil Ltd,MAZDOCK,NSI,India Stocks,INR,6,1973.8,0,2023-10-23 GMT+0530,12:30:00,,,Buy,,,,
1752,Mazagon Dock Shipbuil Ltd,MAZDOCK,NSI,India Stocks,INR,1,1981.6,0,2023-11-13 GMT+0530,12:30:00,,,Buy,,,,
1753,Mazagon Dock Shipbuil Ltd,MAZDOCK,NSI,India Stocks,INR,107.38,0,0,2023-11-20 GMT+0530,12:30:00,,,Dividend,FIFO,,,
1754,Mazagon Dock Shipbuil Ltd,MAZDOCK,NSI,India Stocks,INR,1,2046.3,0,2023-12-01 GMT+0530,12:30:00,,,Buy,,,,
1755,Mazagon Dock Shipbuil Ltd,MAZDOCK,NSI,India Stocks,INR,2,2081.25,0,2023-12-12 GMT+0530,12:30:00,,,Buy,,,,
1756,Mazagon Dock Shipbuil Ltd,MAZDOCK,NSI,India Stocks,INR,1,2247.95,0,2024-01-02 GMT+0530,12:30:00,,,Buy,,,,
1757,Mazagon Dock Shipbuil Ltd,MAZDOCK,NSI,India Stocks,INR,1,2289.85,0,2024-01-12 GMT+0530,12:30:00,,,Buy,,,,
1758,Mazagon Dock Shipbuil Ltd,MAZDOCK,NSI,India Stocks,INR,12,2276.25,0,2024-02-01 GMT+0530,12:30:00,,,Sell,FIFO,,,
1759,Mazagon Dock Shipbuil Ltd,MAZDOCK,NSI,India Stocks,INR,10,3404.4,40.32,2025-06-02 GMT+0530,17:28:00,,,Buy,,,,
1760,Mazagon Dock Shipbuil Ltd,MAZDOCK,NSI,India Stocks,INR,1,3233.7,7.71,2025-06-30 GMT+0530,12:23:00,,,Buy,,,,
1761,Mazagon Dock Shipbuil Ltd,MAZDOCK,NSI,India Stocks,INR,1,3233.5,0,2025-06-30 GMT+0530,12:24:00,,,Buy,,,,
1762,Mazagon Dock Shipbuil Ltd,MAZDOCK,NSI,India Stocks,INR,0,3270,56.05,2025-07-03 GMT+0530,19:44:00,,,Sell All,FIFO,,,
1763,Meghmani Organics Limited,MOL,NSI,India Stocks,INR,,,,,,,,,,,,
1764,Meghmani Organics Limited,MOL,NSI,India Stocks,INR,100,112.95,0,2022-10-24 GMT+0530,12:30:00,,,Buy,,,,
1765,Meghmani Organics Limited,MOL,NSI,India Stocks,INR,7,110,0,2022-11-02 GMT+0530,12:30:00,,,Buy,,,,
1766,Meghmani Organics Limited,MOL,NSI,India Stocks,INR,8,111.9,0,2022-12-01 GMT+0530,12:30:00,,,Buy,,,,
1767,Meghmani Organics Limited,MOL,NSI,India Stocks,INR,5,109.65,0,2023-01-12 GMT+0530,12:30:00,,,Buy,,,,
1768,Meghmani Organics Limited,MOL,NSI,India Stocks,INR,2,99.65,0,2023-02-13 GMT+0530,12:30:00,,,Buy,,,,
1769,Meghmani Organics Limited,MOL,NSI,India Stocks,INR,1,99.6,0,2023-02-13 GMT+0530,12:30:00,,,Buy,,,,
1770,Meghmani Organics Limited,MOL,NSI,India Stocks,INR,20,89.9,0,2023-03-13 GMT+0530,12:30:00,,,Buy,,,,
1771,Meghmani Organics Limited,MOL,NSI,India Stocks,INR,7,92.2,0,2023-04-12 GMT+0530,12:30:00,,,Buy,,,,
1772,Meghmani Organics Limited,MOL,NSI,India Stocks,INR,210,0,0,2023-06-20 GMT+0530,12:30:00,,,Dividend,FIFO,,,
1773,Meghmani Organics Limited,MOL,NSI,India Stocks,INR,118,95.07,0,2024-03-05 GMT+0530,12:30:00,,,Sell,FIFO,,,
1774,Meghmani Organics Limited,MOL,NSI,India Stocks,INR,32,95.08,0,2024-03-05 GMT+0530,12:30:00,,,Sell,FIFO,,,
1775,Mold-tek Technologies Ltd,MOLDTECH,NSI,India Stocks,INR,,,,,,,,,,,,
1776,Mold-tek Technologies Ltd,MOLDTECH,NSI,India Stocks,INR,9,323.4,0,2023-06-21 GMT+0530,12:30:00,,,Buy,,,,
1777,Mold-tek Technologies Ltd,MOLDTECH,NSI,India Stocks,INR,5,235.55,0,2023-07-13 GMT+0530,12:30:00,,,Buy,,,,
1778,Mold-tek Technologies Ltd,MOLDTECH,NSI,India Stocks,INR,7,237.2,0,2023-07-13 GMT+0530,12:30:00,,,Buy,,,,
1779,Mold-tek Technologies Ltd,MOLDTECH,NSI,India Stocks,INR,1,308.65,0,2023-08-14 GMT+0530,12:30:00,,,Buy,,,,
1780,Mold-tek Technologies Ltd,MOLDTECH,NSI,India Stocks,INR,30.8,0,0,2023-09-18 GMT+0530,12:30:00,,,Dividend,FIFO,,,
1781,Mold-tek Technologies Ltd,MOLDTECH,NSI,India Stocks,INR,2,350.95,0,2023-10-12 GMT+0530,12:30:00,,,Buy,,,,
1782,Mold-tek Technologies Ltd,MOLDTECH,NSI,India Stocks,INR,24,208.15,0,2024-03-05 GMT+0530,12:30:00,,,Sell,FIFO,,,
1783,Mrs Bectors Food Spe Ltd,BECTORFOOD,NSI,India Stocks,INR,,,,,,,,,,,,
1784,Mrs Bectors Food Spe Ltd,BECTORFOOD,NSI,India Stocks,INR,3,1081.75,0,2023-10-23 GMT+0530,12:30:00,,,Buy,,,,
1785,Mrs Bectors Food Spe Ltd,BECTORFOOD,NSI,India Stocks,INR,6,1081.55,0,2023-10-23 GMT+0530,12:30:00,,,Buy,,,,
1786,Mrs Bectors Food Spe Ltd,BECTORFOOD,NSI,India Stocks,INR,11.25,0,0,2024-02-21 GMT+0530,12:30:00,,,Dividend,FIFO,,,
1787,Mrs Bectors Food Spe Ltd,BECTORFOOD,NSI,India Stocks,INR,9,1047.2,0,2024-03-05 GMT+0530,12:30:00,,,Sell,FIFO,,,
1788,Mtar Technologies Limited,MTARTECH,NSI,India Stocks,INR,,,,,,,,,,,,
1789,Mtar Technologies Limited,MTARTECH,NSI,India Stocks,INR,9,1630.5,0,2022-10-24 GMT+0530,12:30:00,,,Buy,,,,
1790,Mtar Technologies Limited,MTARTECH,NSI,India Stocks,INR,1,1628.25,0,2022-11-02 GMT+0530,12:30:00,,,Buy,,,,
1791,Mtar Technologies Limited,MTARTECH,NSI,India Stocks,INR,3,1635.85,0,2023-03-14 GMT+0530,12:30:00,,,Buy,,,,
1792,Mtar Technologies Limited,MTARTECH,NSI,India Stocks,INR,4,1595.6,0,2023-04-03 GMT+0530,12:30:00,,,Buy,,,,
1793,Mtar Technologies Limited,MTARTECH,NSI,India Stocks,INR,2,2090.75,0,2023-07-13 GMT+0530,12:30:00,,,Buy,,,,
1794,Mtar Technologies Limited,MTARTECH,NSI,India Stocks,INR,3,2504.9,0,2023-11-02 GMT+0530,12:30:00,,,Buy,,,,
1795,Mtar Technologies Limited,MTARTECH,NSI,India Stocks,INR,1,2504.75,0,2023-11-02 GMT+0530,12:30:00,,,Buy,,,,
1796,Mtar Technologies Limited,MTARTECH,NSI,India Stocks,INR,4,2218.9,0,2023-11-13 GMT+0530,12:30:00,,,Buy,,,,
1797,Mtar Technologies Limited,MTARTECH,NSI,India Stocks,INR,2,2153.65,0,2024-01-12 GMT+0530,12:30:00,,,Buy,,,,
1798,Mtar Technologies Limited,MTARTECH,NSI,India Stocks,INR,12,2037.75,0,2024-02-01 GMT+0530,12:30:00,,,Sell,FIFO,,,
1799,Mtar Technologies Limited,MTARTECH,NSI,India Stocks,INR,16,2037.3,0,2024-02-01 GMT+0530,12:30:00,,,Sell,FIFO,,,
1800,Mtar Technologies Limited,MTARTECH,NSI,India Stocks,INR,1,2037.5,0,2024-02-01 GMT+0530,12:30:00,,,Sell,FIFO,,,
1801,Narayana Hrudayalaya Ltd.,NH,NSI,India Stocks,INR,,,,,,,,,,,,
1802,Narayana Hrudayalaya Ltd.,NH,NSI,India Stocks,INR,8,1019.8,0,2023-10-23 GMT+0530,12:30:00,,,Buy,,,,
1803,Narayana Hrudayalaya Ltd.,NH,NSI,India Stocks,INR,2,1008,0,2023-11-02 GMT+0530,12:30:00,,,Buy,,,,
1804,Narayana Hrudayalaya Ltd.,NH,NSI,India Stocks,INR,40,0,0,2024-08-02 GMT+0530,12:30:00,,,Dividend,FIFO,,,
1805,Narayana Hrudayalaya Ltd.,NH,NSI,India Stocks,INR,1,1298.2,0,2024-12-16 GMT+0530,12:30:00,,,Sell,FIFO,,,
1806,Narayana Hrudayalaya Ltd.,NH,NSI,India Stocks,INR,1,1298.05,0,2024-12-16 GMT+0530,12:30:00,,,Sell,FIFO,,,
1807,Narayana Hrudayalaya Ltd.,NH,NSI,India Stocks,INR,6,1298.15,28.81,2024-12-16 GMT+0530,12:30:00,,,Sell,FIFO,,,
1808,Narayana Hrudayalaya Ltd.,NH,NSI,India Stocks,INR,1,1298.1,0,2024-12-16 GMT+0530,12:30:00,,,Sell,FIFO,,,
1809,Narayana Hrudayalaya Ltd.,NH,NSI,India Stocks,INR,1,1298.25,0,2024-12-16 GMT+0530,12:30:00,,,Sell,FIFO,,,
1810,Nava Limited,NAVA,NSI,India Stocks,INR,,,,,,,,,,,,
1811,Nava Limited,NAVA,NSI,India Stocks,INR,6,426.2,0,2023-10-23 GMT+0530,12:30:00,,,Buy,,,,
1812,Nava Limited,NAVA,NSI,India Stocks,INR,50,425.8,0,2023-10-23 GMT+0530,12:30:00,,,Buy,,,,
1813,Nava Limited,NAVA,NSI,India Stocks,INR,224,0,0,2024-08-01 GMT+0530,12:30:00,,,Dividend,FIFO,,,
1814,Nava Limited,NAVA,NSI,India Stocks,INR,224,0,0,2024-08-30 GMT+0530,12:30:00,,,Dividend,FIFO,,,
1815,Nava Limited,NAVA,NSI,India Stocks,INR,2,1,0,2025-01-20 GMT+0530,10:40:00,,,Split,,,,
1816,Nava Limited,NAVA,NSI,India Stocks,INR,0,388.85,60.86,2025-03-03 GMT+0530,18:55:00,,,Sell All,FIFO,,,
1817,Nava Limited,NAVA,NSI,India Stocks,INR,47,388.75,0,2025-03-03 GMT+0530,18:55:00,,,Sell,FIFO,,,
1818,Nava Limited,NAVA,NSI,India Stocks,INR,112,476.7,63.39,2025-03-21 GMT+0530,12:16:00,,,Buy,,,,
1819,Nava Limited,NAVA,NSI,India Stocks,INR,672,673.7,0,2025-08-07 GMT+0530,13:09:00,,,Dividend,FIFO,,,
1820,Nava Limited,NAVA,NSI,India Stocks,INR,14,607.9,0,2025-10-20 GMT+0530,19:19:00,,,Sell,FIFO,,,
1821,Nava Limited,NAVA,NSI,India Stocks,INR,39,607.8,0,2025-10-20 GMT+0530,19:19:00,,,Sell,FIFO,,,
1822,Nava Limited,NAVA,NSI,India Stocks,INR,0,608,0,2025-10-20 GMT+0530,19:20:00,,,Sell All,FIFO,,,
1823,Nava Limited,NAVA,NSI,India Stocks,INR,42,607.85,85.97,2025-10-20 GMT+0530,19:20:00,,,Sell,FIFO,,,
1824,Ncc Limited,NCC,NSI,India Stocks,INR,,,,,,,,,,,,
1825,Ncc Limited,NCC,NSI,India Stocks,INR,35,145.35,0,2023-10-23 GMT+0530,12:30:00,,,Buy,,,,
1826,Ncc Limited,NCC,NSI,India Stocks,INR,35,166.4,0,2023-12-01 GMT+0530,12:30:00,,,Sell,FIFO,,,
1827,Neogen Chemicals Limited,NEOGEN,NSI,India Stocks,INR,,,,,,,,,,,,
1828,Neogen Chemicals Limited,NEOGEN,NSI,India Stocks,INR,1,1499.5,0,2022-10-24 GMT+0530,12:30:00,,,Buy,,,,
1829,Neogen Chemicals Limited,NEOGEN,NSI,India Stocks,INR,7,1499.45,0,2022-10-24 GMT+0530,12:30:00,,,Buy,,,,
1830,Neogen Chemicals Limited,NEOGEN,NSI,India Stocks,INR,1,1499.55,0,2022-11-02 GMT+0530,12:30:00,,,Buy,,,,
1831,Neogen Chemicals Limited,NEOGEN,NSI,India Stocks,INR,1,1302.95,0,2022-12-01 GMT+0530,12:30:00,,,Buy,,,,
1832,Neogen Chemicals Limited,NEOGEN,NSI,India Stocks,INR,3,1299.95,0,2023-02-16 GMT+0530,12:30:00,,,Buy,,,,
1833,Neogen Chemicals Limited,NEOGEN,NSI,India Stocks,INR,3,1287.5,0,2023-04-03 GMT+0530,12:30:00,,,Buy,,,,
1834,Neogen Chemicals Limited,NEOGEN,NSI,India Stocks,INR,1,1287.55,0,2023-04-03 GMT+0530,12:30:00,,,Buy,,,,
1835,Neogen Chemicals Limited,NEOGEN,NSI,India Stocks,INR,17,1524,0,2023-05-08 GMT+0530,12:30:00,,,Sell,FIFO,,,
1836,Neogen Chemicals Limited,NEOGEN,NSI,India Stocks,INR,19,1349.8,45.2,2026-02-03 GMT+0530,20:23:00,,,Buy,,,,
1837,Neogen Chemicals Limited,NEOGEN,NSI,India Stocks,INR,3,1349.7,0,2026-02-03 GMT+0530,20:23:00,,,Buy,,,,
1838,Neogen Chemicals Limited,NEOGEN,NSI,India Stocks,INR,6,1349,0,2026-02-03 GMT+0530,20:24:00,,,Buy,,,,
1839,Neogen Chemicals Limited,NEOGEN,NSI,India Stocks,INR,1,1700,1.76,2026-05-22 GMT+0530,14:15:00,,,Buy,,,,
1840,Neogen Chemicals Limited,NEOGEN,NSI,India Stocks,INR,12,2045.1,85.26,2026-07-31 GMT+0530,13:38:00,,,Buy,,,,
1841,Neogen Chemicals Limited,NEOGEN,NSI,India Stocks,INR,7,2044.6,0,2026-07-31 GMT+0530,13:38:00,,,Buy,,,,
1842,Neogen Chemicals Limited,NEOGEN,NSI,India Stocks,INR,4,2045.5,0,2026-07-31 GMT+0530,13:39:00,,,Buy,,,,
1843,Neogen Chemicals Limited,NEOGEN,NSI,India Stocks,INR,3,2045.3,0,2026-07-31 GMT+0530,13:39:00,,,Buy,,,,
1844,Neogen Chemicals Limited,NEOGEN,NSI,India Stocks,INR,9,2045.2,0,2026-07-31 GMT+0530,13:39:00,,,Buy,,,,
1845,Netweb Tech India Ltd,NETWEB,NSI,India Stocks,INR,,,,,,,,,,,,
1846,Netweb Tech India Ltd,NETWEB,NSI,India Stocks,INR,30,500,0,2023-07-26 GMT+0530,12:30:00,,,Buy,,,,
1847,Netweb Tech India Ltd,NETWEB,NSI,India Stocks,INR,60,0,0,2024-08-09 GMT+0530,12:30:00,,,Dividend,FIFO,,,
1848,Netweb Tech India Ltd,NETWEB,NSI,India Stocks,INR,0,1400.95,59.28,2025-03-03 GMT+0530,18:57:00,,,Sell All,FIFO,,,
1849,Netweb Tech India Ltd,NETWEB,NSI,India Stocks,INR,14,1400.9,0,2025-03-03 GMT+0530,18:57:00,,,Sell,FIFO,,,
1850,Netweb Tech India Ltd,NETWEB,NSI,India Stocks,INR,50,1577.65,93.83,2025-03-21 GMT+0530,12:16:00,,,Buy,,,,
1851,Netweb Tech India Ltd,NETWEB,NSI,India Stocks,INR,125,3279.4,0,2025-08-22 GMT+0530,23:54:00,,,Dividend,FIFO,,,
1852,Netweb Tech India Ltd,NETWEB,NSI,India Stocks,INR,5,4002.9,23.9,2025-10-29 GMT+0530,20:06:00,,,Buy,,,,
1853,Netweb Tech India Ltd,NETWEB,NSI,India Stocks,INR,1,2984.4,0,2025-12-09 GMT+0530,19:52:00,,,Sell,FIFO,,,
1854,Netweb Tech India Ltd,NETWEB,NSI,India Stocks,INR,10,2983.9,0,2025-12-09 GMT+0530,19:52:00,,,Sell,FIFO,,,
1855,Netweb Tech India Ltd,NETWEB,NSI,India Stocks,INR,1,2984.3,0,2025-12-09 GMT+0530,19:52:00,,,Sell,FIFO,,,
1856,Netweb Tech India Ltd,NETWEB,NSI,India Stocks,INR,25,2984.7,185.61,2025-12-09 GMT+0530,19:53:00,,,Sell,FIFO,,,
1857,Netweb Tech India Ltd,NETWEB,NSI,India Stocks,INR,18,2983.8,0,2025-12-09 GMT+0530,19:53:00,,,Sell,FIFO,,,
1858,Netweb Tech India Ltd,NETWEB,NSI,India Stocks,INR,25,3218.4,286.44,2026-02-10 GMT+0530,21:12:00,,,Buy,,,,
1859,Netweb Tech India Ltd,NETWEB,NSI,India Stocks,INR,24,3218.9,0,2026-02-10 GMT+0530,21:12:00,,,Buy,,,,
1860,Netweb Tech India Ltd,NETWEB,NSI,India Stocks,INR,21,3219,0,2026-02-10 GMT+0530,21:12:00,,,Buy,,,,
1861,Netweb Tech India Ltd,NETWEB,NSI,India Stocks,INR,5,3218.5,0,2026-02-10 GMT+0530,21:13:00,,,Buy,,,,
1862,Netweb Tech India Ltd,NETWEB,NSI,India Stocks,INR,5,3202.95,0,2026-04-01 GMT+0530,20:45:00,,,Buy,,,,
1863,Netweb Tech India Ltd,NETWEB,NSI,India Stocks,INR,7,3205.8,0,2026-04-01 GMT+0530,20:46:00,,,Buy,,,,
1864,Netweb Tech India Ltd,NETWEB,NSI,India Stocks,INR,7,3204.9,0,2026-04-01 GMT+0530,20:46:00,,,Buy,,,,
1865,Netweb Tech India Ltd,NETWEB,NSI,India Stocks,INR,1,3203.35,0,2026-04-01 GMT+0530,20:46:00,,,Buy,,,,
1866,Netweb Tech India Ltd,NETWEB,NSI,India Stocks,INR,8,3203,0,2026-04-01 GMT+0530,20:46:00,,,Buy,,,,
1867,Netweb Tech India Ltd,NETWEB,NSI,India Stocks,INR,28,3206.15,336.91,2026-04-01 GMT+0530,20:47:00,,,Buy,,,,
1868,Netweb Tech India Ltd,NETWEB,NSI,India Stocks,INR,11,3206.65,0,2026-04-01 GMT+0530,20:48:00,,,Buy,,,,
1869,Netweb Tech India Ltd,NETWEB,NSI,India Stocks,INR,1,3206.3,0,2026-04-01 GMT+0530,20:48:00,,,Buy,,,,
1870,Netweb Tech India Ltd,NETWEB,NSI,India Stocks,INR,5,3205.9,0,2026-04-01 GMT+0530,20:48:00,,,Buy,,,,
1871,Netweb Tech India Ltd,NETWEB,NSI,India Stocks,INR,15,3206.7,0,2026-04-01 GMT+0530,20:49:00,,,Buy,,,,
1872,Newjaisa Technologies Ltd,NEWJAISA,NSI,India Stocks,INR,,,,,,,,,,,,
1873,Newjaisa Technologies Ltd,NEWJAISA,NSI,India Stocks,INR,3000,47,0,2023-10-04 GMT+0530,12:30:00,,,Buy,,,,
1874,Newjaisa Technologies Ltd,NEWJAISA,NSI,India Stocks,INR,0,37.35,131.17,2025-05-08 GMT+0530,18:11:00,,,Sell All,FIFO,,,
1875,Nhpc Ltd,NHPC,NSI,India Stocks,INR,,,,,,,,,,,,
1876,Nhpc Ltd,NHPC,NSI,India Stocks,INR,149,92.4,0,2024-03-05 GMT+0530,12:30:00,,,Buy,,,,
1877,Nhpc Ltd,NHPC,NSI,India Stocks,INR,6,87.6,0,2024-03-12 GMT+0530,12:30:00,,,Buy,,,,
1878,Nhpc Ltd,NHPC,NSI,India Stocks,INR,155,89.81,0,2024-03-28 GMT+0530,12:30:00,,,Sell,FIFO,,,
1879,Nhpc Ltd,NHPC,NSI,India Stocks,INR,65,86.94,6.86,2024-12-09 GMT+0530,12:30:00,,,Buy,,,,
1880,Nhpc Ltd,NHPC,NSI,India Stocks,INR,15,85.44,2.04,2024-12-12 GMT+0530,12:30:00,,,Buy,,,,
1881,Nhpc Ltd,NHPC,NSI,India Stocks,INR,8,85.43,0,2024-12-12 GMT+0530,12:30:00,,,Buy,,,,
1882,Nhpc Ltd,NHPC,NSI,India Stocks,INR,28,74.49,2.16,2025-01-13 GMT+0530,12:30:00,,,Buy,,,,
1883,Nhpc Ltd,NHPC,NSI,India Stocks,INR,26,73.73,1.99,2025-02-12 GMT+0530,12:11:00,,,Buy,,,,
1884,Nhpc Ltd,NHPC,NSI,India Stocks,INR,198.8,73.37,0,2025-02-13 GMT+0530,21:13:00,,,Dividend,FIFO,,,
1885,Nhpc Ltd,NHPC,NSI,India Stocks,INR,38,87.32,3.44,2025-04-29 GMT+0530,12:14:00,,,Buy,,,,
1886,Nhpc Ltd,NHPC,NSI,India Stocks,INR,40,86.61,4.59,2025-05-29 GMT+0530,11:43:00,,,Buy,,,,
1887,Nhpc Ltd,NHPC,NSI,India Stocks,INR,41,85.85,4.65,2025-06-30 GMT+0530,12:28:00,,,Buy,,,,
1888,Nhpc Ltd,NHPC,NSI,India Stocks,INR,23,83.77,2,2025-07-29 GMT+0530,17:49:00,,,Buy,,,,
1889,Nhpc Ltd,NHPC,NSI,India Stocks,INR,144.84,86.63,0,2025-08-14 GMT+0530,18:10:00,,,Dividend,FIFO,,,
1890,Nhpc Ltd,NHPC,NSI,India Stocks,INR,0,77.57,38.19,2025-08-29 GMT+0530,15:57:00,,,Sell All,FIFO,,,
1891,Nip Ind Etf Liquid Bees,LIQUIDBEES,NSI,India Stocks,INR,,,,,,,,,,,,
1892,Nip Ind Etf Liquid Bees,LIQUIDBEES,NSI,India Stocks,INR,33,1000,0,2023-03-14 GMT+0530,12:30:00,,,Buy,,,,
1893,Nip Ind Etf Liquid Bees,LIQUIDBEES,NSI,India Stocks,INR,7,1000,0,2023-04-03 GMT+0530,12:30:00,,,Buy,,,,
1894,Nip Ind Etf Liquid Bees,LIQUIDBEES,NSI,India Stocks,INR,2,1000,0,2023-04-12 GMT+0530,12:30:00,,,Buy,,,,
1895,Nip Ind Etf Liquid Bees,LIQUIDBEES,NSI,India Stocks,INR,17,999.99,0,2023-05-08 GMT+0530,12:30:00,,,Sell,FIFO,,,
1896,Nip Ind Etf Liquid Bees,LIQUIDBEES,NSI,India Stocks,INR,1,1000.01,0,2023-05-12 GMT+0530,12:30:00,,,Buy,,,,
1897,Nip Ind Etf Liquid Bees,LIQUIDBEES,NSI,India Stocks,INR,26,999.99,0,2023-05-18 GMT+0530,12:30:00,,,Sell,FIFO,,,
1898,Nmdc Ltd.,NMDC,NSI,India Stocks,INR,,,,,,,,,,,,
1899,Nmdc Ltd.,NMDC,NSI,India Stocks,INR,91,175.45,0,2023-11-13 GMT+0530,12:30:00,,,Buy,,,,
1900,Nmdc Ltd.,NMDC,NSI,India Stocks,INR,16,184.45,0,2023-12-12 GMT+0530,12:30:00,,,Buy,,,,
1901,Nmdc Ltd.,NMDC,NSI,India Stocks,INR,10,212.55,0,2024-01-12 GMT+0530,12:30:00,,,Buy,,,,
1902,Nmdc Ltd.,NMDC,NSI,India Stocks,INR,17,235.4,0,2024-02-12 GMT+0530,12:30:00,,,Buy,,,,
1903,Nmdc Ltd.,NMDC,NSI,India Stocks,INR,771,0,0,2024-02-27 GMT+0530,12:30:00,,,Dividend,FIFO,,,
1904,Nmdc Ltd.,NMDC,NSI,India Stocks,INR,28,222.95,0,2024-03-12 GMT+0530,12:30:00,,,Buy,,,,
1905,Nmdc Ltd.,NMDC,NSI,India Stocks,INR,15,240.85,0,2024-04-12 GMT+0530,12:30:00,,,Buy,,,,
1906,Nmdc Ltd.,NMDC,NSI,India Stocks,INR,4,250.55,0,2024-05-13 GMT+0530,12:30:00,,,Buy,,,,
1907,Nmdc Ltd.,NMDC,NSI,India Stocks,INR,17,258.75,5.66,2024-06-12 GMT+0530,12:30:00,,,Buy,,,,
1908,Nmdc Ltd.,NMDC,NSI,India Stocks,INR,16,258.85,5.39,2024-06-12 GMT+0530,12:30:00,,,Buy,,,,
1909,Nmdc Ltd.,NMDC,NSI,India Stocks,INR,4,246.54,0,2024-07-12 GMT+0530,12:30:00,,,Buy,,,,
1910,Nmdc Ltd.,NMDC,NSI,India Stocks,INR,24,246.55,8.18,2024-07-12 GMT+0530,12:30:00,,,Buy,,,,
1911,Nmdc Ltd.,NMDC,NSI,India Stocks,INR,54,223.3,14.79,2024-08-12 GMT+0530,12:30:00,,,Buy,,,,
1912,Nmdc Ltd.,NMDC,NSI,India Stocks,INR,19,210.27,5.16,2024-09-12 GMT+0530,12:30:00,,,Buy,,,,
1913,Nmdc Ltd.,NMDC,NSI,India Stocks,INR,472.5,0,0,2024-09-17 GMT+0530,12:30:00,,,Dividend,FIFO,,,
1914,Nmdc Ltd.,NMDC,NSI,India Stocks,INR,37,224.48,9.62,2024-11-12 GMT+0530,12:30:00,,,Buy,,,,
1915,Nmdc Ltd.,NMDC,NSI,India Stocks,INR,23,239.45,6.71,2024-12-09 GMT+0530,12:30:00,,,Buy,,,,
1916,Nmdc Ltd.,NMDC,NSI,India Stocks,INR,9,238.1,2.22,2024-12-12 GMT+0530,12:30:00,,,Buy,,,,
1917,Nmdc Ltd.,NMDC,NSI,India Stocks,INR,768,0,0,2024-12-27 GMT+0530,12:30:00,,,Dividend Reinvest,,,,
1918,Nmdc Ltd.,NMDC,NSI,India Stocks,INR,45,61.19,2.86,2025-01-13 GMT+0530,12:30:00,,,Buy,,,,
1919,Nmdc Ltd.,NMDC,NSI,India Stocks,INR,41,61.86,2.63,2025-02-12 GMT+0530,12:12:00,,,Buy,,,,
1920,Nmdc Ltd.,NMDC,NSI,India Stocks,INR,320,61.92,0,2025-02-17 GMT+0530,20:08:00,,,Sell,FIFO,,,
1921,Nmdc Ltd.,NMDC,NSI,India Stocks,INR,705,61.91,95.47,2025-02-17 GMT+0530,20:08:00,,,Sell,FIFO,,,
1922,Nmdc Ltd.,NMDC,NSI,India Stocks,INR,20,61.9,0,2025-02-17 GMT+0530,20:08:00,,,Sell,FIFO,,,
1923,Nmdc Ltd.,NMDC,NSI,India Stocks,INR,0,61.93,0,2025-02-17 GMT+0530,20:09:00,,,Sell All,FIFO,,,
1924,Nmdc Ltd.,NMDC,NSI,India Stocks,INR,178,65.14,12.61,2025-03-12 GMT+0530,12:59:00,,,Buy,,,,
1925,Nmdc Ltd.,NMDC,NSI,India Stocks,INR,409.4,68.78,0,2025-03-21 GMT+0530,13:02:00,,,Dividend,FIFO,,,
1926,Nmdc Ltd.,NMDC,NSI,India Stocks,INR,0,70,28.27,2025-04-02 GMT+0530,13:12:00,,,Sell All,FIFO,,,
1927,Nmdc Ltd.,NMDC,NSI,India Stocks,INR,100,85.35,9.92,2026-02-11 GMT+0530,19:46:00,,,Buy,,,,
1928,Nmdc Ltd.,NMDC,NSI,India Stocks,INR,250,0,0,2026-02-13 GMT+0530,20:47:00,,,Dividend,FIFO,,,
1929,Ntpc Ltd,NTPC,NSI,India Stocks,INR,,,,,,,,,,,,
1930,Ntpc Ltd,NTPC,NSI,India Stocks,INR,22,273.65,0,2023-12-01 GMT+0530,12:30:00,,,Buy,,,,
1931,Ntpc Ltd,NTPC,NSI,India Stocks,INR,4,284.25,0,2023-12-12 GMT+0530,12:30:00,,,Buy,,,,
1932,Ntpc Ltd,NTPC,NSI,India Stocks,INR,26,306.85,0,2024-01-02 GMT+0530,12:30:00,,,Sell,FIFO,,,
1933,Ntpc Ltd,NTPC,NSI,India Stocks,INR,23,343.45,0,2024-04-01 GMT+0530,12:30:00,,,Buy,,,,
1934,Ntpc Ltd,NTPC,NSI,India Stocks,INR,1,367.05,0,2024-04-12 GMT+0530,12:30:00,,,Buy,,,,
1935,Ntpc Ltd,NTPC,NSI,India Stocks,INR,19,368.95,0,2024-05-03 GMT+0530,12:30:00,,,Buy,,,,
1936,Ntpc Ltd,NTPC,NSI,India Stocks,INR,2,350.45,0,2024-05-13 GMT+0530,12:30:00,,,Buy,,,,
1937,Ntpc Ltd,NTPC,NSI,India Stocks,INR,3,370.05,1.23,2024-06-12 GMT+0530,12:30:00,,,Buy,,,,
1938,Ntpc Ltd,NTPC,NSI,India Stocks,INR,5,375.3,1.95,2024-07-12 GMT+0530,12:30:00,,,Buy,,,,
1939,Ntpc Ltd,NTPC,NSI,India Stocks,INR,172.25,0,0,2024-08-07 GMT+0530,12:30:00,,,Dividend,FIFO,,,
1940,Ntpc Ltd,NTPC,NSI,India Stocks,INR,132.5,0,0,2024-10-31 GMT+0530,12:30:00,,,Dividend,FIFO,,,
1941,Ntpc Ltd,NTPC,NSI,India Stocks,INR,19,354.4,0,2024-12-16 GMT+0530,12:30:00,,,Sell,FIFO,,,
1942,Ntpc Ltd,NTPC,NSI,India Stocks,INR,34,354.35,34.97,2024-12-16 GMT+0530,12:30:00,,,Sell,FIFO,,,
1943,Oberoi Realty Limited,OBEROIRLTY,NSI,India Stocks,INR,,,,,,,,,,,,
1944,Oberoi Realty Limited,OBEROIRLTY,NSI,India Stocks,INR,6,2147.35,11.66,2024-12-09 GMT+0530,12:30:00,,,Buy,,,,
1945,Oberoi Realty Limited,OBEROIRLTY,NSI,India Stocks,INR,1,2137.7,2.22,2024-12-12 GMT+0530,12:30:00,,,Buy,,,,
1946,Oberoi Realty Limited,OBEROIRLTY,NSI,India Stocks,INR,2,2067.6,5.29,2025-01-13 GMT+0530,12:30:00,,,Buy,,,,
1947,Oberoi Realty Limited,OBEROIRLTY,NSI,India Stocks,INR,18,1808.45,0,2025-01-24 GMT+0530,08:04:00,,,Dividend,FIFO,,,
1948,Oberoi Realty Limited,OBEROIRLTY,NSI,India Stocks,INR,3,1655.55,7.87,2025-02-12 GMT+0530,12:14:00,,,Buy,,,,
1949,Oberoi Realty Limited,OBEROIRLTY,NSI,India Stocks,INR,1,1655.5,0,2025-02-12 GMT+0530,12:15:00,,,Buy,,,,
1950,Oberoi Realty Limited,OBEROIRLTY,NSI,India Stocks,INR,0,1572.2,36.54,2025-02-17 GMT+0530,20:10:00,,,Sell All,FIFO,,,
1951,Oil And Natural Gas Corp.,ONGC,NSI,India Stocks,INR,,,,,,,,,,,,
1952,Oil And Natural Gas Corp.,ONGC,NSI,India Stocks,INR,51,195.95,0,2023-11-13 GMT+0530,12:30:00,,,Buy,,,,
1953,Oil And Natural Gas Corp.,ONGC,NSI,India Stocks,INR,293,0,0,2023-11-21 GMT+0530,12:30:00,,,Dividend,FIFO,,,
1954,Oil And Natural Gas Corp.,ONGC,NSI,India Stocks,INR,10,195.95,0,2023-12-12 GMT+0530,12:30:00,,,Buy,,,,
1955,Oil And Natural Gas Corp.,ONGC,NSI,India Stocks,INR,8,220.6,0,2024-01-12 GMT+0530,12:30:00,,,Buy,,,,
1956,Oil And Natural Gas Corp.,ONGC,NSI,India Stocks,INR,5,257.6,0,2024-02-12 GMT+0530,12:30:00,,,Buy,,,,
1957,Oil And Natural Gas Corp.,ONGC,NSI,India Stocks,INR,296,0,0,2024-02-16 GMT+0530,12:30:00,,,Dividend,FIFO,,,
1958,Oil And Natural Gas Corp.,ONGC,NSI,India Stocks,INR,10,270.2,0,2024-03-12 GMT+0530,12:30:00,,,Buy,,,,
1959,Oil And Natural Gas Corp.,ONGC,NSI,India Stocks,INR,14,270.15,0,2024-04-12 GMT+0530,12:30:00,,,Buy,,,,
1960,Oil And Natural Gas Corp.,ONGC,NSI,India Stocks,INR,12,267.25,0,2024-05-13 GMT+0530,12:30:00,,,Buy,,,,
1961,Oil And Natural Gas Corp.,ONGC,NSI,India Stocks,INR,15,276.8,5.4,2024-06-12 GMT+0530,12:30:00,,,Buy,,,,
1962,Oil And Natural Gas Corp.,ONGC,NSI,India Stocks,INR,313,0,0,2024-08-23 GMT+0530,12:30:00,,,Dividend,FIFO,,,
1963,Oil And Natural Gas Corp.,ONGC,NSI,India Stocks,INR,18,288.45,6.4,2024-09-12 GMT+0530,12:30:00,,,Buy,,,,
1964,Oil And Natural Gas Corp.,ONGC,NSI,India Stocks,INR,28,290.5,9.44,2024-10-14 GMT+0530,12:30:00,,,Buy,,,,
1965,Oil And Natural Gas Corp.,ONGC,NSI,India Stocks,INR,23,260.75,7.22,2024-11-08 GMT+0530,12:30:00,,,Buy,,,,
1966,Oil And Natural Gas Corp.,ONGC,NSI,India Stocks,INR,14,255.85,4.72,2024-11-12 GMT+0530,12:30:00,,,Buy,,,,
1967,Oil And Natural Gas Corp.,ONGC,NSI,India Stocks,INR,1248,0,0,2024-11-19 GMT+0530,12:30:00,,,Dividend,FIFO,,,
1968,Oil And Natural Gas Corp.,ONGC,NSI,India Stocks,INR,1040,238.3,0,2025-02-07 GMT+0530,19:31:00,,,Dividend,FIFO,,,
1969,Oil And Natural Gas Corp.,ONGC,NSI,India Stocks,INR,166,222,63.62,2025-03-03 GMT+0530,19:00:00,,,Sell,FIFO,,,
1970,Oil And Natural Gas Corp.,ONGC,NSI,India Stocks,INR,0,222.05,0,2025-03-03 GMT+0530,19:01:00,,,Sell All,FIFO,,,
1971,Oil India Ltd,OIL,NSI,India Stocks,INR,,,,,,,,,,,,
1972,Oil India Ltd,OIL,NSI,India Stocks,INR,42,627.5,0,2024-03-05 GMT+0530,12:30:00,,,Buy,,,,
1973,Oil India Ltd,OIL,NSI,India Stocks,INR,1,610.9,0,2024-03-12 GMT+0530,12:30:00,,,Buy,,,,
1974,Oil India Ltd,OIL,NSI,India Stocks,INR,365.5,0,0,2024-03-18 GMT+0530,12:30:00,,,Dividend,FIFO,,,
1975,Oil India Ltd,OIL,NSI,India Stocks,INR,43,601.4,0,2024-03-28 GMT+0530,12:30:00,,,Sell,FIFO,,,
1976,Oil India Ltd,OIL,NSI,India Stocks,INR,25,587.25,0,2024-04-01 GMT+0530,12:30:00,,,Buy,,,,
1977,Oil India Ltd,OIL,NSI,India Stocks,INR,1,622.4,0,2024-04-12 GMT+0530,12:30:00,,,Buy,,,,
1978,Oil India Ltd,OIL,NSI,India Stocks,INR,19,635,0,2024-05-03 GMT+0530,12:30:00,,,Buy,,,,
1979,Oil India Ltd,OIL,NSI,India Stocks,INR,2,599.05,0,2024-05-13 GMT+0530,12:30:00,,,Buy,,,,
1980,Oil India Ltd,OIL,NSI,India Stocks,INR,2,661.3,1.46,2024-06-12 GMT+0530,12:30:00,,,Buy,,,,
1981,Oil India Ltd,OIL,NSI,India Stocks,INR,273.25,0,0,2024-07-02 GMT+0530,12:30:00,,,Dividend,FIFO,,,
1982,Oil India Ltd,OIL,NSI,India Stocks,INR,24,0,0,2024-07-02 GMT+0530,12:30:00,,,Dividend Reinvest,,,,
1983,Oil India Ltd,OIL,NSI,India Stocks,INR,182.5,0,0,2024-08-30 GMT+0530,12:30:00,,,Dividend,FIFO,,,
1984,Oil India Ltd,OIL,NSI,India Stocks,INR,219,0,0,2024-11-14 GMT+0530,12:30:00,,,Dividend,FIFO,,,
1985,Oil India Ltd,OIL,NSI,India Stocks,INR,511,342.7,0,2025-02-17 GMT+0530,15:13:00,,,Dividend,FIFO,,,
1986,Oil India Ltd,OIL,NSI,India Stocks,INR,0,340.8,41.35,2025-03-03 GMT+0530,18:59:00,,,Sell All,FIFO,,,
1987,Oil India Ltd,OIL,NSI,India Stocks,INR,6,340.75,0,2025-03-03 GMT+0530,18:59:00,,,Sell,FIFO,,,
1988,Oil India Ltd,OIL,NSI,India Stocks,INR,40,440.8,21.29,2025-07-03 GMT+0530,19:49:00,,,Buy,,,,
1989,Oil India Ltd,OIL,NSI,India Stocks,INR,4,432.9,1.8,2025-07-29 GMT+0530,17:53:00,,,Buy,,,,
1990,Oil India Ltd,OIL,NSI,India Stocks,INR,0,388,33.05,2025-08-29 GMT+0530,15:58:00,,,Sell All,FIFO,,,
1991,One 97 Communications Ltd,PAYTM,NSI,India Stocks,INR,,,,,,,,,,,,
1992,One 97 Communications Ltd,PAYTM,NSI,India Stocks,INR,12,998.95,14.44,2024-12-09 GMT+0530,12:30:00,,,Buy,,,,
1993,One 97 Communications Ltd,PAYTM,NSI,India Stocks,INR,4,957,4.97,2024-12-12 GMT+0530,12:30:00,,,Buy,,,,
1994,One 97 Communications Ltd,PAYTM,NSI,India Stocks,INR,6,805,6.01,2025-01-13 GMT+0530,12:30:00,,,Buy,,,,
1995,One 97 Communications Ltd,PAYTM,NSI,India Stocks,INR,6,749.5,5.67,2025-02-12 GMT+0530,12:15:00,,,Buy,,,,
1996,One 97 Communications Ltd,PAYTM,NSI,India Stocks,INR,0,728,36.49,2025-02-17 GMT+0530,20:14:00,,,Sell All,FIFO,,,
1997,One 97 Communications Ltd,PAYTM,NSI,India Stocks,INR,37,1066.2,46.93,2025-08-08 GMT+0530,12:28:00,,,Buy,,,,
1998,One 97 Communications Ltd,PAYTM,NSI,India Stocks,INR,5,1218.2,7.32,2025-08-29 GMT+0530,16:02:00,,,Buy,,,,
1999,One 97 Communications Ltd,PAYTM,NSI,India Stocks,INR,7,1133.3,9.23,2025-09-29 GMT+0530,16:20:00,,,Buy,,,,
2000,One 97 Communications Ltd,PAYTM,NSI,India Stocks,INR,10,1300.25,20.14,2025-10-29 GMT+0530,20:11:00,,,Buy,,,,
2001,One 97 Communications Ltd,PAYTM,NSI,India Stocks,INR,3,1294.9,0,2025-10-29 GMT+0530,20:11:00,,,Buy,,,,
2002,One 97 Communications Ltd,PAYTM,NSI,India Stocks,INR,3,1322.2,5.11,2025-11-17 GMT+0530,11:20:00,,,Buy,,,,
2003,One 97 Communications Ltd,PAYTM,NSI,India Stocks,INR,15,1367.1,36.61,2025-12-02 GMT+0530,11:58:00,,,Sell,FIFO,,,
2004,One 97 Communications Ltd,PAYTM,NSI,India Stocks,INR,50,1007.7,67.61,2026-03-12 GMT+0530,16:53:00,,,Sell,FIFO,,,
2005,Oracle Fin Serv Soft Ltd.,OFSS,NSI,India Stocks,INR,,,,,,,,,,,,
2006,Oracle Fin Serv Soft Ltd.,OFSS,NSI,India Stocks,INR,1,12640,15.11,2024-12-09 GMT+0530,12:30:00,,,Buy,,,,
2007,Oracle Fin Serv Soft Ltd.,OFSS,NSI,India Stocks,INR,1,11006.9,13.42,2025-01-13 GMT+0530,12:30:00,,,Buy,,,,
2008,Oracle Fin Serv Soft Ltd.,OFSS,NSI,India Stocks,INR,0,8782.5,33.56,2025-02-17 GMT+0530,20:13:00,,,Sell All,FIFO,,,
2009,Orient Cement Ltd.,ORIENTCEM,NSI,India Stocks,INR,,,,,,,,,,,,
2010,Orient Cement Ltd.,ORIENTCEM,NSI,India Stocks,INR,79,127,0,2022-10-24 GMT+0530,12:30:00,,,Buy,,,,
2011,Orient Cement Ltd.,ORIENTCEM,NSI,India Stocks,INR,1,131.2,0,2022-11-02 GMT+0530,12:30:00,,,Buy,,,,
2012,Orient Cement Ltd.,ORIENTCEM,NSI,India Stocks,INR,40,0,0,2023-02-10 GMT+0530,12:30:00,,,Dividend,FIFO,,,
2013,Orient Cement Ltd.,ORIENTCEM,NSI,India Stocks,INR,21,111.3,0,2023-03-13 GMT+0530,12:30:00,,,Buy,,,,
2014,Orient Cement Ltd.,ORIENTCEM,NSI,India Stocks,INR,101,0,0,2023-07-25 GMT+0530,12:30:00,,,Dividend,FIFO,,,
2015,Orient Cement Ltd.,ORIENTCEM,NSI,India Stocks,INR,75.75,0,0,2024-02-16 GMT+0530,12:30:00,,,Dividend,FIFO,,,
2016,Orient Cement Ltd.,ORIENTCEM,NSI,India Stocks,INR,151.5,0,0,2024-07-29 GMT+0530,12:30:00,,,Dividend,FIFO,,,
2017,Orient Cement Ltd.,ORIENTCEM,NSI,India Stocks,INR,50.5,237.9,0,2025-07-25 GMT+0530,19:16:00,,,Dividend,FIFO,,,
2018,Orient Cement Ltd.,ORIENTCEM,NSI,India Stocks,INR,10,212.58,0,2025-10-20 GMT+0530,19:22:00,,,Sell,FIFO,,,
2019,Orient Cement Ltd.,ORIENTCEM,NSI,India Stocks,INR,13,212.57,0,2025-10-20 GMT+0530,19:22:00,,,Sell,FIFO,,,
2020,Orient Cement Ltd.,ORIENTCEM,NSI,India Stocks,INR,2,212.62,0,2025-10-20 GMT+0530,19:23:00,,,Sell,FIFO,,,
2021,Orient Cement Ltd.,ORIENTCEM,NSI,India Stocks,INR,31,212.6,0,2025-10-20 GMT+0530,19:23:00,,,Sell,FIFO,,,
2022,Orient Cement Ltd.,ORIENTCEM,NSI,India Stocks,INR,44,212.59,37.61,2025-10-20 GMT+0530,19:23:00,,,Sell,FIFO,,,
2023,Orient Cement Ltd.,ORIENTCEM,NSI,India Stocks,INR,0,212.65,0,2025-10-20 GMT+0530,19:24:00,,,Sell All,FIFO,,,
2024,Pennar Industries Ltd,PENIND,NSI,India Stocks,INR,,,,,,,,,,,,
2025,Pennar Industries Ltd,PENIND,NSI,India Stocks,INR,183,72.65,0,2023-02-16 GMT+0530,12:30:00,,,Buy,,,,
2026,Pennar Industries Ltd,PENIND,NSI,India Stocks,INR,57,73.4,0,2023-04-03 GMT+0530,12:30:00,,,Buy,,,,
2027,Pennar Industries Ltd,PENIND,NSI,India Stocks,INR,8,76,0,2023-04-12 GMT+0530,12:30:00,,,Buy,,,,
2028,Pennar Industries Ltd,PENIND,NSI,India Stocks,INR,45,72.7,0,2023-05-12 GMT+0530,12:30:00,,,Buy,,,,
2029,Pennar Industries Ltd,PENIND,NSI,India Stocks,INR,36,82.65,0,2023-07-13 GMT+0530,12:30:00,,,Buy,,,,
2030,Pennar Industries Ltd,PENIND,NSI,India Stocks,INR,13,82.7,0,2023-07-13 GMT+0530,12:30:00,,,Buy,,,,
2031,Pennar Industries Ltd,PENIND,NSI,India Stocks,INR,16,108.3,0,2023-09-12 GMT+0530,12:30:00,,,Buy,,,,
2032,Pennar Industries Ltd,PENIND,NSI,India Stocks,INR,24,106.3,0,2023-10-12 GMT+0530,12:30:00,,,Buy,,,,
2033,Pennar Industries Ltd,PENIND,NSI,India Stocks,INR,29,102.5,0,2023-11-13 GMT+0530,12:30:00,,,Buy,,,,
2034,Pennar Industries Ltd,PENIND,NSI,India Stocks,INR,37,142.9,0,2024-02-12 GMT+0530,12:30:00,,,Buy,,,,
2035,Pennar Industries Ltd,PENIND,NSI,India Stocks,INR,13,119.35,0,2024-03-12 GMT+0530,12:30:00,,,Buy,,,,
2036,Pennar Industries Ltd,PENIND,NSI,India Stocks,INR,30,132.3,0,2024-04-12 GMT+0530,12:30:00,,,Buy,,,,
2037,Pennar Industries Ltd,PENIND,NSI,India Stocks,INR,42,127.4,0,2024-05-13 GMT+0530,12:30:00,,,Buy,,,,
2038,Pennar Industries Ltd,PENIND,NSI,India Stocks,INR,21,177.37,4.88,2024-08-12 GMT+0530,12:30:00,,,Buy,,,,
2039,Pennar Industries Ltd,PENIND,NSI,India Stocks,INR,554,169.5,113.03,2024-09-04 GMT+0530,12:30:00,,,Sell,FIFO,,,
2040,Persistent Systems Ltd,PERSISTENT,NSI,India Stocks,INR,,,,,,,,,,,,
2041,Persistent Systems Ltd,PERSISTENT,NSI,India Stocks,INR,2,1859.48,0,2022-10-24 GMT+0530,12:30:00,,,Buy,,,,
2042,Persistent Systems Ltd,PERSISTENT,NSI,India Stocks,INR,2,1873,0,2022-11-02 GMT+0530,12:30:00,,,Buy,,,,
2043,Persistent Systems Ltd,PERSISTENT,NSI,India Stocks,INR,56,0,0,2023-01-25 GMT+0530,12:30:00,,,Dividend,FIFO,,,
2044,Persistent Systems Ltd,PERSISTENT,NSI,India Stocks,INR,2,2336,0,2023-05-12 GMT+0530,12:30:00,,,Buy,,,,
2045,Persistent Systems Ltd,PERSISTENT,NSI,India Stocks,INR,66,0,0,2023-07-11 GMT+0530,12:30:00,,,Dividend,FIFO,,,
2046,Persistent Systems Ltd,PERSISTENT,NSI,India Stocks,INR,2,2384.5,0,2023-07-13 GMT+0530,12:30:00,,,Buy,,,,
2047,Persistent Systems Ltd,PERSISTENT,NSI,India Stocks,INR,128,0,0,2024-01-30 GMT+0530,12:30:00,,,Dividend,FIFO,,,
2048,Persistent Systems Ltd,PERSISTENT,NSI,India Stocks,INR,80,0,0,2024-07-09 GMT+0530,12:30:00,,,Dividend,FIFO,,,
2049,Persistent Systems Ltd,PERSISTENT,NSI,India Stocks,INR,160,5993.9,0,2025-01-31 GMT+0530,08:06:00,,,Dividend,FIFO,,,
2050,Persistent Systems Ltd,PERSISTENT,NSI,India Stocks,INR,0,5247.2,0,2025-03-03 GMT+0530,19:02:00,,,Sell All,FIFO,,,
2051,Persistent Systems Ltd,PERSISTENT,NSI,India Stocks,INR,5,5247.1,58.89,2025-03-03 GMT+0530,19:02:00,,,Sell,FIFO,,,
2052,Petronet Lng Limited,PETRONET,NSI,India Stocks,INR,,,,,,,,,,,,
2053,Petronet Lng Limited,PETRONET,NSI,India Stocks,INR,82,211.45,0,2023-12-11 GMT+0530,12:30:00,,,Buy,,,,
2054,Petronet Lng Limited,PETRONET,NSI,India Stocks,INR,16,209.35,0,2023-12-12 GMT+0530,12:30:00,,,Buy,,,,
2055,Petronet Lng Limited,PETRONET,NSI,India Stocks,INR,15,229.1,0,2024-01-12 GMT+0530,12:30:00,,,Buy,,,,
2056,Petronet Lng Limited,PETRONET,NSI,India Stocks,INR,13,259.2,0,2024-02-12 GMT+0530,12:30:00,,,Buy,,,,
2057,Petronet Lng Limited,PETRONET,NSI,India Stocks,INR,5,276.45,0,2024-03-12 GMT+0530,12:30:00,,,Buy,,,,
2058,Petronet Lng Limited,PETRONET,NSI,India Stocks,INR,7,309.15,0,2024-04-12 GMT+0530,12:30:00,,,Buy,,,,
2059,Petronet Lng Limited,PETRONET,NSI,India Stocks,INR,138,297.05,0,2024-04-23 GMT+0530,12:30:00,,,Sell,FIFO,,,
2060,Petronet Lng Limited,PETRONET,NSI,India Stocks,INR,16,334.6,6.55,2024-12-09 GMT+0530,12:30:00,,,Buy,,,,
2061,Petronet Lng Limited,PETRONET,NSI,India Stocks,INR,6,343.3,2.14,2024-12-12 GMT+0530,12:30:00,,,Buy,,,,
2062,Petronet Lng Limited,PETRONET,NSI,India Stocks,INR,5,318.5,1.65,2025-01-13 GMT+0530,12:30:00,,,Buy,,,,
2063,Petronet Lng Limited,PETRONET,NSI,India Stocks,INR,6,298,1.85,2025-02-12 GMT+0530,12:18:00,,,Buy,,,,
2064,Petronet Lng Limited,PETRONET,NSI,India Stocks,INR,2,287.5,0.6,2025-03-12 GMT+0530,13:00:00,,,Buy,,,,
2065,Petronet Lng Limited,PETRONET,NSI,India Stocks,INR,8,311.3,2.58,2025-04-29 GMT+0530,12:15:00,,,Buy,,,,
2066,Petronet Lng Limited,PETRONET,NSI,India Stocks,INR,8,313.7,2.6,2025-05-29 GMT+0530,11:44:00,,,Buy,,,,
2067,Petronet Lng Limited,PETRONET,NSI,India Stocks,INR,11,302.65,3.45,2025-06-30 GMT+0530,12:29:00,,,Buy,,,,
2068,Petronet Lng Limited,PETRONET,NSI,India Stocks,INR,0,301.65,34.74,2025-07-03 GMT+0530,19:53:00,,,Sell All,FIFO,,,
2069,Petronet Lng Limited,PETRONET,NSI,India Stocks,INR,24,301.6,0,2025-07-03 GMT+0530,19:53:00,,,Sell,FIFO,,,
2070,Pi Industries Ltd,PIIND,NSI,India Stocks,INR,,,,,,,,,,,,
2071,Pi Industries Ltd,PIIND,NSI,India Stocks,INR,2,3502.65,0,2022-11-11 GMT+0530,12:30:00,,,Buy,,,,
2072,Pi Industries Ltd,PIIND,NSI,India Stocks,INR,9,0,0,2023-02-24 GMT+0530,12:30:00,,,Dividend,FIFO,,,
2073,Pi Industries Ltd,PIIND,NSI,India Stocks,INR,11,0,0,2023-08-11 GMT+0530,12:30:00,,,Dividend,FIFO,,,
2074,Pi Industries Ltd,PIIND,NSI,India Stocks,INR,2,3410.4,0,2023-10-23 GMT+0530,12:30:00,,,Sell,FIFO,,,
2075,Pidilite Industries Ltd,PIDILITIND,NSI,India Stocks,INR,,,,,,,,,,,,
2076,Pidilite Industries Ltd,PIDILITIND,NSI,India Stocks,INR,2,2668.6,0,2022-10-24 GMT+0530,12:30:00,,,Buy,,,,
2077,Pidilite Industries Ltd,PIDILITIND,NSI,India Stocks,INR,1,2747.75,0,2022-12-01 GMT+0530,12:30:00,,,Buy,,,,
2078,Pidilite Industries Ltd,PIDILITIND,NSI,India Stocks,INR,1,2303.45,0,2023-02-13 GMT+0530,12:30:00,,,Buy,,,,
2079,Pidilite Industries Ltd,PIDILITIND,NSI,India Stocks,INR,1,2636.95,0,2023-06-12 GMT+0530,12:30:00,,,Buy,,,,
2080,Pidilite Industries Ltd,PIDILITIND,NSI,India Stocks,INR,1,2630,0,2023-07-13 GMT+0530,12:30:00,,,Buy,,,,
2081,Pidilite Industries Ltd,PIDILITIND,NSI,India Stocks,INR,66,0,0,2023-07-27 GMT+0530,12:30:00,,,Dividend,FIFO,,,
2082,Pidilite Industries Ltd,PIDILITIND,NSI,India Stocks,INR,1,2489.85,0,2023-09-12 GMT+0530,12:30:00,,,Buy,,,,
2083,Pidilite Industries Ltd,PIDILITIND,NSI,India Stocks,INR,112,0,0,2024-07-24 GMT+0530,12:30:00,,,Dividend,FIFO,,,
2084,Pidilite Industries Ltd,PIDILITIND,NSI,India Stocks,INR,7,3190,38.51,2024-12-16 GMT+0530,12:30:00,,,Sell,FIFO,,,
2085,Piramal Pharma Limited,PPLPHARMA,NSI,India Stocks,INR,,,,,,,,,,,,
2086,Piramal Pharma Limited,PPLPHARMA,NSI,India Stocks,INR,140,130.6,0,2022-11-23 GMT+0530,12:30:00,,,Buy,,,,
2087,Piramal Pharma Limited,PPLPHARMA,NSI,India Stocks,INR,3,115.8,0,2023-01-12 GMT+0530,12:30:00,,,Buy,,,,
2088,Piramal Pharma Limited,PPLPHARMA,NSI,India Stocks,INR,33,87.95,0,2023-02-13 GMT+0530,12:30:00,,,Buy,,,,
2089,Piramal Pharma Limited,PPLPHARMA,NSI,India Stocks,INR,109,71.9,0,2023-03-13 GMT+0530,12:30:00,,,Buy,,,,
2090,Piramal Pharma Limited,PPLPHARMA,NSI,India Stocks,INR,21,70.6,0,2023-04-12 GMT+0530,12:30:00,,,Buy,,,,
2091,Piramal Pharma Limited,PPLPHARMA,NSI,India Stocks,INR,33,81,0,2023-08-24 GMT+0530,12:30:00,,,Buy,,,,
2092,Piramal Pharma Limited,PPLPHARMA,NSI,India Stocks,INR,37.29,0,0,2024-07-12 GMT+0530,12:30:00,,,Dividend,FIFO,,,
2093,Piramal Pharma Limited,PPLPHARMA,NSI,India Stocks,INR,234,192.38,83.24,2025-03-03 GMT+0530,19:04:00,,,Sell,FIFO,,,
2094,Piramal Pharma Limited,PPLPHARMA,NSI,India Stocks,INR,0,192.39,0,2025-03-03 GMT+0530,19:05:00,,,Sell All,FIFO,,,
2095,Pitti Engineering Limited,PITTIENG,NSI,India Stocks,INR,,,,,,,,,,,,
2096,Pitti Engineering Limited,PITTIENG,NSI,India Stocks,INR,51,293.85,0,2022-10-24 GMT+0530,12:30:00,,,Buy,,,,
2097,Pitti Engineering Limited,PITTIENG,NSI,India Stocks,INR,2,293.75,0,2022-11-02 GMT+0530,12:30:00,,,Buy,,,,
2098,Pitti Engineering Limited,PITTIENG,NSI,India Stocks,INR,1,316.25,0,2023-01-12 GMT+0530,12:30:00,,,Buy,,,,
2099,Pitti Engineering Limited,PITTIENG,NSI,India Stocks,INR,2,306.7,0,2023-02-13 GMT+0530,12:30:00,,,Buy,,,,
2100,Pitti Engineering Limited,PITTIENG,NSI,India Stocks,INR,1,306.6,0,2023-02-13 GMT+0530,12:30:00,,,Buy,,,,
2101,Pitti Engineering Limited,PITTIENG,NSI,India Stocks,INR,4,306.65,0,2023-02-13 GMT+0530,12:30:00,,,Buy,,,,
2102,Pitti Engineering Limited,PITTIENG,NSI,India Stocks,INR,91.5,0,0,2023-02-24 GMT+0530,12:30:00,,,Dividend,FIFO,,,
2103,Pitti Engineering Limited,PITTIENG,NSI,India Stocks,INR,1,290.75,0,2023-03-13 GMT+0530,12:30:00,,,Buy,,,,
2104,Pitti Engineering Limited,PITTIENG,NSI,India Stocks,INR,3,290.7,0,2023-03-13 GMT+0530,12:30:00,,,Buy,,,,
2105,Pitti Engineering Limited,PITTIENG,NSI,India Stocks,INR,1,290.65,0,2023-03-13 GMT+0530,12:30:00,,,Buy,,,,
2106,Pitti Engineering Limited,PITTIENG,NSI,India Stocks,INR,1,379.6,0,2023-07-13 GMT+0530,12:30:00,,,Buy,,,,
2107,Pitti Engineering Limited,PITTIENG,NSI,India Stocks,INR,6,379.95,0,2023-07-13 GMT+0530,12:30:00,,,Buy,,,,
2108,Pitti Engineering Limited,PITTIENG,NSI,India Stocks,INR,87.6,0,0,2023-08-11 GMT+0530,12:30:00,,,Dividend,FIFO,,,
2109,Pitti Engineering Limited,PITTIENG,NSI,India Stocks,INR,1,612.1,0,2023-09-12 GMT+0530,12:30:00,,,Buy,,,,
2110,Pitti Engineering Limited,PITTIENG,NSI,India Stocks,INR,4,697.5,0,2023-11-13 GMT+0530,12:30:00,,,Buy,,,,
2111,Pitti Engineering Limited,PITTIENG,NSI,India Stocks,INR,3,708.95,0,2023-12-12 GMT+0530,12:30:00,,,Buy,,,,
2112,Pitti Engineering Limited,PITTIENG,NSI,India Stocks,INR,7,702,0,2024-01-12 GMT+0530,12:30:00,,,Buy,,,,
2113,Pitti Engineering Limited,PITTIENG,NSI,India Stocks,INR,1,641.35,0,2024-02-12 GMT+0530,12:30:00,,,Buy,,,,
2114,Pitti Engineering Limited,PITTIENG,NSI,India Stocks,INR,3,1287.5,5.02,2024-09-12 GMT+0530,12:30:00,,,Buy,,,,
2115,Pitti Engineering Limited,PITTIENG,NSI,India Stocks,INR,138,0,0,2024-09-13 GMT+0530,12:30:00,,,Dividend,FIFO,,,
2116,Pitti Engineering Limited,PITTIENG,NSI,India Stocks,INR,3,1319.45,6.48,2024-10-07 GMT+0530,12:30:00,,,Buy,,,,
2117,Pitti Engineering Limited,PITTIENG,NSI,India Stocks,INR,1,1319.4,0,2024-10-07 GMT+0530,12:30:00,,,Buy,,,,
2118,Pitti Engineering Limited,PITTIENG,NSI,India Stocks,INR,5,1431.8,8.43,2024-12-10 GMT+0530,12:30:00,,,Buy,,,,
2119,Pitti Engineering Limited,PITTIENG,NSI,India Stocks,INR,1,1412.1,1.46,2024-12-12 GMT+0530,12:30:00,,,Buy,,,,
2120,Pitti Engineering Limited,PITTIENG,NSI,India Stocks,INR,3,1292.3,15.41,2025-01-16 GMT+0530,12:30:00,,,Buy,,,,
2121,Pitti Engineering Limited,PITTIENG,NSI,India Stocks,INR,2,1292.35,0,2025-01-16 GMT+0530,12:30:00,,,Buy,,,,
2122,Pitti Engineering Limited,PITTIENG,NSI,India Stocks,INR,3,1292,0,2025-01-16 GMT+0530,12:30:00,,,Buy,,,,
2123,Pitti Engineering Limited,PITTIENG,NSI,India Stocks,INR,2,1292.25,0,2025-01-16 GMT+0530,12:30:00,,,Buy,,,,
2124,Pitti Engineering Limited,PITTIENG,NSI,India Stocks,INR,1,1007.8,1.05,2025-02-12 GMT+0530,12:23:00,,,Buy,,,,
2125,Pitti Engineering Limited,PITTIENG,NSI,India Stocks,INR,6,1029.35,0,2025-03-19 GMT+0530,12:50:00,,,Buy,,,,
2126,Pitti Engineering Limited,PITTIENG,NSI,India Stocks,INR,9,1030.25,0,2025-03-19 GMT+0530,12:51:00,,,Buy,,,,
2127,Pitti Engineering Limited,PITTIENG,NSI,India Stocks,INR,9,1030.15,0,2025-03-19 GMT+0530,12:51:00,,,Buy,,,,
2128,Pitti Engineering Limited,PITTIENG,NSI,India Stocks,INR,1,1029.95,0,2025-03-19 GMT+0530,12:51:00,,,Buy,,,,
2129,Pitti Engineering Limited,PITTIENG,NSI,India Stocks,INR,2,1029.9,0,2025-03-19 GMT+0530,12:51:00,,,Buy,,,,
2130,Pitti Engineering Limited,PITTIENG,NSI,India Stocks,INR,1,1029.85,0,2025-03-19 GMT+0530,12:51:00,,,Buy,,,,
2131,Pitti Engineering Limited,PITTIENG,NSI,India Stocks,INR,8,1030.45,0,2025-03-19 GMT+0530,12:52:00,,,Buy,,,,
2132,Pitti Engineering Limited,PITTIENG,NSI,India Stocks,INR,28,1030.35,84.74,2025-03-19 GMT+0530,12:52:00,,,Buy,,,,
2133,Pitti Engineering Limited,PITTIENG,NSI,India Stocks,INR,5,1030.3,0,2025-03-19 GMT+0530,12:52:00,,,Buy,,,,
2134,Pitti Engineering Limited,PITTIENG,NSI,India Stocks,INR,1,1002.05,1.04,2025-05-29 GMT+0530,11:47:00,,,Buy,,,,
2135,Pitti Engineering Limited,PITTIENG,NSI,India Stocks,INR,1,985.85,1.02,2025-06-30 GMT+0530,12:32:00,,,Buy,,,,
2136,Pitti Engineering Limited,PITTIENG,NSI,India Stocks,INR,184,955.3,197.69,2025-07-23 GMT+0530,12:47:00,,,Sell,FIFO,,,
2137,Pondy Oxides & Chem Ltd,POCL,NSI,India Stocks,INR,,,,,,,,,,,,
2138,Pondy Oxides & Chem Ltd,POCL,NSI,India Stocks,INR,74,1089.65,95.89,2024-09-04 GMT+0530,12:30:00,,,Buy,,,,
2139,Pondy Oxides & Chem Ltd,POCL,NSI,India Stocks,INR,185,0,0,2024-09-11 GMT+0530,12:30:00,,,Dividend,FIFO,,,
2140,Pondy Oxides & Chem Ltd,POCL,NSI,India Stocks,INR,4,909.98,4.78,2024-10-07 GMT+0530,12:30:00,,,Buy,,,,
2141,Pondy Oxides & Chem Ltd,POCL,NSI,India Stocks,INR,43,888.75,45.65,2024-10-29 GMT+0530,12:30:00,,,Buy,,,,
2142,Pondy Oxides & Chem Ltd,POCL,NSI,India Stocks,INR,9,900.55,9.41,2024-11-12 GMT+0530,12:30:00,,,Buy,,,,
2143,Pondy Oxides & Chem Ltd,POCL,NSI,India Stocks,INR,7,902.95,7.56,2024-12-12 GMT+0530,12:30:00,,,Buy,,,,
2144,Pondy Oxides & Chem Ltd,POCL,NSI,India Stocks,INR,8,797.15,7.62,2025-01-16 GMT+0530,12:30:00,,,Buy,,,,
2145,Pondy Oxides & Chem Ltd,POCL,NSI,India Stocks,INR,2,699.1,1.45,2025-02-12 GMT+0530,12:24:00,,,Buy,,,,
2146,Pondy Oxides & Chem Ltd,POCL,NSI,India Stocks,INR,33,656.6,0,2025-02-17 GMT+0530,20:20:00,,,Sell,FIFO,,,
2147,Pondy Oxides & Chem Ltd,POCL,NSI,India Stocks,INR,6,656.8,0,2025-02-17 GMT+0530,20:21:00,,,Sell,FIFO,,,
2148,Pondy Oxides & Chem Ltd,POCL,NSI,India Stocks,INR,13,656.75,0,2025-02-17 GMT+0530,20:21:00,,,Sell,FIFO,,,
2149,Pondy Oxides & Chem Ltd,POCL,NSI,India Stocks,INR,3,656.7,0,2025-02-17 GMT+0530,20:21:00,,,Sell,FIFO,,,
2150,Pondy Oxides & Chem Ltd,POCL,NSI,India Stocks,INR,28,656.65,0,2025-02-17 GMT+0530,20:21:00,,,Sell,FIFO,,,
2151,Pondy Oxides & Chem Ltd,POCL,NSI,India Stocks,INR,37,658.05,116.35,2025-02-17 GMT+0530,20:22:00,,,Sell,FIFO,,,
2152,Pondy Oxides & Chem Ltd,POCL,NSI,India Stocks,INR,1,657.05,0,2025-02-17 GMT+0530,20:22:00,,,Sell,FIFO,,,
2153,Pondy Oxides & Chem Ltd,POCL,NSI,India Stocks,INR,12,658.6,0,2025-02-17 GMT+0530,20:23:00,,,Sell,FIFO,,,
2154,Pondy Oxides & Chem Ltd,POCL,NSI,India Stocks,INR,8,658.55,0,2025-02-17 GMT+0530,20:23:00,,,Sell,FIFO,,,
2155,Pondy Oxides & Chem Ltd,POCL,NSI,India Stocks,INR,6,656.9,0,2025-02-21 GMT+0530,20:22:00,,,Sell,FIFO,,,
2156,Pondy Oxides & Chem Ltd,POCL,NSI,India Stocks,INR,147,590.3,103.02,2025-03-21 GMT+0530,12:17:00,,,Buy,,,,
2157,Pondy Oxides & Chem Ltd,POCL,NSI,India Stocks,INR,2,1094.7,2.27,2025-08-29 GMT+0530,16:10:00,,,Buy,,,,
2158,Pondy Oxides & Chem Ltd,POCL,NSI,India Stocks,INR,521.5,1244.6,0,2025-09-11 GMT+0530,20:28:00,,,Dividend,FIFO,,,
2159,Pondy Oxides & Chem Ltd,POCL,NSI,India Stocks,INR,3,1425,5.08,2025-10-29 GMT+0530,20:13:00,,,Buy,,,,
2160,Pondy Oxides & Chem Ltd,POCL,NSI,India Stocks,INR,1,1301.8,0,2026-02-03 GMT+0530,19:15:00,,,Sell,FIFO,,,
2161,Pondy Oxides & Chem Ltd,POCL,NSI,India Stocks,INR,6,1302.4,0,2026-02-03 GMT+0530,19:16:00,,,Sell,FIFO,,,
2162,Pondy Oxides & Chem Ltd,POCL,NSI,India Stocks,INR,5,1302.1,0,2026-02-03 GMT+0530,19:16:00,,,Sell,FIFO,,,
2163,Pondy Oxides & Chem Ltd,POCL,NSI,India Stocks,INR,89,1302,151.76,2026-02-03 GMT+0530,19:16:00,,,Sell,FIFO,,,
2164,Pondy Oxides & Chem Ltd,POCL,NSI,India Stocks,INR,28,1278.8,113.49,2026-02-10 GMT+0530,21:18:00,,,Buy,,,,
2165,Pondy Oxides & Chem Ltd,POCL,NSI,India Stocks,INR,26,1278.6,0,2026-02-10 GMT+0530,21:19:00,,,Buy,,,,
2166,Pondy Oxides & Chem Ltd,POCL,NSI,India Stocks,INR,2,1278.2,0,2026-02-10 GMT+0530,21:19:00,,,Buy,,,,
2167,Pondy Oxides & Chem Ltd,POCL,NSI,India Stocks,INR,13,1278.9,0,2026-02-10 GMT+0530,21:19:00,,,Buy,,,,
2168,Pondy Oxides & Chem Ltd,POCL,NSI,India Stocks,INR,6,1278.1,0,2026-02-10 GMT+0530,21:20:00,,,Buy,,,,
2169,Pondy Oxides & Chem Ltd,POCL,NSI,India Stocks,INR,5,1180,7.12,2026-02-23 GMT+0530,20:20:00,,,Buy,,,,
2170,Pondy Oxides & Chem Ltd,POCL,NSI,India Stocks,INR,2,1454.3,13.53,2026-05-22 GMT+0530,14:17:00,,,Buy,,,,
2171,Pondy Oxides & Chem Ltd,POCL,NSI,India Stocks,INR,2,1454.2,0,2026-05-22 GMT+0530,14:17:00,,,Buy,,,,
2172,Pondy Oxides & Chem Ltd,POCL,NSI,India Stocks,INR,2,1454.1,0,2026-05-22 GMT+0530,14:17:00,,,Buy,,,,
2173,Pondy Oxides & Chem Ltd,POCL,NSI,India Stocks,INR,1,1454.4,0,2026-05-22 GMT+0530,14:18:00,,,Buy,,,,
2174,Pondy Oxides & Chem Ltd,POCL,NSI,India Stocks,INR,45,1191.5,0,2026-06-11 GMT+0530,19:04:00,,,Sell,FIFO,,,
2175,Pondy Oxides & Chem Ltd,POCL,NSI,India Stocks,INR,48,1191.4,185.77,2026-06-11 GMT+0530,19:04:00,,,Sell,FIFO,,,
2176,Pondy Oxides & Chem Ltd,POCL,NSI,India Stocks,INR,16,1191.8,0,2026-06-11 GMT+0530,19:05:00,,,Sell,FIFO,,,
2177,Pondy Oxides & Chem Ltd,POCL,NSI,India Stocks,INR,29,1191.6,0,2026-06-11 GMT+0530,19:05:00,,,Sell,FIFO,,,
2178,Pondy Oxides & Chem Ltd,POCL,NSI,India Stocks,INR,8,538.2,0,2026-07-31 GMT+0530,13:42:00,,,Buy,,,,
2179,Pondy Oxides & Chem Ltd,POCL,NSI,India Stocks,INR,165,538.4,112.68,2026-07-31 GMT+0530,13:43:00,,,Buy,,,,
2180,Pondy Oxides & Chem Ltd,POCL,NSI,India Stocks,INR,1,538.3,0,2026-07-31 GMT+0530,13:43:00,,,Buy,,,,
2181,Power Fin Corp Ltd.,PFC,NSI,India Stocks,INR,,,,,,,,,,,,
2182,Power Fin Corp Ltd.,PFC,NSI,India Stocks,INR,11,515.25,6.88,2024-12-09 GMT+0530,12:30:00,,,Buy,,,,
2183,Power Fin Corp Ltd.,PFC,NSI,India Stocks,INR,4,509,2.11,2024-12-12 GMT+0530,12:30:00,,,Buy,,,,
2184,Power Fin Corp Ltd.,PFC,NSI,India Stocks,INR,7,399.7,2.9,2025-01-13 GMT+0530,12:30:00,,,Buy,,,,
2185,Power Fin Corp Ltd.,PFC,NSI,India Stocks,INR,8,379,3.15,2025-02-12 GMT+0530,12:20:00,,,Buy,,,,
2186,Power Fin Corp Ltd.,PFC,NSI,India Stocks,INR,105,396.1,0,2025-02-28 GMT+0530,20:34:00,,,Dividend,FIFO,,,
2187,Power Fin Corp Ltd.,PFC,NSI,India Stocks,INR,105,414.25,0,2025-03-19 GMT+0530,19:14:00,,,Dividend,FIFO,,,
2188,Power Fin Corp Ltd.,PFC,NSI,India Stocks,INR,8,421.65,4.5,2025-04-29 GMT+0530,12:17:00,,,Buy,,,,
2189,Power Fin Corp Ltd.,PFC,NSI,India Stocks,INR,9,412.95,4.86,2025-05-29 GMT+0530,11:46:00,,,Buy,,,,
2190,Power Fin Corp Ltd.,PFC,NSI,India Stocks,INR,96.35,408.85,0,2025-06-13 GMT+0530,19:47:00,,,Dividend,FIFO,,,
2191,Power Fin Corp Ltd.,PFC,NSI,India Stocks,INR,7,422.65,3.07,2025-06-30 GMT+0530,12:31:00,,,Buy,,,,
2192,Power Fin Corp Ltd.,PFC,NSI,India Stocks,INR,6,405.9,2.53,2025-07-29 GMT+0530,17:57:00,,,Buy,,,,
2193,Power Fin Corp Ltd.,PFC,NSI,India Stocks,INR,222,390.05,0,2025-08-18 GMT+0530,19:44:00,,,Dividend,FIFO,,,
2194,Power Fin Corp Ltd.,PFC,NSI,India Stocks,INR,0,382.3,39.14,2025-08-29 GMT+0530,16:04:00,,,Sell All,FIFO,,,
2195,Power Fin Corp Ltd.,PFC,NSI,India Stocks,INR,100,372.75,44.97,2026-01-05 GMT+0530,18:42:00,,,Buy,,,,
2196,Power Fin Corp Ltd.,PFC,NSI,India Stocks,INR,400,0,0,2026-02-20 GMT+0530,20:45:00,,,Dividend,FIFO,,,
2197,Power Fin Corp Ltd.,PFC,NSI,India Stocks,INR,325,0,0,2026-03-23 GMT+0530,09:36:00,,,Dividend,FIFO,,,
2198,Power Grid Corp. Ltd.,POWERGRID,NSI,India Stocks,INR,,,,,,,,,,,,
2199,Power Grid Corp. Ltd.,POWERGRID,NSI,India Stocks,INR,17,328.5,6.79,2024-12-09 GMT+0530,12:30:00,,,Buy,,,,
2200,Power Grid Corp. Ltd.,POWERGRID,NSI,India Stocks,INR,6,327.7,2.04,2024-12-12 GMT+0530,12:30:00,,,Buy,,,,
2201,Power Grid Corp. Ltd.,POWERGRID,NSI,India Stocks,INR,6,291.9,1.82,2025-01-13 GMT+0530,12:30:00,,,Buy,,,,
2202,Power Grid Corp. Ltd.,POWERGRID,NSI,India Stocks,INR,94.25,250.95,0,2025-02-07 GMT+0530,15:11:00,,,Dividend,FIFO,,,
2203,Power Grid Corp. Ltd.,POWERGRID,NSI,India Stocks,INR,10,258.2,2.68,2025-02-12 GMT+0530,12:26:00,,,Buy,,,,
2204,Power Grid Corp. Ltd.,POWERGRID,NSI,India Stocks,INR,0,290.25,26.77,2025-03-28 GMT+0530,12:19:00,,,Sell All,FIFO,,,
2205,Praj Industries Ltd,PRAJIND,NSI,India Stocks,INR,,,,,,,,,,,,
2206,Praj Industries Ltd,PRAJIND,NSI,India Stocks,INR,46,433.95,0,2022-10-24 GMT+0530,12:30:00,,,Buy,,,,
2207,Praj Industries Ltd,PRAJIND,NSI,India Stocks,INR,4,418.7,0,2022-11-02 GMT+0530,12:30:00,,,Buy,,,,
2208,Praj Industries Ltd,PRAJIND,NSI,India Stocks,INR,4,390.85,0,2022-12-01 GMT+0530,12:30:00,,,Buy,,,,
2209,Praj Industries Ltd,PRAJIND,NSI,India Stocks,INR,3,346.3,0,2023-03-13 GMT+0530,12:30:00,,,Buy,,,,
2210,Praj Industries Ltd,PRAJIND,NSI,India Stocks,INR,13,333.95,0,2023-03-14 GMT+0530,12:30:00,,,Sell,FIFO,,,
2211,Praj Industries Ltd,PRAJIND,NSI,India Stocks,INR,6,342.45,0,2023-04-03 GMT+0530,12:30:00,,,Buy,,,,
2212,Praj Industries Ltd,PRAJIND,NSI,India Stocks,INR,5,340.7,0,2023-04-12 GMT+0530,12:30:00,,,Buy,,,,
2213,Praj Industries Ltd,PRAJIND,NSI,India Stocks,INR,4,358.6,0,2023-05-12 GMT+0530,12:30:00,,,Buy,,,,
2214,Praj Industries Ltd,PRAJIND,NSI,India Stocks,INR,9,401.45,0,2023-07-13 GMT+0530,12:30:00,,,Buy,,,,
2215,Praj Industries Ltd,PRAJIND,NSI,India Stocks,INR,1,400.9,0,2023-07-13 GMT+0530,12:30:00,,,Buy,,,,
2216,Praj Industries Ltd,PRAJIND,NSI,India Stocks,INR,311,0,0,2023-07-19 GMT+0530,12:30:00,,,Dividend,FIFO,,,
2217,Praj Industries Ltd,PRAJIND,NSI,India Stocks,INR,6,553.4,0,2023-12-12 GMT+0530,12:30:00,,,Buy,,,,
2218,Praj Industries Ltd,PRAJIND,NSI,India Stocks,INR,6,539,0,2024-01-12 GMT+0530,12:30:00,,,Buy,,,,
2219,Praj Industries Ltd,PRAJIND,NSI,India Stocks,INR,486,0,0,2024-07-18 GMT+0530,12:30:00,,,Dividend,FIFO,,,
2220,Praj Industries Ltd,PRAJIND,NSI,India Stocks,INR,45,679.3,43.78,2024-08-08 GMT+0530,12:30:00,,,Buy,,,,
2221,Praj Industries Ltd,PRAJIND,NSI,India Stocks,INR,7,679.2,0,2024-08-08 GMT+0530,12:30:00,,,Buy,,,,
2222,Praj Industries Ltd,PRAJIND,NSI,India Stocks,INR,2,679.15,0,2024-08-08 GMT+0530,12:30:00,,,Buy,,,,
2223,Praj Industries Ltd,PRAJIND,NSI,India Stocks,INR,1,700,0.73,2024-08-12 GMT+0530,12:30:00,,,Buy,,,,
2224,Praj Industries Ltd,PRAJIND,NSI,India Stocks,INR,8,715,6.95,2024-09-12 GMT+0530,12:30:00,,,Buy,,,,
2225,Praj Industries Ltd,PRAJIND,NSI,India Stocks,INR,6,742.35,5.62,2024-10-07 GMT+0530,12:30:00,,,Buy,,,,
2226,Praj Industries Ltd,PRAJIND,NSI,India Stocks,INR,10,773.5,9.02,2024-10-14 GMT+0530,12:30:00,,,Buy,,,,
2227,Praj Industries Ltd,PRAJIND,NSI,India Stocks,INR,4,697.25,2.89,2024-11-12 GMT+0530,12:30:00,,,Buy,,,,
2228,Praj Industries Ltd,PRAJIND,NSI,India Stocks,INR,1,809.5,0.84,2024-12-12 GMT+0530,12:30:00,,,Buy,,,,
2229,Praj Industries Ltd,PRAJIND,NSI,India Stocks,INR,5,568.3,2.95,2025-02-12 GMT+0530,12:27:00,,,Buy,,,,
2230,Praj Industries Ltd,PRAJIND,NSI,India Stocks,INR,65,505.15,0,2025-02-27 GMT+0530,13:18:00,,,Sell,FIFO,,,
2231,Praj Industries Ltd,PRAJIND,NSI,India Stocks,INR,0,505.1,104.43,2025-02-27 GMT+0530,13:19:00,,,Sell All,FIFO,,,
2232,Praj Industries Ltd,PRAJIND,NSI,India Stocks,INR,39,505.2,0,2025-02-27 GMT+0530,13:19:00,,,Sell,FIFO,,,
2233,Praj Industries Ltd,PRAJIND,NSI,India Stocks,INR,30,329.6,11.26,2026-02-18 GMT+0530,20:12:00,,,Buy,,,,
2234,Praj Industries Ltd,PRAJIND,NSI,India Stocks,INR,5,313.5,1.63,2026-02-23 GMT+0530,20:21:00,,,Buy,,,,
2235,Praj Industries Ltd,PRAJIND,NSI,India Stocks,INR,33,334.25,27.57,2026-06-11 GMT+0530,19:09:00,,,Sell,FIFO,,,
2236,Praj Industries Ltd,PRAJIND,NSI,India Stocks,INR,2,334.5,0,2026-06-11 GMT+0530,19:10:00,,,Sell,FIFO,,,
2237,Premier Energies Limited,PREMIERENE,NSI,India Stocks,INR,,,,,,,,,,,,
2238,Premier Energies Limited,PREMIERENE,NSI,India Stocks,INR,125,858.7,127.67,2024-09-04 GMT+0530,12:30:00,,,Buy,,,,
2239,Premier Energies Limited,PREMIERENE,NSI,India Stocks,INR,5,1004.55,6.21,2024-10-07 GMT+0530,12:30:00,,,Buy,,,,
2240,Premier Energies Limited,PREMIERENE,NSI,India Stocks,INR,2,976.1,2.03,2025-02-12 GMT+0530,12:30:00,,,Buy,,,,
2241,Premier Energies Limited,PREMIERENE,NSI,India Stocks,INR,66,873.3,0,2025-02-14 GMT+0530,18:00:00,,,Dividend,FIFO,,,
2242,Premier Energies Limited,PREMIERENE,NSI,India Stocks,INR,1,904.85,0,2025-03-12 GMT+0530,13:03:00,,,Buy,,,,
2243,Premier Energies Limited,PREMIERENE,NSI,India Stocks,INR,4,904.9,5.69,2025-03-12 GMT+0530,13:03:00,,,Buy,,,,
2244,Premier Energies Limited,PREMIERENE,NSI,India Stocks,INR,78,915.45,91.77,2025-03-19 GMT+0530,12:54:00,,,Buy,,,,
2245,Premier Energies Limited,PREMIERENE,NSI,India Stocks,INR,6,915.5,0,2025-03-19 GMT+0530,12:55:00,,,Buy,,,,
2246,Premier Energies Limited,PREMIERENE,NSI,India Stocks,INR,55.25,986.3,0,2025-08-01 GMT+0530,23:06:00,,,Dividend,FIFO,,,
2247,Premier Energies Limited,PREMIERENE,NSI,India Stocks,INR,5,1010.5,6.24,2025-08-29 GMT+0530,16:13:00,,,Buy,,,,
2248,Premier Energies Limited,PREMIERENE,NSI,India Stocks,INR,110.5,1051.3,0,2025-08-29 GMT+0530,19:01:00,,,Dividend,FIFO,,,
2249,Premier Energies Limited,PREMIERENE,NSI,India Stocks,INR,14,1094.45,0,2025-10-29 GMT+0530,20:14:00,,,Buy,,,,
2250,Premier Energies Limited,PREMIERENE,NSI,India Stocks,INR,12,1094.7,0,2025-10-29 GMT+0530,20:14:00,,,Buy,,,,
2251,Premier Energies Limited,PREMIERENE,NSI,India Stocks,INR,4,1094.65,0,2025-10-29 GMT+0530,20:14:00,,,Buy,,,,
2252,Premier Energies Limited,PREMIERENE,NSI,India Stocks,INR,20,1094.5,65.38,2025-10-29 GMT+0530,20:15:00,,,Buy,,,,
2253,Premier Energies Limited,PREMIERENE,NSI,India Stocks,INR,276,1007.5,304.01,2025-11-10 GMT+0530,17:27:00,,,Sell,FIFO,,,
2254,Prestige Estate Ltd,PRESTIGE,NSI,India Stocks,INR,,,,,,,,,,,,
2255,Prestige Estate Ltd,PRESTIGE,NSI,India Stocks,INR,10,1217.95,0,2024-01-02 GMT+0530,12:30:00,,,Buy,,,,
2256,Prestige Estate Ltd,PRESTIGE,NSI,India Stocks,INR,2,1238.9,0,2024-02-01 GMT+0530,12:30:00,,,Buy,,,,
2257,Prestige Estate Ltd,PRESTIGE,NSI,India Stocks,INR,1,1184.05,0,2024-02-12 GMT+0530,12:30:00,,,Buy,,,,
2258,Prestige Estate Ltd,PRESTIGE,NSI,India Stocks,INR,13,1179.95,0,2024-03-05 GMT+0530,12:30:00,,,Sell,FIFO,,,
2259,Psp Projects Limited,PSPPROJECT,NSI,India Stocks,INR,,,,,,,,,,,,
2260,Psp Projects Limited,PSPPROJECT,NSI,India Stocks,INR,2,711,0,2023-05-03 GMT+0530,12:30:00,,,Buy,,,,
2261,Psp Projects Limited,PSPPROJECT,NSI,India Stocks,INR,2,754.1,0,2023-05-12 GMT+0530,12:30:00,,,Buy,,,,
2262,Psp Projects Limited,PSPPROJECT,NSI,India Stocks,INR,1,750,0,2023-06-12 GMT+0530,12:30:00,,,Buy,,,,
2263,Psp Projects Limited,PSPPROJECT,NSI,India Stocks,INR,2,715.45,0,2023-07-13 GMT+0530,12:30:00,,,Buy,,,,
2264,Psp Projects Limited,PSPPROJECT,NSI,India Stocks,INR,2,715.15,0,2023-07-13 GMT+0530,12:30:00,,,Buy,,,,
2265,Psp Projects Limited,PSPPROJECT,NSI,India Stocks,INR,1,810.45,0,2023-08-14 GMT+0530,12:30:00,,,Buy,,,,
2266,Psp Projects Limited,PSPPROJECT,NSI,India Stocks,INR,1,810,0,2023-08-14 GMT+0530,12:30:00,,,Buy,,,,
2267,Psp Projects Limited,PSPPROJECT,NSI,India Stocks,INR,27.5,0,0,2023-09-01 GMT+0530,12:30:00,,,Dividend,FIFO,,,
2268,Psp Projects Limited,PSPPROJECT,NSI,India Stocks,INR,1,791.4,0,2023-09-12 GMT+0530,12:30:00,,,Buy,,,,
2269,Psp Projects Limited,PSPPROJECT,NSI,India Stocks,INR,2,778.05,0,2023-10-12 GMT+0530,12:30:00,,,Buy,,,,
2270,Psp Projects Limited,PSPPROJECT,NSI,India Stocks,INR,1,778.25,0,2023-10-12 GMT+0530,12:30:00,,,Buy,,,,
2271,Psp Projects Limited,PSPPROJECT,NSI,India Stocks,INR,3,778.1,0,2023-10-12 GMT+0530,12:30:00,,,Buy,,,,
2272,Psp Projects Limited,PSPPROJECT,NSI,India Stocks,INR,18,678.3,0,2024-03-05 GMT+0530,12:30:00,,,Sell,FIFO,,,
2273,Ptc India Fin Serv Ltd,PFS,NSI,India Stocks,INR,,,,,,,,,,,,
2274,Ptc India Fin Serv Ltd,PFS,NSI,India Stocks,INR,123,44.9,6.73,2024-12-09 GMT+0530,12:30:00,,,Buy,,,,
2275,Ptc India Fin Serv Ltd,PFS,NSI,India Stocks,INR,50,43.52,2.26,2024-12-12 GMT+0530,12:30:00,,,Buy,,,,
2276,Ptc India Fin Serv Ltd,PFS,NSI,India Stocks,INR,62,36.7,2.36,2025-01-13 GMT+0530,12:30:00,,,Buy,,,,
2277,Ptc India Fin Serv Ltd,PFS,NSI,India Stocks,INR,68,35.62,2.51,2025-02-12 GMT+0530,12:21:00,,,Buy,,,,
2278,Ptc India Fin Serv Ltd,PFS,NSI,India Stocks,INR,56,30.93,1.8,2025-03-12 GMT+0530,13:02:00,,,Buy,,,,
2279,Ptc India Fin Serv Ltd,PFS,NSI,India Stocks,INR,0,31.28,26.99,2025-03-27 GMT+0530,11:56:00,,,Sell All,FIFO,,,
2280,Ptc India Fin Serv Ltd,PFS,NSI,India Stocks,INR,426,41.45,21.32,2025-07-03 GMT+0530,19:54:00,,,Buy,,,,
2281,Ptc India Fin Serv Ltd,PFS,NSI,India Stocks,INR,50,39.72,2.06,2025-07-29 GMT+0530,17:59:00,,,Buy,,,,
2282,Ptc India Fin Serv Ltd,PFS,NSI,India Stocks,INR,211,38.42,0,2025-08-29 GMT+0530,16:06:00,,,Sell,FIFO,,,
2283,Ptc India Fin Serv Ltd,PFS,NSI,India Stocks,INR,0,38.43,34.31,2025-08-29 GMT+0530,16:07:00,,,Sell All,FIFO,,,
2284,Ptc India Limited,PTC,NSI,India Stocks,INR,,,,,,,,,,,,
2285,Ptc India Limited,PTC,NSI,India Stocks,INR,30,181.05,6.63,2024-12-09 GMT+0530,12:30:00,,,Buy,,,,
2286,Ptc India Limited,PTC,NSI,India Stocks,INR,14,169.25,2.46,2024-12-12 GMT+0530,12:30:00,,,Buy,,,,
2287,Ptc India Limited,PTC,NSI,India Stocks,INR,21,131.45,2.86,2025-01-13 GMT+0530,12:30:00,,,Buy,,,,
2288,Ptc India Limited,PTC,NSI,India Stocks,INR,21,133.07,2.9,2025-02-12 GMT+0530,12:31:00,,,Buy,,,,
2289,Ptc India Limited,PTC,NSI,India Stocks,INR,22,181.35,5.14,2025-04-29 GMT+0530,12:18:00,,,Buy,,,,
2290,Ptc India Limited,PTC,NSI,India Stocks,INR,540,182.87,0,2025-05-05 GMT+0530,05:36:00,,,Dividend,FIFO,,,
2291,Ptc India Limited,PTC,NSI,India Stocks,INR,21,183.99,5.01,2025-05-29 GMT+0530,11:49:00,,,Buy,,,,
2292,Ptc India Limited,PTC,NSI,India Stocks,INR,26,179.25,5.83,2025-06-30 GMT+0530,12:34:00,,,Buy,,,,
2293,Ptc India Limited,PTC,NSI,India Stocks,INR,2,189.82,0.39,2025-07-29 GMT+0530,18:00:00,,,Buy,,,,
2294,Ptc India Limited,PTC,NSI,India Stocks,INR,1051.9,189.94,0,2025-08-01 GMT+0530,16:24:00,,,Dividend,FIFO,,,
2295,Ptc India Limited,PTC,NSI,India Stocks,INR,90,177.33,44.07,2025-08-29 GMT+0530,16:14:00,,,Sell,FIFO,,,
2296,Ptc India Limited,PTC,NSI,India Stocks,INR,0,177.34,0,2025-08-29 GMT+0530,16:16:00,,,Sell All,FIFO,,,
2297,Ptc India Limited,PTC,NSI,India Stocks,INR,100,167.7,20.53,2026-01-05 GMT+0530,18:44:00,,,Buy,,,,
2298,Ptc India Limited,PTC,NSI,India Stocks,INR,300,0,0,2026-02-20 GMT+0530,05:20:00,,,Dividend,FIFO,,,
2299,Ptc India Limited,PTC,NSI,India Stocks,INR,1,170.2,15.52,2026-07-20 GMT+0530,23:47:00,,,Sell,FIFO,,,
2300,Radiant Cash Mgmt Ser Ltd,RADIANTCMS,NSI,India Stocks,INR,,,,,,,,,,,,
2301,Radiant Cash Mgmt Ser Ltd,RADIANTCMS,NSI,India Stocks,INR,72,78.08,6.83,2024-12-09 GMT+0530,12:30:00,,,Buy,,,,
2302,Radiant Cash Mgmt Ser Ltd,RADIANTCMS,NSI,India Stocks,INR,26,76.92,2.07,2024-12-12 GMT+0530,12:30:00,,,Buy,,,,
2303,Radiant Cash Mgmt Ser Ltd,RADIANTCMS,NSI,India Stocks,INR,18,74,1.38,2025-01-13 GMT+0530,12:30:00,,,Buy,,,,
2304,Radiant Cash Mgmt Ser Ltd,RADIANTCMS,NSI,India Stocks,INR,37,63.17,2.42,2025-02-12 GMT+0530,12:33:00,,,Buy,,,,
2305,Radiant Cash Mgmt Ser Ltd,RADIANTCMS,NSI,India Stocks,INR,17,58.43,1.03,2025-03-12 GMT+0530,13:05:00,,,Buy,,,,
2306,Radiant Cash Mgmt Ser Ltd,RADIANTCMS,NSI,India Stocks,INR,100,55.18,25.14,2025-03-27 GMT+0530,11:57:00,,,Sell,FIFO,,,
2307,Radiant Cash Mgmt Ser Ltd,RADIANTCMS,NSI,India Stocks,INR,0,55.08,0,2025-03-27 GMT+0530,11:58:00,,,Sell All,FIFO,,,
2308,Radiant Cash Mgmt Ser Ltd,RADIANTCMS,NSI,India Stocks,INR,87,67.32,10.01,2025-04-11 GMT+0530,13:40:00,,,Buy,,,,
2309,Radiant Cash Mgmt Ser Ltd,RADIANTCMS,NSI,India Stocks,INR,41,67.35,0,2025-04-11 GMT+0530,13:40:00,,,Buy,,,,
2310,Radiant Cash Mgmt Ser Ltd,RADIANTCMS,NSI,India Stocks,INR,1,67.31,0,2025-04-11 GMT+0530,13:41:00,,,Buy,,,,
2311,Radiant Cash Mgmt Ser Ltd,RADIANTCMS,NSI,India Stocks,INR,26,67.63,2.81,2025-04-29 GMT+0530,12:20:00,,,Buy,,,,
2312,Radiant Cash Mgmt Ser Ltd,RADIANTCMS,NSI,India Stocks,INR,13,67.64,0,2025-04-29 GMT+0530,12:21:00,,,Buy,,,,
2313,Radiant Cash Mgmt Ser Ltd,RADIANTCMS,NSI,India Stocks,INR,1,67.62,0,2025-04-29 GMT+0530,12:21:00,,,Buy,,,,
2314,Radiant Cash Mgmt Ser Ltd,RADIANTCMS,NSI,India Stocks,INR,21,66.48,2.69,2025-05-29 GMT+0530,11:52:00,,,Buy,,,,
2315,Radiant Cash Mgmt Ser Ltd,RADIANTCMS,NSI,India Stocks,INR,18,66.47,0,2025-05-29 GMT+0530,11:52:00,,,Buy,,,,
2316,Radiant Cash Mgmt Ser Ltd,RADIANTCMS,NSI,India Stocks,INR,43,64.09,2.99,2025-06-30 GMT+0530,12:35:00,,,Buy,,,,
2317,Radiant Cash Mgmt Ser Ltd,RADIANTCMS,NSI,India Stocks,INR,2,64.1,0,2025-06-30 GMT+0530,12:35:00,,,Buy,,,,
2318,Radiant Cash Mgmt Ser Ltd,RADIANTCMS,NSI,India Stocks,INR,32,55.94,3.08,2025-07-29 GMT+0530,18:07:00,,,Buy,,,,
2319,Radiant Cash Mgmt Ser Ltd,RADIANTCMS,NSI,India Stocks,INR,21,55.96,0,2025-07-29 GMT+0530,18:08:00,,,Buy,,,,
2320,Radiant Cash Mgmt Ser Ltd,RADIANTCMS,NSI,India Stocks,INR,42,59.71,0,2025-08-29 GMT+0530,16:17:00,,,Sell,FIFO,,,
2321,Radiant Cash Mgmt Ser Ltd,RADIANTCMS,NSI,India Stocks,INR,0,59.7,34.29,2025-08-29 GMT+0530,16:18:00,,,Sell All,FIFO,,,
2322,Radiant Cash Mgmt Ser Ltd,RADIANTCMS,NSI,India Stocks,INR,56,59.72,0,2025-08-29 GMT+0530,16:18:00,,,Sell,FIFO,,,
2323,Radico Khaitan Ltd,RADICO,NSI,India Stocks,INR,,,,,,,,,,,,
2324,Radico Khaitan Ltd,RADICO,NSI,India Stocks,INR,1,1099.95,0,2023-05-03 GMT+0530,12:30:00,,,Buy,,,,
2325,Radico Khaitan Ltd,RADICO,NSI,India Stocks,INR,1,1108.8,0,2023-05-12 GMT+0530,12:30:00,,,Buy,,,,
2326,Radico Khaitan Ltd,RADICO,NSI,India Stocks,INR,1,1173.75,0,2023-06-12 GMT+0530,12:30:00,,,Buy,,,,
2327,Radico Khaitan Ltd,RADICO,NSI,India Stocks,INR,1,1358.9,0,2023-07-13 GMT+0530,12:30:00,,,Buy,,,,
2328,Radico Khaitan Ltd,RADICO,NSI,India Stocks,INR,2,1341.1,0,2023-08-14 GMT+0530,12:30:00,,,Buy,,,,
2329,Radico Khaitan Ltd,RADICO,NSI,India Stocks,INR,1,1216.9,0,2023-09-12 GMT+0530,12:30:00,,,Buy,,,,
2330,Radico Khaitan Ltd,RADICO,NSI,India Stocks,INR,21,0,0,2023-09-14 GMT+0530,12:30:00,,,Dividend,FIFO,,,
2331,Radico Khaitan Ltd,RADICO,NSI,India Stocks,INR,5,1242.3,0,2023-10-12 GMT+0530,12:30:00,,,Sell,FIFO,,,
2332,Radico Khaitan Ltd,RADICO,NSI,India Stocks,INR,2,1242.25,0,2023-10-12 GMT+0530,12:30:00,,,Sell,FIFO,,,
2333,Radico Khaitan Ltd,RADICO,NSI,India Stocks,INR,9,2822.1,63.62,2026-02-10 GMT+0530,21:24:00,,,Buy,,,,
2334,Radico Khaitan Ltd,RADICO,NSI,India Stocks,INR,4,2821.4,0,2026-02-10 GMT+0530,21:25:00,,,Buy,,,,
2335,Radico Khaitan Ltd,RADICO,NSI,India Stocks,INR,3,2821.7,0,2026-02-10 GMT+0530,21:25:00,,,Buy,,,,
2336,Radico Khaitan Ltd,RADICO,NSI,India Stocks,INR,3,2821.5,0,2026-02-10 GMT+0530,21:25:00,,,Buy,,,,
2337,Rail Vikas Nigam Limited,RVNL,NSI,India Stocks,INR,,,,,,,,,,,,
2338,Rail Vikas Nigam Limited,RVNL,NSI,India Stocks,INR,31,159.85,0,2023-10-23 GMT+0530,12:30:00,,,Buy,,,,
2339,Rail Vikas Nigam Limited,RVNL,NSI,India Stocks,INR,7,157.5,0,2023-11-13 GMT+0530,12:30:00,,,Buy,,,,
2340,Rail Vikas Nigam Limited,RVNL,NSI,India Stocks,INR,38,166.35,0,2023-12-01 GMT+0530,12:30:00,,,Sell,FIFO,,,
2341,Rail Vikas Nigam Limited,RVNL,NSI,India Stocks,INR,46,311.4,0,2024-02-01 GMT+0530,12:30:00,,,Buy,,,,
2342,Rail Vikas Nigam Limited,RVNL,NSI,India Stocks,INR,17,235.95,0,2024-02-12 GMT+0530,12:30:00,,,Buy,,,,
2343,Rail Vikas Nigam Limited,RVNL,NSI,India Stocks,INR,63,241.25,0,2024-03-05 GMT+0530,12:30:00,,,Sell,FIFO,,,
2344,Rail Vikas Nigam Limited,RVNL,NSI,India Stocks,INR,62,241.65,0,2024-03-12 GMT+0530,12:30:00,,,Buy,,,,
2345,Rail Vikas Nigam Limited,RVNL,NSI,India Stocks,INR,62,261.8,0,2024-04-01 GMT+0530,12:30:00,,,Sell,FIFO,,,
2346,Rain Industries Limited,RAIN,NSI,India Stocks,INR,,,,,,,,,,,,
2347,Rain Industries Limited,RAIN,NSI,India Stocks,INR,68,165.3,0,2022-10-24 GMT+0530,12:30:00,,,Buy,,,,
2348,Rain Industries Limited,RAIN,NSI,India Stocks,INR,1,170.1,0,2022-11-02 GMT+0530,12:30:00,,,Buy,,,,
2349,Rain Industries Limited,RAIN,NSI,India Stocks,INR,10,159,0,2023-03-13 GMT+0530,12:30:00,,,Buy,,,,
2350,Rain Industries Limited,RAIN,NSI,India Stocks,INR,8,156.9,0,2023-04-12 GMT+0530,12:30:00,,,Buy,,,,
2351,Rain Industries Limited,RAIN,NSI,India Stocks,INR,87,0,0,2023-05-19 GMT+0530,12:30:00,,,Dividend,FIFO,,,
2352,Rain Industries Limited,RAIN,NSI,India Stocks,INR,75,151.6,0,2024-03-28 GMT+0530,12:30:00,,,Sell,FIFO,,,
2353,Rain Industries Limited,RAIN,NSI,India Stocks,INR,12,151.65,0,2024-03-28 GMT+0530,12:30:00,,,Sell,FIFO,,,
2354,Rallis India Ltd,RALLIS,NSI,India Stocks,INR,,,,,,,,,,,,
2355,Rallis India Ltd,RALLIS,NSI,India Stocks,INR,39,235.25,0,2022-10-24 GMT+0530,12:30:00,,,Buy,,,,
2356,Rallis India Ltd,RALLIS,NSI,India Stocks,INR,14,235.3,0,2022-10-24 GMT+0530,12:30:00,,,Buy,,,,
2357,Rallis India Ltd,RALLIS,NSI,India Stocks,INR,4,229.2,0,2022-11-02 GMT+0530,12:30:00,,,Buy,,,,
2358,Rallis India Ltd,RALLIS,NSI,India Stocks,INR,1,242.35,0,2022-12-01 GMT+0530,12:30:00,,,Buy,,,,
2359,Rallis India Ltd,RALLIS,NSI,India Stocks,INR,1,242.3,0,2022-12-01 GMT+0530,12:30:00,,,Buy,,,,
2360,Rallis India Ltd,RALLIS,NSI,India Stocks,INR,1,244,0,2023-01-12 GMT+0530,12:30:00,,,Buy,,,,
2361,Rallis India Ltd,RALLIS,NSI,India Stocks,INR,6,205.35,0,2023-02-13 GMT+0530,12:30:00,,,Buy,,,,
2362,Rallis India Ltd,RALLIS,NSI,India Stocks,INR,66,198.05,0,2023-03-13 GMT+0530,12:30:00,,,Sell,FIFO,,,
2363,Redington Limited,REDINGTON,NSI,India Stocks,INR,,,,,,,,,,,,
2364,Redington Limited,REDINGTON,NSI,India Stocks,INR,6,139.6,0,2022-10-24 GMT+0530,12:30:00,,,Buy,,,,
2365,Redington Limited,REDINGTON,NSI,India Stocks,INR,33,139.65,0,2022-10-24 GMT+0530,12:30:00,,,Buy,,,,
2366,Redington Limited,REDINGTON,NSI,India Stocks,INR,6,139.8,0,2022-11-02 GMT+0530,12:30:00,,,Buy,,,,
2367,Redington Limited,REDINGTON,NSI,India Stocks,INR,3,179.2,0,2023-02-13 GMT+0530,12:30:00,,,Buy,,,,
2368,Redington Limited,REDINGTON,NSI,India Stocks,INR,9,166.35,0,2023-03-13 GMT+0530,12:30:00,,,Buy,,,,
2369,Redington Limited,REDINGTON,NSI,India Stocks,INR,2,179.15,0,2023-04-12 GMT+0530,12:30:00,,,Buy,,,,
2370,Redington Limited,REDINGTON,NSI,India Stocks,INR,7,177.25,0,2023-05-12 GMT+0530,12:30:00,,,Buy,,,,
2371,Redington Limited,REDINGTON,NSI,India Stocks,INR,3,186.05,0,2023-06-12 GMT+0530,12:30:00,,,Buy,,,,
2372,Redington Limited,REDINGTON,NSI,India Stocks,INR,496.8,0,0,2023-07-07 GMT+0530,12:30:00,,,Dividend,FIFO,,,
2373,Redington Limited,REDINGTON,NSI,India Stocks,INR,16,187.15,0,2023-07-13 GMT+0530,12:30:00,,,Buy,,,,
2374,Redington Limited,REDINGTON,NSI,India Stocks,INR,7,187.3,0,2023-07-13 GMT+0530,12:30:00,,,Buy,,,,
2375,Redington Limited,REDINGTON,NSI,India Stocks,INR,17,147.55,0,2023-08-14 GMT+0530,12:30:00,,,Buy,,,,
2376,Redington Limited,REDINGTON,NSI,India Stocks,INR,10,162.8,0,2023-09-12 GMT+0530,12:30:00,,,Buy,,,,
2377,Redington Limited,REDINGTON,NSI,India Stocks,INR,10,154.25,0,2023-10-12 GMT+0530,12:30:00,,,Buy,,,,
2378,Redington Limited,REDINGTON,NSI,India Stocks,INR,39,153.6,0,2023-11-13 GMT+0530,12:30:00,,,Buy,,,,
2379,Redington Limited,REDINGTON,NSI,India Stocks,INR,6,175.1,0,2023-12-12 GMT+0530,12:30:00,,,Buy,,,,
2380,Redington Limited,REDINGTON,NSI,India Stocks,INR,11,179.25,0,2024-01-12 GMT+0530,12:30:00,,,Buy,,,,
2381,Redington Limited,REDINGTON,NSI,India Stocks,INR,11,187.7,0,2024-02-12 GMT+0530,12:30:00,,,Buy,,,,
2382,Redington Limited,REDINGTON,NSI,India Stocks,INR,1,201.25,0,2024-03-12 GMT+0530,12:30:00,,,Buy,,,,
2383,Redington Limited,REDINGTON,NSI,India Stocks,INR,2,223.2,0,2024-04-12 GMT+0530,12:30:00,,,Buy,,,,
2384,Redington Limited,REDINGTON,NSI,India Stocks,INR,10,210.25,0,2024-05-13 GMT+0530,12:30:00,,,Buy,,,,
2385,Redington Limited,REDINGTON,NSI,India Stocks,INR,14,221.11,3.3,2024-06-12 GMT+0530,12:30:00,,,Buy,,,,
2386,Redington Limited,REDINGTON,NSI,India Stocks,INR,1382.6,0,0,2024-07-05 GMT+0530,12:30:00,,,Dividend,FIFO,,,
2387,Redington Limited,REDINGTON,NSI,India Stocks,INR,12,209.75,2.62,2024-07-12 GMT+0530,12:30:00,,,Buy,,,,
2388,Redington Limited,REDINGTON,NSI,India Stocks,INR,20,195.98,5.08,2024-08-12 GMT+0530,12:30:00,,,Buy,,,,
2389,Redington Limited,REDINGTON,NSI,India Stocks,INR,12,191,2.38,2024-09-12 GMT+0530,12:30:00,,,Buy,,,,
2390,Redington Limited,REDINGTON,NSI,India Stocks,INR,24,183.17,5.56,2024-10-14 GMT+0530,12:30:00,,,Buy,,,,
2391,Redington Limited,REDINGTON,NSI,India Stocks,INR,10,189.45,1.97,2024-11-12 GMT+0530,12:30:00,,,Buy,,,,
2392,Redington Limited,REDINGTON,NSI,India Stocks,INR,26,209,6.64,2024-12-09 GMT+0530,12:30:00,,,Buy,,,,
2393,Redington Limited,REDINGTON,NSI,India Stocks,INR,10,210.94,2.19,2024-12-12 GMT+0530,12:30:00,,,Buy,,,,
2394,Redington Limited,REDINGTON,NSI,India Stocks,INR,6,206.67,1.29,2025-01-13 GMT+0530,12:30:00,,,Buy,,,,
2395,Redington Limited,REDINGTON,NSI,India Stocks,INR,5,247.9,1.29,2025-04-29 GMT+0530,12:25:00,,,Buy,,,,
2396,Redington Limited,REDINGTON,NSI,India Stocks,INR,7,264.85,1.92,2025-05-29 GMT+0530,11:56:00,,,Buy,,,,
2397,Redington Limited,REDINGTON,NSI,India Stocks,INR,2414,249.45,0,2025-07-04 GMT+0530,22:34:00,,,Dividend,FIFO,,,
2398,Redington Limited,REDINGTON,NSI,India Stocks,INR,9,289.55,2.7,2025-07-29 GMT+0530,18:11:00,,,Buy,,,,
2399,Redington Limited,REDINGTON,NSI,India Stocks,INR,1,241.7,0,2025-08-29 GMT+0530,16:22:00,,,Sell,FIFO,,,
2400,Redington Limited,REDINGTON,NSI,India Stocks,INR,62,241.65,31.13,2025-08-29 GMT+0530,16:23:00,,,Sell,FIFO,,,
2401,Redington Limited,REDINGTON,NSI,India Stocks,INR,1806,0,0,2026-07-03 GMT+0530,23:01:00,,,Dividend,FIFO,,,
2402,Reliance Industries Ltd,RELIANCE,NSI,India Stocks,INR,,,,,,,,,,,,
2403,Reliance Industries Ltd,RELIANCE,NSI,India Stocks,INR,2,2352.21,0,2022-10-24 GMT+0530,12:30:00,,,Buy,,,,
2404,Reliance Industries Ltd,RELIANCE,NSI,India Stocks,INR,1,2617.68,0,2022-12-01 GMT+0530,12:30:00,,,Buy,,,,
2405,Reliance Industries Ltd,RELIANCE,NSI,India Stocks,INR,1,2212,0,2023-02-13 GMT+0530,12:30:00,,,Buy,,,,
2406,Reliance Industries Ltd,RELIANCE,NSI,India Stocks,INR,1,2353.69,0,2023-05-12 GMT+0530,12:30:00,,,Buy,,,,
2407,Reliance Industries Ltd,RELIANCE,NSI,India Stocks,INR,1,2647.23,0,2023-07-13 GMT+0530,12:30:00,,,Buy,,,,
2408,Reliance Industries Ltd,RELIANCE,NSI,India Stocks,INR,54,0,0,2023-08-21 GMT+0530,12:30:00,,,Dividend,FIFO,,,
2409,Reliance Industries Ltd,RELIANCE,NSI,India Stocks,INR,60,0,0,2024-08-19 GMT+0530,12:30:00,,,Dividend,FIFO,,,
2410,Reliance Industries Ltd,RELIANCE,NSI,India Stocks,INR,6,0,0,2024-10-28 GMT+0530,12:30:00,,,Dividend Reinvest,,,,
2411,Reliance Industries Ltd,RELIANCE,NSI,India Stocks,INR,0,1170.45,30.02,2025-03-03 GMT+0530,19:06:00,,,Sell All,FIFO,,,
2412,Rhi Magnesita India Ltd,RHIM,NSI,India Stocks,INR,,,,,,,,,,,,
2413,Rhi Magnesita India Ltd,RHIM,NSI,India Stocks,INR,16,719.95,0,2022-10-24 GMT+0530,12:30:00,,,Buy,,,,
2414,Rhi Magnesita India Ltd,RHIM,NSI,India Stocks,INR,4,711.85,0,2022-10-24 GMT+0530,12:30:00,,,Buy,,,,
2415,Rhi Magnesita India Ltd,RHIM,NSI,India Stocks,INR,1,712.3,0,2022-10-28 GMT+0530,12:30:00,,,Buy,,,,
2416,Rhi Magnesita India Ltd,RHIM,NSI,India Stocks,INR,2,654.9,0,2022-11-02 GMT+0530,12:30:00,,,Buy,,,,
2417,Rhi Magnesita India Ltd,RHIM,NSI,India Stocks,INR,2,655.6,0,2022-11-02 GMT+0530,12:30:00,,,Buy,,,,
2418,Rhi Magnesita India Ltd,RHIM,NSI,India Stocks,INR,7,588.1,0,2022-11-11 GMT+0530,12:30:00,,,Sell,FIFO,,,
2419,Rhi Magnesita India Ltd,RHIM,NSI,India Stocks,INR,1,830,0,2023-01-12 GMT+0530,12:30:00,,,Buy,,,,
2420,Rhi Magnesita India Ltd,RHIM,NSI,India Stocks,INR,19,628,0,2023-03-13 GMT+0530,12:30:00,,,Sell,FIFO,,,
2421,Rites Limited,RITES,NSI,India Stocks,INR,,,,,,,,,,,,
2422,Rites Limited,RITES,NSI,India Stocks,INR,19,302.85,6.97,2024-12-09 GMT+0530,12:30:00,,,Buy,,,,
2423,Rites Limited,RITES,NSI,India Stocks,INR,6,299.6,1.86,2024-12-12 GMT+0530,12:30:00,,,Buy,,,,
2424,Rites Limited,RITES,NSI,India Stocks,INR,8,263.9,2.19,2025-01-13 GMT+0530,12:30:00,,,Buy,,,,
2425,Rites Limited,RITES,NSI,India Stocks,INR,62.7,221.4,0,2025-01-31 GMT+0530,19:35:00,,,Dividend,FIFO,,,
2426,Rites Limited,RITES,NSI,India Stocks,INR,15,219,3.41,2025-02-12 GMT+0530,12:36:00,,,Buy,,,,
2427,Rites Limited,RITES,NSI,India Stocks,INR,2,213.84,0.44,2025-03-12 GMT+0530,13:08:00,,,Buy,,,,
2428,Rites Limited,RITES,NSI,India Stocks,INR,4,234.25,0,2025-04-29 GMT+0530,12:27:00,,,Buy,,,,
2429,Rites Limited,RITES,NSI,India Stocks,INR,3,234.22,0,2025-04-29 GMT+0530,12:27:00,,,Buy,,,,
2430,Rites Limited,RITES,NSI,India Stocks,INR,5,234.26,2.92,2025-04-29 GMT+0530,12:27:00,,,Buy,,,,
2431,Rites Limited,RITES,NSI,India Stocks,INR,12,280.2,4.49,2025-06-30 GMT+0530,12:39:00,,,Buy,,,,
2432,Rites Limited,RITES,NSI,India Stocks,INR,14,260.35,4.78,2025-07-29 GMT+0530,18:13:00,,,Buy,,,,
2433,Rites Limited,RITES,NSI,India Stocks,INR,114.4,253.55,0,2025-08-12 GMT+0530,11:58:00,,,Dividend,FIFO,,,
2434,Rites Limited,RITES,NSI,India Stocks,INR,0,247.6,37.94,2025-08-29 GMT+0530,16:38:00,,,Sell All,FIFO,,,
2435,Rites Limited,RITES,NSI,India Stocks,INR,111,248.96,38.83,2025-10-20 GMT+0530,19:39:00,,,Buy,,,,
2436,Rites Limited,RITES,NSI,India Stocks,INR,20,248.95,0,2025-10-20 GMT+0530,19:40:00,,,Buy,,,,
2437,Rites Limited,RITES,NSI,India Stocks,INR,1,246.82,0,2025-10-29 GMT+0530,20:17:00,,,Buy,,,,
2438,Rites Limited,RITES,NSI,India Stocks,INR,9,246.83,3.23,2025-10-29 GMT+0530,20:18:00,,,Buy,,,,
2439,Rites Limited,RITES,NSI,India Stocks,INR,1,246.8,0,2025-10-29 GMT+0530,20:18:00,,,Buy,,,,
2440,Rites Limited,RITES,NSI,India Stocks,INR,284,228.7,0,2025-11-14 GMT+0530,14:54:00,,,Dividend,FIFO,,,
2441,Rites Limited,RITES,NSI,India Stocks,INR,142,228.3,49.23,2025-12-05 GMT+0530,12:47:00,,,Sell,FIFO,,,
2442,Rites Limited,RITES,NSI,India Stocks,INR,58,219.37,15.2,2026-04-20 GMT+0530,16:48:00,,,Buy,,,,
2443,Rec Limited,RECLTD,NSI,India Stocks,INR,,,,,,,,,,,,
2444,Rec Limited,RECLTD,NSI,India Stocks,INR,47,337.65,0,2023-11-13 GMT+0530,12:30:00,,,Buy,,,,
2445,Rec Limited,RECLTD,NSI,India Stocks,INR,47,405.55,0,2023-12-11 GMT+0530,12:30:00,,,Sell,FIFO,,,
2446,Rec Limited,RECLTD,NSI,India Stocks,INR,15,461.95,0,2024-03-05 GMT+0530,12:30:00,,,Buy,,,,
2447,Rec Limited,RECLTD,NSI,India Stocks,INR,15,450.35,0,2024-03-28 GMT+0530,12:30:00,,,Sell,FIFO,,,
2448,Rec Limited,RECLTD,NSI,India Stocks,INR,67.5,0,0,2024-03-28 GMT+0530,12:30:00,,,Dividend,FIFO,,,
2449,Rec Limited,RECLTD,NSI,India Stocks,INR,110,606.25,79.82,2024-07-19 GMT+0530,12:30:00,,,Buy,,,,
2450,Rec Limited,RECLTD,NSI,India Stocks,INR,385,0,0,2024-08-09 GMT+0530,12:30:00,,,Dividend,FIFO,,,
2451,Rec Limited,RECLTD,NSI,India Stocks,INR,6,579.9,4.62,2024-08-12 GMT+0530,12:30:00,,,Buy,,,,
2452,Rec Limited,RECLTD,NSI,India Stocks,INR,13,559.5,8.57,2024-09-12 GMT+0530,12:30:00,,,Buy,,,,
2453,Rec Limited,RECLTD,NSI,India Stocks,INR,4,504.5,2.09,2024-10-07 GMT+0530,12:30:00,,,Buy,,,,
2454,Rec Limited,RECLTD,NSI,India Stocks,INR,8,541.9,5.5,2024-10-14 GMT+0530,12:30:00,,,Buy,,,,
2455,Rec Limited,RECLTD,NSI,India Stocks,INR,564,0,0,2024-11-08 GMT+0530,12:30:00,,,Dividend,FIFO,,,
2456,Rec Limited,RECLTD,NSI,India Stocks,INR,1,514.15,0.53,2024-11-12 GMT+0530,12:30:00,,,Buy,,,,
2457,Rec Limited,RECLTD,NSI,India Stocks,INR,10,557.95,6.79,2024-12-09 GMT+0530,12:30:00,,,Buy,,,,
2458,Rec Limited,RECLTD,NSI,India Stocks,INR,12,564,8.02,2024-12-10 GMT+0530,12:30:00,,,Buy,,,,
2459,Rec Limited,RECLTD,NSI,India Stocks,INR,4,565.35,2.35,2024-12-12 GMT+0530,12:30:00,,,Buy,,,,
2460,Rec Limited,RECLTD,NSI,India Stocks,INR,6,461.75,2.87,2025-01-13 GMT+0530,12:30:00,,,Buy,,,,
2461,Rec Limited,RECLTD,NSI,India Stocks,INR,24,485.35,14.08,2025-01-16 GMT+0530,12:30:00,,,Buy,,,,
2462,Rec Limited,RECLTD,NSI,India Stocks,INR,179,436.45,88.72,2025-01-30 GMT+0530,19:24:00,,,Sell,FIFO,,,
2463,Rec Limited,RECLTD,NSI,India Stocks,INR,0,437.4,16.36,2025-01-30 GMT+0530,19:26:00,,,Sell All,FIFO,,,
2464,Rec Limited,RECLTD,NSI,India Stocks,INR,7,410.3,2.98,2025-02-12 GMT+0530,12:34:00,,,Buy,,,,
2465,Rec Limited,RECLTD,NSI,India Stocks,INR,30.1,413.15,0,2025-02-14 GMT+0530,08:52:00,,,Dividend,FIFO,,,
2466,Rec Limited,RECLTD,NSI,India Stocks,INR,21,400.95,9.73,2025-03-12 GMT+0530,13:06:00,,,Buy,,,,
2467,Rec Limited,RECLTD,NSI,India Stocks,INR,100.8,424.8,0,2025-03-26 GMT+0530,16:39:00,,,Dividend,FIFO,,,
2468,Rec Limited,RECLTD,NSI,India Stocks,INR,6,436.25,2.72,2025-04-29 GMT+0530,12:23:00,,,Buy,,,,
2469,Rec Limited,RECLTD,NSI,India Stocks,INR,1,406.4,0,2025-05-29 GMT+0530,11:55:00,,,Buy,,,,
2470,Rec Limited,RECLTD,NSI,India Stocks,INR,9,406.5,5.22,2025-05-29 GMT+0530,11:56:00,,,Buy,,,,
2471,Rec Limited,RECLTD,NSI,India Stocks,INR,8,403.4,3.35,2025-06-30 GMT+0530,12:37:00,,,Buy,,,,
2472,Rec Limited,RECLTD,NSI,India Stocks,INR,4,394.1,1.64,2025-07-29 GMT+0530,18:09:00,,,Buy,,,,
2473,Rec Limited,RECLTD,NSI,India Stocks,INR,257.6,380.6,0,2025-08-01 GMT+0530,20:23:00,,,Dividend,FIFO,,,
2474,Rec Limited,RECLTD,NSI,India Stocks,INR,145.6,383.7,0,2025-08-14 GMT+0530,14:41:00,,,Dividend,FIFO,,,
2475,Rec Limited,RECLTD,NSI,India Stocks,INR,0,353.3,35.86,2025-08-29 GMT+0530,16:20:00,,,Sell All,FIFO,,,
2476,Rec Limited,RECLTD,NSI,India Stocks,INR,100,378.85,45.3,2026-01-05 GMT+0530,18:46:00,,,Buy,,,,
2477,Rec Limited,RECLTD,NSI,India Stocks,INR,460,0,0,2026-02-06 GMT+0530,18:04:00,,,Dividend,FIFO,,,
2478,Rec Limited,RECLTD,NSI,India Stocks,INR,100,364.1,53.11,2026-02-18 GMT+0530,20:21:00,,,Sell,FIFO,,,
2479,Sanghvi Movers Ltd,SANGHVIMOV,NSI,India Stocks,INR,,,,,,,,,,,,
2480,Sanghvi Movers Ltd,SANGHVIMOV,NSI,India Stocks,INR,66,225.85,0,2022-10-24 GMT+0530,12:30:00,,,Buy,,,,
2481,Sanghvi Movers Ltd,SANGHVIMOV,NSI,India Stocks,INR,2,225.8,0,2022-11-02 GMT+0530,12:30:00,,,Buy,,,,
2482,Sanghvi Movers Ltd,SANGHVIMOV,NSI,India Stocks,INR,6,353.1,0,2023-03-13 GMT+0530,12:30:00,,,Buy,,,,
2483,Sanghvi Movers Ltd,SANGHVIMOV,NSI,India Stocks,INR,2,351.8,0,2023-04-03 GMT+0530,12:30:00,,,Buy,,,,
2484,Sanghvi Movers Ltd,SANGHVIMOV,NSI,India Stocks,INR,17,351.75,0,2023-04-03 GMT+0530,12:30:00,,,Buy,,,,
2485,Sanghvi Movers Ltd,SANGHVIMOV,NSI,India Stocks,INR,2,369.9,0,2023-04-12 GMT+0530,12:30:00,,,Buy,,,,
2486,Sanghvi Movers Ltd,SANGHVIMOV,NSI,India Stocks,INR,3,405,0,2023-05-12 GMT+0530,12:30:00,,,Buy,,,,
2487,Sanghvi Movers Ltd,SANGHVIMOV,NSI,India Stocks,INR,392,0,0,2023-08-04 GMT+0530,12:30:00,,,Dividend,FIFO,,,
2488,Sanghvi Movers Ltd,SANGHVIMOV,NSI,India Stocks,INR,6,663.2,0,2023-09-12 GMT+0530,12:30:00,,,Buy,,,,
2489,Sanghvi Movers Ltd,SANGHVIMOV,NSI,India Stocks,INR,2,676.75,0,2023-10-12 GMT+0530,12:30:00,,,Buy,,,,
2490,Sanghvi Movers Ltd,SANGHVIMOV,NSI,India Stocks,INR,2,754,0,2023-11-13 GMT+0530,12:30:00,,,Buy,,,,
2491,Sanghvi Movers Ltd,SANGHVIMOV,NSI,India Stocks,INR,7,810,0,2024-01-12 GMT+0530,12:30:00,,,Buy,,,,
2492,Sanghvi Movers Ltd,SANGHVIMOV,NSI,India Stocks,INR,2,1129.95,0,2024-06-12 GMT+0530,12:30:00,,,Buy,,,,
2493,Sanghvi Movers Ltd,SANGHVIMOV,NSI,India Stocks,INR,14,1130,21.89,2024-06-12 GMT+0530,12:30:00,,,Buy,,,,
2494,Sanghvi Movers Ltd,SANGHVIMOV,NSI,India Stocks,INR,20,1089.9,27.7,2024-07-12 GMT+0530,12:30:00,,,Buy,,,,
2495,Sanghvi Movers Ltd,SANGHVIMOV,NSI,India Stocks,INR,1,839.65,0.87,2024-08-12 GMT+0530,12:30:00,,,Buy,,,,
2496,Sanghvi Movers Ltd,SANGHVIMOV,NSI,India Stocks,INR,912,0,0,2024-08-20 GMT+0530,12:30:00,,,Dividend,FIFO,,,
2497,Sanghvi Movers Ltd,SANGHVIMOV,NSI,India Stocks,INR,3,827.05,0,2024-09-04 GMT+0530,12:30:00,,,Sell,FIFO,,,
2498,Sanghvi Movers Ltd,SANGHVIMOV,NSI,India Stocks,INR,22,827,0,2024-09-04 GMT+0530,12:30:00,,,Sell,FIFO,,,
2499,Sanghvi Movers Ltd,SANGHVIMOV,NSI,India Stocks,INR,108,826.9,131.91,2024-09-04 GMT+0530,12:30:00,,,Sell,FIFO,,,
2500,Sanghvi Movers Ltd,SANGHVIMOV,NSI,India Stocks,INR,19,826.95,0,2024-09-04 GMT+0530,12:30:00,,,Sell,FIFO,,,
2501,Sbi Life Insurance Co Ltd,SBILIFE,NSI,India Stocks,INR,,,,,,,,,,,,
2502,Sbi Life Insurance Co Ltd,SBILIFE,NSI,India Stocks,INR,3,1264.8,0,2022-10-24 GMT+0530,12:30:00,,,Buy,,,,
2503,Sbi Life Insurance Co Ltd,SBILIFE,NSI,India Stocks,INR,1,1261.9,0,2022-11-11 GMT+0530,12:30:00,,,Buy,,,,
2504,Sbi Life Insurance Co Ltd,SBILIFE,NSI,India Stocks,INR,1,1256.1,0,2022-12-08 GMT+0530,12:30:00,,,Buy,,,,
2505,Sbi Life Insurance Co Ltd,SBILIFE,NSI,India Stocks,INR,12.5,0,0,2023-03-16 GMT+0530,12:30:00,,,Dividend,FIFO,,,
2506,Sbi Life Insurance Co Ltd,SBILIFE,NSI,India Stocks,INR,5,1338.55,0,2023-10-23 GMT+0530,12:30:00,,,Sell,FIFO,,,
2507,Schaeffler India Limited,SCHAEFFLER,NSI,India Stocks,INR,,,,,,,,,,,,
2508,Schaeffler India Limited,SCHAEFFLER,NSI,India Stocks,INR,4,3187.3,0,2023-06-16 GMT+0530,12:30:00,,,Buy,,,,
2509,Schaeffler India Limited,SCHAEFFLER,NSI,India Stocks,INR,1,3102.3,0,2023-07-13 GMT+0530,12:30:00,,,Buy,,,,
2510,Schaeffler India Limited,SCHAEFFLER,NSI,India Stocks,INR,1,3024.85,0,2023-08-14 GMT+0530,12:30:00,,,Buy,,,,
2511,Schaeffler India Limited,SCHAEFFLER,NSI,India Stocks,INR,1,3143.95,0,2023-10-12 GMT+0530,12:30:00,,,Buy,,,,
2512,Schaeffler India Limited,SCHAEFFLER,NSI,India Stocks,INR,7,2845,0,2024-03-05 GMT+0530,12:30:00,,,Sell,FIFO,,,
2513,Schaeffler India Limited,SCHAEFFLER,NSI,India Stocks,INR,1,4140.8,0,2025-06-02 GMT+0530,17:35:00,,,Buy,,,,
2514,Schaeffler India Limited,SCHAEFFLER,NSI,India Stocks,INR,7,4140.9,39.37,2025-06-02 GMT+0530,17:35:00,,,Buy,,,,
2515,Schaeffler India Limited,SCHAEFFLER,NSI,India Stocks,INR,2,3966.8,9.23,2025-06-30 GMT+0530,12:41:00,,,Buy,,,,
2516,Schaeffler India Limited,SCHAEFFLER,NSI,India Stocks,INR,4,4053,57.39,2025-07-03 GMT+0530,20:00:00,,,Sell,FIFO,,,
2517,Schaeffler India Limited,SCHAEFFLER,NSI,India Stocks,INR,2,4053.1,0,2025-07-03 GMT+0530,20:01:00,,,Sell,FIFO,,,
2518,Schaeffler India Limited,SCHAEFFLER,NSI,India Stocks,INR,1,4052.7,0,2025-07-03 GMT+0530,20:01:00,,,Sell,FIFO,,,
2519,Schaeffler India Limited,SCHAEFFLER,NSI,India Stocks,INR,1,4053.2,0,2025-07-03 GMT+0530,20:01:00,,,Sell,FIFO,,,
2520,Schaeffler India Limited,SCHAEFFLER,NSI,India Stocks,INR,0,4052.8,0,2025-07-03 GMT+0530,20:02:00,,,Sell All,FIFO,,,
2521,Shakti Pumps (i) Ltd,SHAKTIPUMP,NSI,India Stocks,INR,,,,,,,,,,,,
2522,Shakti Pumps (i) Ltd,SHAKTIPUMP,NSI,India Stocks,INR,28,572.2,0,2023-05-18 GMT+0530,12:30:00,,,Buy,,,,
2523,Shakti Pumps (i) Ltd,SHAKTIPUMP,NSI,India Stocks,INR,4,593.05,0,2023-07-13 GMT+0530,12:30:00,,,Buy,,,,
2524,Shakti Pumps (i) Ltd,SHAKTIPUMP,NSI,India Stocks,INR,2,593.6,0,2023-07-13 GMT+0530,12:30:00,,,Buy,,,,
2525,Shakti Pumps (i) Ltd,SHAKTIPUMP,NSI,India Stocks,INR,2,648.9,0,2023-08-14 GMT+0530,12:30:00,,,Buy,,,,
2526,Shakti Pumps (i) Ltd,SHAKTIPUMP,NSI,India Stocks,INR,14,885.85,0,2023-09-01 GMT+0530,12:30:00,,,Buy,,,,
2527,Shakti Pumps (i) Ltd,SHAKTIPUMP,NSI,India Stocks,INR,4,787.9,0,2023-09-12 GMT+0530,12:30:00,,,Buy,,,,
2528,Shakti Pumps (i) Ltd,SHAKTIPUMP,NSI,India Stocks,INR,1,1084.45,0,2023-11-13 GMT+0530,12:30:00,,,Buy,,,,
2529,Shakti Pumps (i) Ltd,SHAKTIPUMP,NSI,India Stocks,INR,7,1004.55,0,2023-12-12 GMT+0530,12:30:00,,,Buy,,,,
2530,Shakti Pumps (i) Ltd,SHAKTIPUMP,NSI,India Stocks,INR,1,4295.65,5.47,2024-09-12 GMT+0530,12:30:00,,,Buy,,,,
2531,Shakti Pumps (i) Ltd,SHAKTIPUMP,NSI,India Stocks,INR,252,0,0,2024-09-23 GMT+0530,12:30:00,,,Dividend,FIFO,,,
2532,Shakti Pumps (i) Ltd,SHAKTIPUMP,NSI,India Stocks,INR,3,4359.9,15.68,2024-10-07 GMT+0530,12:30:00,,,Buy,,,,
2533,Shakti Pumps (i) Ltd,SHAKTIPUMP,NSI,India Stocks,INR,330,0,0,2024-11-23 GMT+0530,12:30:00,,,Dividend Reinvest,,,,
2534,Shakti Pumps (i) Ltd,SHAKTIPUMP,NSI,India Stocks,INR,110,979,0,2025-03-19 GMT+0530,12:57:00,,,Buy,,,,
2535,Shakti Pumps (i) Ltd,SHAKTIPUMP,NSI,India Stocks,INR,133,978.9,282.15,2025-03-19 GMT+0530,12:57:00,,,Buy,,,,
2536,Shakti Pumps (i) Ltd,SHAKTIPUMP,NSI,India Stocks,INR,14,850.9,13.12,2025-05-29 GMT+0530,12:00:00,,,Buy,,,,
2537,Shakti Pumps (i) Ltd,SHAKTIPUMP,NSI,India Stocks,INR,9,863.8,0,2025-07-29 GMT+0530,18:21:00,,,Buy,,,,
2538,Shakti Pumps (i) Ltd,SHAKTIPUMP,NSI,India Stocks,INR,12,863.9,28.05,2025-07-29 GMT+0530,18:22:00,,,Buy,,,,
2539,Shakti Pumps (i) Ltd,SHAKTIPUMP,NSI,India Stocks,INR,3,863.85,0,2025-07-29 GMT+0530,18:22:00,,,Buy,,,,
2540,Shakti Pumps (i) Ltd,SHAKTIPUMP,NSI,India Stocks,INR,18,809.25,17.11,2025-08-29 GMT+0530,16:25:00,,,Buy,,,,
2541,Shakti Pumps (i) Ltd,SHAKTIPUMP,NSI,India Stocks,INR,695,822.7,0,2025-09-18 GMT+0530,15:57:00,,,Dividend,FIFO,,,
2542,Shakti Pumps (i) Ltd,SHAKTIPUMP,NSI,India Stocks,INR,10,808.85,9.6,2025-10-29 GMT+0530,20:21:00,,,Buy,,,,
2543,Shakti Pumps (i) Ltd,SHAKTIPUMP,NSI,India Stocks,INR,51,747.85,0,2025-11-12 GMT+0530,11:59:00,,,Buy,,,,
2544,Shakti Pumps (i) Ltd,SHAKTIPUMP,NSI,India Stocks,INR,101,747.75,0,2025-11-12 GMT+0530,11:59:00,,,Buy,,,,
2545,Shakti Pumps (i) Ltd,SHAKTIPUMP,NSI,India Stocks,INR,14,747.7,0,2025-11-12 GMT+0530,12:00:00,,,Buy,,,,
2546,Shakti Pumps (i) Ltd,SHAKTIPUMP,NSI,India Stocks,INR,126,747.5,298.6,2025-11-12 GMT+0530,12:00:00,,,Buy,,,,
2547,Shakti Pumps (i) Ltd,SHAKTIPUMP,NSI,India Stocks,INR,1,747,0,2025-11-12 GMT+0530,12:00:00,,,Buy,,,,
2548,Shakti Pumps (i) Ltd,SHAKTIPUMP,NSI,India Stocks,INR,27,747.3,0,2025-11-12 GMT+0530,12:01:00,,,Buy,,,,
2549,Shakti Pumps (i) Ltd,SHAKTIPUMP,NSI,India Stocks,INR,16,747.55,0,2025-11-12 GMT+0530,12:01:00,,,Buy,,,,
2550,Shakti Pumps (i) Ltd,SHAKTIPUMP,NSI,India Stocks,INR,9,676.6,0,2025-12-01 GMT+0530,13:31:00,,,Sell,FIFO,,,
2551,Shakti Pumps (i) Ltd,SHAKTIPUMP,NSI,India Stocks,INR,220,676.4,0,2025-12-01 GMT+0530,13:31:00,,,Sell,FIFO,,,
2552,Shakti Pumps (i) Ltd,SHAKTIPUMP,NSI,India Stocks,INR,494,676.35,746.21,2025-12-01 GMT+0530,13:31:00,,,Sell,FIFO,,,
2553,Shakti Pumps (i) Ltd,SHAKTIPUMP,NSI,India Stocks,INR,96,676.5,0,2025-12-01 GMT+0530,13:32:00,,,Sell,FIFO,,,
2554,Shakti Pumps (i) Ltd,SHAKTIPUMP,NSI,India Stocks,INR,13,676.45,0,2025-12-01 GMT+0530,13:32:00,,,Sell,FIFO,,,
2555,Shakti Pumps (i) Ltd,SHAKTIPUMP,NSI,India Stocks,INR,60,676.8,0,2025-12-01 GMT+0530,13:33:00,,,Sell,FIFO,,,
2556,Shakti Pumps (i) Ltd,SHAKTIPUMP,NSI,India Stocks,INR,67,676.85,0,2025-12-01 GMT+0530,13:33:00,,,Sell,FIFO,,,
2557,Shakti Pumps (i) Ltd,SHAKTIPUMP,NSI,India Stocks,INR,82,676.65,0,2025-12-01 GMT+0530,13:34:00,,,Sell,FIFO,,,
2558,Shanthi Gears Ltd,SHANTIGEAR,NSI,India Stocks,INR,,,,,,,,,,,,
2559,Shanthi Gears Ltd,SHANTIGEAR,NSI,India Stocks,INR,4,362.15,0,2023-05-03 GMT+0530,12:30:00,,,Buy,,,,
2560,Shanthi Gears Ltd,SHANTIGEAR,NSI,India Stocks,INR,3,374.7,0,2023-05-12 GMT+0530,12:30:00,,,Buy,,,,
2561,Shanthi Gears Ltd,SHANTIGEAR,NSI,India Stocks,INR,2,434.9,0,2023-06-12 GMT+0530,12:30:00,,,Buy,,,,
2562,Shanthi Gears Ltd,SHANTIGEAR,NSI,India Stocks,INR,4,462.8,0,2023-07-13 GMT+0530,12:30:00,,,Buy,,,,
2563,Shanthi Gears Ltd,SHANTIGEAR,NSI,India Stocks,INR,2,463,0,2023-07-13 GMT+0530,12:30:00,,,Buy,,,,
2564,Shanthi Gears Ltd,SHANTIGEAR,NSI,India Stocks,INR,30,0,0,2023-07-14 GMT+0530,12:30:00,,,Dividend,FIFO,,,
2565,Shanthi Gears Ltd,SHANTIGEAR,NSI,India Stocks,INR,1,456.25,0,2023-08-14 GMT+0530,12:30:00,,,Buy,,,,
2566,Shanthi Gears Ltd,SHANTIGEAR,NSI,India Stocks,INR,3,456.35,0,2023-08-14 GMT+0530,12:30:00,,,Buy,,,,
2567,Shanthi Gears Ltd,SHANTIGEAR,NSI,India Stocks,INR,2,442.05,0,2023-10-12 GMT+0530,12:30:00,,,Buy,,,,
2568,Shanthi Gears Ltd,SHANTIGEAR,NSI,India Stocks,INR,2,442.15,0,2023-10-12 GMT+0530,12:30:00,,,Buy,,,,
2569,Shanthi Gears Ltd,SHANTIGEAR,NSI,India Stocks,INR,8,441.9,0,2023-10-14 GMT+0530,12:30:00,,,Buy,,,,
2570,Shanthi Gears Ltd,SHANTIGEAR,NSI,India Stocks,INR,93,0,0,2024-02-09 GMT+0530,12:30:00,,,Dividend,FIFO,,,
2571,Shanthi Gears Ltd,SHANTIGEAR,NSI,India Stocks,INR,62,0,0,2024-07-19 GMT+0530,12:30:00,,,Dividend,FIFO,,,
2572,Shanthi Gears Ltd,SHANTIGEAR,NSI,India Stocks,INR,4,529.65,0,2024-12-16 GMT+0530,12:30:00,,,Sell,FIFO,,,
2573,Shanthi Gears Ltd,SHANTIGEAR,NSI,India Stocks,INR,2,529.6,0,2024-12-16 GMT+0530,12:30:00,,,Sell,FIFO,,,
2574,Shanthi Gears Ltd,SHANTIGEAR,NSI,India Stocks,INR,4,529.55,0,2024-12-16 GMT+0530,12:30:00,,,Sell,FIFO,,,
2575,Shanthi Gears Ltd,SHANTIGEAR,NSI,India Stocks,INR,11,530.05,32.38,2024-12-16 GMT+0530,12:30:00,,,Sell,FIFO,,,
2576,Shanthi Gears Ltd,SHANTIGEAR,NSI,India Stocks,INR,7,529.8,0,2024-12-16 GMT+0530,12:30:00,,,Sell,FIFO,,,
2577,Shanthi Gears Ltd,SHANTIGEAR,NSI,India Stocks,INR,3,529.7,0,2024-12-16 GMT+0530,12:30:00,,,Sell,FIFO,,,
2578,Shivalik Bimetal Con. Ltd,SBCL,NSI,India Stocks,INR,,,,,,,,,,,,
2579,Shivalik Bimetal Con. Ltd,SBCL,NSI,India Stocks,INR,7,460.35,0,2022-10-24 GMT+0530,12:30:00,,,Buy,,,,
2580,Shivalik Bimetal Con. Ltd,SBCL,NSI,India Stocks,INR,14,460.1,0,2022-10-24 GMT+0530,12:30:00,,,Buy,,,,
2581,Shivalik Bimetal Con. Ltd,SBCL,NSI,India Stocks,INR,6,460,0,2022-10-24 GMT+0530,12:30:00,,,Buy,,,,
2582,Shivalik Bimetal Con. Ltd,SBCL,NSI,India Stocks,INR,21,460.4,0,2022-10-24 GMT+0530,12:30:00,,,Buy,,,,
2583,Shivalik Bimetal Con. Ltd,SBCL,NSI,India Stocks,INR,6,459.95,0,2022-10-24 GMT+0530,12:30:00,,,Buy,,,,
2584,Shivalik Bimetal Con. Ltd,SBCL,NSI,India Stocks,INR,1,460.5,0,2022-11-02 GMT+0530,12:30:00,,,Buy,,,,
2585,Shivalik Bimetal Con. Ltd,SBCL,NSI,India Stocks,INR,2,460.45,0,2022-11-02 GMT+0530,12:30:00,,,Buy,,,,
2586,Shivalik Bimetal Con. Ltd,SBCL,NSI,India Stocks,INR,4,416.95,0,2022-12-01 GMT+0530,12:30:00,,,Buy,,,,
2587,Shivalik Bimetal Con. Ltd,SBCL,NSI,India Stocks,INR,7,396.8,0,2023-01-12 GMT+0530,12:30:00,,,Buy,,,,
2588,Shivalik Bimetal Con. Ltd,SBCL,NSI,India Stocks,INR,4,396.85,0,2023-01-12 GMT+0530,12:30:00,,,Buy,,,,
2589,Shivalik Bimetal Con. Ltd,SBCL,NSI,India Stocks,INR,1,396.9,0,2023-01-12 GMT+0530,12:30:00,,,Buy,,,,
2590,Shivalik Bimetal Con. Ltd,SBCL,NSI,India Stocks,INR,1,425.2,0,2023-02-13 GMT+0530,12:30:00,,,Buy,,,,
2591,Shivalik Bimetal Con. Ltd,SBCL,NSI,India Stocks,INR,37,0,0,2023-02-20 GMT+0530,12:30:00,,,Dividend,FIFO,,,
2592,Shivalik Bimetal Con. Ltd,SBCL,NSI,India Stocks,INR,3,396.15,0,2023-03-13 GMT+0530,12:30:00,,,Buy,,,,
2593,Shivalik Bimetal Con. Ltd,SBCL,NSI,India Stocks,INR,2,396.1,0,2023-03-13 GMT+0530,12:30:00,,,Buy,,,,
2594,Shivalik Bimetal Con. Ltd,SBCL,NSI,India Stocks,INR,4,395.95,0,2023-03-13 GMT+0530,12:30:00,,,Buy,,,,
2595,Shivalik Bimetal Con. Ltd,SBCL,NSI,India Stocks,INR,11,389.8,0,2023-03-14 GMT+0530,12:30:00,,,Buy,,,,
2596,Shivalik Bimetal Con. Ltd,SBCL,NSI,India Stocks,INR,6,520.5,0,2023-05-03 GMT+0530,12:30:00,,,Buy,,,,
2597,Shivalik Bimetal Con. Ltd,SBCL,NSI,India Stocks,INR,9,512.65,0,2023-05-12 GMT+0530,12:30:00,,,Buy,,,,
2598,Shivalik Bimetal Con. Ltd,SBCL,NSI,India Stocks,INR,4,513.7,0,2023-05-12 GMT+0530,12:30:00,,,Buy,,,,
2599,Shivalik Bimetal Con. Ltd,SBCL,NSI,India Stocks,INR,2,640,0,2023-06-12 GMT+0530,12:30:00,,,Buy,,,,
2600,Shivalik Bimetal Con. Ltd,SBCL,NSI,India Stocks,INR,5,686.45,0,2023-07-13 GMT+0530,12:30:00,,,Buy,,,,
2601,Shivalik Bimetal Con. Ltd,SBCL,NSI,India Stocks,INR,3,686.15,0,2023-07-13 GMT+0530,12:30:00,,,Buy,,,,
2602,Shivalik Bimetal Con. Ltd,SBCL,NSI,India Stocks,INR,2,531.6,0,2023-08-14 GMT+0530,12:30:00,,,Buy,,,,
2603,Shivalik Bimetal Con. Ltd,SBCL,NSI,India Stocks,INR,11,537.7,0,2023-08-14 GMT+0530,12:30:00,,,Buy,,,,
2604,Shivalik Bimetal Con. Ltd,SBCL,NSI,India Stocks,INR,16,537.6,0,2023-08-14 GMT+0530,12:30:00,,,Buy,,,,
2605,Shivalik Bimetal Con. Ltd,SBCL,NSI,India Stocks,INR,5,537.3,0,2023-08-14 GMT+0530,12:30:00,,,Buy,,,,
2606,Shivalik Bimetal Con. Ltd,SBCL,NSI,India Stocks,INR,9,536.9,0,2023-08-14 GMT+0530,12:30:00,,,Buy,,,,
2607,Shivalik Bimetal Con. Ltd,SBCL,NSI,India Stocks,INR,7,527.9,0,2023-08-17 GMT+0530,12:30:00,,,Buy,,,,
2608,Shivalik Bimetal Con. Ltd,SBCL,NSI,India Stocks,INR,4,532.6,0,2023-09-12 GMT+0530,12:30:00,,,Buy,,,,
2609,Shivalik Bimetal Con. Ltd,SBCL,NSI,India Stocks,INR,8,534.1,0,2023-09-12 GMT+0530,12:30:00,,,Buy,,,,
2610,Shivalik Bimetal Con. Ltd,SBCL,NSI,India Stocks,INR,129.5,0,0,2023-09-18 GMT+0530,12:30:00,,,Dividend,FIFO,,,
2611,Shivalik Bimetal Con. Ltd,SBCL,NSI,India Stocks,INR,3,553.9,0,2023-10-12 GMT+0530,12:30:00,,,Buy,,,,
2612,Shivalik Bimetal Con. Ltd,SBCL,NSI,India Stocks,INR,1,554,0,2023-10-12 GMT+0530,12:30:00,,,Buy,,,,
2613,Shivalik Bimetal Con. Ltd,SBCL,NSI,India Stocks,INR,3,546.85,0,2023-11-13 GMT+0530,12:30:00,,,Buy,,,,
2614,Shivalik Bimetal Con. Ltd,SBCL,NSI,India Stocks,INR,9,552.45,0,2023-12-12 GMT+0530,12:30:00,,,Buy,,,,
2615,Shivalik Bimetal Con. Ltd,SBCL,NSI,India Stocks,INR,1,552.4,0,2023-12-12 GMT+0530,12:30:00,,,Buy,,,,
2616,Shivalik Bimetal Con. Ltd,SBCL,NSI,India Stocks,INR,6,535.05,0,2024-02-12 GMT+0530,12:30:00,,,Buy,,,,
2617,Shivalik Bimetal Con. Ltd,SBCL,NSI,India Stocks,INR,9,535,0,2024-02-12 GMT+0530,12:30:00,,,Buy,,,,
2618,Shivalik Bimetal Con. Ltd,SBCL,NSI,India Stocks,INR,151.9,0,0,2024-02-16 GMT+0530,12:30:00,,,Dividend,FIFO,,,
2619,Shivalik Bimetal Con. Ltd,SBCL,NSI,India Stocks,INR,1,574.95,0,2024-04-12 GMT+0530,12:30:00,,,Buy,,,,
2620,Shivalik Bimetal Con. Ltd,SBCL,NSI,India Stocks,INR,5,546,0,2024-05-13 GMT+0530,12:30:00,,,Buy,,,,
2621,Shivalik Bimetal Con. Ltd,SBCL,NSI,India Stocks,INR,11,557.9,7.46,2024-06-12 GMT+0530,12:30:00,,,Buy,,,,
2622,Shivalik Bimetal Con. Ltd,SBCL,NSI,India Stocks,INR,14,552,9.61,2024-08-12 GMT+0530,12:30:00,,,Buy,,,,
2623,Shivalik Bimetal Con. Ltd,SBCL,NSI,India Stocks,INR,1,551.95,0,2024-08-12 GMT+0530,12:30:00,,,Buy,,,,
2624,Shivalik Bimetal Con. Ltd,SBCL,NSI,India Stocks,INR,6,569.8,4.56,2024-09-12 GMT+0530,12:30:00,,,Buy,,,,
2625,Shivalik Bimetal Con. Ltd,SBCL,NSI,India Stocks,INR,255,0,0,2024-09-19 GMT+0530,12:30:00,,,Dividend,FIFO,,,
2626,Shivalik Bimetal Con. Ltd,SBCL,NSI,India Stocks,INR,9,617.65,6.77,2024-10-07 GMT+0530,12:30:00,,,Buy,,,,
2627,Shivalik Bimetal Con. Ltd,SBCL,NSI,India Stocks,INR,14,602.85,9.76,2024-11-12 GMT+0530,12:30:00,,,Buy,,,,
2628,Shivalik Bimetal Con. Ltd,SBCL,NSI,India Stocks,INR,26,618,33.49,2024-12-10 GMT+0530,12:30:00,,,Buy,,,,
2629,Shivalik Bimetal Con. Ltd,SBCL,NSI,India Stocks,INR,8,617.85,0,2024-12-10 GMT+0530,12:30:00,,,Buy,,,,
2630,Shivalik Bimetal Con. Ltd,SBCL,NSI,India Stocks,INR,12,617.95,0,2024-12-10 GMT+0530,12:30:00,,,Buy,,,,
2631,Shivalik Bimetal Con. Ltd,SBCL,NSI,India Stocks,INR,15,597.9,10.3,2024-12-12 GMT+0530,12:30:00,,,Buy,,,,
2632,Shivalik Bimetal Con. Ltd,SBCL,NSI,India Stocks,INR,70,519,0,2025-01-16 GMT+0530,12:30:00,,,Sell,FIFO,,,
2633,Shivalik Bimetal Con. Ltd,SBCL,NSI,India Stocks,INR,17,519.05,0,2025-01-16 GMT+0530,12:30:00,,,Sell,FIFO,,,
2634,Shivalik Bimetal Con. Ltd,SBCL,NSI,India Stocks,INR,18,518.45,0,2025-01-16 GMT+0530,12:30:00,,,Sell,FIFO,,,
2635,Shivalik Bimetal Con. Ltd,SBCL,NSI,India Stocks,INR,23,518.7,0,2025-01-16 GMT+0530,12:30:00,,,Sell,FIFO,,,
2636,Shivalik Bimetal Con. Ltd,SBCL,NSI,India Stocks,INR,22,518.55,0,2025-01-16 GMT+0530,12:30:00,,,Sell,FIFO,,,
2637,Shivalik Bimetal Con. Ltd,SBCL,NSI,India Stocks,INR,22,518.6,0,2025-01-16 GMT+0530,12:30:00,,,Sell,FIFO,,,
2638,Shivalik Bimetal Con. Ltd,SBCL,NSI,India Stocks,INR,22,518.65,0,2025-01-16 GMT+0530,12:30:00,,,Sell,FIFO,,,
2639,Shivalik Bimetal Con. Ltd,SBCL,NSI,India Stocks,INR,100,518.5,155.94,2025-01-16 GMT+0530,12:30:00,,,Sell,FIFO,,,
2640,Shivalik Bimetal Con. Ltd,SBCL,NSI,India Stocks,INR,1,512.15,0,2025-01-30 GMT+0530,19:32:00,,,Sell,FIFO,,,
2641,Shivalik Bimetal Con. Ltd,SBCL,NSI,India Stocks,INR,3,512.2,0,2025-01-30 GMT+0530,19:32:00,,,Sell,FIFO,,,
2642,Shivalik Bimetal Con. Ltd,SBCL,NSI,India Stocks,INR,3,511.65,0,2025-01-30 GMT+0530,19:33:00,,,Sell,FIFO,,,
2643,Shivalik Bimetal Con. Ltd,SBCL,NSI,India Stocks,INR,15,512,0,2025-01-30 GMT+0530,19:33:00,,,Sell,FIFO,,,
2644,Shivalik Bimetal Con. Ltd,SBCL,NSI,India Stocks,INR,20,511.6,39.42,2025-01-30 GMT+0530,19:34:00,,,Sell,FIFO,,,
2645,Shivalik Bimetal Con. Ltd,SBCL,NSI,India Stocks,INR,0,511.7,0,2025-01-30 GMT+0530,19:35:00,,,Sell All,FIFO,,,
2646,Shivalik Bimetal Con. Ltd,SBCL,NSI,India Stocks,INR,24,467.8,0,2026-02-03 GMT+0530,19:59:00,,,Buy,,,,
2647,Shivalik Bimetal Con. Ltd,SBCL,NSI,India Stocks,INR,21,467.85,0,2026-02-03 GMT+0530,19:59:00,,,Buy,,,,
2648,Shivalik Bimetal Con. Ltd,SBCL,NSI,India Stocks,INR,21,467.95,0,2026-02-03 GMT+0530,19:59:00,,,Buy,,,,
2649,Shivalik Bimetal Con. Ltd,SBCL,NSI,India Stocks,INR,10,467.9,0,2026-02-03 GMT+0530,19:59:00,,,Buy,,,,
2650,Shivalik Bimetal Con. Ltd,SBCL,NSI,India Stocks,INR,85,468,89.16,2026-02-03 GMT+0530,20:00:00,,,Buy,,,,
2651,Shivalik Bimetal Con. Ltd,SBCL,NSI,India Stocks,INR,322,0,0,2026-02-13 GMT+0530,10:12:00,,,Dividend,FIFO,,,
2652,Shivalik Bimetal Con. Ltd,SBCL,NSI,India Stocks,INR,126,421.6,86.3,2026-03-12 GMT+0530,17:06:00,,,Sell,FIFO,,,
2653,Shivalik Bimetal Con. Ltd,SBCL,NSI,India Stocks,INR,1,421.4,0,2026-03-12 GMT+0530,17:06:00,,,Sell,FIFO,,,
2654,Shivalik Bimetal Con. Ltd,SBCL,NSI,India Stocks,INR,4,421.05,0,2026-03-12 GMT+0530,17:07:00,,,Sell,FIFO,,,
2655,Shivalik Bimetal Con. Ltd,SBCL,NSI,India Stocks,INR,30,421.55,0,2026-03-12 GMT+0530,17:07:00,,,Sell,FIFO,,,
2656,Shivalik Bimetal Con. Ltd,SBCL,NSI,India Stocks,INR,14,489.4,0,2026-04-15 GMT+0530,20:33:00,,,Buy,,,,
2657,Shivalik Bimetal Con. Ltd,SBCL,NSI,India Stocks,INR,16,489.6,0,2026-04-15 GMT+0530,20:34:00,,,Buy,,,,
2658,Shivalik Bimetal Con. Ltd,SBCL,NSI,India Stocks,INR,59,489.55,58.8,2026-04-15 GMT+0530,20:34:00,,,Buy,,,,
2659,Shivalik Bimetal Con. Ltd,SBCL,NSI,India Stocks,INR,13,489.5,0,2026-04-15 GMT+0530,20:34:00,,,Buy,,,,
2660,Shivalik Bimetal Con. Ltd,SBCL,NSI,India Stocks,INR,29,637.25,44.34,2026-05-20 GMT+0530,19:58:00,,,Buy,,,,
2661,Shivalik Bimetal Con. Ltd,SBCL,NSI,India Stocks,INR,29,637.15,0,2026-05-20 GMT+0530,19:58:00,,,Buy,,,,
2662,Shivalik Bimetal Con. Ltd,SBCL,NSI,India Stocks,INR,6,682.1,5.25,2026-05-22 GMT+0530,14:22:00,,,Buy,,,,
2663,Shivalik Bimetal Con. Ltd,SBCL,NSI,India Stocks,INR,38,754.9,33.76,2026-07-31 GMT+0530,13:51:00,,,Buy,,,,
2664,Shriram Finance Limited,SHRIRAMFIN,NSI,India Stocks,INR,,,,,,,,,,,,
2665,Shriram Finance Limited,SHRIRAMFIN,NSI,India Stocks,INR,20,377.05,0,2023-10-23 GMT+0530,12:30:00,,,Buy,,,,
2666,Shriram Finance Limited,SHRIRAMFIN,NSI,India Stocks,INR,5,390.1,0,2023-11-02 GMT+0530,12:30:00,,,Buy,,,,
2667,Shriram Finance Limited,SHRIRAMFIN,NSI,India Stocks,INR,100,0,0,2023-11-06 GMT+0530,12:30:00,,,Dividend,FIFO,,,
2668,Shriram Finance Limited,SHRIRAMFIN,NSI,India Stocks,INR,50,0,0,2024-02-06 GMT+0530,12:30:00,,,Dividend,FIFO,,,
2669,Shriram Finance Limited,SHRIRAMFIN,NSI,India Stocks,INR,75,0,0,2024-07-23 GMT+0530,12:30:00,,,Dividend,FIFO,,,
2670,Shriram Finance Limited,SHRIRAMFIN,NSI,India Stocks,INR,110,0,0,2024-11-07 GMT+0530,12:30:00,,,Dividend,FIFO,,,
2671,Shriram Finance Limited,SHRIRAMFIN,NSI,India Stocks,INR,62.5,550.35,0,2025-01-31 GMT+0530,18:31:00,,,Dividend,FIFO,,,
2672,Shriram Finance Limited,SHRIRAMFIN,NSI,India Stocks,INR,75,619.85,0,2025-07-11 GMT+0530,13:01:00,,,Dividend,FIFO,,,
2673,Shriram Finance Limited,SHRIRAMFIN,NSI,India Stocks,INR,40,724.05,34.36,2025-10-29 GMT+0530,20:22:00,,,Buy,,,,
2674,Shriram Finance Limited,SHRIRAMFIN,NSI,India Stocks,INR,312,823,0,2025-11-07 GMT+0530,11:55:00,,,Dividend,FIFO,,,
2675,Shriram Finance Limited,SHRIRAMFIN,NSI,India Stocks,INR,34,1044.15,42.11,2026-04-20 GMT+0530,16:53:00,,,Buy,,,,
2676,Shyam Metalics And Engy L,SHYAMMETL,NSI,India Stocks,INR,,,,,,,,,,,,
2677,Shyam Metalics And Engy L,SHYAMMETL,NSI,India Stocks,INR,13,434.6,0,2023-10-23 GMT+0530,12:30:00,,,Buy,,,,
2678,Shyam Metalics And Engy L,SHYAMMETL,NSI,India Stocks,INR,1,434.55,0,2023-10-23 GMT+0530,12:30:00,,,Buy,,,,
2679,Shyam Metalics And Engy L,SHYAMMETL,NSI,India Stocks,INR,14,432,0,2023-11-02 GMT+0530,12:30:00,,,Sell,FIFO,,,
2680,Shyam Metalics And Engy L,SHYAMMETL,NSI,India Stocks,INR,1,707.95,0,2024-02-01 GMT+0530,12:30:00,,,Buy,,,,
2681,Shyam Metalics And Engy L,SHYAMMETL,NSI,India Stocks,INR,37,708,0,2024-02-01 GMT+0530,12:30:00,,,Buy,,,,
2682,Shyam Metalics And Engy L,SHYAMMETL,NSI,India Stocks,INR,4,674.05,0,2024-02-12 GMT+0530,12:30:00,,,Buy,,,,
2683,Shyam Metalics And Engy L,SHYAMMETL,NSI,India Stocks,INR,42,652.3,0,2024-03-05 GMT+0530,12:30:00,,,Sell,FIFO,,,
2684,Sjvn Ltd,SJVN,NSI,India Stocks,INR,,,,,,,,,,,,
2685,Sjvn Ltd,SJVN,NSI,India Stocks,INR,73,70.5,0,2023-10-23 GMT+0530,12:30:00,,,Buy,,,,
2686,Sjvn Ltd,SJVN,NSI,India Stocks,INR,18,76.15,0,2023-11-13 GMT+0530,12:30:00,,,Buy,,,,
2687,Sjvn Ltd,SJVN,NSI,India Stocks,INR,14,90.65,0,2023-12-12 GMT+0530,12:30:00,,,Buy,,,,
2688,Sjvn Ltd,SJVN,NSI,India Stocks,INR,24,94.65,0,2024-01-12 GMT+0530,12:30:00,,,Buy,,,,
2689,Sjvn Ltd,SJVN,NSI,India Stocks,INR,10,118.7,0,2024-02-12 GMT+0530,12:30:00,,,Buy,,,,
2690,Sjvn Ltd,SJVN,NSI,India Stocks,INR,9,118.75,0,2024-02-12 GMT+0530,12:30:00,,,Buy,,,,
2691,Sjvn Ltd,SJVN,NSI,India Stocks,INR,170.2,0,0,2024-02-21 GMT+0530,12:30:00,,,Dividend,FIFO,,,
2692,Sjvn Ltd,SJVN,NSI,India Stocks,INR,9,113.75,0,2024-03-12 GMT+0530,12:30:00,,,Buy,,,,
2693,Sjvn Ltd,SJVN,NSI,India Stocks,INR,157,125.15,0,2024-04-01 GMT+0530,12:30:00,,,Sell,FIFO,,,
2694,Sjvn Ltd,SJVN,NSI,India Stocks,INR,181,134.85,0,2024-05-03 GMT+0530,12:30:00,,,Buy,,,,
2695,Sjvn Ltd,SJVN,NSI,India Stocks,INR,16,122.65,0,2024-05-13 GMT+0530,12:30:00,,,Buy,,,,
2696,Sjvn Ltd,SJVN,NSI,India Stocks,INR,18,134.5,2.6,2024-06-12 GMT+0530,12:30:00,,,Buy,,,,
2697,Sjvn Ltd,SJVN,NSI,India Stocks,INR,8,152.93,1.27,2024-07-12 GMT+0530,12:30:00,,,Buy,,,,
2698,Sjvn Ltd,SJVN,NSI,India Stocks,INR,144.95,0,0,2024-09-12 GMT+0530,12:30:00,,,Dividend,FIFO,,,
2699,Sjvn Ltd,SJVN,NSI,India Stocks,INR,223,118.4,42.94,2024-12-16 GMT+0530,12:30:00,,,Sell,FIFO,,,
2700,Skf India Ltd,SKFINDIA,NSI,India Stocks,INR,,,,,,,,,,,,
2701,Skf India Ltd,SKFINDIA,NSI,India Stocks,INR,2,4499,0,2022-10-24 GMT+0530,12:30:00,,,Buy,,,,
2702,Skf India Ltd,SKFINDIA,NSI,India Stocks,INR,1,4836,0,2022-12-08 GMT+0530,12:30:00,,,Buy,,,,
2703,Skf India Ltd,SKFINDIA,NSI,India Stocks,INR,120,0,0,2023-06-28 GMT+0530,12:30:00,,,Dividend,FIFO,,,
2704,Skf India Ltd,SKFINDIA,NSI,India Stocks,INR,1,5050.75,0,2023-10-23 GMT+0530,12:30:00,,,Sell,FIFO,,,
2705,Skf India Ltd,SKFINDIA,NSI,India Stocks,INR,2,5050.8,0,2023-10-23 GMT+0530,12:30:00,,,Sell,FIFO,,,
2706,Skipper Limited,SKIPPER,NSI,India Stocks,INR,,,,,,,,,,,,
2707,Skipper Limited,SKIPPER,NSI,India Stocks,INR,143,248,0,2023-09-01 GMT+0530,12:30:00,,,Buy,,,,
2708,Skipper Limited,SKIPPER,NSI,India Stocks,INR,14.3,0,0,2023-09-12 GMT+0530,12:30:00,,,Dividend,FIFO,,,
2709,Skipper Limited,SKIPPER,NSI,India Stocks,INR,6,215.5,0,2023-09-12 GMT+0530,12:30:00,,,Buy,,,,
2710,Skipper Limited,SKIPPER,NSI,India Stocks,INR,9,215.45,0,2023-09-12 GMT+0530,12:30:00,,,Buy,,,,
2711,Skipper Limited,SKIPPER,NSI,India Stocks,INR,8,240.45,0,2023-11-13 GMT+0530,12:30:00,,,Buy,,,,
2712,Skipper Limited,SKIPPER,NSI,India Stocks,INR,14,237.7,0,2023-12-12 GMT+0530,12:30:00,,,Buy,,,,
2713,Skipper Limited,SKIPPER,NSI,India Stocks,INR,5,279.6,0,2024-02-12 GMT+0530,12:30:00,,,Buy,,,,
2714,Skipper Limited,SKIPPER,NSI,India Stocks,INR,17,315.9,0,2024-04-12 GMT+0530,12:30:00,,,Buy,,,,
2715,Skipper Limited,SKIPPER,NSI,India Stocks,INR,20,309.9,0,2024-05-13 GMT+0530,12:30:00,,,Buy,,,,
2716,Skipper Limited,SKIPPER,NSI,India Stocks,INR,3,372.65,1.16,2024-07-12 GMT+0530,12:30:00,,,Buy,,,,
2717,Skipper Limited,SKIPPER,NSI,India Stocks,INR,22.5,0,0,2024-09-12 GMT+0530,12:30:00,,,Dividend,FIFO,,,
2718,Skipper Limited,SKIPPER,NSI,India Stocks,INR,6,408.4,2.55,2024-09-12 GMT+0530,12:30:00,,,Buy,,,,
2719,Skipper Limited,SKIPPER,NSI,India Stocks,INR,9,455.35,5.25,2024-10-07 GMT+0530,12:30:00,,,Buy,,,,
2720,Skipper Limited,SKIPPER,NSI,India Stocks,INR,29,447,21.08,2025-01-13 GMT+0530,12:30:00,,,Buy,,,,
2721,Skipper Limited,SKIPPER,NSI,India Stocks,INR,10,446.95,0,2025-01-13 GMT+0530,12:30:00,,,Buy,,,,
2722,Skipper Limited,SKIPPER,NSI,India Stocks,INR,33,464.4,17.9,2025-01-16 GMT+0530,12:30:00,,,Buy,,,,
2723,Skipper Limited,SKIPPER,NSI,India Stocks,INR,1,449.4,0.47,2025-02-12 GMT+0530,12:37:00,,,Buy,,,,
2724,Skipper Limited,SKIPPER,NSI,India Stocks,INR,6,403.5,2.51,2025-03-12 GMT+0530,13:10:00,,,Buy,,,,
2725,Skipper Limited,SKIPPER,NSI,India Stocks,INR,96,423.7,97.69,2025-03-19 GMT+0530,13:00:00,,,Buy,,,,
2726,Skipper Limited,SKIPPER,NSI,India Stocks,INR,13,423.55,0,2025-03-19 GMT+0530,13:00:00,,,Buy,,,,
2727,Skipper Limited,SKIPPER,NSI,India Stocks,INR,86,423.5,0,2025-03-19 GMT+0530,13:00:00,,,Buy,,,,
2728,Skipper Limited,SKIPPER,NSI,India Stocks,INR,1,499.05,0.52,2025-05-29 GMT+0530,12:02:00,,,Buy,,,,
2729,Skipper Limited,SKIPPER,NSI,India Stocks,INR,4,461.35,1.91,2025-07-29 GMT+0530,18:15:00,,,Buy,,,,
2730,Skipper Limited,SKIPPER,NSI,India Stocks,INR,6,526.15,3.27,2025-08-29 GMT+0530,16:27:00,,,Buy,,,,
2731,Skipper Limited,SKIPPER,NSI,India Stocks,INR,52.5,535.15,0,2025-09-16 GMT+0530,12:10:00,,,Dividend,FIFO,,,
2732,Skipper Limited,SKIPPER,NSI,India Stocks,INR,3,521.95,1.62,2025-09-29 GMT+0530,16:22:00,,,Buy,,,,
2733,Skipper Limited,SKIPPER,NSI,India Stocks,INR,131,452.05,263.03,2025-12-05 GMT+0530,12:49:00,,,Sell,FIFO,,,
2734,Skipper Limited,SKIPPER,NSI,India Stocks,INR,38,452.45,0,2025-12-05 GMT+0530,12:49:00,,,Sell,FIFO,,,
2735,Skipper Limited,SKIPPER,NSI,India Stocks,INR,20,452.15,0,2025-12-05 GMT+0530,12:49:00,,,Sell,FIFO,,,
2736,Skipper Limited,SKIPPER,NSI,India Stocks,INR,61,452.25,0,2025-12-05 GMT+0530,12:50:00,,,Sell,FIFO,,,
2737,Skipper Limited,SKIPPER,NSI,India Stocks,INR,36,452.2,0,2025-12-05 GMT+0530,12:50:00,,,Sell,FIFO,,,
2738,Skipper Limited,SKIPPER,NSI,India Stocks,INR,71,452.1,0,2025-12-05 GMT+0530,12:50:00,,,Sell,FIFO,,,
2739,Skipper Limited,SKIPPER,NSI,India Stocks,INR,2,452.3,0,2025-12-05 GMT+0530,12:51:00,,,Sell,FIFO,,,
2740,Skipper Limited,SKIPPER,NSI,India Stocks,INR,42,452,0,2025-12-05 GMT+0530,12:51:00,,,Sell,FIFO,,,
2741,Skipper Limited,SKIPPER,NSI,India Stocks,INR,88,452.35,0,2025-12-05 GMT+0530,12:51:00,,,Sell,FIFO,,,
2742,Skipper Limited,SKIPPER,NSI,India Stocks,INR,36,452.4,0,2025-12-05 GMT+0530,12:52:00,,,Sell,FIFO,,,
2743,Skipper Limited,SKIPPER,NSI,India Stocks,INR,3,452.55,0,2025-12-05 GMT+0530,12:52:00,,,Sell,FIFO,,,
2744,Skipper Limited,SKIPPER,NSI,India Stocks,INR,245,381.8,111.04,2026-02-03 GMT+0530,20:22:00,,,Buy,,,,
2745,Skipper Limited,SKIPPER,NSI,India Stocks,INR,8,381.85,3.17,2026-02-23 GMT+0530,20:26:00,,,Buy,,,,
2746,Skipper Limited,SKIPPER,NSI,India Stocks,INR,101,331.2,0,2026-03-12 GMT+0530,17:22:00,,,Sell,FIFO,,,
2747,Skipper Limited,SKIPPER,NSI,India Stocks,INR,6,331.5,0,2026-03-12 GMT+0530,17:23:00,,,Sell,FIFO,,,
2748,Skipper Limited,SKIPPER,NSI,India Stocks,INR,137,331.7,103.01,2026-03-12 GMT+0530,17:23:00,,,Sell,FIFO,,,
2749,Skipper Limited,SKIPPER,NSI,India Stocks,INR,1,331.6,0,2026-03-12 GMT+0530,17:23:00,,,Sell,FIFO,,,
2750,Skipper Limited,SKIPPER,NSI,India Stocks,INR,8,331.25,0,2026-03-12 GMT+0530,17:24:00,,,Sell,FIFO,,,
2751,Skipper Limited,SKIPPER,NSI,India Stocks,INR,1,344.35,0,2026-03-24 GMT+0530,13:40:00,,,Buy,,,,
2752,Skipper Limited,SKIPPER,NSI,India Stocks,INR,60,344.3,0,2026-03-24 GMT+0530,13:40:00,,,Buy,,,,
2753,Skipper Limited,SKIPPER,NSI,India Stocks,INR,101,344.65,81.48,2026-03-24 GMT+0530,13:41:00,,,Buy,,,,
2754,Skipper Limited,SKIPPER,NSI,India Stocks,INR,38,344.5,0,2026-03-24 GMT+0530,13:41:00,,,Buy,,,,
2755,Skipper Limited,SKIPPER,NSI,India Stocks,INR,138,398,73.82,2026-04-15 GMT+0530,20:37:00,,,Buy,,,,
2756,Skipper Limited,SKIPPER,NSI,India Stocks,INR,19,397.95,0,2026-04-15 GMT+0530,20:37:00,,,Buy,,,,
2757,Skipper Limited,SKIPPER,NSI,India Stocks,INR,12,458.4,6.71,2026-05-22 GMT+0530,14:23:00,,,Buy,,,,
2758,Skipper Limited,SKIPPER,NSI,India Stocks,INR,2,536.65,1.67,2026-07-22 GMT+0530,21:20:00,,,Buy,,,,
2759,Skipper Limited,SKIPPER,NSI,India Stocks,INR,1,536.6,0,2026-07-22 GMT+0530,21:21:00,,,Buy,,,,
2760,Sonata Software Ltd,SONATSOFTW,NSI,India Stocks,INR,,,,,,,,,,,,
2761,Sonata Software Ltd,SONATSOFTW,NSI,India Stocks,INR,7,1077.65,0,2023-10-23 GMT+0530,12:30:00,,,Buy,,,,
2762,Sonata Software Ltd,SONATSOFTW,NSI,India Stocks,INR,49,0,0,2023-11-07 GMT+0530,12:30:00,,,Dividend,FIFO,,,
2763,Sonata Software Ltd,SONATSOFTW,NSI,India Stocks,INR,7,1384.5,0,2023-12-01 GMT+0530,12:30:00,,,Buy,,,,
2764,Sonata Software Ltd,SONATSOFTW,NSI,India Stocks,INR,14,0,0,2023-12-12 GMT+0530,12:30:00,,,Dividend Reinvest,,,,
2765,Sonata Software Ltd,SONATSOFTW,NSI,India Stocks,INR,1,771.15,0,2023-12-12 GMT+0530,12:30:00,,,Buy,,,,
2766,Sonata Software Ltd,SONATSOFTW,NSI,India Stocks,INR,15,710.8,0,2024-01-02 GMT+0530,12:30:00,,,Sell,FIFO,,,
2767,Sonata Software Ltd,SONATSOFTW,NSI,India Stocks,INR,61.6,0,0,2024-07-26 GMT+0530,12:30:00,,,Dividend,FIFO,,,
2768,Sonata Software Ltd,SONATSOFTW,NSI,India Stocks,INR,14,669.05,25.06,2024-12-16 GMT+0530,12:30:00,,,Sell,FIFO,,,
2769,State Bank Of India,SBIN,NSI,India Stocks,INR,,,,,,,,,,,,
2770,State Bank Of India,SBIN,NSI,India Stocks,INR,9,567,0,2022-10-24 GMT+0530,12:30:00,,,Buy,,,,
2771,State Bank Of India,SBIN,NSI,India Stocks,INR,2,578.55,0,2022-11-02 GMT+0530,12:30:00,,,Buy,,,,
2772,State Bank Of India,SBIN,NSI,India Stocks,INR,2,606.15,0,2022-11-23 GMT+0530,12:30:00,,,Buy,,,,
2773,State Bank Of India,SBIN,NSI,India Stocks,INR,3,605.3,0,2022-12-01 GMT+0530,12:30:00,,,Buy,,,,
2774,State Bank Of India,SBIN,NSI,India Stocks,INR,180.8,0,0,2023-05-31 GMT+0530,12:30:00,,,Dividend,FIFO,,,
2775,State Bank Of India,SBIN,NSI,India Stocks,INR,16,554.3,0,2023-10-23 GMT+0530,12:30:00,,,Sell,FIFO,,,
2776,Strlng & Wil Ren Ene Ltd,SWSOLAR,NSI,India Stocks,INR,,,,,,,,,,,,
2777,Strlng & Wil Ren Ene Ltd,SWSOLAR,NSI,India Stocks,INR,1,297.6,0,2023-02-16 GMT+0530,12:30:00,,,Buy,,,,
2778,Strlng & Wil Ren Ene Ltd,SWSOLAR,NSI,India Stocks,INR,32,297.65,0,2023-02-16 GMT+0530,12:30:00,,,Buy,,,,
2779,Strlng & Wil Ren Ene Ltd,SWSOLAR,NSI,India Stocks,INR,6,297.7,0,2023-02-16 GMT+0530,12:30:00,,,Buy,,,,
2780,Strlng & Wil Ren Ene Ltd,SWSOLAR,NSI,India Stocks,INR,12,298.15,0,2023-04-03 GMT+0530,12:30:00,,,Buy,,,,
2781,Strlng & Wil Ren Ene Ltd,SWSOLAR,NSI,India Stocks,INR,3,303.7,0,2023-04-12 GMT+0530,12:30:00,,,Buy,,,,
2782,Strlng & Wil Ren Ene Ltd,SWSOLAR,NSI,India Stocks,INR,9,293.4,0,2023-05-12 GMT+0530,12:30:00,,,Buy,,,,
2783,Strlng & Wil Ren Ene Ltd,SWSOLAR,NSI,India Stocks,INR,9,292.15,0,2023-07-13 GMT+0530,12:30:00,,,Buy,,,,
2784,Strlng & Wil Ren Ene Ltd,SWSOLAR,NSI,India Stocks,INR,11,292,0,2023-07-13 GMT+0530,12:30:00,,,Buy,,,,
2785,Strlng & Wil Ren Ene Ltd,SWSOLAR,NSI,India Stocks,INR,1,317.85,0,2023-10-12 GMT+0530,12:30:00,,,Buy,,,,
2786,Strlng & Wil Ren Ene Ltd,SWSOLAR,NSI,India Stocks,INR,5,316.9,0,2023-10-12 GMT+0530,12:30:00,,,Buy,,,,
2787,Strlng & Wil Ren Ene Ltd,SWSOLAR,NSI,India Stocks,INR,13,317,0,2023-10-12 GMT+0530,12:30:00,,,Buy,,,,
2788,Strlng & Wil Ren Ene Ltd,SWSOLAR,NSI,India Stocks,INR,102,263.9,0,2023-11-02 GMT+0530,12:30:00,,,Sell,FIFO,,,
2789,Strlng & Wil Ren Ene Ltd,SWSOLAR,NSI,India Stocks,INR,62,668.5,0,2024-04-23 GMT+0530,12:30:00,,,Buy,,,,
2790,Strlng & Wil Ren Ene Ltd,SWSOLAR,NSI,India Stocks,INR,43,697.3,35.19,2024-09-04 GMT+0530,12:30:00,,,Buy,,,,
2791,Strlng & Wil Ren Ene Ltd,SWSOLAR,NSI,India Stocks,INR,3,519.3,1.62,2024-10-07 GMT+0530,12:30:00,,,Buy,,,,
2792,Strlng & Wil Ren Ene Ltd,SWSOLAR,NSI,India Stocks,INR,15,567.05,9.82,2024-10-14 GMT+0530,12:30:00,,,Buy,,,,
2793,Strlng & Wil Ren Ene Ltd,SWSOLAR,NSI,India Stocks,INR,15,509.35,8.93,2024-11-12 GMT+0530,12:30:00,,,Buy,,,,
2794,Strlng & Wil Ren Ene Ltd,SWSOLAR,NSI,India Stocks,INR,33,506.55,20.34,2024-12-10 GMT+0530,12:30:00,,,Buy,,,,
2795,Strlng & Wil Ren Ene Ltd,SWSOLAR,NSI,India Stocks,INR,6,495.65,3.09,2024-12-12 GMT+0530,12:30:00,,,Buy,,,,
2796,Strlng & Wil Ren Ene Ltd,SWSOLAR,NSI,India Stocks,INR,23,435,12.38,2025-01-16 GMT+0530,12:30:00,,,Buy,,,,
2797,Strlng & Wil Ren Ene Ltd,SWSOLAR,NSI,India Stocks,INR,0,312.5,80.18,2025-01-30 GMT+0530,19:37:00,,,Sell All,FIFO,,,
2798,Sterlite Technologies Ltd,STLTECH,NSI,India Stocks,INR,,,,,,,,,,,,
2799,Sterlite Technologies Ltd,STLTECH,NSI,India Stocks,INR,67,167.25,0,2022-10-24 GMT+0530,12:30:00,,,Buy,,,,
2800,Sterlite Technologies Ltd,STLTECH,NSI,India Stocks,INR,4,165.5,0,2022-11-02 GMT+0530,12:30:00,,,Buy,,,,
2801,Sterlite Technologies Ltd,STLTECH,NSI,India Stocks,INR,5,176.8,0,2022-12-01 GMT+0530,12:30:00,,,Buy,,,,
2802,Sterlite Technologies Ltd,STLTECH,NSI,India Stocks,INR,5,170.35,0,2023-01-12 GMT+0530,12:30:00,,,Buy,,,,
2803,Sterlite Technologies Ltd,STLTECH,NSI,India Stocks,INR,15,161,0,2023-03-13 GMT+0530,12:30:00,,,Buy,,,,
2804,Sterlite Technologies Ltd,STLTECH,NSI,India Stocks,INR,7,159.4,0,2023-04-12 GMT+0530,12:30:00,,,Buy,,,,
2805,Sterlite Technologies Ltd,STLTECH,NSI,India Stocks,INR,103,0,0,2023-08-08 GMT+0530,12:30:00,,,Dividend,FIFO,,,
2806,Sterlite Technologies Ltd,STLTECH,NSI,India Stocks,INR,50,134.8,0,2024-03-05 GMT+0530,12:30:00,,,Sell,FIFO,,,
2807,Sterlite Technologies Ltd,STLTECH,NSI,India Stocks,INR,53,134.75,0,2024-03-05 GMT+0530,12:30:00,,,Sell,FIFO,,,
2808,Sundaram Finance Ltd,SUNDARMFIN,NSI,India Stocks,INR,,,,,,,,,,,,
2809,Sundaram Finance Ltd,SUNDARMFIN,NSI,India Stocks,INR,5,2595,0,2023-06-16 GMT+0530,12:30:00,,,Buy,,,,
2810,Sundaram Finance Ltd,SUNDARMFIN,NSI,India Stocks,INR,75,0,0,2023-07-05 GMT+0530,12:30:00,,,Dividend,FIFO,,,
2811,Sundaram Finance Ltd,SUNDARMFIN,NSI,India Stocks,INR,1,2610.85,0,2023-07-13 GMT+0530,12:30:00,,,Buy,,,,
2812,Sundaram Finance Ltd,SUNDARMFIN,NSI,India Stocks,INR,1,2589.65,0,2023-08-14 GMT+0530,12:30:00,,,Buy,,,,
2813,Sundaram Finance Ltd,SUNDARMFIN,NSI,India Stocks,INR,1,2719.95,0,2023-09-12 GMT+0530,12:30:00,,,Buy,,,,
2814,Sundaram Finance Ltd,SUNDARMFIN,NSI,India Stocks,INR,112,0,0,2024-02-16 GMT+0530,12:30:00,,,Dividend,FIFO,,,
2815,Sundaram Finance Ltd,SUNDARMFIN,NSI,India Stocks,INR,8,4317.55,51.24,2024-07-15 GMT+0530,12:30:00,,,Sell,FIFO,,,
2816,Swan Energy Limited,SWANENERGY,NSI,India Stocks,INR,,,,,,,,,,,,
2817,Swan Energy Limited,SWANENERGY,NSI,India Stocks,INR,23,654.8,0,2024-02-01 GMT+0530,12:30:00,,,Buy,,,,
2818,Swan Energy Limited,SWANENERGY,NSI,India Stocks,INR,9,729.45,0,2024-03-05 GMT+0530,12:30:00,,,Buy,,,,
2819,Swan Energy Limited,SWANENERGY,NSI,India Stocks,INR,21,596.95,0,2024-03-12 GMT+0530,12:30:00,,,Sell,FIFO,,,
2820,Swan Energy Limited,SWANENERGY,NSI,India Stocks,INR,8,597.05,0,2024-03-12 GMT+0530,12:30:00,,,Sell,FIFO,,,
2821,Swan Energy Limited,SWANENERGY,NSI,India Stocks,INR,3,597,0,2024-03-12 GMT+0530,12:30:00,,,Sell,FIFO,,,
2822,Swan Energy Limited,SWANENERGY,NSI,India Stocks,INR,7,594.35,0,2024-03-12 GMT+0530,12:30:00,,,Buy,,,,
2823,Swan Energy Limited,SWANENERGY,NSI,India Stocks,INR,7,655.7,0,2024-03-28 GMT+0530,12:30:00,,,Sell,FIFO,,,
2824,Swan Energy Limited,SWANENERGY,NSI,India Stocks,INR,23,591.7,0,2024-05-03 GMT+0530,12:30:00,,,Buy,,,,
2825,Swan Energy Limited,SWANENERGY,NSI,India Stocks,INR,3,515.85,0,2024-05-13 GMT+0530,12:30:00,,,Buy,,,,
2826,Swan Energy Limited,SWANENERGY,NSI,India Stocks,INR,26,585.05,0,2024-06-03 GMT+0530,12:30:00,,,Sell,FIFO,,,
2827,Swelect Energy Sys Ltd,SWELECTES,NSI,India Stocks,INR,,,,,,,,,,,,
2828,Swelect Energy Sys Ltd,SWELECTES,NSI,India Stocks,INR,19,317.9,0,2022-10-24 GMT+0530,12:30:00,,,Buy,,,,
2829,Swelect Energy Sys Ltd,SWELECTES,NSI,India Stocks,INR,20,317.95,0,2022-10-24 GMT+0530,12:30:00,,,Buy,,,,
2830,Swelect Energy Sys Ltd,SWELECTES,NSI,India Stocks,INR,3,314.2,0,2022-11-02 GMT+0530,12:30:00,,,Buy,,,,
2831,Swelect Energy Sys Ltd,SWELECTES,NSI,India Stocks,INR,3,351.4,0,2022-12-01 GMT+0530,12:30:00,,,Buy,,,,
2832,Swelect Energy Sys Ltd,SWELECTES,NSI,India Stocks,INR,4,312.9,0,2023-02-13 GMT+0530,12:30:00,,,Buy,,,,
2833,Swelect Energy Sys Ltd,SWELECTES,NSI,India Stocks,INR,32,281.05,0,2023-03-14 GMT+0530,12:30:00,,,Sell,FIFO,,,
2834,Swelect Energy Sys Ltd,SWELECTES,NSI,India Stocks,INR,17,281,0,2023-03-14 GMT+0530,12:30:00,,,Sell,FIFO,,,
2835,Swelect Energy Sys Ltd,SWELECTES,NSI,India Stocks,INR,14,1179.2,0,2024-09-05 GMT+0530,12:30:00,,,Buy,,,,
2836,Swelect Energy Sys Ltd,SWELECTES,NSI,India Stocks,INR,44,1177.75,81.09,2024-09-05 GMT+0530,12:30:00,,,Buy,,,,
2837,Swelect Energy Sys Ltd,SWELECTES,NSI,India Stocks,INR,2,1112.95,2.31,2024-10-07 GMT+0530,12:30:00,,,Buy,,,,
2838,Swelect Energy Sys Ltd,SWELECTES,NSI,India Stocks,INR,3,1145,4.56,2024-12-10 GMT+0530,12:30:00,,,Buy,,,,
2839,Swelect Energy Sys Ltd,SWELECTES,NSI,India Stocks,INR,8,957.2,14.91,2025-01-16 GMT+0530,12:30:00,,,Buy,,,,
2840,Swelect Energy Sys Ltd,SWELECTES,NSI,India Stocks,INR,1,957,0,2025-01-16 GMT+0530,12:30:00,,,Buy,,,,
2841,Swelect Energy Sys Ltd,SWELECTES,NSI,India Stocks,INR,1,956.95,0,2025-01-16 GMT+0530,12:30:00,,,Buy,,,,
2842,Swelect Energy Sys Ltd,SWELECTES,NSI,India Stocks,INR,3,956.8,0,2025-01-16 GMT+0530,12:30:00,,,Buy,,,,
2843,Swelect Energy Sys Ltd,SWELECTES,NSI,India Stocks,INR,34,614.45,64.15,2025-02-17 GMT+0530,20:29:00,,,Sell,FIFO,,,
2844,Swelect Energy Sys Ltd,SWELECTES,NSI,India Stocks,INR,17,614.05,0,2025-02-17 GMT+0530,20:29:00,,,Sell,FIFO,,,
2845,Swelect Energy Sys Ltd,SWELECTES,NSI,India Stocks,INR,5,614,0,2025-02-17 GMT+0530,20:29:00,,,Sell,FIFO,,,
2846,Swelect Energy Sys Ltd,SWELECTES,NSI,India Stocks,INR,0,614.6,0,2025-02-17 GMT+0530,20:30:00,,,Sell All,FIFO,,,
2847,Swelect Energy Sys Ltd,SWELECTES,NSI,India Stocks,INR,3,614.55,0,2025-02-17 GMT+0530,20:30:00,,,Sell,FIFO,,,
2848,Swelect Energy Sys Ltd,SWELECTES,NSI,India Stocks,INR,5,614.5,0,2025-02-17 GMT+0530,20:30:00,,,Sell,FIFO,,,
2849,Tata Chemicals Ltd,TATACHEM,NSI,India Stocks,INR,,,,,,,,,,,,
2850,Tata Chemicals Ltd,TATACHEM,NSI,India Stocks,INR,3,1158.9,0,2022-10-24 GMT+0530,12:30:00,,,Buy,,,,
2851,Tata Chemicals Ltd,TATACHEM,NSI,India Stocks,INR,2,1056.9,0,2022-12-01 GMT+0530,12:30:00,,,Buy,,,,
2852,Tata Chemicals Ltd,TATACHEM,NSI,India Stocks,INR,87.5,0,0,2023-06-14 GMT+0530,12:30:00,,,Dividend,FIFO,,,
2853,Tata Chemicals Ltd,TATACHEM,NSI,India Stocks,INR,5,1053.75,0,2024-03-05 GMT+0530,12:30:00,,,Sell,FIFO,,,
2854,Tata Consultancy Serv Lt,TCS,NSI,India Stocks,INR,,,,,,,,,,,,
2855,Tata Consultancy Serv Lt,TCS,NSI,India Stocks,INR,2,3172.4,0,2022-10-24 GMT+0530,12:30:00,,,Buy,,,,
2856,Tata Consultancy Serv Lt,TCS,NSI,India Stocks,INR,1,3473.4,0,2022-12-01 GMT+0530,12:30:00,,,Buy,,,,
2857,Tata Consultancy Serv Lt,TCS,NSI,India Stocks,INR,225,0,0,2023-01-16 GMT+0530,12:30:00,,,Dividend,FIFO,,,
2858,Tata Consultancy Serv Lt,TCS,NSI,India Stocks,INR,72,0,0,2023-06-15 GMT+0530,12:30:00,,,Dividend,FIFO,,,
2859,Tata Consultancy Serv Lt,TCS,NSI,India Stocks,INR,27,0,0,2023-07-20 GMT+0530,12:30:00,,,Dividend,FIFO,,,
2860,Tata Consultancy Serv Lt,TCS,NSI,India Stocks,INR,27,0,0,2023-10-19 GMT+0530,12:30:00,,,Dividend,FIFO,,,
2861,Tata Consultancy Serv Lt,TCS,NSI,India Stocks,INR,3,3366.2,0,2023-11-02 GMT+0530,12:30:00,,,Sell,FIFO,,,
2862,Tata Consumer Product Ltd,TATACONSUM,NSI,India Stocks,INR,,,,,,,,,,,,
2863,Tata Consumer Product Ltd,TATACONSUM,NSI,India Stocks,INR,6,772.05,0,2022-10-24 GMT+0530,12:30:00,,,Buy,,,,
2864,Tata Consumer Product Ltd,TATACONSUM,NSI,India Stocks,INR,2,772.1,0,2022-11-02 GMT+0530,12:30:00,,,Buy,,,,
2865,Tata Consumer Product Ltd,TATACONSUM,NSI,India Stocks,INR,1,812.25,0,2022-12-01 GMT+0530,12:30:00,,,Buy,,,,
2866,Tata Consumer Product Ltd,TATACONSUM,NSI,India Stocks,INR,76.05,0,0,2023-05-19 GMT+0530,12:30:00,,,Dividend,FIFO,,,
2867,Tata Consumer Product Ltd,TATACONSUM,NSI,India Stocks,INR,9,911.95,0,2023-11-02 GMT+0530,12:30:00,,,Sell,FIFO,,,
2868,Tata Motors Pass Veh Ltd,TATAMOTORS,NSI,India Stocks,INR,,,,,,,,,,,,
2869,Tata Motors Pass Veh Ltd,TATAMOTORS,NSI,India Stocks,INR,8,634.95,0,2023-11-02 GMT+0530,12:30:00,,,Buy,,,,
2870,Tata Motors Pass Veh Ltd,TATAMOTORS,NSI,India Stocks,INR,48,0,0,2024-06-11 GMT+0530,12:30:00,,,Dividend,FIFO,,,
2871,Tata Motors Pass Veh Ltd,TATAMOTORS,NSI,India Stocks,INR,8,788.25,21.93,2024-12-16 GMT+0530,12:30:00,,,Sell,FIFO,,,
2872,Tata Motors Dvr A Ord,TATAMTRDVR,NSI,India Stocks,INR,,,,,,,,,,,,
2873,Tata Motors Dvr A Ord,TATAMTRDVR,NSI,India Stocks,INR,12,585.7,0,2024-02-01 GMT+0530,12:30:00,,,Buy,,,,
2874,Tata Motors Dvr A Ord,TATAMTRDVR,NSI,India Stocks,INR,1,677,0,2024-04-12 GMT+0530,12:30:00,,,Buy,,,,
2875,Tata Motors Dvr A Ord,TATAMTRDVR,NSI,India Stocks,INR,9,687.85,0,2024-05-03 GMT+0530,12:30:00,,,Buy,,,,
2876,Tata Motors Dvr A Ord,TATAMTRDVR,NSI,India Stocks,INR,1,649.2,0,2024-05-13 GMT+0530,12:30:00,,,Buy,,,,
2877,Tata Motors Dvr A Ord,TATAMTRDVR,NSI,India Stocks,INR,23,636.65,0,2024-06-03 GMT+0530,12:30:00,,,Sell,FIFO,,,
2878,Tata Power Co Ltd,TATAPOWER,NSI,India Stocks,INR,,,,,,,,,,,,
2879,Tata Power Co Ltd,TATAPOWER,NSI,India Stocks,INR,12,220.85,0,2022-10-24 GMT+0530,12:30:00,,,Buy,,,,
2880,Tata Power Co Ltd,TATAPOWER,NSI,India Stocks,INR,3,229.9,0,2022-11-02 GMT+0530,12:30:00,,,Buy,,,,
2881,Tata Power Co Ltd,TATAPOWER,NSI,India Stocks,INR,3,226.8,0,2022-12-01 GMT+0530,12:30:00,,,Buy,,,,
2882,Tata Power Co Ltd,TATAPOWER,NSI,India Stocks,INR,36,0,0,2023-06-07 GMT+0530,12:30:00,,,Dividend,FIFO,,,
2883,Tata Power Co Ltd,TATAPOWER,NSI,India Stocks,INR,36,0,0,2024-07-04 GMT+0530,12:30:00,,,Dividend,FIFO,,,
2884,Tata Power Co Ltd,TATAPOWER,NSI,India Stocks,INR,0,340.05,0,2025-03-03 GMT+0530,19:08:00,,,Sell All,FIFO,,,
2885,Tata Power Co Ltd,TATAPOWER,NSI,India Stocks,INR,16,340,21.74,2025-03-03 GMT+0530,19:08:00,,,Sell,FIFO,,,
2886,Tata Power Co Ltd,TATAPOWER,NSI,India Stocks,INR,531,402.4,253.88,2025-07-23 GMT+0530,12:49:00,,,Buy,,,,
2887,Tata Power Co Ltd,TATAPOWER,NSI,India Stocks,INR,9,373.25,4.48,2025-08-29 GMT+0530,16:28:00,,,Buy,,,,
2888,Tata Power Co Ltd,TATAPOWER,NSI,India Stocks,INR,337,367.15,143.7,2026-02-03 GMT+0530,19:34:00,,,Sell,FIFO,,,
2889,Tata Power Co Ltd,TATAPOWER,NSI,India Stocks,INR,203,414.35,102.6,2026-05-20 GMT+0530,20:04:00,,,Sell,FIFO,,,
2890,Tata Steel Limited,TATASTEEL,NSI,India Stocks,INR,,,,,,,,,,,,
2891,Tata Steel Limited,TATASTEEL,NSI,India Stocks,INR,30,101.4,0,2022-10-24 GMT+0530,12:30:00,,,Buy,,,,
2892,Tata Steel Limited,TATASTEEL,NSI,India Stocks,INR,10,102.25,0,2022-11-02 GMT+0530,12:30:00,,,Buy,,,,
2893,Tata Steel Limited,TATASTEEL,NSI,India Stocks,INR,6,108.75,0,2022-12-01 GMT+0530,12:30:00,,,Buy,,,,
2894,Tata Steel Limited,TATASTEEL,NSI,India Stocks,INR,165.6,0,0,2023-06-22 GMT+0530,12:30:00,,,Dividend,FIFO,,,
2895,Tata Steel Limited,TATASTEEL,NSI,India Stocks,INR,165.6,0,0,2024-06-21 GMT+0530,12:30:00,,,Dividend,FIFO,,,
2896,Tata Steel Limited,TATASTEEL,NSI,India Stocks,INR,46,162.9,23.17,2024-07-19 GMT+0530,12:30:00,,,Sell,FIFO,,,
2897,Tcpl Packaging Limited,TCPLPACK,NSI,India Stocks,INR,,,,,,,,,,,,
2898,Tcpl Packaging Limited,TCPLPACK,NSI,India Stocks,INR,1,1600.95,0,2023-05-03 GMT+0530,12:30:00,,,Buy,,,,
2899,Tcpl Packaging Limited,TCPLPACK,NSI,India Stocks,INR,1,1601,0,2023-05-03 GMT+0530,12:30:00,,,Buy,,,,
2900,Tcpl Packaging Limited,TCPLPACK,NSI,India Stocks,INR,1,1563.45,0,2023-05-12 GMT+0530,12:30:00,,,Buy,,,,
2901,Tcpl Packaging Limited,TCPLPACK,NSI,India Stocks,INR,1,1462.7,0,2023-06-12 GMT+0530,12:30:00,,,Buy,,,,
2902,Tcpl Packaging Limited,TCPLPACK,NSI,India Stocks,INR,2,1586.05,0,2023-07-13 GMT+0530,12:30:00,,,Buy,,,,
2903,Tcpl Packaging Limited,TCPLPACK,NSI,India Stocks,INR,1,1584.6,0,2023-07-13 GMT+0530,12:30:00,,,Buy,,,,
2904,Tcpl Packaging Limited,TCPLPACK,NSI,India Stocks,INR,140,0,0,2023-07-28 GMT+0530,12:30:00,,,Dividend,FIFO,,,
2905,Tcpl Packaging Limited,TCPLPACK,NSI,India Stocks,INR,154,0,0,2024-07-23 GMT+0530,12:30:00,,,Dividend,FIFO,,,
2906,Tcpl Packaging Limited,TCPLPACK,NSI,India Stocks,INR,0,3656.55,42.1,2025-05-08 GMT+0530,18:14:00,,,Sell All,FIFO,,,
2907,Td Power Systems Ltd.,TDPOWERSYS,NSI,India Stocks,INR,,,,,,,,,,,,
2908,Td Power Systems Ltd.,TDPOWERSYS,NSI,India Stocks,INR,70,124.92,0,2022-10-24 GMT+0530,12:30:00,,,Buy,,,,
2909,Td Power Systems Ltd.,TDPOWERSYS,NSI,India Stocks,INR,15,124.91,0,2022-10-24 GMT+0530,12:30:00,,,Buy,,,,
2910,Td Power Systems Ltd.,TDPOWERSYS,NSI,India Stocks,INR,1,120.05,0,2022-11-02 GMT+0530,12:30:00,,,Buy,,,,
2911,Td Power Systems Ltd.,TDPOWERSYS,NSI,India Stocks,INR,10,132.8,0,2023-02-13 GMT+0530,12:30:00,,,Buy,,,,
2912,Td Power Systems Ltd.,TDPOWERSYS,NSI,India Stocks,INR,48,0,0,2023-02-20 GMT+0530,12:30:00,,,Dividend,FIFO,,,
2913,Td Power Systems Ltd.,TDPOWERSYS,NSI,India Stocks,INR,14,158.45,0,2023-04-03 GMT+0530,12:30:00,,,Buy,,,,
2914,Td Power Systems Ltd.,TDPOWERSYS,NSI,India Stocks,INR,10,156.55,0,2023-04-12 GMT+0530,12:30:00,,,Buy,,,,
2915,Td Power Systems Ltd.,TDPOWERSYS,NSI,India Stocks,INR,5,245,0,2023-08-14 GMT+0530,12:30:00,,,Buy,,,,
2916,Td Power Systems Ltd.,TDPOWERSYS,NSI,India Stocks,INR,60,0,0,2023-08-22 GMT+0530,12:30:00,,,Dividend,FIFO,,,
2917,Td Power Systems Ltd.,TDPOWERSYS,NSI,India Stocks,INR,10,255.1,0,2023-10-12 GMT+0530,12:30:00,,,Buy,,,,
2918,Td Power Systems Ltd.,TDPOWERSYS,NSI,India Stocks,INR,67.5,0,0,2023-11-22 GMT+0530,12:30:00,,,Dividend,FIFO,,,
2919,Td Power Systems Ltd.,TDPOWERSYS,NSI,India Stocks,INR,11,266.8,0,2023-12-12 GMT+0530,12:30:00,,,Buy,,,,
2920,Td Power Systems Ltd.,TDPOWERSYS,NSI,India Stocks,INR,1,284,0,2024-01-12 GMT+0530,12:30:00,,,Buy,,,,
2921,Td Power Systems Ltd.,TDPOWERSYS,NSI,India Stocks,INR,8,275.2,0,2024-02-12 GMT+0530,12:30:00,,,Buy,,,,
2922,Td Power Systems Ltd.,TDPOWERSYS,NSI,India Stocks,INR,5,279.3,0,2024-03-12 GMT+0530,12:30:00,,,Buy,,,,
2923,Td Power Systems Ltd.,TDPOWERSYS,NSI,India Stocks,INR,22,292.2,0,2024-04-12 GMT+0530,12:30:00,,,Buy,,,,
2924,Td Power Systems Ltd.,TDPOWERSYS,NSI,India Stocks,INR,16,290.5,0,2024-05-13 GMT+0530,12:30:00,,,Buy,,,,
2925,Td Power Systems Ltd.,TDPOWERSYS,NSI,India Stocks,INR,118.8,0,0,2024-08-06 GMT+0530,12:30:00,,,Dividend,FIFO,,,
2926,Td Power Systems Ltd.,TDPOWERSYS,NSI,India Stocks,INR,2,410.3,0.85,2024-08-12 GMT+0530,12:30:00,,,Buy,,,,
2927,Td Power Systems Ltd.,TDPOWERSYS,NSI,India Stocks,INR,11,413.85,5.74,2024-09-12 GMT+0530,12:30:00,,,Buy,,,,
2928,Td Power Systems Ltd.,TDPOWERSYS,NSI,India Stocks,INR,8,382.9,3.18,2024-10-07 GMT+0530,12:30:00,,,Buy,,,,
2929,Td Power Systems Ltd.,TDPOWERSYS,NSI,India Stocks,INR,27,385.75,12.8,2024-10-14 GMT+0530,12:30:00,,,Buy,,,,
2930,Td Power Systems Ltd.,TDPOWERSYS,NSI,India Stocks,INR,147.6,0,0,2024-11-11 GMT+0530,12:30:00,,,Dividend,FIFO,,,
2931,Td Power Systems Ltd.,TDPOWERSYS,NSI,India Stocks,INR,10,453.95,5.71,2024-12-10 GMT+0530,12:30:00,,,Buy,,,,
2932,Td Power Systems Ltd.,TDPOWERSYS,NSI,India Stocks,INR,3,452.6,1.41,2024-12-12 GMT+0530,12:30:00,,,Buy,,,,
2933,Td Power Systems Ltd.,TDPOWERSYS,NSI,India Stocks,INR,100,403.95,47.91,2025-01-16 GMT+0530,12:30:00,,,Buy,,,,
2934,Td Power Systems Ltd.,TDPOWERSYS,NSI,India Stocks,INR,5,361,1.87,2025-02-12 GMT+0530,12:39:00,,,Buy,,,,
2935,Td Power Systems Ltd.,TDPOWERSYS,NSI,India Stocks,INR,126,366,96.28,2025-03-19 GMT+0530,13:09:00,,,Buy,,,,
2936,Td Power Systems Ltd.,TDPOWERSYS,NSI,India Stocks,INR,41,365.95,0,2025-03-19 GMT+0530,13:09:00,,,Buy,,,,
2937,Td Power Systems Ltd.,TDPOWERSYS,NSI,India Stocks,INR,54,365.9,0,2025-03-19 GMT+0530,13:09:00,,,Buy,,,,
2938,Td Power Systems Ltd.,TDPOWERSYS,NSI,India Stocks,INR,1,365.85,0,2025-03-19 GMT+0530,13:09:00,,,Buy,,,,
2939,Td Power Systems Ltd.,TDPOWERSYS,NSI,India Stocks,INR,8,467.2,4.88,2025-07-29 GMT+0530,18:16:00,,,Buy,,,,
2940,Td Power Systems Ltd.,TDPOWERSYS,NSI,India Stocks,INR,386.1,508.55,0,2025-07-30 GMT+0530,16:59:00,,,Dividend,FIFO,,,
2941,Td Power Systems Ltd.,TDPOWERSYS,NSI,India Stocks,INR,3,502.2,0,2025-08-29 GMT+0530,16:29:00,,,Buy,,,,
2942,Td Power Systems Ltd.,TDPOWERSYS,NSI,India Stocks,INR,3,502.25,3.13,2025-08-29 GMT+0530,16:30:00,,,Buy,,,,
2943,Td Power Systems Ltd.,TDPOWERSYS,NSI,India Stocks,INR,600,769.3,0,2025-11-06 GMT+0530,11:57:00,,,Dividend,FIFO,,,
2944,Td Power Systems Ltd.,TDPOWERSYS,NSI,India Stocks,INR,108,796.65,413.21,2026-02-03 GMT+0530,19:22:00,,,Sell,FIFO,,,
2945,Td Power Systems Ltd.,TDPOWERSYS,NSI,India Stocks,INR,23,797.05,0,2026-02-03 GMT+0530,19:23:00,,,Sell,FIFO,,,
2946,Td Power Systems Ltd.,TDPOWERSYS,NSI,India Stocks,INR,83,796.8,0,2026-02-03 GMT+0530,19:23:00,,,Sell,FIFO,,,
2947,Td Power Systems Ltd.,TDPOWERSYS,NSI,India Stocks,INR,29,796.75,0,2026-02-03 GMT+0530,19:23:00,,,Sell,FIFO,,,
2948,Td Power Systems Ltd.,TDPOWERSYS,NSI,India Stocks,INR,32,797.25,0,2026-02-03 GMT+0530,19:24:00,,,Sell,FIFO,,,
2949,Td Power Systems Ltd.,TDPOWERSYS,NSI,India Stocks,INR,30,797,0,2026-02-03 GMT+0530,19:24:00,,,Sell,FIFO,,,
2950,Td Power Systems Ltd.,TDPOWERSYS,NSI,India Stocks,INR,45,796.55,0,2026-02-03 GMT+0530,19:24:00,,,Sell,FIFO,,,
2951,Td Power Systems Ltd.,TDPOWERSYS,NSI,India Stocks,INR,15,796.85,0,2026-02-03 GMT+0530,19:24:00,,,Sell,FIFO,,,
2952,Td Power Systems Ltd.,TDPOWERSYS,NSI,India Stocks,INR,65,796.5,0,2026-02-03 GMT+0530,19:25:00,,,Sell,FIFO,,,
2953,Td Power Systems Ltd.,TDPOWERSYS,NSI,India Stocks,INR,44,796.6,0,2026-02-03 GMT+0530,19:25:00,,,Sell,FIFO,,,
2954,Td Power Systems Ltd.,TDPOWERSYS,NSI,India Stocks,INR,9,797.1,0,2026-02-03 GMT+0530,19:26:00,,,Sell,FIFO,,,
2955,Td Power Systems Ltd.,TDPOWERSYS,NSI,India Stocks,INR,224,800,215.18,2026-02-10 GMT+0530,21:35:00,,,Buy,,,,
2956,Td Power Systems Ltd.,TDPOWERSYS,NSI,India Stocks,INR,1,799.95,0,2026-02-10 GMT+0530,21:35:00,,,Buy,,,,
2957,Td Power Systems Ltd.,TDPOWERSYS,NSI,India Stocks,INR,3,1292.6,5.02,2026-05-22 GMT+0530,14:26:00,,,Buy,,,,
2958,Tech Mahindra Limited,TECHM,NSI,India Stocks,INR,,,,,,,,,,,,
2959,Tech Mahindra Limited,TECHM,NSI,India Stocks,INR,3,1778.95,6.54,2024-12-09 GMT+0530,12:30:00,,,Buy,,,,
2960,Tech Mahindra Limited,TECHM,NSI,India Stocks,INR,1,1789,1.86,2024-12-12 GMT+0530,12:30:00,,,Buy,,,,
2961,Tech Mahindra Limited,TECHM,NSI,India Stocks,INR,1,1670.7,1.73,2025-01-13 GMT+0530,12:30:00,,,Buy,,,,
2962,Tech Mahindra Limited,TECHM,NSI,India Stocks,INR,1,1688.9,1.75,2025-02-12 GMT+0530,12:39:00,,,Buy,,,,
2963,Tech Mahindra Limited,TECHM,NSI,India Stocks,INR,1,1454.8,1.51,2025-03-12 GMT+0530,13:12:00,,,Buy,,,,
2964,Tech Mahindra Limited,TECHM,NSI,India Stocks,INR,1,1476.8,1.53,2025-04-29 GMT+0530,12:31:00,,,Buy,,,,
2965,Tech Mahindra Limited,TECHM,NSI,India Stocks,INR,1,1594.6,1.65,2025-05-29 GMT+0530,12:05:00,,,Buy,,,,
2966,Tech Mahindra Limited,TECHM,NSI,India Stocks,INR,1,1668.5,1.73,2025-06-30 GMT+0530,12:44:00,,,Buy,,,,
2967,Tech Mahindra Limited,TECHM,NSI,India Stocks,INR,0,1681.5,32.78,2025-07-03 GMT+0530,20:03:00,,,Sell All,FIFO,,,
2968,Techno Elec & Eng Co. Ltd,TECHNOE,NSI,India Stocks,INR,,,,,,,,,,,,
2969,Techno Elec & Eng Co. Ltd,TECHNOE,NSI,India Stocks,INR,3,366.4,0,2023-05-03 GMT+0530,12:30:00,,,Buy,,,,
2970,Techno Elec & Eng Co. Ltd,TECHNOE,NSI,India Stocks,INR,19,386.3,0,2023-05-08 GMT+0530,12:30:00,,,Buy,,,,
2971,Techno Elec & Eng Co. Ltd,TECHNOE,NSI,India Stocks,INR,7,386.55,0,2023-05-08 GMT+0530,12:30:00,,,Buy,,,,
2972,Techno Elec & Eng Co. Ltd,TECHNOE,NSI,India Stocks,INR,17,386.5,0,2023-05-08 GMT+0530,12:30:00,,,Buy,,,,
2973,Techno Elec & Eng Co. Ltd,TECHNOE,NSI,India Stocks,INR,7,386.4,0,2023-05-08 GMT+0530,12:30:00,,,Buy,,,,
2974,Techno Elec & Eng Co. Ltd,TECHNOE,NSI,India Stocks,INR,2,386.35,0,2023-05-08 GMT+0530,12:30:00,,,Buy,,,,
2975,Techno Elec & Eng Co. Ltd,TECHNOE,NSI,India Stocks,INR,7,370.75,0,2023-05-12 GMT+0530,12:30:00,,,Buy,,,,
2976,Techno Elec & Eng Co. Ltd,TECHNOE,NSI,India Stocks,INR,6,369.45,0,2023-06-12 GMT+0530,12:30:00,,,Buy,,,,
2977,Techno Elec & Eng Co. Ltd,TECHNOE,NSI,India Stocks,INR,3,370,0,2023-06-12 GMT+0530,12:30:00,,,Buy,,,,
2978,Techno Elec & Eng Co. Ltd,TECHNOE,NSI,India Stocks,INR,3,418.9,0,2023-07-13 GMT+0530,12:30:00,,,Buy,,,,
2979,Techno Elec & Eng Co. Ltd,TECHNOE,NSI,India Stocks,INR,3,421.4,0,2023-07-13 GMT+0530,12:30:00,,,Buy,,,,
2980,Techno Elec & Eng Co. Ltd,TECHNOE,NSI,India Stocks,INR,1,421.05,0,2023-07-13 GMT+0530,12:30:00,,,Buy,,,,
2981,Techno Elec & Eng Co. Ltd,TECHNOE,NSI,India Stocks,INR,1,463.9,0,2023-08-14 GMT+0530,12:30:00,,,Buy,,,,
2982,Techno Elec & Eng Co. Ltd,TECHNOE,NSI,India Stocks,INR,1,521.85,0,2023-09-12 GMT+0530,12:30:00,,,Buy,,,,
2983,Techno Elec & Eng Co. Ltd,TECHNOE,NSI,India Stocks,INR,480,0,0,2023-09-15 GMT+0530,12:30:00,,,Dividend,FIFO,,,
2984,Techno Elec & Eng Co. Ltd,TECHNOE,NSI,India Stocks,INR,5,512.35,0,2023-10-12 GMT+0530,12:30:00,,,Buy,,,,
2985,Techno Elec & Eng Co. Ltd,TECHNOE,NSI,India Stocks,INR,595,0,0,2024-09-13 GMT+0530,12:30:00,,,Dividend,FIFO,,,
2986,Techno Elec & Eng Co. Ltd,TECHNOE,NSI,India Stocks,INR,3,1583.5,5.93,2024-10-07 GMT+0530,12:30:00,,,Buy,,,,
2987,Techno Elec & Eng Co. Ltd,TECHNOE,NSI,India Stocks,INR,4,1471.95,7.11,2024-12-10 GMT+0530,12:30:00,,,Buy,,,,
2988,Techno Elec & Eng Co. Ltd,TECHNOE,NSI,India Stocks,INR,2,1429.4,2.97,2024-12-12 GMT+0530,12:30:00,,,Buy,,,,
2989,Techno Elec & Eng Co. Ltd,TECHNOE,NSI,India Stocks,INR,8,1311.95,12.89,2025-01-16 GMT+0530,12:30:00,,,Buy,,,,
2990,Techno Elec & Eng Co. Ltd,TECHNOE,NSI,India Stocks,INR,88,1025,101.24,2025-01-30 GMT+0530,19:41:00,,,Sell,FIFO,,,
2991,Techno Elec & Eng Co. Ltd,TECHNOE,NSI,India Stocks,INR,0,1031.5,22.65,2025-01-30 GMT+0530,19:42:00,,,Sell All,FIFO,,,
2992,Techno Elec & Eng Co. Ltd,TECHNOE,NSI,India Stocks,INR,36,1146.3,0,2026-02-11 GMT+0530,19:37:00,,,Buy,,,,
2993,Techno Elec & Eng Co. Ltd,TECHNOE,NSI,India Stocks,INR,1,1146.15,0,2026-02-11 GMT+0530,19:37:00,,,Buy,,,,
2994,Techno Elec & Eng Co. Ltd,TECHNOE,NSI,India Stocks,INR,63,1146.1,136.82,2026-02-11 GMT+0530,19:38:00,,,Buy,,,,
2995,Techno Elec & Eng Co. Ltd,TECHNOE,NSI,India Stocks,INR,1,1081.6,0,2026-03-12 GMT+0530,17:33:00,,,Sell,FIFO,,,
2996,Techno Elec & Eng Co. Ltd,TECHNOE,NSI,India Stocks,INR,1,1081.35,0,2026-03-12 GMT+0530,17:33:00,,,Sell,FIFO,,,
2997,Techno Elec & Eng Co. Ltd,TECHNOE,NSI,India Stocks,INR,48,1081.55,128.39,2026-03-12 GMT+0530,17:34:00,,,Sell,FIFO,,,
2998,Techno Elec & Eng Co. Ltd,TECHNOE,NSI,India Stocks,INR,23,1081.15,0,2026-03-12 GMT+0530,17:34:00,,,Sell,FIFO,,,
2999,Techno Elec & Eng Co. Ltd,TECHNOE,NSI,India Stocks,INR,20,1081.2,0,2026-03-12 GMT+0530,17:34:00,,,Sell,FIFO,,,
3000,Techno Elec & Eng Co. Ltd,TECHNOE,NSI,India Stocks,INR,7,1081.25,0,2026-03-12 GMT+0530,17:35:00,,,Sell,FIFO,,,
3001,Techno Elec & Eng Co. Ltd,TECHNOE,NSI,India Stocks,INR,1,1039.05,0,2026-03-24 GMT+0530,13:47:00,,,Buy,,,,
3002,Techno Elec & Eng Co. Ltd,TECHNOE,NSI,India Stocks,INR,9,1039,0,2026-03-24 GMT+0530,13:47:00,,,Buy,,,,
3003,Techno Elec & Eng Co. Ltd,TECHNOE,NSI,India Stocks,INR,16,1040.7,0,2026-03-24 GMT+0530,13:48:00,,,Buy,,,,
3004,Techno Elec & Eng Co. Ltd,TECHNOE,NSI,India Stocks,INR,18,1040.4,0,2026-03-24 GMT+0530,13:48:00,,,Buy,,,,
3005,Techno Elec & Eng Co. Ltd,TECHNOE,NSI,India Stocks,INR,18,1040.1,0,2026-03-24 GMT+0530,13:48:00,,,Buy,,,,
3006,Techno Elec & Eng Co. Ltd,TECHNOE,NSI,India Stocks,INR,9,1039.8,0,2026-03-24 GMT+0530,13:48:00,,,Buy,,,,
3007,Techno Elec & Eng Co. Ltd,TECHNOE,NSI,India Stocks,INR,9,1039.5,0,2026-03-24 GMT+0530,13:48:00,,,Buy,,,,
3008,Techno Elec & Eng Co. Ltd,TECHNOE,NSI,India Stocks,INR,20,1040.85,124.75,2026-03-24 GMT+0530,13:49:00,,,Buy,,,,
3009,Techno Elec & Eng Co. Ltd,TECHNOE,NSI,India Stocks,INR,16,1019.7,0,2026-04-01 GMT+0530,20:57:00,,,Buy,,,,
3010,Techno Elec & Eng Co. Ltd,TECHNOE,NSI,India Stocks,INR,2,1019.95,0,2026-04-01 GMT+0530,20:58:00,,,Buy,,,,
3011,Techno Elec & Eng Co. Ltd,TECHNOE,NSI,India Stocks,INR,37,1019.9,120.82,2026-04-01 GMT+0530,20:58:00,,,Buy,,,,
3012,Techno Elec & Eng Co. Ltd,TECHNOE,NSI,India Stocks,INR,2,1019.85,0,2026-04-01 GMT+0530,20:58:00,,,Buy,,,,
3013,Techno Elec & Eng Co. Ltd,TECHNOE,NSI,India Stocks,INR,3,1020.35,0,2026-04-01 GMT+0530,20:59:00,,,Buy,,,,
3014,Techno Elec & Eng Co. Ltd,TECHNOE,NSI,India Stocks,INR,34,1020.3,0,2026-04-01 GMT+0530,20:59:00,,,Buy,,,,
3015,Techno Elec & Eng Co. Ltd,TECHNOE,NSI,India Stocks,INR,2,1020,0,2026-04-01 GMT+0530,20:59:00,,,Buy,,,,
3016,Techno Elec & Eng Co. Ltd,TECHNOE,NSI,India Stocks,INR,4,1020.5,0,2026-04-01 GMT+0530,21:00:00,,,Buy,,,,
3017,The Indian Hotels Co. Ltd,INDHOTEL,NSI,India Stocks,INR,,,,,,,,,,,,
3018,The Indian Hotels Co. Ltd,INDHOTEL,NSI,India Stocks,INR,15,826.95,14.87,2024-12-09 GMT+0530,12:30:00,,,Buy,,,,
3019,The Indian Hotels Co. Ltd,INDHOTEL,NSI,India Stocks,INR,4,834.9,4.46,2024-12-12 GMT+0530,12:30:00,,,Buy,,,,
3020,The Indian Hotels Co. Ltd,INDHOTEL,NSI,India Stocks,INR,4,776.4,3.22,2025-01-13 GMT+0530,12:30:00,,,Buy,,,,
3021,The Indian Hotels Co. Ltd,INDHOTEL,NSI,India Stocks,INR,5,740.15,4.84,2025-02-12 GMT+0530,12:05:00,,,Buy,,,,
3022,The Indian Hotels Co. Ltd,INDHOTEL,NSI,India Stocks,INR,0,710.05,35.97,2025-02-17 GMT+0530,21:22:00,,,Sell All,FIFO,,,
3023,Thomas Cook (india) Ltd,THOMASCOOK,NSI,India Stocks,INR,,,,,,,,,,,,
3024,Thomas Cook (india) Ltd,THOMASCOOK,NSI,India Stocks,INR,162,77.55,0,2022-10-24 GMT+0530,12:30:00,,,Buy,,,,
3025,Thomas Cook (india) Ltd,THOMASCOOK,NSI,India Stocks,INR,11,75.05,0,2022-11-02 GMT+0530,12:30:00,,,Buy,,,,
3026,Thomas Cook (india) Ltd,THOMASCOOK,NSI,India Stocks,INR,2,76,0,2022-12-01 GMT+0530,12:30:00,,,Buy,,,,
3027,Thomas Cook (india) Ltd,THOMASCOOK,NSI,India Stocks,INR,4,67.45,0,2023-02-13 GMT+0530,12:30:00,,,Buy,,,,
3028,Thomas Cook (india) Ltd,THOMASCOOK,NSI,India Stocks,INR,179,61.6,0,2023-03-13 GMT+0530,12:30:00,,,Sell,FIFO,,,
3029,Cholamandalam Fin Hol Ltd,CHOLAHLDNG,NSI,India Stocks,INR,,,,,,,,,,,,
3030,Cholamandalam Fin Hol Ltd,CHOLAHLDNG,NSI,India Stocks,INR,2,1121.05,0,2023-10-23 GMT+0530,12:30:00,,,Buy,,,,
3031,Cholamandalam Fin Hol Ltd,CHOLAHLDNG,NSI,India Stocks,INR,9,1121.1,0,2023-10-23 GMT+0530,12:30:00,,,Buy,,,,
3032,Cholamandalam Fin Hol Ltd,CHOLAHLDNG,NSI,India Stocks,INR,4,1106.4,0,2023-10-23 GMT+0530,12:30:00,,,Buy,,,,
3033,Cholamandalam Fin Hol Ltd,CHOLAHLDNG,NSI,India Stocks,INR,1,1106.35,0,2023-10-23 GMT+0530,12:30:00,,,Buy,,,,
3034,Cholamandalam Fin Hol Ltd,CHOLAHLDNG,NSI,India Stocks,INR,4,1106.1,0,2023-10-23 GMT+0530,12:30:00,,,Buy,,,,
3035,Cholamandalam Fin Hol Ltd,CHOLAHLDNG,NSI,India Stocks,INR,3,1136.85,0,2023-11-13 GMT+0530,12:30:00,,,Buy,,,,
3036,Cholamandalam Fin Hol Ltd,CHOLAHLDNG,NSI,India Stocks,INR,3,1002.6,0,2023-12-12 GMT+0530,12:30:00,,,Buy,,,,
3037,Cholamandalam Fin Hol Ltd,CHOLAHLDNG,NSI,India Stocks,INR,1,1005.75,0,2024-01-02 GMT+0530,12:30:00,,,Sell,FIFO,,,
3038,Cholamandalam Fin Hol Ltd,CHOLAHLDNG,NSI,India Stocks,INR,16,1005.8,0,2024-01-02 GMT+0530,12:30:00,,,Sell,FIFO,,,
3039,Cholamandalam Fin Hol Ltd,CHOLAHLDNG,NSI,India Stocks,INR,9,1006.15,0,2024-01-02 GMT+0530,12:30:00,,,Sell,FIFO,,,
3040,Cholamandalam Fin Hol Ltd,CHOLAHLDNG,NSI,India Stocks,INR,3,1635.2,0,2026-04-20 GMT+0530,16:12:00,,,Buy,,,,
3041,Cholamandalam Fin Hol Ltd,CHOLAHLDNG,NSI,India Stocks,INR,12,1635.1,29.44,2026-04-20 GMT+0530,16:12:00,,,Buy,,,,
3042,Cholamandalam Fin Hol Ltd,CHOLAHLDNG,NSI,India Stocks,INR,1,1418,0,2026-06-08 GMT+0530,10:23:00,,,Sell,FIFO,,,
3043,Cholamandalam Fin Hol Ltd,CHOLAHLDNG,NSI,India Stocks,INR,3,1417.4,0,2026-06-08 GMT+0530,10:24:00,,,Sell,FIFO,,,
3044,Cholamandalam Fin Hol Ltd,CHOLAHLDNG,NSI,India Stocks,INR,3,1417.35,0,2026-06-08 GMT+0530,10:24:00,,,Sell,FIFO,,,
3045,Cholamandalam Fin Hol Ltd,CHOLAHLDNG,NSI,India Stocks,INR,3,1417.3,0,2026-06-08 GMT+0530,10:24:00,,,Sell,FIFO,,,
3046,Cholamandalam Fin Hol Ltd,CHOLAHLDNG,NSI,India Stocks,INR,5,1417.25,37.57,2026-06-08 GMT+0530,10:25:00,,,Sell,FIFO,,,
3047,Titan Company Limited,TITAN,NSI,India Stocks,INR,,,,,,,,,,,,
3048,Titan Company Limited,TITAN,NSI,India Stocks,INR,1,2684.95,0,2022-10-24 GMT+0530,12:30:00,,,Buy,,,,
3049,Titan Company Limited,TITAN,NSI,India Stocks,INR,1,2732.8,0,2022-11-02 GMT+0530,12:30:00,,,Buy,,,,
3050,Titan Company Limited,TITAN,NSI,India Stocks,INR,20,0,0,2023-07-13 GMT+0530,12:30:00,,,Dividend,FIFO,,,
3051,Titan Company Limited,TITAN,NSI,India Stocks,INR,22,0,0,2024-06-27 GMT+0530,12:30:00,,,Dividend,FIFO,,,
3052,Titan Company Limited,TITAN,NSI,India Stocks,INR,2,3216.85,22.07,2024-07-15 GMT+0530,12:30:00,,,Sell,FIFO,,,
3053,Torrent Power Ltd,TORNTPOWER,NSI,India Stocks,INR,,,,,,,,,,,,
3054,Torrent Power Ltd,TORNTPOWER,NSI,India Stocks,INR,8,970,0,2023-12-01 GMT+0530,12:30:00,,,Buy,,,,
3055,Torrent Power Ltd,TORNTPOWER,NSI,India Stocks,INR,96,0,0,2024-02-16 GMT+0530,12:30:00,,,Dividend,FIFO,,,
3056,Torrent Power Ltd,TORNTPOWER,NSI,India Stocks,INR,32,0,0,2024-06-14 GMT+0530,12:30:00,,,Dividend,FIFO,,,
3057,Torrent Power Ltd,TORNTPOWER,NSI,India Stocks,INR,112,1267.25,0,2025-02-12 GMT+0530,21:15:00,,,Dividend,FIFO,,,
3058,Torrent Power Ltd,TORNTPOWER,NSI,India Stocks,INR,0,1248.6,25.78,2025-03-03 GMT+0530,19:09:00,,,Sell All,FIFO,,,
3059,Trent Ltd,TRENT,NSI,India Stocks,INR,,,,,,,,,,,,
3060,Trent Ltd,TRENT,NSI,India Stocks,INR,2,1441.8,0,2022-10-24 GMT+0530,12:30:00,,,Buy,,,,
3061,Trent Ltd,TRENT,NSI,India Stocks,INR,1,1540.35,0,2022-11-02 GMT+0530,12:30:00,,,Buy,,,,
3062,Trent Ltd,TRENT,NSI,India Stocks,INR,1,1467.7,0,2022-12-01 GMT+0530,12:30:00,,,Buy,,,,
3063,Trent Ltd,TRENT,NSI,India Stocks,INR,8.8,0,0,2023-05-25 GMT+0530,12:30:00,,,Dividend,FIFO,,,
3064,Trent Ltd,TRENT,NSI,India Stocks,INR,4,2197.55,0,2023-11-02 GMT+0530,12:30:00,,,Sell,FIFO,,,
3065,Triveni Turbine Limited,TRITURBINE,NSI,India Stocks,INR,,,,,,,,,,,,
3066,Triveni Turbine Limited,TRITURBINE,NSI,India Stocks,INR,1,287.7,0,2022-10-24 GMT+0530,12:30:00,,,Buy,,,,
3067,Triveni Turbine Limited,TRITURBINE,NSI,India Stocks,INR,44,287.65,0,2022-10-24 GMT+0530,12:30:00,,,Buy,,,,
3068,Triveni Turbine Limited,TRITURBINE,NSI,India Stocks,INR,7,287.75,0,2022-10-24 GMT+0530,12:30:00,,,Buy,,,,
3069,Triveni Turbine Limited,TRITURBINE,NSI,India Stocks,INR,4,292.8,0,2022-10-24 GMT+0530,12:30:00,,,Buy,,,,
3070,Triveni Turbine Limited,TRITURBINE,NSI,India Stocks,INR,2,283.4,0,2022-11-02 GMT+0530,12:30:00,,,Buy,,,,
3071,Triveni Turbine Limited,TRITURBINE,NSI,India Stocks,INR,1,283.35,0,2022-11-02 GMT+0530,12:30:00,,,Buy,,,,
3072,Triveni Turbine Limited,TRITURBINE,NSI,India Stocks,INR,9,276.25,0,2022-11-11 GMT+0530,12:30:00,,,Buy,,,,
3073,Triveni Turbine Limited,TRITURBINE,NSI,India Stocks,INR,2,294.8,0,2022-12-01 GMT+0530,12:30:00,,,Buy,,,,
3074,Triveni Turbine Limited,TRITURBINE,NSI,India Stocks,INR,8,273.4,0,2023-01-12 GMT+0530,12:30:00,,,Buy,,,,
3075,Triveni Turbine Limited,TRITURBINE,NSI,India Stocks,INR,1,273.35,0,2023-01-12 GMT+0530,12:30:00,,,Buy,,,,
3076,Triveni Turbine Limited,TRITURBINE,NSI,India Stocks,INR,61,350,0,2023-02-03 GMT+0530,12:30:00,,,Sell,FIFO,,,
3077,Triveni Turbine Limited,TRITURBINE,NSI,India Stocks,INR,5,278.7,0,2023-02-13 GMT+0530,12:30:00,,,Buy,,,,
3078,Triveni Turbine Limited,TRITURBINE,NSI,India Stocks,INR,23,324.8,0,2023-03-14 GMT+0530,12:30:00,,,Sell,FIFO,,,
3079,Triveni Turbine Limited,TRITURBINE,NSI,India Stocks,INR,9,323.5,0,2023-04-03 GMT+0530,12:30:00,,,Buy,,,,
3080,Triveni Turbine Limited,TRITURBINE,NSI,India Stocks,INR,7,406.75,0,2023-06-12 GMT+0530,12:30:00,,,Buy,,,,
3081,Triveni Turbine Limited,TRITURBINE,NSI,India Stocks,INR,4,406.7,0,2023-06-12 GMT+0530,12:30:00,,,Buy,,,,
3082,Triveni Turbine Limited,TRITURBINE,NSI,India Stocks,INR,15,406.65,0,2023-06-12 GMT+0530,12:30:00,,,Buy,,,,
3083,Triveni Turbine Limited,TRITURBINE,NSI,India Stocks,INR,16,406.6,0,2023-06-12 GMT+0530,12:30:00,,,Buy,,,,
3084,Triveni Turbine Limited,TRITURBINE,NSI,India Stocks,INR,4,406.45,0,2023-06-12 GMT+0530,12:30:00,,,Buy,,,,
3085,Triveni Turbine Limited,TRITURBINE,NSI,India Stocks,INR,8,400,0,2023-07-13 GMT+0530,12:30:00,,,Buy,,,,
3086,Triveni Turbine Limited,TRITURBINE,NSI,India Stocks,INR,6,400.75,0,2023-07-13 GMT+0530,12:30:00,,,Buy,,,,
3087,Triveni Turbine Limited,TRITURBINE,NSI,India Stocks,INR,1,390,0,2023-08-14 GMT+0530,12:30:00,,,Buy,,,,
3088,Triveni Turbine Limited,TRITURBINE,NSI,India Stocks,INR,2,382.75,0,2023-10-12 GMT+0530,12:30:00,,,Buy,,,,
3089,Triveni Turbine Limited,TRITURBINE,NSI,India Stocks,INR,4,399.15,0,2023-12-12 GMT+0530,12:30:00,,,Buy,,,,
3090,Triveni Turbine Limited,TRITURBINE,NSI,India Stocks,INR,4,403.2,0,2024-01-12 GMT+0530,12:30:00,,,Buy,,,,
3091,Triveni Turbine Limited,TRITURBINE,NSI,India Stocks,INR,184,0,0,2024-02-09 GMT+0530,12:30:00,,,Dividend,FIFO,,,
3092,Triveni Turbine Limited,TRITURBINE,NSI,India Stocks,INR,1,692.35,0.72,2024-08-12 GMT+0530,12:30:00,,,Buy,,,,
3093,Triveni Turbine Limited,TRITURBINE,NSI,India Stocks,INR,105.3,0,0,2024-09-06 GMT+0530,12:30:00,,,Dividend,FIFO,,,
3094,Triveni Turbine Limited,TRITURBINE,NSI,India Stocks,INR,3,656.5,2.04,2024-10-07 GMT+0530,12:30:00,,,Buy,,,,
3095,Triveni Turbine Limited,TRITURBINE,NSI,India Stocks,INR,2,647.35,1.34,2024-11-12 GMT+0530,12:30:00,,,Buy,,,,
3096,Triveni Turbine Limited,TRITURBINE,NSI,India Stocks,INR,25,780.75,23.25,2024-12-10 GMT+0530,12:30:00,,,Buy,,,,
3097,Triveni Turbine Limited,TRITURBINE,NSI,India Stocks,INR,9,694.55,11.09,2025-01-16 GMT+0530,12:30:00,,,Buy,,,,
3098,Triveni Turbine Limited,TRITURBINE,NSI,India Stocks,INR,5,694.5,0,2025-01-16 GMT+0530,12:30:00,,,Buy,,,,
3099,Triveni Turbine Limited,TRITURBINE,NSI,India Stocks,INR,250,546.9,0,2025-02-06 GMT+0530,18:33:00,,,Dividend,FIFO,,,
3100,Triveni Turbine Limited,TRITURBINE,NSI,India Stocks,INR,1,514.6,0,2025-03-12 GMT+0530,13:14:00,,,Buy,,,,
3101,Triveni Turbine Limited,TRITURBINE,NSI,India Stocks,INR,6,514.65,4.74,2025-03-12 GMT+0530,13:14:00,,,Buy,,,,
3102,Triveni Turbine Limited,TRITURBINE,NSI,India Stocks,INR,81,564.5,54.43,2025-03-19 GMT+0530,13:11:00,,,Buy,,,,
3103,Triveni Turbine Limited,TRITURBINE,NSI,India Stocks,INR,4,520.05,2.16,2025-08-29 GMT+0530,16:33:00,,,Buy,,,,
3104,Triveni Turbine Limited,TRITURBINE,NSI,India Stocks,INR,434,536.1,0,2025-09-01 GMT+0530,23:55:00,,,Dividend,FIFO,,,
3105,Triveni Turbine Limited,TRITURBINE,NSI,India Stocks,INR,6,526.8,0,2026-02-03 GMT+0530,19:30:00,,,Sell,FIFO,,,
3106,Triveni Turbine Limited,TRITURBINE,NSI,India Stocks,INR,12,526.85,0,2026-02-03 GMT+0530,19:30:00,,,Sell,FIFO,,,
3107,Triveni Turbine Limited,TRITURBINE,NSI,India Stocks,INR,34,527.2,0,2026-02-03 GMT+0530,19:30:00,,,Sell,FIFO,,,
3108,Triveni Turbine Limited,TRITURBINE,NSI,India Stocks,INR,45,526.95,76.57,2026-02-03 GMT+0530,19:31:00,,,Sell,FIFO,,,
3109,Triveni Turbine Limited,TRITURBINE,NSI,India Stocks,INR,15,526.9,0,2026-02-03 GMT+0530,19:31:00,,,Sell,FIFO,,,
3110,Triveni Turbine Limited,TRITURBINE,NSI,India Stocks,INR,236.25,0,0,2026-02-09 GMT+0530,20:36:00,,,Dividend,FIFO,,,
3111,Triveni Turbine Limited,TRITURBINE,NSI,India Stocks,INR,22,509.35,0,2026-02-10 GMT+0530,21:41:00,,,Buy,,,,
3112,Triveni Turbine Limited,TRITURBINE,NSI,India Stocks,INR,22,509.3,0,2026-02-10 GMT+0530,21:41:00,,,Buy,,,,
3113,Triveni Turbine Limited,TRITURBINE,NSI,India Stocks,INR,30,509.4,45.63,2026-02-10 GMT+0530,21:41:00,,,Buy,,,,
3114,Triveni Turbine Limited,TRITURBINE,NSI,India Stocks,INR,1,509.2,0,2026-02-10 GMT+0530,21:41:00,,,Buy,,,,
3115,Triveni Turbine Limited,TRITURBINE,NSI,India Stocks,INR,3,465.85,0,2026-03-12 GMT+0530,17:44:00,,,Sell,FIFO,,,
3116,Triveni Turbine Limited,TRITURBINE,NSI,India Stocks,INR,23,465.75,0,2026-03-12 GMT+0530,17:44:00,,,Sell,FIFO,,,
3117,Triveni Turbine Limited,TRITURBINE,NSI,India Stocks,INR,2,465.8,0,2026-03-12 GMT+0530,17:44:00,,,Sell,FIFO,,,
3118,Triveni Turbine Limited,TRITURBINE,NSI,India Stocks,INR,10,465.7,0,2026-03-12 GMT+0530,17:44:00,,,Sell,FIFO,,,
3119,Triveni Turbine Limited,TRITURBINE,NSI,India Stocks,INR,60,465.6,102.96,2026-03-12 GMT+0530,17:45:00,,,Sell,FIFO,,,
3120,Triveni Turbine Limited,TRITURBINE,NSI,India Stocks,INR,48,465.55,0,2026-03-12 GMT+0530,17:45:00,,,Sell,FIFO,,,
3121,Triveni Turbine Limited,TRITURBINE,NSI,India Stocks,INR,34,465.65,0,2026-03-12 GMT+0530,17:45:00,,,Sell,FIFO,,,
3122,Triveni Turbine Limited,TRITURBINE,NSI,India Stocks,INR,15,468.55,0,2026-04-15 GMT+0530,20:47:00,,,Buy,,,,
3123,Triveni Turbine Limited,TRITURBINE,NSI,India Stocks,INR,15,468.5,0,2026-04-15 GMT+0530,20:47:00,,,Buy,,,,
3124,Triveni Turbine Limited,TRITURBINE,NSI,India Stocks,INR,11,468.45,0,2026-04-15 GMT+0530,20:47:00,,,Buy,,,,
3125,Triveni Turbine Limited,TRITURBINE,NSI,India Stocks,INR,38,468.6,44.4,2026-04-15 GMT+0530,20:48:00,,,Buy,,,,
3126,Triveni Turbine Limited,TRITURBINE,NSI,India Stocks,INR,13,608.35,0,2026-07-31 GMT+0530,13:55:00,,,Buy,,,,
3127,Triveni Turbine Limited,TRITURBINE,NSI,India Stocks,INR,36,608.4,34.93,2026-07-31 GMT+0530,13:56:00,,,Buy,,,,
3128,Ujjivan Small Financ Bank,UJJIVANSFB,NSI,India Stocks,INR,,,,,,,,,,,,
3129,Ujjivan Small Financ Bank,UJJIVANSFB,NSI,India Stocks,INR,812,53.65,0,2024-04-23 GMT+0530,12:30:00,,,Buy,,,,
3130,Ujjivan Small Financ Bank,UJJIVANSFB,NSI,India Stocks,INR,100,51.95,0,2024-05-13 GMT+0530,12:30:00,,,Buy,,,,
3131,Ujjivan Small Financ Bank,UJJIVANSFB,NSI,India Stocks,INR,117,49.87,7.15,2024-06-12 GMT+0530,12:30:00,,,Buy,,,,
3132,Ujjivan Small Financ Bank,UJJIVANSFB,NSI,India Stocks,INR,82,49.9,5.34,2024-06-12 GMT+0530,12:30:00,,,Buy,,,,
3133,Ujjivan Small Financ Bank,UJJIVANSFB,NSI,India Stocks,INR,1666.5,0,0,2024-07-12 GMT+0530,12:30:00,,,Dividend,FIFO,,,
3134,Ujjivan Small Financ Bank,UJJIVANSFB,NSI,India Stocks,INR,229,44.56,12.62,2024-07-12 GMT+0530,12:30:00,,,Buy,,,,
3135,Ujjivan Small Financ Bank,UJJIVANSFB,NSI,India Stocks,INR,228,42.06,10.98,2024-08-12 GMT+0530,12:30:00,,,Buy,,,,
3136,Ujjivan Small Financ Bank,UJJIVANSFB,NSI,India Stocks,INR,155,42.24,7.81,2024-09-12 GMT+0530,12:30:00,,,Buy,,,,
3137,Ujjivan Small Financ Bank,UJJIVANSFB,NSI,India Stocks,INR,66,40.29,0,2024-10-14 GMT+0530,12:30:00,,,Buy,,,,
3138,Ujjivan Small Financ Bank,UJJIVANSFB,NSI,India Stocks,INR,325,40.28,18.34,2024-10-14 GMT+0530,12:30:00,,,Buy,,,,
3139,Ujjivan Small Financ Bank,UJJIVANSFB,NSI,India Stocks,INR,79,35.37,0,2024-11-12 GMT+0530,12:30:00,,,Buy,,,,
3140,Ujjivan Small Financ Bank,UJJIVANSFB,NSI,India Stocks,INR,154,35.36,9.55,2024-11-12 GMT+0530,12:30:00,,,Buy,,,,
3141,Ujjivan Small Financ Bank,UJJIVANSFB,NSI,India Stocks,INR,0,32.03,93.92,2025-02-17 GMT+0530,20:42:00,,,Sell All,FIFO,,,
3142,Ujjivan Small Financ Bank,UJJIVANSFB,NSI,India Stocks,INR,653,32.02,0,2025-02-17 GMT+0530,20:42:00,,,Sell,FIFO,,,
3143,Union Bank Of India,UNIONBANK,NSI,India Stocks,INR,,,,,,,,,,,,
3144,Union Bank Of India,UNIONBANK,NSI,India Stocks,INR,43,128.24,6.72,2024-12-09 GMT+0530,12:30:00,,,Buy,,,,
3145,Union Bank Of India,UNIONBANK,NSI,India Stocks,INR,15,128.82,2,2024-12-12 GMT+0530,12:30:00,,,Buy,,,,
3146,Union Bank Of India,UNIONBANK,NSI,India Stocks,INR,25,103.52,2.68,2025-01-13 GMT+0530,12:30:00,,,Buy,,,,
3147,Union Bank Of India,UNIONBANK,NSI,India Stocks,INR,5,114.18,0,2025-02-12 GMT+0530,12:42:00,,,Buy,,,,
3148,Union Bank Of India,UNIONBANK,NSI,India Stocks,INR,7,114.19,1.42,2025-02-12 GMT+0530,12:42:00,,,Buy,,,,
3149,Union Bank Of India,UNIONBANK,NSI,India Stocks,INR,2,114.67,0.24,2025-03-12 GMT+0530,13:15:00,,,Buy,,,,
3150,Union Bank Of India,UNIONBANK,NSI,India Stocks,INR,21,128.95,2.81,2025-04-29 GMT+0530,12:32:00,,,Buy,,,,
3151,Union Bank Of India,UNIONBANK,NSI,India Stocks,INR,13,141.1,1.9,2025-05-29 GMT+0530,12:06:00,,,Buy,,,,
3152,Union Bank Of India,UNIONBANK,NSI,India Stocks,INR,11,153.69,1.75,2025-06-30 GMT+0530,12:44:00,,,Buy,,,,
3153,Union Bank Of India,UNIONBANK,NSI,India Stocks,INR,674.5,134.78,0,2025-07-25 GMT+0530,19:17:00,,,Dividend,FIFO,,,
3154,Union Bank Of India,UNIONBANK,NSI,India Stocks,INR,33,132.8,5.55,2025-07-29 GMT+0530,18:19:00,,,Buy,,,,
3155,Union Bank Of India,UNIONBANK,NSI,India Stocks,INR,0,127.26,38.44,2025-08-29 GMT+0530,16:35:00,,,Sell All,FIFO,,,
3156,Updater Services Limited,UDS,NSI,India Stocks,INR,,,,,,,,,,,,
3157,Updater Services Limited,UDS,NSI,India Stocks,INR,50,300,0,2023-10-03 GMT+0530,12:30:00,,,Buy,,,,
3158,Updater Services Limited,UDS,NSI,India Stocks,INR,2,298,0,2025-03-03 GMT+0530,19:12:00,,,Sell,FIFO,,,
3159,Updater Services Limited,UDS,NSI,India Stocks,INR,7,297.9,0,2025-03-03 GMT+0530,19:12:00,,,Sell,FIFO,,,
3160,Updater Services Limited,UDS,NSI,India Stocks,INR,39,297.85,30.91,2025-03-03 GMT+0530,19:12:00,,,Sell,FIFO,,,
3161,Updater Services Limited,UDS,NSI,India Stocks,INR,0,298.05,0,2025-03-03 GMT+0530,19:13:00,,,Sell All,FIFO,,,
3162,Usha Martin Ltd.,USHAMART,NSI,India Stocks,INR,,,,,,,,,,,,
3163,Usha Martin Ltd.,USHAMART,NSI,India Stocks,INR,7,220.25,0,2023-05-03 GMT+0530,12:30:00,,,Buy,,,,
3164,Usha Martin Ltd.,USHAMART,NSI,India Stocks,INR,5,232.15,0,2023-05-12 GMT+0530,12:30:00,,,Buy,,,,
3165,Usha Martin Ltd.,USHAMART,NSI,India Stocks,INR,3,265,0,2023-06-12 GMT+0530,12:30:00,,,Buy,,,,
3166,Usha Martin Ltd.,USHAMART,NSI,India Stocks,INR,8,302.9,0,2023-07-13 GMT+0530,12:30:00,,,Buy,,,,
3167,Usha Martin Ltd.,USHAMART,NSI,India Stocks,INR,1,302.8,0,2023-07-13 GMT+0530,12:30:00,,,Buy,,,,
3168,Usha Martin Ltd.,USHAMART,NSI,India Stocks,INR,60,0,0,2023-08-03 GMT+0530,12:30:00,,,Dividend,FIFO,,,
3169,Usha Martin Ltd.,USHAMART,NSI,India Stocks,INR,4,327,0,2023-08-14 GMT+0530,12:30:00,,,Buy,,,,
3170,Usha Martin Ltd.,USHAMART,NSI,India Stocks,INR,3,329,0,2023-10-12 GMT+0530,12:30:00,,,Buy,,,,
3171,Usha Martin Ltd.,USHAMART,NSI,India Stocks,INR,11,328.9,0,2023-10-12 GMT+0530,12:30:00,,,Buy,,,,
3172,Usha Martin Ltd.,USHAMART,NSI,India Stocks,INR,1,328.85,0,2023-10-12 GMT+0530,12:30:00,,,Buy,,,,
3173,Usha Martin Ltd.,USHAMART,NSI,India Stocks,INR,118.25,0,0,2024-08-06 GMT+0530,12:30:00,,,Dividend,FIFO,,,
3174,Usha Martin Ltd.,USHAMART,NSI,India Stocks,INR,0,293.15,0,2025-03-03 GMT+0530,19:15:00,,,Sell All,FIFO,,,
3175,Usha Martin Ltd.,USHAMART,NSI,India Stocks,INR,19,293.05,0,2025-03-03 GMT+0530,19:15:00,,,Sell,FIFO,,,
3176,Usha Martin Ltd.,USHAMART,NSI,India Stocks,INR,23,293,28.41,2025-03-03 GMT+0530,19:15:00,,,Sell,FIFO,,,
3177,Valiant Organics Limited,VALIANTORG,NSI,India Stocks,INR,,,,,,,,,,,,
3178,Valiant Organics Limited,VALIANTORG,NSI,India Stocks,INR,17,696.8,0,2022-10-24 GMT+0530,12:30:00,,,Buy,,,,
3179,Valiant Organics Limited,VALIANTORG,NSI,India Stocks,INR,1,696.75,0,2022-10-24 GMT+0530,12:30:00,,,Buy,,,,
3180,Valiant Organics Limited,VALIANTORG,NSI,India Stocks,INR,1,649.35,0,2022-12-01 GMT+0530,12:30:00,,,Buy,,,,
3181,Valiant Organics Limited,VALIANTORG,NSI,India Stocks,INR,2,549,0,2023-01-12 GMT+0530,12:30:00,,,Buy,,,,
3182,Valiant Organics Limited,VALIANTORG,NSI,India Stocks,INR,21,0,0,2023-02-10 GMT+0530,12:30:00,,,Dividend,FIFO,,,
3183,Valiant Organics Limited,VALIANTORG,NSI,India Stocks,INR,3,441.9,0,2023-02-13 GMT+0530,12:30:00,,,Buy,,,,
3184,Valiant Organics Limited,VALIANTORG,NSI,India Stocks,INR,7,423.25,0,2023-03-13 GMT+0530,12:30:00,,,Buy,,,,
3185,Valiant Organics Limited,VALIANTORG,NSI,India Stocks,INR,4,423.3,0,2023-03-13 GMT+0530,12:30:00,,,Buy,,,,
3186,Valiant Organics Limited,VALIANTORG,NSI,India Stocks,INR,1,423.35,0,2023-03-13 GMT+0530,12:30:00,,,Buy,,,,
3187,Valiant Organics Limited,VALIANTORG,NSI,India Stocks,INR,3,423.4,0,2023-03-13 GMT+0530,12:30:00,,,Buy,,,,
3188,Valiant Organics Limited,VALIANTORG,NSI,India Stocks,INR,3,423.45,0,2023-03-13 GMT+0530,12:30:00,,,Buy,,,,
3189,Valiant Organics Limited,VALIANTORG,NSI,India Stocks,INR,22,453.25,0,2024-03-05 GMT+0530,12:30:00,,,Sell,FIFO,,,
3190,Valiant Organics Limited,VALIANTORG,NSI,India Stocks,INR,2,453.3,0,2024-03-05 GMT+0530,12:30:00,,,Sell,FIFO,,,
3191,Valiant Organics Limited,VALIANTORG,NSI,India Stocks,INR,11,453.4,0,2024-03-05 GMT+0530,12:30:00,,,Sell,FIFO,,,
3192,Valiant Organics Limited,VALIANTORG,NSI,India Stocks,INR,7,453.35,0,2024-03-05 GMT+0530,12:30:00,,,Sell,FIFO,,,
3193,Vedanta Limited,VEDL,NSI,India Stocks,INR,,,,,,,,,,,,
3194,Vedanta Limited,VEDL,NSI,India Stocks,INR,50,242.35,0,2023-11-13 GMT+0530,12:30:00,,,Buy,,,,
3195,Vedanta Limited,VEDL,NSI,India Stocks,INR,8,248.55,0,2023-12-12 GMT+0530,12:30:00,,,Buy,,,,
3196,Vedanta Limited,VEDL,NSI,India Stocks,INR,638,0,0,2023-12-27 GMT+0530,12:30:00,,,Dividend,FIFO,,,
3197,Vedanta Limited,VEDL,NSI,India Stocks,INR,9,272.95,0,2024-01-12 GMT+0530,12:30:00,,,Buy,,,,
3198,Vedanta Limited,VEDL,NSI,India Stocks,INR,19,270.2,0,2024-02-12 GMT+0530,12:30:00,,,Buy,,,,
3199,Vedanta Limited,VEDL,NSI,India Stocks,INR,15,269.2,0,2024-03-12 GMT+0530,12:30:00,,,Buy,,,,
3200,Vedanta Limited,VEDL,NSI,India Stocks,INR,1,405.3,0,2024-05-13 GMT+0530,12:30:00,,,Buy,,,,
3201,Vedanta Limited,VEDL,NSI,India Stocks,INR,1122,0,0,2024-05-24 GMT+0530,12:30:00,,,Dividend,FIFO,,,
3202,Vedanta Limited,VEDL,NSI,India Stocks,INR,1,447.9,0,2024-06-12 GMT+0530,12:30:00,,,Sell,FIFO,,,
3203,Vedanta Limited,VEDL,NSI,India Stocks,INR,101,447.85,62.94,2024-06-12 GMT+0530,12:30:00,,,Sell,FIFO,,,
3204,Vedanta Limited,VEDL,NSI,India Stocks,INR,66,400.58,60.4,2026-04-15 GMT+0530,20:50:00,,,Buy,,,,
3205,Vedanta Limited,VEDL,NSI,India Stocks,INR,5,329.6,1.71,2026-05-22 GMT+0530,14:28:00,,,Buy,,,,
3206,Vedanta Limited,VEDL,NSI,India Stocks,INR,5,303.5,1.57,2026-06-22 GMT+0530,19:30:00,,,Buy,,,,
3207,Vedanta Limited,VEDL,NSI,India Stocks,INR,24,263.25,7.55,2026-07-22 GMT+0530,21:23:00,,,Buy,,,,
3208,Vedanta Limited,VEDL,NSI,India Stocks,INR,75,268.45,23.89,2026-08-04 GMT+0530,13:58:00,,,Buy,,,,
3209,Vesuvius India Ltd,VESUVIUS,NSI,India Stocks,INR,,,,,,,,,,,,
3210,Vesuvius India Ltd,VESUVIUS,NSI,India Stocks,INR,1,3330.65,0,2023-10-23 GMT+0530,12:30:00,,,Buy,,,,
3211,Vesuvius India Ltd,VESUVIUS,NSI,India Stocks,INR,2,3328.75,0,2023-10-23 GMT+0530,12:30:00,,,Buy,,,,
3212,Vesuvius India Ltd,VESUVIUS,NSI,India Stocks,INR,2,3086.45,0,2024-03-12 GMT+0530,12:30:00,,,Sell,FIFO,,,
3213,Vesuvius India Ltd,VESUVIUS,NSI,India Stocks,INR,1,3086.4,0,2024-03-12 GMT+0530,12:30:00,,,Sell,FIFO,,,
3214,Voltas Ltd,VOLTAS,NSI,India Stocks,INR,,,,,,,,,,,,
3215,Voltas Ltd,VOLTAS,NSI,India Stocks,INR,4,875.2,0,2022-10-24 GMT+0530,12:30:00,,,Buy,,,,
3216,Voltas Ltd,VOLTAS,NSI,India Stocks,INR,2,910,0,2022-11-02 GMT+0530,12:30:00,,,Buy,,,,
3217,Voltas Ltd,VOLTAS,NSI,India Stocks,INR,2,825.95,0,2022-12-01 GMT+0530,12:30:00,,,Buy,,,,
3218,Voltas Ltd,VOLTAS,NSI,India Stocks,INR,34,0,0,2023-06-09 GMT+0530,12:30:00,,,Dividend,FIFO,,,
3219,Voltas Ltd,VOLTAS,NSI,India Stocks,INR,8,834.3,0,2023-11-02 GMT+0530,12:30:00,,,Sell,FIFO,,,
3220,Waaree Energies Limited,WAAREEENER,NSI,India Stocks,INR,,,,,,,,,,,,
3221,Waaree Energies Limited,WAAREEENER,NSI,India Stocks,INR,9,1503,0,2024-10-25 GMT+0530,12:30:00,,,Buy,,,,
3222,Waaree Energies Limited,WAAREEENER,NSI,India Stocks,INR,62,2483.7,0,2024-10-29 GMT+0530,12:30:00,,,Buy,,,,
3223,Waaree Energies Limited,WAAREEENER,NSI,India Stocks,INR,2,3144.9,7.53,2024-12-10 GMT+0530,12:30:00,,,Buy,,,,
3224,Waaree Energies Limited,WAAREEENER,NSI,India Stocks,INR,11,2663.75,38.16,2025-01-16 GMT+0530,12:30:00,,,Buy,,,,
3225,Waaree Energies Limited,WAAREEENER,NSI,India Stocks,INR,1,2663.7,0,2025-01-16 GMT+0530,12:30:00,,,Buy,,,,
3226,Waaree Energies Limited,WAAREEENER,NSI,India Stocks,INR,55,2107.35,202.72,2025-02-17 GMT+0530,20:48:00,,,Sell,FIFO,,,
3227,Waaree Energies Limited,WAAREEENER,NSI,India Stocks,INR,0,2107.8,0,2025-02-17 GMT+0530,20:49:00,,,Sell All,FIFO,,,
3228,Waaree Energies Limited,WAAREEENER,NSI,India Stocks,INR,5,2107.75,0,2025-02-17 GMT+0530,20:49:00,,,Sell,FIFO,,,
3229,Waaree Energies Limited,WAAREEENER,NSI,India Stocks,INR,87,2295.8,237.6,2025-03-21 GMT+0530,12:18:00,,,Buy,,,,
3230,Waaree Energies Limited,WAAREEENER,NSI,India Stocks,INR,174,3369,0,2025-10-24 GMT+0530,22:59:00,,,Dividend,FIFO,,,
3231,Waaree Energies Limited,WAAREEENER,NSI,India Stocks,INR,2,3472,8.23,2025-10-29 GMT+0530,20:32:00,,,Buy,,,,
3232,Waaree Energies Limited,WAAREEENER,NSI,India Stocks,INR,7,2870,0,2025-12-05 GMT+0530,12:57:00,,,Sell,FIFO,,,
3233,Waaree Energies Limited,WAAREEENER,NSI,India Stocks,INR,82,2868,281.73,2025-12-05 GMT+0530,12:57:00,,,Sell,FIFO,,,
3234,Waaree Energies Limited,WAAREEENER,NSI,India Stocks,INR,30,3097,110.39,2026-02-03 GMT+0530,19:53:00,,,Buy,,,,
3235,Waaree Energies Limited,WAAREEENER,NSI,India Stocks,INR,30,2652.4,97.89,2026-03-12 GMT+0530,17:48:00,,,Sell,FIFO,,,
3236,Waaree Energies Limited,WAAREEENER,NSI,India Stocks,INR,48,3085,183.54,2026-03-24 GMT+0530,16:19:00,,,Buy,,,,
3237,Waaree Energies Limited,WAAREEENER,NSI,India Stocks,INR,2,3084.8,0,2026-03-24 GMT+0530,16:19:00,,,Buy,,,,
3238,Waaree Energies Limited,WAAREEENER,NSI,India Stocks,INR,18,3390,72.3,2026-04-15 GMT+0530,20:51:00,,,Buy,,,,
3239,Waaree Energies Limited,WAAREEENER,NSI,India Stocks,INR,11,3025.4,57.22,2026-05-20 GMT+0530,20:12:00,,,Buy,,,,
3240,Waaree Energies Limited,WAAREEENER,NSI,India Stocks,INR,5,3025.5,0,2026-05-20 GMT+0530,20:13:00,,,Buy,,,,
3241,Waaree Energies Limited,WAAREEENER,NSI,India Stocks,INR,1,3049.9,3.16,2026-05-22 GMT+0530,14:29:00,,,Buy,,,,
3242,Waaree Energies Limited,WAAREEENER,NSI,India Stocks,INR,12,2687.1,39.89,2026-07-22 GMT+0530,21:27:00,,,Buy,,,,
3243,Websol Energy System Ltd,WEBELSOLAR,NSI,India Stocks,INR,,,,,,,,,,,,
3244,Websol Energy System Ltd,WEBELSOLAR,NSI,India Stocks,INR,48,999,82.46,2024-09-05 GMT+0530,12:30:00,,,Buy,,,,
3245,Websol Energy System Ltd,WEBELSOLAR,NSI,India Stocks,INR,21,998.95,0,2024-09-05 GMT+0530,12:30:00,,,Buy,,,,
3246,Websol Energy System Ltd,WEBELSOLAR,NSI,India Stocks,INR,3,977.8,3.04,2024-10-07 GMT+0530,12:30:00,,,Buy,,,,
3247,Websol Energy System Ltd,WEBELSOLAR,NSI,India Stocks,INR,1,1357.1,1.41,2024-11-12 GMT+0530,12:30:00,,,Buy,,,,
3248,Websol Energy System Ltd,WEBELSOLAR,NSI,India Stocks,INR,8,1628.85,15.52,2025-01-16 GMT+0530,12:30:00,,,Buy,,,,
3249,Websol Energy System Ltd,WEBELSOLAR,NSI,India Stocks,INR,5,1285.75,7.67,2025-02-12 GMT+0530,12:43:00,,,Buy,,,,
3250,Websol Energy System Ltd,WEBELSOLAR,NSI,India Stocks,INR,9,925,9.64,2025-03-12 GMT+0530,13:22:00,,,Buy,,,,
3251,Websol Energy System Ltd,WEBELSOLAR,NSI,India Stocks,INR,58,913.2,62.95,2025-03-19 GMT+0530,13:13:00,,,Buy,,,,
3252,Websol Energy System Ltd,WEBELSOLAR,NSI,India Stocks,INR,6,1318.8,9.21,2025-06-30 GMT+0530,12:47:00,,,Buy,,,,
3253,Websol Energy System Ltd,WEBELSOLAR,NSI,India Stocks,INR,3,1323.5,5.12,2025-08-29 GMT+0530,16:36:00,,,Buy,,,,
3254,Websol Energy System Ltd,WEBELSOLAR,NSI,India Stocks,INR,1,1264.6,1.31,2025-09-29 GMT+0530,16:25:00,,,Buy,,,,
3255,Websol Energy System Ltd,WEBELSOLAR,NSI,India Stocks,INR,5,1198.9,7.11,2025-10-29 GMT+0530,20:34:00,,,Buy,,,,
3256,Websol Energy System Ltd,WEBELSOLAR,NSI,India Stocks,INR,10,1,0,2025-11-14 GMT+0530,10:36:00,,,Split,,,,
3257,Websol Energy System Ltd,WEBELSOLAR,NSI,India Stocks,INR,1030,102.65,195.6,2025-12-01 GMT+0530,13:38:00,,,Sell,FIFO,,,
3258,Websol Energy System Ltd,WEBELSOLAR,NSI,India Stocks,INR,552,102.6,0,2025-12-01 GMT+0530,13:38:00,,,Sell,FIFO,,,
3259,Websol Energy System Ltd,WEBELSOLAR,NSI,India Stocks,INR,98,102.7,0,2025-12-01 GMT+0530,13:38:00,,,Sell,FIFO,,,
3260,Websol Energy System Ltd,WEBELSOLAR,NSI,India Stocks,INR,151,84.96,0,2025-12-17 GMT+0530,12:12:00,,,Buy,,,,
3261,Websol Energy System Ltd,WEBELSOLAR,NSI,India Stocks,INR,284,84.97,42.97,2025-12-17 GMT+0530,12:13:00,,,Buy,,,,
3262,Websol Energy System Ltd,WEBELSOLAR,NSI,India Stocks,INR,435,81.7,52.21,2025-12-19 GMT+0530,09:36:00,,,Sell,FIFO,,,
3263,Websol Energy System Ltd,WEBELSOLAR,NSI,India Stocks,INR,258,74.02,0,2026-03-24 GMT+0530,16:25:00,,,Buy,,,,
3264,Websol Energy System Ltd,WEBELSOLAR,NSI,India Stocks,INR,597,74.04,88.4,2026-03-24 GMT+0530,16:26:00,,,Buy,,,,
3265,Websol Energy System Ltd,WEBELSOLAR,NSI,India Stocks,INR,145,74.03,0,2026-03-24 GMT+0530,16:26:00,,,Buy,,,,
3266,Zen Technologies Limited,ZENTEC,NSI,India Stocks,INR,,,,,,,,,,,,
3267,Zen Technologies Limited,ZENTEC,NSI,India Stocks,INR,6,293.05,0,2023-05-03 GMT+0530,12:30:00,,,Buy,,,,
3268,Zen Technologies Limited,ZENTEC,NSI,India Stocks,INR,3,300.25,0,2023-05-12 GMT+0530,12:30:00,,,Buy,,,,
3269,Zen Technologies Limited,ZENTEC,NSI,India Stocks,INR,3,622.1,0,2023-07-13 GMT+0530,12:30:00,,,Buy,,,,
3270,Zen Technologies Limited,ZENTEC,NSI,India Stocks,INR,2.4,0,0,2023-09-08 GMT+0530,12:30:00,,,Dividend,FIFO,,,
3271,Zen Technologies Limited,ZENTEC,NSI,India Stocks,INR,3,794,0,2023-09-12 GMT+0530,12:30:00,,,Buy,,,,
3272,Zen Technologies Limited,ZENTEC,NSI,India Stocks,INR,1,734,0,2023-10-12 GMT+0530,12:30:00,,,Buy,,,,
3273,Zen Technologies Limited,ZENTEC,NSI,India Stocks,INR,16,0,0,2024-09-06 GMT+0530,12:30:00,,,Dividend,FIFO,,,
3274,Zen Technologies Limited,ZENTEC,NSI,India Stocks,INR,13,1011.8,32.26,2025-03-03 GMT+0530,19:17:00,,,Sell,FIFO,,,
3275,Zen Technologies Limited,ZENTEC,NSI,India Stocks,INR,1,1011.65,0,2025-03-03 GMT+0530,19:17:00,,,Sell,FIFO,,,
3276,Zen Technologies Limited,ZENTEC,NSI,India Stocks,INR,0,1011.85,0,2025-03-03 GMT+0530,19:18:00,,,Sell All,FIFO,,,
3277,Zen Technologies Limited,ZENTEC,NSI,India Stocks,INR,50,1473.3,87.76,2025-03-24 GMT+0530,11:46:00,,,Buy,,,,
3278,Zen Technologies Limited,ZENTEC,NSI,India Stocks,INR,100,1437.9,0,2025-08-14 GMT+0530,20:54:00,,,Dividend,FIFO,,,
3279,Zen Technologies Limited,ZENTEC,NSI,India Stocks,INR,0,1376.1,0,2025-10-20 GMT+0530,19:49:00,,,Sell All,FIFO,,,
3280,Zen Technologies Limited,ZENTEC,NSI,India Stocks,INR,8,1376.2,0,2025-10-20 GMT+0530,19:49:00,,,Sell,FIFO,,,
3281,Zen Technologies Limited,ZENTEC,NSI,India Stocks,INR,34,1376,86.72,2025-10-20 GMT+0530,19:49:00,,,Sell,FIFO,,,
3282,Zen Technologies Limited,ZENTEC,NSI,India Stocks,INR,12,1342.6,0,2026-02-10 GMT+0530,21:46:00,,,Buy,,,,
3283,Zen Technologies Limited,ZENTEC,NSI,India Stocks,INR,34,1343.2,119.49,2026-02-10 GMT+0530,21:47:00,,,Buy,,,,
3284,Zen Technologies Limited,ZENTEC,NSI,India Stocks,INR,29,1342.7,0,2026-02-10 GMT+0530,21:47:00,,,Buy,,,,
3285,Zensar Technologies Ltd,ZENSARTECH,NSI,India Stocks,INR,,,,,,,,,,,,
3286,Zensar Technologies Ltd,ZENSARTECH,NSI,India Stocks,INR,6,485.05,0,2023-10-23 GMT+0530,12:30:00,,,Buy,,,,
3287,Zensar Technologies Ltd,ZENSARTECH,NSI,India Stocks,INR,2,489.45,0,2023-11-13 GMT+0530,12:30:00,,,Buy,,,,
3288,Zensar Technologies Ltd,ZENSARTECH,NSI,India Stocks,INR,8,535,0,2023-12-01 GMT+0530,12:30:00,,,Sell,FIFO,,,
3289,Zensar Technologies Ltd,ZENSARTECH,NSI,India Stocks,INR,11,593.25,0,2024-01-02 GMT+0530,12:30:00,,,Buy,,,,
3290,Zensar Technologies Ltd,ZENSARTECH,NSI,India Stocks,INR,2,572.3,0,2024-01-12 GMT+0530,12:30:00,,,Buy,,,,
3291,Zensar Technologies Ltd,ZENSARTECH,NSI,India Stocks,INR,13,570.15,0,2024-02-01 GMT+0530,12:30:00,,,Sell,FIFO,,,
3292,Zensar Technologies Ltd,ZENSARTECH,NSI,India Stocks,INR,83,594,58.54,2026-04-20 GMT+0530,17:06:00,,,Buy,,,,
3293,Zensar Technologies Ltd,ZENSARTECH,NSI,India Stocks,INR,1,443.5,0,2026-06-11 GMT+0530,19:13:00,,,Sell,FIFO,,,
3294,Zensar Technologies Ltd,ZENSARTECH,NSI,India Stocks,INR,82,443.3,53.81,2026-06-11 GMT+0530,19:13:00,,,Sell,FIFO,,,
3295,Eternal Limited,ETERNAL,NSI,India Stocks,INR,,,,,,,,,,,,
3296,Eternal Limited,ETERNAL,NSI,India Stocks,INR,3,111.45,0,2023-10-23 GMT+0530,12:30:00,,,Buy,,,,
3297,Eternal Limited,ETERNAL,NSI,India Stocks,INR,3,105.9,0,2023-11-02 GMT+0530,12:30:00,,,Sell,FIFO,,,
3298,Eternal Limited,ETERNAL,NSI,India Stocks,INR,11,128.5,0,2024-01-02 GMT+0530,12:30:00,,,Buy,,,,
3299,Eternal Limited,ETERNAL,NSI,India Stocks,INR,1,138.95,0,2024-01-12 GMT+0530,12:30:00,,,Buy,,,,
3300,Eternal Limited,ETERNAL,NSI,India Stocks,INR,12,139.95,0,2024-02-01 GMT+0530,12:30:00,,,Sell,FIFO,,,
3301,Eternal Limited,ETERNAL,NSI,India Stocks,INR,24,186.1,0,2024-04-01 GMT+0530,12:30:00,,,Buy,,,,
3302,Eternal Limited,ETERNAL,NSI,India Stocks,INR,1,198.6,0,2024-04-12 GMT+0530,12:30:00,,,Buy,,,,
3303,Eternal Limited,ETERNAL,NSI,India Stocks,INR,32,176.35,0,2024-06-03 GMT+0530,12:30:00,,,Buy,,,,
3304,Eternal Limited,ETERNAL,NSI,India Stocks,INR,50,330.6,19.75,2025-10-29 GMT+0530,18:56:00,,,Buy,,,,
3305,Eternal Limited,ETERNAL,NSI,India Stocks,INR,91,302,49.12,2025-11-11 GMT+0530,18:42:00,,,Sell,FIFO,,,
3306,Eternal Limited,ETERNAL,NSI,India Stocks,INR,16,301.95,0,2025-11-11 GMT+0530,18:42:00,,,Sell,FIFO,,,
3307,Zydus Lifesciences Ltd,ZYDUSLIFE,NSI,India Stocks,INR,,,,,,,,,,,,
3308,Zydus Lifesciences Ltd,ZYDUSLIFE,NSI,India Stocks,INR,24,1000.85,0,2024-04-01 GMT+0530,12:30:00,,,Buy,,,,
3309,Zydus Lifesciences Ltd,ZYDUSLIFE,NSI,India Stocks,INR,3,984.7,0,2024-04-12 GMT+0530,12:30:00,,,Buy,,,,
3310,Zydus Lifesciences Ltd,ZYDUSLIFE,NSI,India Stocks,INR,7,981.4,0,2024-05-03 GMT+0530,12:30:00,,,Sell,FIFO,,,
3311,Zydus Lifesciences Ltd,ZYDUSLIFE,NSI,India Stocks,INR,20,981.15,0,2024-05-03 GMT+0530,12:30:00,,,Sell,FIFO,,,
3312,Zydus Lifesciences Ltd,ZYDUSLIFE,NSI,India Stocks,INR,57,1028,0,2024-06-03 GMT+0530,12:30:00,,,Buy,,,,
3313,Zydus Lifesciences Ltd,ZYDUSLIFE,NSI,India Stocks,INR,1,1165.15,1.21,2024-07-12 GMT+0530,12:30:00,,,Buy,,,,
3314,Zydus Lifesciences Ltd,ZYDUSLIFE,NSI,India Stocks,INR,174,0,0,2024-07-26 GMT+0530,12:30:00,,,Dividend,FIFO,,,
3315,Zydus Lifesciences Ltd,ZYDUSLIFE,NSI,India Stocks,INR,5,981.6,0,2024-12-16 GMT+0530,12:30:00,,,Sell,FIFO,,,
3316,Zydus Lifesciences Ltd,ZYDUSLIFE,NSI,India Stocks,INR,53,981.75,59.06,2024-12-16 GMT+0530,12:30:00,,,Sell,FIFO,,,
3317,Zydus Lifesciences Ltd,ZYDUSLIFE,NSI,India Stocks,INR,38,914,41.03,2026-02-10 GMT+0530,21:49:00,,,Buy,,,,
3318,Jash Engineering Limited,JASH,NSI,India Stocks,INR,,,,,,,,,,,,
3319,Jash Engineering Limited,JASH,NSI,India Stocks,INR,94,619.55,69.42,2025-01-16 GMT+0530,12:30:00,,,Buy,,,,
3320,Jash Engineering Limited,JASH,NSI,India Stocks,INR,27,525.8,0,2025-02-17 GMT+0530,19:42:00,,,Sell,FIFO,,,
3321,Jash Engineering Limited,JASH,NSI,India Stocks,INR,33,525.75,66.62,2025-02-17 GMT+0530,19:42:00,,,Sell,FIFO,,,
3322,Jash Engineering Limited,JASH,NSI,India Stocks,INR,0,526.05,0,2025-02-17 GMT+0530,19:43:00,,,Sell All,FIFO,,,
3323,Jash Engineering Limited,JASH,NSI,India Stocks,INR,12,526,0,2025-02-17 GMT+0530,19:43:00,,,Sell,FIFO,,,
3324,Jash Engineering Limited,JASH,NSI,India Stocks,INR,12,525.85,0,2025-02-17 GMT+0530,19:43:00,,,Sell,FIFO,,,
3325,Jash Engineering Limited,JASH,NSI,India Stocks,INR,106,560,70.58,2025-02-27 GMT+0530,13:17:00,,,Buy,,,,
3326,Jash Engineering Limited,JASH,NSI,India Stocks,INR,84.8,582.5,0,2025-03-10 GMT+0530,11:29:00,,,Dividend,FIFO,,,
3327,Jash Engineering Limited,JASH,NSI,India Stocks,INR,65,589.45,45.75,2025-03-19 GMT+0530,12:46:00,,,Buy,,,,
3328,Jash Engineering Limited,JASH,NSI,India Stocks,INR,12,578.4,0,2025-05-23 GMT+0530,14:20:00,,,Buy,,,,
3329,Jash Engineering Limited,JASH,NSI,India Stocks,INR,17,578.35,0,2025-05-23 GMT+0530,14:20:00,,,Buy,,,,
3330,Jash Engineering Limited,JASH,NSI,India Stocks,INR,34,578.3,0,2025-05-23 GMT+0530,14:20:00,,,Buy,,,,
3331,Jash Engineering Limited,JASH,NSI,India Stocks,INR,46,578.5,82.61,2025-05-23 GMT+0530,14:21:00,,,Buy,,,,
3332,Jash Engineering Limited,JASH,NSI,India Stocks,INR,12,578.45,0,2025-05-23 GMT+0530,14:21:00,,,Buy,,,,
3333,Jash Engineering Limited,JASH,NSI,India Stocks,INR,2,552.55,0,2025-05-29 GMT+0530,11:32:00,,,Buy,,,,
3334,Jash Engineering Limited,JASH,NSI,India Stocks,INR,3,552.6,0,2025-05-29 GMT+0530,11:32:00,,,Buy,,,,
3335,Jash Engineering Limited,JASH,NSI,India Stocks,INR,10,552.65,10.75,2025-05-29 GMT+0530,11:32:00,,,Buy,,,,
3336,Jash Engineering Limited,JASH,NSI,India Stocks,INR,1,552.8,0,2025-05-29 GMT+0530,11:33:00,,,Buy,,,,
3337,Jash Engineering Limited,JASH,NSI,India Stocks,INR,1,552.85,0,2025-05-29 GMT+0530,11:33:00,,,Buy,,,,
3338,Jash Engineering Limited,JASH,NSI,India Stocks,INR,7,572.75,5.16,2025-07-29 GMT+0530,17:42:00,,,Buy,,,,
3339,Jash Engineering Limited,JASH,NSI,India Stocks,INR,1,523.9,0,2025-08-29 GMT+0530,15:46:00,,,Buy,,,,
3340,Jash Engineering Limited,JASH,NSI,India Stocks,INR,2,524,1.63,2025-08-29 GMT+0530,15:46:00,,,Buy,,,,
3341,Jash Engineering Limited,JASH,NSI,India Stocks,INR,382.8,501.8,0,2025-09-08 GMT+0530,21:18:00,,,Dividend,FIFO,,,
3342,Jash Engineering Limited,JASH,NSI,India Stocks,INR,10,500,6.19,2025-09-29 GMT+0530,16:13:00,,,Buy,,,,
3343,Jash Engineering Limited,JASH,NSI,India Stocks,INR,4,480,0,2025-10-29 GMT+0530,18:24:00,,,Sell,FIFO,,,
3344,Jash Engineering Limited,JASH,NSI,India Stocks,INR,13,479.65,0,2025-10-29 GMT+0530,18:24:00,,,Sell,FIFO,,,
3345,Jash Engineering Limited,JASH,NSI,India Stocks,INR,62,480.05,199.82,2025-10-29 GMT+0530,18:24:00,,,Sell,FIFO,,,
3346,Jash Engineering Limited,JASH,NSI,India Stocks,INR,10,480.4,0,2025-10-29 GMT+0530,18:25:00,,,Sell,FIFO,,,
3347,Jash Engineering Limited,JASH,NSI,India Stocks,INR,29,480.2,0,2025-10-29 GMT+0530,18:25:00,,,Sell,FIFO,,,
3348,Jash Engineering Limited,JASH,NSI,India Stocks,INR,7,479.95,0,2025-10-29 GMT+0530,18:25:00,,,Sell,FIFO,,,
3349,Jash Engineering Limited,JASH,NSI,India Stocks,INR,6,480.5,0,2025-10-29 GMT+0530,18:25:00,,,Sell,FIFO,,,
3350,Jash Engineering Limited,JASH,NSI,India Stocks,INR,21,480.35,0,2025-10-29 GMT+0530,18:26:00,,,Sell,FIFO,,,
3351,Jash Engineering Limited,JASH,NSI,India Stocks,INR,49,480.3,0,2025-10-29 GMT+0530,18:26:00,,,Sell,FIFO,,,
3352,Jash Engineering Limited,JASH,NSI,India Stocks,INR,51,479.85,0,2025-10-29 GMT+0530,18:26:00,,,Sell,FIFO,,,
3353,Jash Engineering Limited,JASH,NSI,India Stocks,INR,47,479.8,0,2025-10-29 GMT+0530,18:27:00,,,Sell,FIFO,,,
3354,Jash Engineering Limited,JASH,NSI,India Stocks,INR,30,480.25,0,2025-10-29 GMT+0530,18:27:00,,,Sell,FIFO,,,
3355,Jash Engineering Limited,JASH,NSI,India Stocks,INR,8,479.8,1.62,2025-10-29 GMT+0530,18:28:00,,,Buy,,,,
3356,Jash Engineering Limited,JASH,NSI,India Stocks,INR,59,480.6,0,2025-11-10 GMT+0530,17:17:00,,,Buy,,,,
3357,Jash Engineering Limited,JASH,NSI,India Stocks,INR,33,480.85,0,2025-11-10 GMT+0530,17:18:00,,,Buy,,,,
3358,Jash Engineering Limited,JASH,NSI,India Stocks,INR,59,480.9,232.44,2025-11-10 GMT+0530,17:18:00,,,Buy,,,,
3359,Jash Engineering Limited,JASH,NSI,India Stocks,INR,50,480.65,0,2025-11-10 GMT+0530,17:19:00,,,Buy,,,,
3360,Jash Engineering Limited,JASH,NSI,India Stocks,INR,53,480.55,0,2025-11-10 GMT+0530,17:19:00,,,Buy,,,,
3361,Jash Engineering Limited,JASH,NSI,India Stocks,INR,35,481.1,0,2025-11-10 GMT+0530,17:19:00,,,Buy,,,,
3362,Jash Engineering Limited,JASH,NSI,India Stocks,INR,1,480.95,0,2025-11-10 GMT+0530,17:20:00,,,Buy,,,,
3363,Jash Engineering Limited,JASH,NSI,India Stocks,INR,17,480.7,0,2025-11-10 GMT+0530,17:20:00,,,Buy,,,,
3364,Jash Engineering Limited,JASH,NSI,India Stocks,INR,9,480.25,0,2025-11-10 GMT+0530,17:20:00,,,Buy,,,,
3365,Jash Engineering Limited,JASH,NSI,India Stocks,INR,18,480,0,2025-11-10 GMT+0530,17:21:00,,,Buy,,,,
3366,Jash Engineering Limited,JASH,NSI,India Stocks,INR,17,480.4,0,2025-11-10 GMT+0530,17:21:00,,,Buy,,,,
3367,Jash Engineering Limited,JASH,NSI,India Stocks,INR,20,480.3,0,2025-11-10 GMT+0530,17:22:00,,,Buy,,,,
3368,Jash Engineering Limited,JASH,NSI,India Stocks,INR,19,480.5,0,2025-11-10 GMT+0530,17:22:00,,,Buy,,,,
3369,Jash Engineering Limited,JASH,NSI,India Stocks,INR,18,480.45,0,2025-11-10 GMT+0530,17:22:00,,,Buy,,,,
3370,Jash Engineering Limited,JASH,NSI,India Stocks,INR,416,440,205.23,2025-12-05 GMT+0530,12:46:00,,,Sell,FIFO,,,
3371,Jash Engineering Limited,JASH,NSI,India Stocks,INR,50,419.05,87,2026-02-03 GMT+0530,19:48:00,,,Buy,,,,
3372,Jash Engineering Limited,JASH,NSI,India Stocks,INR,20,418.75,0,2026-02-03 GMT+0530,19:48:00,,,Buy,,,,
3373,Jash Engineering Limited,JASH,NSI,India Stocks,INR,45,418.2,0,2026-02-03 GMT+0530,19:49:00,,,Buy,,,,
3374,Jash Engineering Limited,JASH,NSI,India Stocks,INR,24,419,0,2026-02-03 GMT+0530,19:49:00,,,Buy,,,,
3375,Jash Engineering Limited,JASH,NSI,India Stocks,INR,18,418.35,0,2026-02-03 GMT+0530,19:49:00,,,Buy,,,,
3376,Jash Engineering Limited,JASH,NSI,India Stocks,INR,18,418.15,0,2026-02-03 GMT+0530,19:49:00,,,Buy,,,,
3377,Jash Engineering Limited,JASH,NSI,India Stocks,INR,3,364.85,0,2026-03-12 GMT+0530,16:31:00,,,Sell,FIFO,,,
3378,Jash Engineering Limited,JASH,NSI,India Stocks,INR,38,365,0,2026-03-12 GMT+0530,16:31:00,,,Sell,FIFO,,,
3379,Jash Engineering Limited,JASH,NSI,India Stocks,INR,24,365.2,0,2026-03-12 GMT+0530,16:31:00,,,Sell,FIFO,,,
3380,Jash Engineering Limited,JASH,NSI,India Stocks,INR,62,365.05,81.62,2026-03-12 GMT+0530,16:32:00,,,Sell,FIFO,,,
3381,Jash Engineering Limited,JASH,NSI,India Stocks,INR,26,365.25,0,2026-03-12 GMT+0530,16:32:00,,,Sell,FIFO,,,
3382,Jash Engineering Limited,JASH,NSI,India Stocks,INR,2,364.95,0,2026-03-12 GMT+0530,16:32:00,,,Sell,FIFO,,,
3383,Jash Engineering Limited,JASH,NSI,India Stocks,INR,20,364.9,0,2026-03-12 GMT+0530,16:32:00,,,Sell,FIFO,,,
3384,Jash Engineering Limited,JASH,NSI,India Stocks,INR,84,398.6,60.51,2026-04-15 GMT+0530,20:26:00,,,Buy,,,,
3385,Jash Engineering Limited,JASH,NSI,India Stocks,INR,43,398.5,0,2026-04-15 GMT+0530,20:26:00,,,Buy,,,,
3386,Jash Engineering Limited,JASH,NSI,India Stocks,INR,4,511.15,2.12,2026-07-22 GMT+0530,21:18:00,,,Buy,,,,
3387,Transrail Lighting Ltd,TRANSRAILL,NSI,India Stocks,INR,,,,,,,,,,,,
3388,Transrail Lighting Ltd,TRANSRAILL,NSI,India Stocks,INR,117,618.55,86.08,2025-01-16 GMT+0530,12:30:00,,,Buy,,,,
3389,Transrail Lighting Ltd,TRANSRAILL,NSI,India Stocks,INR,5,552.7,0,2025-01-30 GMT+0530,19:16:00,,,Buy,,,,
3390,Transrail Lighting Ltd,TRANSRAILL,NSI,India Stocks,INR,27,552.8,0,2025-01-30 GMT+0530,19:17:00,,,Buy,,,,
3391,Transrail Lighting Ltd,TRANSRAILL,NSI,India Stocks,INR,34,552.75,45.57,2025-01-30 GMT+0530,19:17:00,,,Buy,,,,
3392,Transrail Lighting Ltd,TRANSRAILL,NSI,India Stocks,INR,3,552.65,0,2025-01-30 GMT+0530,19:19:00,,,Buy,,,,
3393,Transrail Lighting Ltd,TRANSRAILL,NSI,India Stocks,INR,84,543.3,120.19,2025-02-17 GMT+0530,20:37:00,,,Sell,FIFO,,,
3394,Transrail Lighting Ltd,TRANSRAILL,NSI,India Stocks,INR,1,543.4,0,2025-02-17 GMT+0530,20:38:00,,,Sell,FIFO,,,
3395,Transrail Lighting Ltd,TRANSRAILL,NSI,India Stocks,INR,55,543.35,0,2025-02-17 GMT+0530,20:38:00,,,Sell,FIFO,,,
3396,Transrail Lighting Ltd,TRANSRAILL,NSI,India Stocks,INR,0,543.5,0,2025-02-17 GMT+0530,20:39:00,,,Sell All,FIFO,,,
3397,Transrail Lighting Ltd,TRANSRAILL,NSI,India Stocks,INR,1,543.45,0,2025-02-17 GMT+0530,20:39:00,,,Sell,FIFO,,,
3398,Transrail Lighting Ltd,TRANSRAILL,NSI,India Stocks,INR,186,508.9,112.2,2025-03-21 GMT+0530,12:18:00,,,Buy,,,,
3399,Transrail Lighting Ltd,TRANSRAILL,NSI,India Stocks,INR,35,479.5,0,2025-03-27 GMT+0530,12:03:00,,,Sell,FIFO,,,
3400,Transrail Lighting Ltd,TRANSRAILL,NSI,India Stocks,INR,45,479.2,0,2025-03-27 GMT+0530,12:03:00,,,Sell,FIFO,,,
3401,Transrail Lighting Ltd,TRANSRAILL,NSI,India Stocks,INR,0,479.15,0,2025-03-27 GMT+0530,12:04:00,,,Sell All,FIFO,,,
3402,Transrail Lighting Ltd,TRANSRAILL,NSI,India Stocks,INR,51,479.25,108.54,2025-03-27 GMT+0530,12:04:00,,,Sell,FIFO,,,
3403,Transrail Lighting Ltd,TRANSRAILL,NSI,India Stocks,INR,45,479.4,0,2025-03-27 GMT+0530,12:04:00,,,Sell,FIFO,,,
3404,Transrail Lighting Ltd,TRANSRAILL,NSI,India Stocks,INR,186,484.9,107.57,2025-04-02 GMT+0530,13:09:00,,,Buy,,,,
3405,Transrail Lighting Ltd,TRANSRAILL,NSI,India Stocks,INR,4,758.75,3.15,2025-08-29 GMT+0530,16:31:00,,,Buy,,,,
3406,Transrail Lighting Ltd,TRANSRAILL,NSI,India Stocks,INR,152,737.05,0,2025-09-04 GMT+0530,23:29:00,,,Dividend,FIFO,,,
3407,Transrail Lighting Ltd,TRANSRAILL,NSI,India Stocks,INR,3,733.95,2.61,2025-10-29 GMT+0530,20:30:00,,,Buy,,,,
3408,Transrail Lighting Ltd,TRANSRAILL,NSI,India Stocks,INR,79,627.95,0,2025-11-10 GMT+0530,17:29:00,,,Sell,FIFO,,,
3409,Transrail Lighting Ltd,TRANSRAILL,NSI,India Stocks,INR,114,628,141.07,2025-11-10 GMT+0530,17:30:00,,,Sell,FIFO,,,
3410,Transrail Lighting Ltd,TRANSRAILL,NSI,India Stocks,INR,123,532.8,77.99,2026-02-03 GMT+0530,19:54:00,,,Buy,,,,
3411,Transrail Lighting Ltd,TRANSRAILL,NSI,India Stocks,INR,92,504.05,80.16,2026-03-12 GMT+0530,17:40:00,,,Sell,FIFO,,,
3412,Transrail Lighting Ltd,TRANSRAILL,NSI,India Stocks,INR,10,504.1,0,2026-03-12 GMT+0530,17:41:00,,,Sell,FIFO,,,
3413,Transrail Lighting Ltd,TRANSRAILL,NSI,India Stocks,INR,1,504.3,0,2026-03-12 GMT+0530,17:41:00,,,Sell,FIFO,,,
3414,Transrail Lighting Ltd,TRANSRAILL,NSI,India Stocks,INR,10,504.25,0,2026-03-12 GMT+0530,17:41:00,,,Sell,FIFO,,,
3415,Transrail Lighting Ltd,TRANSRAILL,NSI,India Stocks,INR,10,504.15,0,2026-03-12 GMT+0530,17:41:00,,,Sell,FIFO,,,
3416,Transrail Lighting Ltd,TRANSRAILL,NSI,India Stocks,INR,3,499.45,0,2026-03-24 GMT+0530,16:07:00,,,Buy,,,,
3417,Transrail Lighting Ltd,TRANSRAILL,NSI,India Stocks,INR,4,499.7,0,2026-03-24 GMT+0530,16:07:00,,,Buy,,,,
3418,Transrail Lighting Ltd,TRANSRAILL,NSI,India Stocks,INR,16,499.9,0,2026-03-24 GMT+0530,16:08:00,,,Buy,,,,
3419,Transrail Lighting Ltd,TRANSRAILL,NSI,India Stocks,INR,77,499.75,59.25,2026-03-24 GMT+0530,16:08:00,,,Buy,,,,
3420,Transrail Lighting Ltd,TRANSRAILL,NSI,India Stocks,INR,100,476.65,56.45,2026-04-01 GMT+0530,21:03:00,,,Buy,,,,
3421,Transrail Lighting Ltd,TRANSRAILL,NSI,India Stocks,INR,4,559.1,0,2026-04-15 GMT+0530,20:43:00,,,Buy,,,,
3422,Transrail Lighting Ltd,TRANSRAILL,NSI,India Stocks,INR,11,559.25,0,2026-04-15 GMT+0530,20:44:00,,,Buy,,,,
3423,Transrail Lighting Ltd,TRANSRAILL,NSI,India Stocks,INR,11,559.2,0,2026-04-15 GMT+0530,20:44:00,,,Buy,,,,
3424,Transrail Lighting Ltd,TRANSRAILL,NSI,India Stocks,INR,30,559.3,37.49,2026-04-15 GMT+0530,20:45:00,,,Buy,,,,
3425,Transrail Lighting Ltd,TRANSRAILL,NSI,India Stocks,INR,169,492.2,147.16,2026-05-20 GMT+0530,20:07:00,,,Sell,FIFO,,,
3426,Transrail Lighting Ltd,TRANSRAILL,NSI,India Stocks,INR,20,492.15,0,2026-05-20 GMT+0530,20:07:00,,,Sell,FIFO,,,
3427,Transrail Lighting Ltd,TRANSRAILL,NSI,India Stocks,INR,1,492.35,0,2026-05-20 GMT+0530,20:08:00,,,Sell,FIFO,,,
3428,Transrail Lighting Ltd,TRANSRAILL,NSI,India Stocks,INR,56,492.3,0,2026-05-20 GMT+0530,20:08:00,,,Sell,FIFO,,,
3429,Transrail Lighting Ltd,TRANSRAILL,NSI,India Stocks,INR,10,492.25,0,2026-05-20 GMT+0530,20:08:00,,,Sell,FIFO,,,
3430,Acme Solar Holdings Ltd,ACMESOLAR,NSI,India Stocks,INR,,,,,,,,,,,,
3431,Acme Solar Holdings Ltd,ACMESOLAR,NSI,India Stocks,INR,613,210.35,152.77,2025-01-30 GMT+0530,19:08:00,,,Buy,,,,
3432,Acme Solar Holdings Ltd,ACMESOLAR,NSI,India Stocks,INR,46,196.89,17.83,2025-02-12 GMT+0530,11:39:00,,,Buy,,,,
3433,Acme Solar Holdings Ltd,ACMESOLAR,NSI,India Stocks,INR,120,173.1,0,2025-02-17 GMT+0530,20:41:00,,,Sell,FIFO,,,
3434,Acme Solar Holdings Ltd,ACMESOLAR,NSI,India Stocks,INR,15,173.25,0,2025-02-17 GMT+0530,20:41:00,,,Sell,FIFO,,,
3435,Acme Solar Holdings Ltd,ACMESOLAR,NSI,India Stocks,INR,24,173.43,0,2025-02-17 GMT+0530,20:42:00,,,Sell,FIFO,,,
3436,Acme Solar Holdings Ltd,ACMESOLAR,NSI,India Stocks,INR,19,173.42,0,2025-02-17 GMT+0530,20:42:00,,,Sell,FIFO,,,
3437,Acme Solar Holdings Ltd,ACMESOLAR,NSI,India Stocks,INR,20,173.44,0,2025-02-17 GMT+0530,20:42:00,,,Sell,FIFO,,,
3438,Acme Solar Holdings Ltd,ACMESOLAR,NSI,India Stocks,INR,1,173.05,0,2025-02-17 GMT+0530,20:43:00,,,Sell,FIFO,,,
3439,Acme Solar Holdings Ltd,ACMESOLAR,NSI,India Stocks,INR,444,173.02,133.67,2025-02-17 GMT+0530,20:43:00,,,Sell,FIFO,,,
3440,Acme Solar Holdings Ltd,ACMESOLAR,NSI,India Stocks,INR,16,173.05,0,2025-02-17 GMT+0530,20:44:00,,,Sell,FIFO,,,
3441,Acme Solar Holdings Ltd,ACMESOLAR,NSI,India Stocks,INR,659,202.15,158.2,2025-03-21 GMT+0530,12:09:00,,,Buy,,,,
3442,Acme Solar Holdings Ltd,ACMESOLAR,NSI,India Stocks,INR,416,190.4,149.39,2025-03-27 GMT+0530,11:41:00,,,Sell,FIFO,,,
3443,Acme Solar Holdings Ltd,ACMESOLAR,NSI,India Stocks,INR,142,190.5,0,2025-03-27 GMT+0530,11:41:00,,,Sell,FIFO,,,
3444,Acme Solar Holdings Ltd,ACMESOLAR,NSI,India Stocks,INR,0,190.55,0,2025-03-27 GMT+0530,11:42:00,,,Sell All,FIFO,,,
3445,Acme Solar Holdings Ltd,ACMESOLAR,NSI,India Stocks,INR,99,190.45,0,2025-03-27 GMT+0530,11:42:00,,,Sell,FIFO,,,
3446,Acme Solar Holdings Ltd,ACMESOLAR,NSI,India Stocks,INR,659,192.9,150.81,2025-04-02 GMT+0530,13:05:00,,,Buy,,,,
3447,Acme Solar Holdings Ltd,ACMESOLAR,NSI,India Stocks,INR,48,212.99,0,2025-04-29 GMT+0530,11:55:00,,,Buy,,,,
3448,Acme Solar Holdings Ltd,ACMESOLAR,NSI,India Stocks,INR,83,213.01,52.06,2025-04-29 GMT+0530,11:56:00,,,Buy,,,,
3449,Acme Solar Holdings Ltd,ACMESOLAR,NSI,India Stocks,INR,62,213.02,0,2025-04-29 GMT+0530,11:56:00,,,Buy,,,,
3450,Acme Solar Holdings Ltd,ACMESOLAR,NSI,India Stocks,INR,170.4,235.51,0,2025-05-02 GMT+0530,20:51:00,,,Dividend,FIFO,,,
3451,Acme Solar Holdings Ltd,ACMESOLAR,NSI,India Stocks,INR,25,249.37,7.47,2025-05-29 GMT+0530,11:15:00,,,Buy,,,,
3452,Acme Solar Holdings Ltd,ACMESOLAR,NSI,India Stocks,INR,14,249.25,7.72,2025-06-30 GMT+0530,12:00:00,,,Buy,,,,
3453,Acme Solar Holdings Ltd,ACMESOLAR,NSI,India Stocks,INR,12,249.2,0,2025-06-30 GMT+0530,12:00:00,,,Buy,,,,
3454,Acme Solar Holdings Ltd,ACMESOLAR,NSI,India Stocks,INR,6,288.7,1.8,2025-08-29 GMT+0530,14:45:00,,,Buy,,,,
3455,Acme Solar Holdings Ltd,ACMESOLAR,NSI,India Stocks,INR,56,272.55,17.83,2025-09-29 GMT+0530,13:40:00,,,Buy,,,,
3456,Acme Solar Holdings Ltd,ACMESOLAR,NSI,India Stocks,INR,2,285.65,0.68,2025-10-29 GMT+0530,18:46:00,,,Buy,,,,
3457,Acme Solar Holdings Ltd,ACMESOLAR,NSI,India Stocks,INR,593,253.85,271.98,2025-11-11 GMT+0530,18:36:00,,,Sell,FIFO,,,
3458,Acme Solar Holdings Ltd,ACMESOLAR,NSI,India Stocks,INR,60,253.9,0,2025-11-11 GMT+0530,18:36:00,,,Sell,FIFO,,,
3459,Acme Solar Holdings Ltd,ACMESOLAR,NSI,India Stocks,INR,49,254.2,0,2025-11-11 GMT+0530,18:37:00,,,Sell,FIFO,,,
3460,Acme Solar Holdings Ltd,ACMESOLAR,NSI,India Stocks,INR,153,253.8,0,2025-11-11 GMT+0530,18:37:00,,,Sell,FIFO,,,
3461,Acme Solar Holdings Ltd,ACMESOLAR,NSI,India Stocks,INR,61,254,0,2025-11-11 GMT+0530,18:37:00,,,Sell,FIFO,,,
3462,Acme Solar Holdings Ltd,ACMESOLAR,NSI,India Stocks,INR,51,254.05,0,2025-11-11 GMT+0530,18:38:00,,,Sell,FIFO,,,
3463,Acme Solar Holdings Ltd,ACMESOLAR,NSI,India Stocks,INR,500,237.68,141.29,2026-01-05 GMT+0530,18:31:00,,,Buy,,,,
3464,Acme Solar Holdings Ltd,ACMESOLAR,NSI,India Stocks,INR,100,0,0,2026-02-06 GMT+0530,21:24:00,,,Dividend,FIFO,,,
3465,Acme Solar Holdings Ltd,ACMESOLAR,NSI,India Stocks,INR,169,225.4,0,2026-03-12 GMT+0530,14:19:00,,,Sell,FIFO,,,
3466,Acme Solar Holdings Ltd,ACMESOLAR,NSI,India Stocks,INR,1,225.65,0,2026-03-12 GMT+0530,14:19:00,,,Sell,FIFO,,,
3467,Acme Solar Holdings Ltd,ACMESOLAR,NSI,India Stocks,INR,112,225.55,0,2026-03-12 GMT+0530,14:19:00,,,Sell,FIFO,,,
3468,Acme Solar Holdings Ltd,ACMESOLAR,NSI,India Stocks,INR,21,225.6,0,2026-03-12 GMT+0530,14:20:00,,,Sell,FIFO,,,
3469,Acme Solar Holdings Ltd,ACMESOLAR,NSI,India Stocks,INR,197,225.45,133.19,2026-03-12 GMT+0530,14:20:00,,,Sell,FIFO,,,
3470,Itc Hotels Limited,ITCHOTELS,NSI,India Stocks,INR,,,,,,,,,,,,
3471,Itc Hotels Limited,ITCHOTELS,NSI,India Stocks,INR,1,471.36,0,2022-10-24 GMT+0530,11:55:00,,,Buy,,,,
3472,Itc Hotels Limited,ITCHOTELS,NSI,India Stocks,INR,1,471.24,0,2022-10-24 GMT+0530,11:55:00,,,Buy,,,,
3473,Itc Hotels Limited,ITCHOTELS,NSI,India Stocks,INR,1,471.09,0,2022-10-24 GMT+0530,11:56:00,,,Buy,,,,
3474,Itc Hotels Limited,ITCHOTELS,NSI,India Stocks,INR,1,471.71,0,2022-11-23 GMT+0530,11:56:00,,,Buy,,,,
3475,Itc Hotels Limited,ITCHOTELS,NSI,India Stocks,INR,1,457.09,0,2023-01-12 GMT+0530,11:57:00,,,Buy,,,,
3476,Itc Hotels Limited,ITCHOTELS,NSI,India Stocks,INR,1,588.13,0,2023-07-13 GMT+0530,11:57:00,,,Buy,,,,
3477,Itc Hotels Limited,ITCHOTELS,NSI,India Stocks,INR,1,637.67,0,2024-12-09 GMT+0530,11:58:00,,,Buy,,,,
3478,Itc Hotels Limited,ITCHOTELS,NSI,India Stocks,INR,1,608.96,0,2024-12-12 GMT+0530,11:59:00,,,Buy,,,,
3479,Itc Hotels Limited,ITCHOTELS,NSI,India Stocks,INR,1,636.31,0,2024-12-27 GMT+0530,11:59:00,,,Buy,,,,
3480,Itc Hotels Limited,ITCHOTELS,NSI,India Stocks,INR,1,170.8,0.18,2025-02-12 GMT+0530,12:08:00,,,Buy,,,,
3481,Itc Hotels Limited,ITCHOTELS,NSI,India Stocks,INR,0,193.34,17.35,2025-03-27 GMT+0530,11:51:00,,,Sell All,FIFO,,,
3482,Acc Limited,ACC,NSI,India Stocks,INR,,,,,,,,,,,,
3483,Acc Limited,ACC,NSI,India Stocks,INR,10,1892.3,24.59,2025-02-17 GMT+0530,20:35:00,,,Buy,,,,
3484,Acc Limited,ACC,NSI,India Stocks,INR,1,1892.35,0,2025-02-17 GMT+0530,21:17:00,,,Buy,,,,
3485,Acc Limited,ACC,NSI,India Stocks,INR,2,1860.05,4.86,2025-03-12 GMT+0530,12:26:00,,,Buy,,,,
3486,Acc Limited,ACC,NSI,India Stocks,INR,2,1918.4,4.98,2025-04-29 GMT+0530,11:52:00,,,Buy,,,,
3487,Acc Limited,ACC,NSI,India Stocks,INR,2,1918.8,4.98,2025-05-29 GMT+0530,11:15:00,,,Buy,,,,
3488,Acc Limited,ACC,NSI,India Stocks,INR,0,1885.5,48.59,2025-06-02 GMT+0530,15:58:00,,,Sell All,FIFO,,,
3489,Ashok Leyland Ltd,ASHOKLEY,NSI,India Stocks,INR,,,,,,,,,,,,
3490,Ashok Leyland Ltd,ASHOKLEY,NSI,India Stocks,INR,49,219.99,24,2025-02-17 GMT+0530,20:51:00,,,Buy,,,,
3491,Ashok Leyland Ltd,ASHOKLEY,NSI,India Stocks,INR,32,220.03,0,2025-02-17 GMT+0530,20:52:00,,,Buy,,,,
3492,Ashok Leyland Ltd,ASHOKLEY,NSI,India Stocks,INR,11,220,0,2025-02-17 GMT+0530,20:52:00,,,Buy,,,,
3493,Ashok Leyland Ltd,ASHOKLEY,NSI,India Stocks,INR,26,199.88,6.39,2025-03-12 GMT+0530,12:27:00,,,Buy,,,,
3494,Ashok Leyland Ltd,ASHOKLEY,NSI,India Stocks,INR,0,209.25,40.96,2025-04-11 GMT+0530,13:31:00,,,Sell All,FIFO,,,
3495,Ashok Leyland Ltd,ASHOKLEY,NSI,India Stocks,INR,158,142.09,0,2025-11-03 GMT+0530,18:16:00,,,Buy,,,,
3496,Ashok Leyland Ltd,ASHOKLEY,NSI,India Stocks,INR,263,142.1,71.06,2025-11-03 GMT+0530,18:16:00,,,Buy,,,,
3497,Ashok Leyland Ltd,ASHOKLEY,NSI,India Stocks,INR,8,148.24,1.23,2025-11-17 GMT+0530,11:06:00,,,Buy,,,,
3498,Ashok Leyland Ltd,ASHOKLEY,NSI,India Stocks,INR,429,159.58,0,2025-11-18 GMT+0530,20:05:00,,,Dividend,FIFO,,,
3499,Ashok Leyland Ltd,ASHOKLEY,NSI,India Stocks,INR,71,149.4,0,2026-05-20 GMT+0530,19:31:00,,,Sell,FIFO,,,
3500,Ashok Leyland Ltd,ASHOKLEY,NSI,India Stocks,INR,358,149.45,82.36,2026-05-20 GMT+0530,19:32:00,,,Sell,FIFO,,,
3501,Jubilant Foodworks Ltd,JUBLFOOD,NSI,India Stocks,INR,,,,,,,,,,,,
3502,Jubilant Foodworks Ltd,JUBLFOOD,NSI,India Stocks,INR,29,673.6,23.97,2025-02-17 GMT+0530,19:40:00,,,Buy,,,,
3503,Jubilant Foodworks Ltd,JUBLFOOD,NSI,India Stocks,INR,1,673.95,0,2025-02-17 GMT+0530,19:43:00,,,Buy,,,,
3504,Jubilant Foodworks Ltd,JUBLFOOD,NSI,India Stocks,INR,1,602.7,0,2025-03-12 GMT+0530,12:49:00,,,Buy,,,,
3505,Jubilant Foodworks Ltd,JUBLFOOD,NSI,India Stocks,INR,8,602.75,6.63,2025-03-12 GMT+0530,12:51:00,,,Buy,,,,
3506,Jubilant Foodworks Ltd,JUBLFOOD,NSI,India Stocks,INR,1,704.9,0,2025-04-29 GMT+0530,12:06:00,,,Buy,,,,
3507,Jubilant Foodworks Ltd,JUBLFOOD,NSI,India Stocks,INR,2,705,2.19,2025-04-29 GMT+0530,12:06:00,,,Buy,,,,
3508,Jubilant Foodworks Ltd,JUBLFOOD,NSI,India Stocks,INR,8,667,6.54,2025-05-29 GMT+0530,11:36:00,,,Buy,,,,
3509,Jubilant Foodworks Ltd,JUBLFOOD,NSI,India Stocks,INR,0,656.85,49.41,2025-06-02 GMT+0530,16:06:00,,,Sell All,FIFO,,,
3510,Muthoot Finance Limited,MUTHOOTFIN,NSI,India Stocks,INR,,,,,,,,,,,,
3511,Muthoot Finance Limited,MUTHOOTFIN,NSI,India Stocks,INR,9,2232.1,23.84,2025-02-17 GMT+0530,20:00:00,,,Buy,,,,
3512,Muthoot Finance Limited,MUTHOOTFIN,NSI,India Stocks,INR,2,2201.75,5.57,2025-03-12 GMT+0530,12:57:00,,,Buy,,,,
3513,Muthoot Finance Limited,MUTHOOTFIN,NSI,India Stocks,INR,286,2104.8,0,2025-04-25 GMT+0530,18:21:00,,,Dividend,FIFO,,,
3514,Muthoot Finance Limited,MUTHOOTFIN,NSI,India Stocks,INR,3,2134.1,7.64,2025-04-29 GMT+0530,12:12:00,,,Buy,,,,
3515,Muthoot Finance Limited,MUTHOOTFIN,NSI,India Stocks,INR,2,2062.6,5.28,2025-05-29 GMT+0530,11:40:00,,,Buy,,,,
3516,Muthoot Finance Limited,MUTHOOTFIN,NSI,India Stocks,INR,0,2208,51.99,2025-06-02 GMT+0530,16:16:00,,,Sell All,FIFO,,,
3517,Muthoot Finance Limited,MUTHOOTFIN,NSI,India Stocks,INR,16,2936.6,55.33,2025-09-09 GMT+0530,20:32:00,,,Buy,,,,
3518,Muthoot Finance Limited,MUTHOOTFIN,NSI,India Stocks,INR,1,3035.6,3.15,2025-09-29 GMT+0530,16:15:00,,,Buy,,,,
3519,Muthoot Finance Limited,MUTHOOTFIN,NSI,India Stocks,INR,1,3164,3.75,2025-10-29 GMT+0530,20:05:00,,,Buy,,,,
3520,Muthoot Finance Limited,MUTHOOTFIN,NSI,India Stocks,INR,3,3900,0,2026-02-11 GMT+0530,17:29:00,,,Buy,,,,
3521,Muthoot Finance Limited,MUTHOOTFIN,NSI,India Stocks,INR,17,3898.9,0,2026-02-11 GMT+0530,17:29:00,,,Buy,,,,
3522,Muthoot Finance Limited,MUTHOOTFIN,NSI,India Stocks,INR,12,3900.8,0,2026-02-11 GMT+0530,17:29:00,,,Buy,,,,
3523,Muthoot Finance Limited,MUTHOOTFIN,NSI,India Stocks,INR,9,3900.2,0,2026-02-11 GMT+0530,17:30:00,,,Buy,,,,
3524,Muthoot Finance Limited,MUTHOOTFIN,NSI,India Stocks,INR,56,3899.9,462.4,2026-02-11 GMT+0530,17:30:00,,,Buy,,,,
3525,Muthoot Finance Limited,MUTHOOTFIN,NSI,India Stocks,INR,3,3900.9,0,2026-02-11 GMT+0530,17:30:00,,,Buy,,,,
3526,Muthoot Finance Limited,MUTHOOTFIN,NSI,India Stocks,INR,26,3132.6,0,2026-03-12 GMT+0530,16:48:00,,,Sell,FIFO,,,
3527,Muthoot Finance Limited,MUTHOOTFIN,NSI,India Stocks,INR,11,3132.8,0,2026-03-12 GMT+0530,16:48:00,,,Sell,FIFO,,,
3528,Muthoot Finance Limited,MUTHOOTFIN,NSI,India Stocks,INR,5,3132.75,0,2026-03-12 GMT+0530,16:49:00,,,Sell,FIFO,,,
3529,Muthoot Finance Limited,MUTHOOTFIN,NSI,India Stocks,INR,49,3132.35,401.94,2026-03-12 GMT+0530,16:49:00,,,Sell,FIFO,,,
3530,Muthoot Finance Limited,MUTHOOTFIN,NSI,India Stocks,INR,27,3132.65,0,2026-03-12 GMT+0530,16:49:00,,,Sell,FIFO,,,
3531,Muthoot Finance Limited,MUTHOOTFIN,NSI,India Stocks,INR,25,3101.9,93.07,2026-03-24 GMT+0530,13:37:00,,,Buy,,,,
3532,Muthoot Finance Limited,MUTHOOTFIN,NSI,India Stocks,INR,750,0,0,2026-04-17 GMT+0530,22:11:00,,,Dividend,FIFO,,,
3533,Sbi Cards & Pay Ser Ltd,SBICARD,NSI,India Stocks,INR,,,,,,,,,,,,
3534,Sbi Cards & Pay Ser Ltd,SBICARD,NSI,India Stocks,INR,24,853.8,24.26,2025-02-17 GMT+0530,20:25:00,,,Buy,,,,
3535,Sbi Cards & Pay Ser Ltd,SBICARD,NSI,India Stocks,INR,60,844,0,2025-02-25 GMT+0530,15:40:00,,,Dividend,FIFO,,,
3536,Sbi Cards & Pay Ser Ltd,SBICARD,NSI,India Stocks,INR,4,839.5,4.48,2025-03-12 GMT+0530,13:08:00,,,Buy,,,,
3537,Sbi Cards & Pay Ser Ltd,SBICARD,NSI,India Stocks,INR,5,879.5,6.47,2025-04-29 GMT+0530,12:29:00,,,Buy,,,,
3538,Sbi Cards & Pay Ser Ltd,SBICARD,NSI,India Stocks,INR,1,879.55,0,2025-04-29 GMT+0530,12:29:00,,,Buy,,,,
3539,Sbi Cards & Pay Ser Ltd,SBICARD,NSI,India Stocks,INR,2,914.25,1.9,2025-05-29 GMT+0530,11:59:00,,,Buy,,,,
3540,Sbi Cards & Pay Ser Ltd,SBICARD,NSI,India Stocks,INR,0,920.55,49.72,2025-06-02 GMT+0530,16:20:00,,,Sell All,FIFO,,,
3541,Upl Limited,UPL,NSI,India Stocks,INR,,,,,,,,,,,,
3542,Upl Limited,UPL,NSI,India Stocks,INR,6,624.2,0,2025-02-17 GMT+0530,20:46:00,,,Buy,,,,
3543,Upl Limited,UPL,NSI,India Stocks,INR,26,624.25,23.72,2025-02-17 GMT+0530,20:47:00,,,Buy,,,,
3544,Upl Limited,UPL,NSI,India Stocks,INR,6,614.5,4.82,2025-03-12 GMT+0530,13:21:00,,,Buy,,,,
3545,Upl Limited,UPL,NSI,India Stocks,INR,5,677.5,5.22,2025-04-29 GMT+0530,12:34:00,,,Buy,,,,
3546,Upl Limited,UPL,NSI,India Stocks,INR,1,677.4,0,2025-04-29 GMT+0530,12:34:00,,,Buy,,,,
3547,Upl Limited,UPL,NSI,India Stocks,INR,9,629.8,6.88,2025-05-29 GMT+0530,12:08:00,,,Buy,,,,
3548,Upl Limited,UPL,NSI,India Stocks,INR,0,635.4,50.28,2025-06-02 GMT+0530,16:21:00,,,Sell All,FIFO,,,
3549,Inox India Limited,INOXINDIA,NSI,India Stocks,INR,,,,,,,,,,,,
3550,Inox India Limited,INOXINDIA,NSI,India Stocks,INR,37,995.25,53.46,2025-02-27 GMT+0530,13:10:00,,,Buy,,,,
3551,Inox India Limited,INOXINDIA,NSI,India Stocks,INR,8,995.2,0,2025-02-27 GMT+0530,13:10:00,,,Buy,,,,
3552,Inox India Limited,INOXINDIA,NSI,India Stocks,INR,21,1000.8,33.07,2025-03-19 GMT+0530,12:45:00,,,Buy,,,,
3553,Inox India Limited,INOXINDIA,NSI,India Stocks,INR,7,1000.7,0,2025-03-19 GMT+0530,12:45:00,,,Buy,,,,
3554,Inox India Limited,INOXINDIA,NSI,India Stocks,INR,146,1171,0,2025-06-04 GMT+0530,08:05:00,,,Dividend,FIFO,,,
3555,Inox India Limited,INOXINDIA,NSI,India Stocks,INR,15,1222.8,72.42,2025-07-23 GMT+0530,12:20:00,,,Buy,,,,
3556,Inox India Limited,INOXINDIA,NSI,India Stocks,INR,4,1222.4,0,2025-07-23 GMT+0530,12:21:00,,,Buy,,,,
3557,Inox India Limited,INOXINDIA,NSI,India Stocks,INR,10,1222.9,0,2025-07-23 GMT+0530,12:21:00,,,Buy,,,,
3558,Inox India Limited,INOXINDIA,NSI,India Stocks,INR,3,1222.3,0,2025-07-23 GMT+0530,12:21:00,,,Buy,,,,
3559,Inox India Limited,INOXINDIA,NSI,India Stocks,INR,1,1222.2,0,2025-07-23 GMT+0530,12:21:00,,,Buy,,,,
3560,Inox India Limited,INOXINDIA,NSI,India Stocks,INR,5,1222.6,0,2025-07-23 GMT+0530,12:22:00,,,Buy,,,,
3561,Inox India Limited,INOXINDIA,NSI,India Stocks,INR,12,1222.7,0,2025-07-23 GMT+0530,12:22:00,,,Buy,,,,
3562,Inox India Limited,INOXINDIA,NSI,India Stocks,INR,2,1122.2,2.33,2025-08-29 GMT+0530,15:44:00,,,Buy,,,,
3563,Inox India Limited,INOXINDIA,NSI,India Stocks,INR,5,1146.6,0,2025-11-20 GMT+0530,11:21:00,,,Sell,FIFO,,,
3564,Inox India Limited,INOXINDIA,NSI,India Stocks,INR,120,1146.5,164.01,2025-11-20 GMT+0530,11:21:00,,,Sell,FIFO,,,
3565,Inox India Limited,INOXINDIA,NSI,India Stocks,INR,25,1460.5,42.88,2026-04-15 GMT+0530,20:24:00,,,Buy,,,,
3566,Inox India Limited,INOXINDIA,NSI,India Stocks,INR,18,1443.4,30.95,2026-05-20 GMT+0530,19:46:00,,,Buy,,,,
3567,Inox India Limited,INOXINDIA,NSI,India Stocks,INR,2,1470.7,3.05,2026-05-22 GMT+0530,14:14:00,,,Buy,,,,
3568,Inox India Limited,INOXINDIA,NSI,India Stocks,INR,90,0,0,2026-06-09 GMT+0530,20:58:00,,,Dividend,FIFO,,,
3569,Syrma Sgs Technology Ltd,SYRMA,NSI,India Stocks,INR,,,,,,,,,,,,
3570,Syrma Sgs Technology Ltd,SYRMA,NSI,India Stocks,INR,130,425.15,70.31,2025-02-27 GMT+0530,13:24:00,,,Buy,,,,
3571,Syrma Sgs Technology Ltd,SYRMA,NSI,India Stocks,INR,9,425.05,0,2025-02-27 GMT+0530,13:25:00,,,Buy,,,,
3572,Syrma Sgs Technology Ltd,SYRMA,NSI,India Stocks,INR,5,422.5,2.19,2025-03-12 GMT+0530,13:11:00,,,Buy,,,,
3573,Syrma Sgs Technology Ltd,SYRMA,NSI,India Stocks,INR,33,461.35,0,2025-03-19 GMT+0530,13:04:00,,,Buy,,,,
3574,Syrma Sgs Technology Ltd,SYRMA,NSI,India Stocks,INR,19,461.3,0,2025-03-19 GMT+0530,13:04:00,,,Buy,,,,
3575,Syrma Sgs Technology Ltd,SYRMA,NSI,India Stocks,INR,36,461.25,48.11,2025-03-19 GMT+0530,13:04:00,,,Buy,,,,
3576,Syrma Sgs Technology Ltd,SYRMA,NSI,India Stocks,INR,2,539.9,1.12,2025-05-29 GMT+0530,12:03:00,,,Buy,,,,
3577,Syrma Sgs Technology Ltd,SYRMA,NSI,India Stocks,INR,351,828.5,0,2025-09-19 GMT+0530,15:59:00,,,Dividend,FIFO,,,
3578,Syrma Sgs Technology Ltd,SYRMA,NSI,India Stocks,INR,100,817.3,97.63,2025-10-29 GMT+0530,20:27:00,,,Buy,,,,
3579,Syrma Sgs Technology Ltd,SYRMA,NSI,India Stocks,INR,176,863.3,304.43,2025-11-12 GMT+0530,12:02:00,,,Buy,,,,
3580,Syrma Sgs Technology Ltd,SYRMA,NSI,India Stocks,INR,122,863.25,0,2025-11-12 GMT+0530,12:02:00,,,Buy,,,,
3581,Syrma Sgs Technology Ltd,SYRMA,NSI,India Stocks,INR,14,723.3,0,2025-12-09 GMT+0530,19:57:00,,,Sell,FIFO,,,
3582,Syrma Sgs Technology Ltd,SYRMA,NSI,India Stocks,INR,100,723.65,0,2025-12-09 GMT+0530,19:57:00,,,Sell,FIFO,,,
3583,Syrma Sgs Technology Ltd,SYRMA,NSI,India Stocks,INR,46,723.4,0,2025-12-09 GMT+0530,19:58:00,,,Sell,FIFO,,,
3584,Syrma Sgs Technology Ltd,SYRMA,NSI,India Stocks,INR,32,723.35,0,2025-12-09 GMT+0530,19:58:00,,,Sell,FIFO,,,
3585,Syrma Sgs Technology Ltd,SYRMA,NSI,India Stocks,INR,234,723.55,493.85,2025-12-09 GMT+0530,19:58:00,,,Sell,FIFO,,,
3586,Syrma Sgs Technology Ltd,SYRMA,NSI,India Stocks,INR,20,723.2,0,2025-12-09 GMT+0530,19:58:00,,,Sell,FIFO,,,
3587,Syrma Sgs Technology Ltd,SYRMA,NSI,India Stocks,INR,6,723.45,0,2025-12-09 GMT+0530,19:59:00,,,Sell,FIFO,,,
3588,Syrma Sgs Technology Ltd,SYRMA,NSI,India Stocks,INR,54,723.7,0,2025-12-09 GMT+0530,19:59:00,,,Sell,FIFO,,,
3589,Syrma Sgs Technology Ltd,SYRMA,NSI,India Stocks,INR,50,723.5,0,2025-12-09 GMT+0530,19:59:00,,,Sell,FIFO,,,
3590,Syrma Sgs Technology Ltd,SYRMA,NSI,India Stocks,INR,76,723.6,0,2025-12-09 GMT+0530,20:00:00,,,Sell,FIFO,,,
3591,Syrma Sgs Technology Ltd,SYRMA,NSI,India Stocks,INR,111,814,133.53,2026-02-03 GMT+0530,19:44:00,,,Buy,,,,
3592,Syrma Sgs Technology Ltd,SYRMA,NSI,India Stocks,INR,27,813.8,0,2026-02-03 GMT+0530,19:45:00,,,Buy,,,,
3593,Syrma Sgs Technology Ltd,SYRMA,NSI,India Stocks,INR,1,837.4,0.87,2026-02-23 GMT+0530,20:28:00,,,Buy,,,,
3594,Syrma Sgs Technology Ltd,SYRMA,NSI,India Stocks,INR,76,732.5,120.95,2026-03-12 GMT+0530,17:29:00,,,Sell,FIFO,,,
3595,Syrma Sgs Technology Ltd,SYRMA,NSI,India Stocks,INR,25,732.3,0,2026-03-12 GMT+0530,17:29:00,,,Sell,FIFO,,,
3596,Syrma Sgs Technology Ltd,SYRMA,NSI,India Stocks,INR,38,732.35,0,2026-03-12 GMT+0530,17:29:00,,,Sell,FIFO,,,
3597,Syrma Sgs Technology Ltd,SYRMA,NSI,India Stocks,INR,23,766.7,0,2026-03-24 GMT+0530,13:43:00,,,Buy,,,,
3598,Syrma Sgs Technology Ltd,SYRMA,NSI,India Stocks,INR,137,765,158.25,2026-03-24 GMT+0530,13:43:00,,,Buy,,,,
3599,Syrma Sgs Technology Ltd,SYRMA,NSI,India Stocks,INR,13,764.8,0,2026-03-24 GMT+0530,13:43:00,,,Buy,,,,
3600,Syrma Sgs Technology Ltd,SYRMA,NSI,India Stocks,INR,36,809.35,0,2026-04-01 GMT+0530,20:53:00,,,Buy,,,,
3601,Syrma Sgs Technology Ltd,SYRMA,NSI,India Stocks,INR,19,809.3,0,2026-04-01 GMT+0530,20:53:00,,,Buy,,,,
3602,Syrma Sgs Technology Ltd,SYRMA,NSI,India Stocks,INR,45,809.4,95.96,2026-04-01 GMT+0530,20:54:00,,,Buy,,,,
3603,Syrma Sgs Technology Ltd,SYRMA,NSI,India Stocks,INR,85,879.95,88.59,2026-04-15 GMT+0530,20:39:00,,,Buy,,,,
3604,Syrma Sgs Technology Ltd,SYRMA,NSI,India Stocks,INR,4,971.9,0,2026-05-20 GMT+0530,20:00:00,,,Buy,,,,
3605,Syrma Sgs Technology Ltd,SYRMA,NSI,India Stocks,INR,30,971.8,45.32,2026-05-20 GMT+0530,20:00:00,,,Buy,,,,
3606,Syrma Sgs Technology Ltd,SYRMA,NSI,India Stocks,INR,5,972,0,2026-05-20 GMT+0530,20:01:00,,,Buy,,,,
3607,Syrma Sgs Technology Ltd,SYRMA,NSI,India Stocks,INR,5,1031.8,6.35,2026-05-22 GMT+0530,14:25:00,,,Buy,,,,
3608,Trans & Recti. Ltd,TARIL,NSI,India Stocks,INR,,,,,,,,,,,,
3609,Trans & Recti. Ltd,TARIL,NSI,India Stocks,INR,83,420,53.18,2025-02-27 GMT+0530,13:29:00,,,Buy,,,,
3610,Trans & Recti. Ltd,TARIL,NSI,India Stocks,INR,23,419.95,0,2025-02-27 GMT+0530,13:30:00,,,Buy,,,,
3611,Trans & Recti. Ltd,TARIL,NSI,India Stocks,INR,12,387.55,5.82,2025-03-12 GMT+0530,13:23:00,,,Buy,,,,
3612,Trans & Recti. Ltd,TARIL,NSI,India Stocks,INR,72,428.65,37.02,2025-03-19 GMT+0530,13:06:00,,,Buy,,,,
3613,Trans & Recti. Ltd,TARIL,NSI,India Stocks,INR,38,520,0,2025-05-09 GMT+0530,15:22:00,,,Dividend,FIFO,,,
3614,Trans & Recti. Ltd,TARIL,NSI,India Stocks,INR,7,494.25,4.59,2025-06-30 GMT+0530,12:41:00,,,Buy,,,,
3615,Trans & Recti. Ltd,TARIL,NSI,India Stocks,INR,3,465.05,1.66,2025-10-29 GMT+0530,20:28:00,,,Buy,,,,
3616,Trans & Recti. Ltd,TARIL,NSI,India Stocks,INR,177,449.3,109.28,2025-11-03 GMT+0530,18:11:00,,,Sell,FIFO,,,
3617,Trans & Recti. Ltd,TARIL,NSI,India Stocks,INR,21,449.25,0,2025-11-03 GMT+0530,18:11:00,,,Sell,FIFO,,,
3618,Trans & Recti. Ltd,TARIL,NSI,India Stocks,INR,2,449.2,0,2025-11-03 GMT+0530,18:11:00,,,Sell,FIFO,,,
3619,Trans & Recti. Ltd,TARIL,NSI,India Stocks,INR,600,323.8,230.55,2026-01-05 GMT+0530,18:47:00,,,Buy,,,,
3620,Trans & Recti. Ltd,TARIL,NSI,India Stocks,INR,47,281.18,0,2026-02-10 GMT+0530,21:32:00,,,Buy,,,,
3621,Trans & Recti. Ltd,TARIL,NSI,India Stocks,INR,123,281.17,0,2026-02-10 GMT+0530,21:33:00,,,Buy,,,,
3622,Trans & Recti. Ltd,TARIL,NSI,India Stocks,INR,130,281.16,100.51,2026-02-10 GMT+0530,21:33:00,,,Buy,,,,
3623,Trans & Recti. Ltd,TARIL,NSI,India Stocks,INR,85,287.85,0,2026-03-12 GMT+0530,17:31:00,,,Sell,FIFO,,,
3624,Trans & Recti. Ltd,TARIL,NSI,India Stocks,INR,383,287.95,0,2026-03-12 GMT+0530,17:31:00,,,Sell,FIFO,,,
3625,Trans & Recti. Ltd,TARIL,NSI,India Stocks,INR,432,287.9,284.16,2026-03-12 GMT+0530,17:31:00,,,Sell,FIFO,,,
3626,Trans & Recti. Ltd,TARIL,NSI,India Stocks,INR,100,277.35,32.77,2026-03-24 GMT+0530,13:45:00,,,Buy,,,,
3627,Trans & Recti. Ltd,TARIL,NSI,India Stocks,INR,96,270.65,32.08,2026-04-01 GMT+0530,20:55:00,,,Buy,,,,
3628,Trans & Recti. Ltd,TARIL,NSI,India Stocks,INR,4,270.7,0,2026-04-01 GMT+0530,20:56:00,,,Buy,,,,
3629,Trans & Recti. Ltd,TARIL,NSI,India Stocks,INR,372,320.65,141.74,2026-04-20 GMT+0530,16:54:00,,,Buy,,,,
3630,Aditya Birla Capital Ltd.,ABCAPITAL,NSI,India Stocks,INR,,,,,,,,,,,,
3631,Aditya Birla Capital Ltd.,ABCAPITAL,NSI,India Stocks,INR,66,186.6,27.54,2025-04-11 GMT+0530,13:30:00,,,Buy,,,,
3632,Aditya Birla Capital Ltd.,ABCAPITAL,NSI,India Stocks,INR,62,186.89,0,2025-04-11 GMT+0530,13:31:00,,,Buy,,,,
3633,Aditya Birla Capital Ltd.,ABCAPITAL,NSI,India Stocks,INR,18,201.72,4.77,2025-04-29 GMT+0530,11:51:00,,,Buy,,,,
3634,Aditya Birla Capital Ltd.,ABCAPITAL,NSI,India Stocks,INR,3,222.8,0.69,2025-05-29 GMT+0530,11:13:00,,,Buy,,,,
3635,Aditya Birla Capital Ltd.,ABCAPITAL,NSI,India Stocks,INR,13,251.25,3.39,2025-07-29 GMT+0530,17:14:00,,,Buy,,,,
3636,Aditya Birla Capital Ltd.,ABCAPITAL,NSI,India Stocks,INR,16,279.95,5.65,2025-08-29 GMT+0530,14:45:00,,,Buy,,,,
3637,Aditya Birla Capital Ltd.,ABCAPITAL,NSI,India Stocks,INR,17,284.15,6.01,2025-09-29 GMT+0530,13:38:00,,,Buy,,,,
3638,Aditya Birla Capital Ltd.,ABCAPITAL,NSI,India Stocks,INR,6,312.9,2.23,2025-10-29 GMT+0530,18:44:00,,,Buy,,,,
3639,Aditya Birla Capital Ltd.,ABCAPITAL,NSI,India Stocks,INR,12,333.3,5.15,2025-11-17 GMT+0530,11:05:00,,,Buy,,,,
3640,Aditya Birla Capital Ltd.,ABCAPITAL,NSI,India Stocks,INR,14,357,23.86,2025-12-02 GMT+0530,11:46:00,,,Sell,FIFO,,,
3641,Aditya Birla Capital Ltd.,ABCAPITAL,NSI,India Stocks,INR,9,357.05,0,2025-12-02 GMT+0530,11:47:00,,,Sell,FIFO,,,
3642,L&t Finance Limited,LTF,NSI,India Stocks,INR,,,,,,,,,,,,
3643,L&t Finance Limited,LTF,NSI,India Stocks,INR,153,155.8,28.73,2025-04-11 GMT+0530,13:35:00,,,Buy,,,,
3644,L&t Finance Limited,LTF,NSI,India Stocks,INR,25,165.86,5.3,2025-04-29 GMT+0530,12:08:00,,,Buy,,,,
3645,L&t Finance Limited,LTF,NSI,India Stocks,INR,489.5,183.36,0,2025-05-27 GMT+0530,23:49:00,,,Dividend,FIFO,,,
3646,L&t Finance Limited,LTF,NSI,India Stocks,INR,14,173.44,2.52,2025-05-29 GMT+0530,11:36:00,,,Buy,,,,
3647,L&t Finance Limited,LTF,NSI,India Stocks,INR,100,175.67,50.33,2025-06-02 GMT+0530,16:08:00,,,Sell,FIFO,,,
3648,L&t Finance Limited,LTF,NSI,India Stocks,INR,20,175.63,0,2025-06-02 GMT+0530,16:09:00,,,Sell,FIFO,,,
3649,L&t Finance Limited,LTF,NSI,India Stocks,INR,2,175.64,0,2025-06-02 GMT+0530,16:09:00,,,Sell,FIFO,,,
3650,L&t Finance Limited,LTF,NSI,India Stocks,INR,0,175.62,0,2025-06-02 GMT+0530,16:10:00,,,Sell All,FIFO,,,
3651,L&t Finance Limited,LTF,NSI,India Stocks,INR,216,276.8,71.03,2025-11-03 GMT+0530,18:31:00,,,Buy,,,,
3652,L&t Finance Limited,LTF,NSI,India Stocks,INR,11,263.05,0,2026-03-12 GMT+0530,16:41:00,,,Sell,FIFO,,,
3653,L&t Finance Limited,LTF,NSI,India Stocks,INR,205,263,74.27,2026-03-12 GMT+0530,16:42:00,,,Sell,FIFO,,,
3654,Power Mech Projects Ltd.,POWERMECH,NSI,India Stocks,INR,,,,,,,,,,,,
3655,Power Mech Projects Ltd.,POWERMECH,NSI,India Stocks,INR,3,3144.9,0,2025-05-23 GMT+0530,14:27:00,,,Buy,,,,
3656,Power Mech Projects Ltd.,POWERMECH,NSI,India Stocks,INR,2,3144.8,0,2025-05-23 GMT+0530,14:27:00,,,Buy,,,,
3657,Power Mech Projects Ltd.,POWERMECH,NSI,India Stocks,INR,1,3144.7,0,2025-05-23 GMT+0530,14:27:00,,,Buy,,,,
3658,Power Mech Projects Ltd.,POWERMECH,NSI,India Stocks,INR,37,3145,162.66,2025-05-23 GMT+0530,14:28:00,,,Buy,,,,
3659,Power Mech Projects Ltd.,POWERMECH,NSI,India Stocks,INR,1,3053.4,3.17,2025-08-29 GMT+0530,16:11:00,,,Buy,,,,
3660,Power Mech Projects Ltd.,POWERMECH,NSI,India Stocks,INR,55,2730.7,0,2025-09-15 GMT+0530,23:33:00,,,Dividend,FIFO,,,
3661,Power Mech Projects Ltd.,POWERMECH,NSI,India Stocks,INR,1,2541.2,0,2025-10-29 GMT+0530,18:32:00,,,Sell,FIFO,,,
3662,Power Mech Projects Ltd.,POWERMECH,NSI,India Stocks,INR,1,2541,0,2025-10-29 GMT+0530,18:32:00,,,Sell,FIFO,,,
3663,Power Mech Projects Ltd.,POWERMECH,NSI,India Stocks,INR,3,2541.15,0,2025-10-29 GMT+0530,18:33:00,,,Sell,FIFO,,,
3664,Power Mech Projects Ltd.,POWERMECH,NSI,India Stocks,INR,3,2541.1,0,2025-10-29 GMT+0530,18:33:00,,,Sell,FIFO,,,
3665,Power Mech Projects Ltd.,POWERMECH,NSI,India Stocks,INR,1,2541.95,0,2025-10-29 GMT+0530,18:33:00,,,Sell,FIFO,,,
3666,Power Mech Projects Ltd.,POWERMECH,NSI,India Stocks,INR,22,2541.05,153.88,2025-10-29 GMT+0530,18:34:00,,,Sell,FIFO,,,
3667,Power Mech Projects Ltd.,POWERMECH,NSI,India Stocks,INR,13,2542.05,0,2025-10-29 GMT+0530,18:34:00,,,Sell,FIFO,,,
3668,Power Mech Projects Ltd.,POWERMECH,NSI,India Stocks,INR,1,2544.1,1.08,2025-10-29 GMT+0530,18:35:00,,,Buy,,,,
3669,Power Mech Projects Ltd.,POWERMECH,NSI,India Stocks,INR,1,2513.6,17.95,2025-11-03 GMT+0530,18:09:00,,,Sell,FIFO,,,
3670,Power Mech Projects Ltd.,POWERMECH,NSI,India Stocks,INR,12,2051.9,0,2026-02-03 GMT+0530,19:42:00,,,Buy,,,,
3671,Power Mech Projects Ltd.,POWERMECH,NSI,India Stocks,INR,15,2052,65.48,2026-02-03 GMT+0530,19:43:00,,,Buy,,,,
3672,Power Mech Projects Ltd.,POWERMECH,NSI,India Stocks,INR,19,1933.85,69.93,2026-03-12 GMT+0530,16:55:00,,,Sell,FIFO,,,
3673,Power Mech Projects Ltd.,POWERMECH,NSI,India Stocks,INR,1,1933.8,0,2026-03-12 GMT+0530,16:55:00,,,Sell,FIFO,,,
3674,Power Mech Projects Ltd.,POWERMECH,NSI,India Stocks,INR,5,1933.9,0,2026-03-12 GMT+0530,16:56:00,,,Sell,FIFO,,,
3675,Power Mech Projects Ltd.,POWERMECH,NSI,India Stocks,INR,2,1933.5,0,2026-03-12 GMT+0530,16:56:00,,,Sell,FIFO,,,
3676,Power Mech Projects Ltd.,POWERMECH,NSI,India Stocks,INR,2,2258,0,2026-04-15 GMT+0530,20:28:00,,,Buy,,,,
3677,Power Mech Projects Ltd.,POWERMECH,NSI,India Stocks,INR,9,2258.1,29.77,2026-04-15 GMT+0530,20:29:00,,,Buy,,,,
3678,Power Mech Projects Ltd.,POWERMECH,NSI,India Stocks,INR,1,2498.4,2.59,2026-05-22 GMT+0530,14:19:00,,,Buy,,,,
3679,Power Mech Projects Ltd.,POWERMECH,NSI,India Stocks,INR,12,2575,47.4,2026-07-31 GMT+0530,13:50:00,,,Sell,FIFO,,,
3680,Bharat Dynamics Limited,BDL,NSI,India Stocks,INR,,,,,,,,,,,,
3681,Bharat Dynamics Limited,BDL,NSI,India Stocks,INR,17,1985.8,40.02,2025-06-02 GMT+0530,17:14:00,,,Buy,,,,
3682,Bharat Dynamics Limited,BDL,NSI,India Stocks,INR,3,1931.9,7.01,2025-06-30 GMT+0530,12:03:00,,,Buy,,,,
3683,Bharat Dynamics Limited,BDL,NSI,India Stocks,INR,5,1598.4,9.29,2025-07-29 GMT+0530,17:19:00,,,Buy,,,,
3684,Bharat Dynamics Limited,BDL,NSI,India Stocks,INR,0,1537.3,0,2025-08-08 GMT+0530,12:10:00,,,Sell All,FIFO,,,
3685,Bharat Dynamics Limited,BDL,NSI,India Stocks,INR,23,1537.2,55.21,2025-08-08 GMT+0530,12:10:00,,,Sell,FIFO,,,
3686,Bharti Hexacom Limited,BHARTIHEXA,NSI,India Stocks,INR,,,,,,,,,,,,
3687,Bharti Hexacom Limited,BHARTIHEXA,NSI,India Stocks,INR,18,1833.3,39.23,2025-06-02 GMT+0530,17:16:00,,,Buy,,,,
3688,Bharti Hexacom Limited,BHARTIHEXA,NSI,India Stocks,INR,2,1920,4.98,2025-06-30 GMT+0530,12:04:00,,,Buy,,,,
3689,Bharti Hexacom Limited,BHARTIHEXA,NSI,India Stocks,INR,200,1801.4,0,2025-07-25 GMT+0530,20:26:00,,,Dividend,FIFO,,,
3690,Bharti Hexacom Limited,BHARTIHEXA,NSI,India Stocks,INR,2,1737.6,6.41,2025-07-29 GMT+0530,17:21:00,,,Buy,,,,
3691,Bharti Hexacom Limited,BHARTIHEXA,NSI,India Stocks,INR,1,1737.7,0,2025-07-29 GMT+0530,17:22:00,,,Buy,,,,
3692,Bharti Hexacom Limited,BHARTIHEXA,NSI,India Stocks,INR,7,1705.7,0,2025-08-08 GMT+0530,12:11:00,,,Sell,FIFO,,,
3693,Bharti Hexacom Limited,BHARTIHEXA,NSI,India Stocks,INR,10,1705.6,56.04,2025-08-08 GMT+0530,12:13:00,,,Sell,FIFO,,,
3694,Bharti Hexacom Limited,BHARTIHEXA,NSI,India Stocks,INR,0,1706,0,2025-08-08 GMT+0530,12:14:00,,,Sell All,FIFO,,,
3695,Glaxosmithkline Pharma Lt,GLAXO,NSI,India Stocks,INR,,,,,,,,,,,,
3696,Glaxosmithkline Pharma Lt,GLAXO,NSI,India Stocks,INR,10,3302.1,39.26,2025-06-02 GMT+0530,17:21:00,,,Buy,,,,
3697,Glaxosmithkline Pharma Lt,GLAXO,NSI,India Stocks,INR,1,3365,4.49,2025-06-30 GMT+0530,12:14:00,,,Buy,,,,
3698,Glaxosmithkline Pharma Lt,GLAXO,NSI,India Stocks,INR,1,3138.6,7.51,2025-07-29 GMT+0530,17:30:00,,,Buy,,,,
3699,Glaxosmithkline Pharma Lt,GLAXO,NSI,India Stocks,INR,1,3138.5,0,2025-07-29 GMT+0530,17:31:00,,,Buy,,,,
3700,Glaxosmithkline Pharma Lt,GLAXO,NSI,India Stocks,INR,11,2652.4,51.11,2025-08-08 GMT+0530,12:18:00,,,Sell,FIFO,,,
3701,Glaxosmithkline Pharma Lt,GLAXO,NSI,India Stocks,INR,0,2652.3,0,2025-08-08 GMT+0530,12:19:00,,,Sell All,FIFO,,,
3702,Max Financial Serv Ltd,MFSL,NSI,India Stocks,INR,,,,,,,,,,,,
3703,Max Financial Serv Ltd,MFSL,NSI,India Stocks,INR,22,1526.8,39.85,2025-06-02 GMT+0530,17:30:00,,,Buy,,,,
3704,Max Financial Serv Ltd,MFSL,NSI,India Stocks,INR,2,1629.1,3.38,2025-06-30 GMT+0530,12:26:00,,,Buy,,,,
3705,Max Financial Serv Ltd,MFSL,NSI,India Stocks,INR,3,1506,5.69,2025-07-29 GMT+0530,17:44:00,,,Buy,,,,
3706,Max Financial Serv Ltd,MFSL,NSI,India Stocks,INR,3,1614.2,6.02,2025-08-29 GMT+0530,15:53:00,,,Buy,,,,
3707,Max Financial Serv Ltd,MFSL,NSI,India Stocks,INR,13,1578.2,64.45,2025-09-09 GMT+0530,20:29:00,,,Sell,FIFO,,,
3708,Max Financial Serv Ltd,MFSL,NSI,India Stocks,INR,7,1577.7,0,2025-09-09 GMT+0530,20:29:00,,,Sell,FIFO,,,
3709,Max Financial Serv Ltd,MFSL,NSI,India Stocks,INR,0,1577.8,0,2025-09-09 GMT+0530,20:30:00,,,Sell All,FIFO,,,
3710,Nippon L I A M Ltd,NAM-INDIA,NSI,India Stocks,INR,,,,,,,,,,,,
3711,Nippon L I A M Ltd,NAM-INDIA,NSI,India Stocks,INR,5,738.1,0,2025-06-02 GMT+0530,17:33:00,,,Buy,,,,
3712,Nippon L I A M Ltd,NAM-INDIA,NSI,India Stocks,INR,41,738.15,40.22,2025-06-02 GMT+0530,17:34:00,,,Buy,,,,
3713,Nippon L I A M Ltd,NAM-INDIA,NSI,India Stocks,INR,2,805.1,1.67,2025-06-30 GMT+0530,12:27:00,,,Buy,,,,
3714,Nippon L I A M Ltd,NAM-INDIA,NSI,India Stocks,INR,480,863.2,0,2025-07-04 GMT+0530,15:34:00,,,Dividend,FIFO,,,
3715,Nippon L I A M Ltd,NAM-INDIA,NSI,India Stocks,INR,4,789.75,3.28,2025-07-29 GMT+0530,17:46:00,,,Buy,,,,
3716,Nippon L I A M Ltd,NAM-INDIA,NSI,India Stocks,INR,7,793.9,6.77,2025-08-29 GMT+0530,15:55:00,,,Buy,,,,
3717,Nippon L I A M Ltd,NAM-INDIA,NSI,India Stocks,INR,27,801.65,64.42,2025-09-09 GMT+0530,20:34:00,,,Sell,FIFO,,,
3718,Nippon L I A M Ltd,NAM-INDIA,NSI,India Stocks,INR,24,802,0,2025-09-09 GMT+0530,20:36:00,,,Sell,FIFO,,,
3719,Nippon L I A M Ltd,NAM-INDIA,NSI,India Stocks,INR,1,801.6,0,2025-09-09 GMT+0530,20:36:00,,,Sell,FIFO,,,
3720,Nippon L I A M Ltd,NAM-INDIA,NSI,India Stocks,INR,0,801.7,0,2025-09-09 GMT+0530,20:37:00,,,Sell All,FIFO,,,
3721,Nippon L I A M Ltd,NAM-INDIA,NSI,India Stocks,INR,2,801.75,0,2025-09-09 GMT+0530,20:37:00,,,Sell,FIFO,,,
3722,Hdfc Amc Limited,HDFCAMC,NSI,India Stocks,INR,,,,,,,,,,,,
3723,Hdfc Amc Limited,HDFCAMC,NSI,India Stocks,INR,8,5085,47.46,2025-07-03 GMT+0530,19:38:00,,,Buy,,,,
3724,Hdfc Amc Limited,HDFCAMC,NSI,India Stocks,INR,1,5567,6.78,2025-08-29 GMT+0530,15:41:00,,,Buy,,,,
3725,Hdfc Amc Limited,HDFCAMC,NSI,India Stocks,INR,1,5647.5,6.86,2025-09-29 GMT+0530,16:11:00,,,Buy,,,,
3726,Hdfc Amc Limited,HDFCAMC,NSI,India Stocks,INR,1,5375,6.39,2025-10-29 GMT+0530,19:55:00,,,Buy,,,,
3727,Hdfc Amc Limited,HDFCAMC,NSI,India Stocks,INR,11,5349.5,76.39,2025-11-03 GMT+0530,17:04:00,,,Sell,FIFO,,,
3728,Indian Bank,INDIANB,NSI,India Stocks,INR,,,,,,,,,,,,
3729,Indian Bank,INDIANB,NSI,India Stocks,INR,11,654.2,0,2025-07-03 GMT+0530,19:42:00,,,Buy,,,,
3730,Indian Bank,INDIANB,NSI,India Stocks,INR,16,654.25,21.32,2025-07-03 GMT+0530,19:43:00,,,Buy,,,,
3731,Indian Bank,INDIANB,NSI,India Stocks,INR,3,628.4,1.96,2025-07-29 GMT+0530,17:40:00,,,Buy,,,,
3732,Indian Bank,INDIANB,NSI,India Stocks,INR,0,653.55,35.68,2025-08-29 GMT+0530,15:42:00,,,Sell All,FIFO,,,
3733,Indian Bank,INDIANB,NSI,India Stocks,INR,69,867,71.06,2025-11-03 GMT+0530,18:27:00,,,Buy,,,,
3734,Indian Bank,INDIANB,NSI,India Stocks,INR,2,886.95,1.84,2025-11-17 GMT+0530,11:19:00,,,Buy,,,,
3735,Indian Bank,INDIANB,NSI,India Stocks,INR,71,775.15,72.43,2025-12-09 GMT+0530,19:49:00,,,Sell,FIFO,,,
3736,Fsn E Commerce Ventures,NYKAA,NSI,India Stocks,INR,,,,,,,,,,,,
3737,Fsn E Commerce Ventures,NYKAA,NSI,India Stocks,INR,192,203.95,46.62,2025-07-03 GMT+0530,19:48:00,,,Buy,,,,
3738,Fsn E Commerce Ventures,NYKAA,NSI,India Stocks,INR,4,208.15,0.86,2025-07-29 GMT+0530,17:51:00,,,Buy,,,,
3739,Fsn E Commerce Ventures,NYKAA,NSI,India Stocks,INR,0,205.6,57.14,2025-08-08 GMT+0530,12:24:00,,,Sell All,FIFO,,,
3740,Oswal Pumps Limited,OSWALPUMPS,NSI,India Stocks,INR,,,,,,,,,,,,
3741,Oswal Pumps Limited,OSWALPUMPS,NSI,India Stocks,INR,178,770.5,190.26,2025-07-23 GMT+0530,12:45:00,,,Buy,,,,
3742,Oswal Pumps Limited,OSWALPUMPS,NSI,India Stocks,INR,30,770.4,0,2025-07-23 GMT+0530,18:00:00,,,Buy,,,,
3743,Oswal Pumps Limited,OSWALPUMPS,NSI,India Stocks,INR,6,710.35,5.42,2025-07-29 GMT+0530,17:55:00,,,Buy,,,,
3744,Oswal Pumps Limited,OSWALPUMPS,NSI,India Stocks,INR,8,815.45,7.77,2025-08-29 GMT+0530,16:00:00,,,Buy,,,,
3745,Oswal Pumps Limited,OSWALPUMPS,NSI,India Stocks,INR,17,740,15.05,2025-09-29 GMT+0530,16:18:00,,,Buy,,,,
3746,Oswal Pumps Limited,OSWALPUMPS,NSI,India Stocks,INR,1,738.6,1.75,2025-10-29 GMT+0530,20:08:00,,,Buy,,,,
3747,Oswal Pumps Limited,OSWALPUMPS,NSI,India Stocks,INR,1,738.25,0,2025-10-29 GMT+0530,20:08:00,,,Buy,,,,
3748,Oswal Pumps Limited,OSWALPUMPS,NSI,India Stocks,INR,22,651.6,0,2025-11-11 GMT+0530,17:56:00,,,Sell,FIFO,,,
3749,Oswal Pumps Limited,OSWALPUMPS,NSI,India Stocks,INR,10,651.75,0,2025-11-11 GMT+0530,17:56:00,,,Sell,FIFO,,,
3750,Oswal Pumps Limited,OSWALPUMPS,NSI,India Stocks,INR,69,652,179.61,2025-11-11 GMT+0530,17:56:00,,,Sell,FIFO,,,
3751,Oswal Pumps Limited,OSWALPUMPS,NSI,India Stocks,INR,28,651.65,0,2025-11-11 GMT+0530,17:57:00,,,Sell,FIFO,,,
3752,Oswal Pumps Limited,OSWALPUMPS,NSI,India Stocks,INR,25,652.15,0,2025-11-11 GMT+0530,17:57:00,,,Sell,FIFO,,,
3753,Oswal Pumps Limited,OSWALPUMPS,NSI,India Stocks,INR,25,651.55,0,2025-11-11 GMT+0530,17:57:00,,,Sell,FIFO,,,
3754,Oswal Pumps Limited,OSWALPUMPS,NSI,India Stocks,INR,62,652.5,0,2025-11-11 GMT+0530,17:58:00,,,Sell,FIFO,,,
3755,Gng Electronics Limited,EBGNG,NSI,India Stocks,INR,,,,,,,,,,,,
3756,Gng Electronics Limited,EBGNG,NSI,India Stocks,INR,263,327.9,0,2025-08-01 GMT+0530,18:31:00,,,Buy,,,,
3757,Gng Electronics Limited,EBGNG,NSI,India Stocks,INR,443,328,275.67,2025-08-01 GMT+0530,18:33:00,,,Buy,,,,
3758,Gng Electronics Limited,EBGNG,NSI,India Stocks,INR,11,347.8,4.97,2025-08-29 GMT+0530,14:57:00,,,Buy,,,,
3759,Gng Electronics Limited,EBGNG,NSI,India Stocks,INR,6,344.75,2.15,2025-09-29 GMT+0530,13:44:00,,,Buy,,,,
3760,Gng Electronics Limited,EBGNG,NSI,India Stocks,INR,11,324.1,4.23,2025-10-29 GMT+0530,18:52:00,,,Buy,,,,
3761,Gng Electronics Limited,EBGNG,NSI,India Stocks,INR,88,295.95,0,2025-12-09 GMT+0530,19:36:00,,,Sell,FIFO,,,
3762,Gng Electronics Limited,EBGNG,NSI,India Stocks,INR,118,296.1,0,2025-12-09 GMT+0530,19:36:00,,,Sell,FIFO,,,
3763,Gng Electronics Limited,EBGNG,NSI,India Stocks,INR,33,296.35,0,2025-12-09 GMT+0530,19:36:00,,,Sell,FIFO,,,
3764,Gng Electronics Limited,EBGNG,NSI,India Stocks,INR,38,296.25,0,2025-12-09 GMT+0530,19:37:00,,,Sell,FIFO,,,
3765,Gng Electronics Limited,EBGNG,NSI,India Stocks,INR,51,296.2,0,2025-12-09 GMT+0530,19:37:00,,,Sell,FIFO,,,
3766,Gng Electronics Limited,EBGNG,NSI,India Stocks,INR,60,296.05,0,2025-12-09 GMT+0530,19:37:00,,,Sell,FIFO,,,
3767,Gng Electronics Limited,EBGNG,NSI,India Stocks,INR,159,295.85,240.77,2025-12-09 GMT+0530,19:38:00,,,Sell,FIFO,,,
3768,Gng Electronics Limited,EBGNG,NSI,India Stocks,INR,15,296.4,0,2025-12-09 GMT+0530,19:38:00,,,Sell,FIFO,,,
3769,Gng Electronics Limited,EBGNG,NSI,India Stocks,INR,1,296.3,0,2025-12-09 GMT+0530,19:38:00,,,Sell,FIFO,,,
3770,Gng Electronics Limited,EBGNG,NSI,India Stocks,INR,7,296.15,0,2025-12-09 GMT+0530,19:39:00,,,Sell,FIFO,,,
3771,Gng Electronics Limited,EBGNG,NSI,India Stocks,INR,39,296.5,0,2025-12-09 GMT+0530,19:39:00,,,Sell,FIFO,,,
3772,Gng Electronics Limited,EBGNG,NSI,India Stocks,INR,87,296,0,2025-12-09 GMT+0530,19:39:00,,,Sell,FIFO,,,
3773,Gng Electronics Limited,EBGNG,NSI,India Stocks,INR,38,295.8,0,2025-12-09 GMT+0530,19:39:00,,,Sell,FIFO,,,
3774,Gng Electronics Limited,EBGNG,NSI,India Stocks,INR,112,267.8,111.54,2026-02-03 GMT+0530,20:12:00,,,Buy,,,,
3775,Gng Electronics Limited,EBGNG,NSI,India Stocks,INR,10,267.85,0,2026-02-03 GMT+0530,20:12:00,,,Buy,,,,
3776,Gng Electronics Limited,EBGNG,NSI,India Stocks,INR,1,268.2,0,2026-02-03 GMT+0530,20:13:00,,,Buy,,,,
3777,Gng Electronics Limited,EBGNG,NSI,India Stocks,INR,38,267.4,0,2026-02-03 GMT+0530,20:16:00,,,Buy,,,,
3778,Gng Electronics Limited,EBGNG,NSI,India Stocks,INR,32,267.35,0,2026-02-03 GMT+0530,20:16:00,,,Buy,,,,
3779,Gng Electronics Limited,EBGNG,NSI,India Stocks,INR,18,267.75,0,2026-02-03 GMT+0530,20:16:00,,,Buy,,,,
3780,Gng Electronics Limited,EBGNG,NSI,India Stocks,INR,18,267.7,0,2026-02-03 GMT+0530,20:16:00,,,Buy,,,,
3781,Gng Electronics Limited,EBGNG,NSI,India Stocks,INR,78,268.15,0,2026-02-03 GMT+0530,20:17:00,,,Buy,,,,
3782,Gng Electronics Limited,EBGNG,NSI,India Stocks,INR,44,268.4,0,2026-02-03 GMT+0530,20:17:00,,,Buy,,,,
3783,Lloyds Metals N Energy L,LLOYDSME,NSI,India Stocks,INR,,,,,,,,,,,,
3784,Lloyds Metals N Energy L,LLOYDSME,NSI,India Stocks,INR,1,1435.8,0,2025-08-08 GMT+0530,12:29:00,,,Buy,,,,
3785,Lloyds Metals N Energy L,LLOYDSME,NSI,India Stocks,INR,1,1435.7,0,2025-08-08 GMT+0530,12:29:00,,,Buy,,,,
3786,Lloyds Metals N Energy L,LLOYDSME,NSI,India Stocks,INR,27,1435.9,50.02,2025-08-08 GMT+0530,12:30:00,,,Buy,,,,
3787,Lloyds Metals N Energy L,LLOYDSME,NSI,India Stocks,INR,3,1305.7,5.06,2025-08-29 GMT+0530,15:50:00,,,Buy,,,,
3788,Lloyds Metals N Energy L,LLOYDSME,NSI,India Stocks,INR,0,1305.2,58.67,2025-09-09 GMT+0530,20:24:00,,,Sell All,FIFO,,,
3789,Lloyds Metals N Energy L,LLOYDSME,NSI,India Stocks,INR,37,1362.7,60.71,2026-01-02 GMT+0530,19:17:00,,,Buy,,,,
3790,Lloyds Metals N Energy L,LLOYDSME,NSI,India Stocks,INR,37,1164.85,60.4,2026-03-12 GMT+0530,16:40:00,,,Sell,FIFO,,,
3791,Lloyds Metals N Energy L,LLOYDSME,NSI,India Stocks,INR,3,1236.6,0,2026-03-24 GMT+0530,13:30:00,,,Buy,,,,
3792,Lloyds Metals N Energy L,LLOYDSME,NSI,India Stocks,INR,4,1237.15,0,2026-03-24 GMT+0530,13:31:00,,,Buy,,,,
3793,Lloyds Metals N Energy L,LLOYDSME,NSI,India Stocks,INR,3,1236.85,0,2026-03-24 GMT+0530,13:31:00,,,Buy,,,,
3794,Lloyds Metals N Energy L,LLOYDSME,NSI,India Stocks,INR,1,1236.8,0,2026-03-24 GMT+0530,13:31:00,,,Buy,,,,
3795,Lloyds Metals N Energy L,LLOYDSME,NSI,India Stocks,INR,3,1236.75,0,2026-03-24 GMT+0530,13:31:00,,,Buy,,,,
3796,Lloyds Metals N Energy L,LLOYDSME,NSI,India Stocks,INR,2,1236.7,0,2026-03-24 GMT+0530,13:31:00,,,Buy,,,,
3797,Lloyds Metals N Energy L,LLOYDSME,NSI,India Stocks,INR,14,1237.45,0,2026-03-24 GMT+0530,13:32:00,,,Buy,,,,
3798,Lloyds Metals N Energy L,LLOYDSME,NSI,India Stocks,INR,8,1237.4,0,2026-03-24 GMT+0530,13:32:00,,,Buy,,,,
3799,Lloyds Metals N Energy L,LLOYDSME,NSI,India Stocks,INR,9,1237.2,0,2026-03-24 GMT+0530,13:32:00,,,Buy,,,,
3800,Lloyds Metals N Energy L,LLOYDSME,NSI,India Stocks,INR,17,1237.6,111.02,2026-03-24 GMT+0530,13:33:00,,,Buy,,,,
3801,Lloyds Metals N Energy L,LLOYDSME,NSI,India Stocks,INR,11,1237.5,0,2026-03-24 GMT+0530,13:33:00,,,Buy,,,,
3802,Lloyds Metals N Energy L,LLOYDSME,NSI,India Stocks,INR,43,1326.4,78.8,2026-04-01 GMT+0530,20:43:00,,,Buy,,,,
3803,Lloyds Metals N Energy L,LLOYDSME,NSI,India Stocks,INR,2,1325.8,0,2026-04-01 GMT+0530,20:43:00,,,Buy,,,,
3804,Lloyds Metals N Energy L,LLOYDSME,NSI,India Stocks,INR,5,1325.7,0,2026-04-01 GMT+0530,20:43:00,,,Buy,,,,
3805,Lloyds Metals N Energy L,LLOYDSME,NSI,India Stocks,INR,125,0,0,2026-06-12 GMT+0530,07:27:00,,,Dividend,FIFO,,,
3806,Gem Aromatics Limited,GEMAROMA,NSI,India Stocks,INR,,,,,,,,,,,,
3807,Gem Aromatics Limited,GEMAROMA,NSI,India Stocks,INR,46,325,0,2025-08-25 GMT+0530,09:46:00,,,Buy,,,,
3808,Gem Aromatics Limited,GEMAROMA,NSI,India Stocks,INR,61,293.85,21.6,2025-08-29 GMT+0530,15:02:00,,,Buy,,,,
3809,Gem Aromatics Limited,GEMAROMA,NSI,India Stocks,INR,29,229.79,0,2025-10-29 GMT+0530,18:16:00,,,Sell,FIFO,,,
3810,Gem Aromatics Limited,GEMAROMA,NSI,India Stocks,INR,1,229.8,0,2025-10-29 GMT+0530,18:16:00,,,Sell,FIFO,,,
3811,Gem Aromatics Limited,GEMAROMA,NSI,India Stocks,INR,1,229.82,0,2025-10-29 GMT+0530,18:16:00,,,Sell,FIFO,,,
3812,Gem Aromatics Limited,GEMAROMA,NSI,India Stocks,INR,76,229.85,40.84,2025-10-29 GMT+0530,18:17:00,,,Sell,FIFO,,,
3813,Endurance Techno. Ltd.,ENDURANCE,NSI,India Stocks,INR,,,,,,,,,,,,
3814,Endurance Techno. Ltd.,ENDURANCE,NSI,India Stocks,INR,4,2985.7,0,2025-09-09 GMT+0530,20:18:00,,,Buy,,,,
3815,Endurance Techno. Ltd.,ENDURANCE,NSI,India Stocks,INR,7,2986.2,53.47,2025-09-09 GMT+0530,20:19:00,,,Buy,,,,
3816,Endurance Techno. Ltd.,ENDURANCE,NSI,India Stocks,INR,1,2985.8,0,2025-09-09 GMT+0530,20:19:00,,,Buy,,,,
3817,Endurance Techno. Ltd.,ENDURANCE,NSI,India Stocks,INR,1,2986.5,0,2025-09-09 GMT+0530,20:20:00,,,Buy,,,,
3818,Endurance Techno. Ltd.,ENDURANCE,NSI,India Stocks,INR,1,2986.4,0,2025-09-09 GMT+0530,20:20:00,,,Buy,,,,
3819,Endurance Techno. Ltd.,ENDURANCE,NSI,India Stocks,INR,1,2985.5,0,2025-09-09 GMT+0530,20:21:00,,,Buy,,,,
3820,Endurance Techno. Ltd.,ENDURANCE,NSI,India Stocks,INR,2,2789.8,6.79,2025-09-29 GMT+0530,15:56:00,,,Buy,,,,
3821,Endurance Techno. Ltd.,ENDURANCE,NSI,India Stocks,INR,1,2880.4,3.42,2025-10-29 GMT+0530,18:53:00,,,Buy,,,,
3822,Endurance Techno. Ltd.,ENDURANCE,NSI,India Stocks,INR,2,2866.1,0,2025-11-03 GMT+0530,16:55:00,,,Sell,FIFO,,,
3823,Endurance Techno. Ltd.,ENDURANCE,NSI,India Stocks,INR,5,2865.6,0,2025-11-03 GMT+0530,16:56:00,,,Sell,FIFO,,,
3824,Endurance Techno. Ltd.,ENDURANCE,NSI,India Stocks,INR,2,2866,0,2025-11-03 GMT+0530,16:56:00,,,Sell,FIFO,,,
3825,Endurance Techno. Ltd.,ENDURANCE,NSI,India Stocks,INR,3,2865.2,0,2025-11-03 GMT+0530,16:56:00,,,Sell,FIFO,,,
3826,Endurance Techno. Ltd.,ENDURANCE,NSI,India Stocks,INR,6,2865,68.85,2025-11-03 GMT+0530,16:57:00,,,Sell,FIFO,,,
3827,Vishal Mega Mart Limited,VMM,NSI,India Stocks,INR,,,,,,,,,,,,
3828,Vishal Mega Mart Limited,VMM,NSI,India Stocks,INR,252,151.37,54.42,2025-09-09 GMT+0530,20:40:00,,,Buy,,,,
3829,Vishal Mega Mart Limited,VMM,NSI,India Stocks,INR,18,151.4,0,2025-09-09 GMT+0530,20:41:00,,,Buy,,,,
3830,Vishal Mega Mart Limited,VMM,NSI,India Stocks,INR,32,151.38,0,2025-09-09 GMT+0530,20:41:00,,,Buy,,,,
3831,Vishal Mega Mart Limited,VMM,NSI,India Stocks,INR,35,145.04,6.27,2025-09-30 GMT+0530,16:23:00,,,Buy,,,,
3832,Vishal Mega Mart Limited,VMM,NSI,India Stocks,INR,10,147.25,1.74,2025-10-29 GMT+0530,20:31:00,,,Buy,,,,
3833,Vishal Mega Mart Limited,VMM,NSI,India Stocks,INR,0,142.7,66.71,2025-11-03 GMT+0530,18:13:00,,,Sell All,FIFO,,,
3834,Tata Capital Limited,TATACAP,NSI,India Stocks,INR,,,,,,,,,,,,
3835,Tata Capital Limited,TATACAP,NSI,India Stocks,INR,46,326,0,2025-10-10 GMT+0530,15:51:00,,,Buy,,,,
3836,Tata Capital Limited,TATACAP,NSI,India Stocks,INR,20,326,7.74,2025-10-29 GMT+0530,20:29:00,,,Buy,,,,
3837,Tata Capital Limited,TATACAP,NSI,India Stocks,INR,66,299.45,35.84,2026-05-20 GMT+0530,20:02:00,,,Sell,FIFO,,,
3838,Lg Electronics India Ltd,LGEINDIA,NSI,India Stocks,INR,,,,,,,,,,,,
3839,Lg Electronics India Ltd,LGEINDIA,NSI,India Stocks,INR,13,1140,0,2025-10-13 GMT+0530,08:14:00,,,Buy,,,,
3840,Lg Electronics India Ltd,LGEINDIA,NSI,India Stocks,INR,10,1385,34.02,2026-01-12 GMT+0530,18:17:00,,,Sell,FIFO,,,
3841,Lg Electronics India Ltd,LGEINDIA,NSI,India Stocks,INR,3,1385.1,0,2026-01-12 GMT+0530,18:17:00,,,Sell,FIFO,,,
3842,Gujarat Mineral Dev Corp,GMDCLTD,NSI,India Stocks,INR,,,,,,,,,,,,
3843,Gujarat Mineral Dev Corp,GMDCLTD,NSI,India Stocks,INR,69,591.85,118.15,2025-10-15 GMT+0530,18:21:00,,,Buy,,,,
3844,Gujarat Mineral Dev Corp,GMDCLTD,NSI,India Stocks,INR,49,591.65,0,2025-10-15 GMT+0530,18:23:00,,,Buy,,,,
3845,Gujarat Mineral Dev Corp,GMDCLTD,NSI,India Stocks,INR,31,591.75,0,2025-10-15 GMT+0530,18:23:00,,,Buy,,,,
3846,Gujarat Mineral Dev Corp,GMDCLTD,NSI,India Stocks,INR,19,591.9,0,2025-10-15 GMT+0530,18:23:00,,,Buy,,,,
3847,Gujarat Mineral Dev Corp,GMDCLTD,NSI,India Stocks,INR,30,591.95,21.21,2025-10-29 GMT+0530,19:53:00,,,Buy,,,,
3848,Gujarat Mineral Dev Corp,GMDCLTD,NSI,India Stocks,INR,123,520.8,122.32,2025-11-20 GMT+0530,11:19:00,,,Sell,FIFO,,,
3849,Gujarat Mineral Dev Corp,GMDCLTD,NSI,India Stocks,INR,75,520.85,0,2025-11-20 GMT+0530,11:19:00,,,Sell,FIFO,,,
3850,Sona Blw Precision Frgs L,SONACOMS,NSI,India Stocks,INR,,,,,,,,,,,,
3851,Sona Blw Precision Frgs L,SONACOMS,NSI,India Stocks,INR,161,456.65,118.3,2025-10-15 GMT+0530,18:26:00,,,Buy,,,,
3852,Sona Blw Precision Frgs L,SONACOMS,NSI,India Stocks,INR,57,456.6,0,2025-10-15 GMT+0530,18:28:00,,,Buy,,,,
3853,Sona Blw Precision Frgs L,SONACOMS,NSI,India Stocks,INR,72,484.55,68.99,2025-10-29 GMT+0530,20:23:00,,,Buy,,,,
3854,Sona Blw Precision Frgs L,SONACOMS,NSI,India Stocks,INR,2,484.5,0,2025-10-29 GMT+0530,20:23:00,,,Buy,,,,
3855,Sona Blw Precision Frgs L,SONACOMS,NSI,India Stocks,INR,46,484.6,0,2025-10-29 GMT+0530,20:23:00,,,Buy,,,,
3856,Sona Blw Precision Frgs L,SONACOMS,NSI,India Stocks,INR,540.8,0,0,2026-01-30 GMT+0530,21:01:00,,,Dividend,FIFO,,,
3857,Sona Blw Precision Frgs L,SONACOMS,NSI,India Stocks,INR,608.4,0,0,2026-06-25 GMT+0530,23:32:00,,,Dividend,FIFO,,,
3858,Ccl Products (i) Ltd,CCL,NSI,India Stocks,INR,,,,,,,,,,,,
3859,Ccl Products (i) Ltd,CCL,NSI,India Stocks,INR,1,845.8,0,2025-10-20 GMT+0530,18:40:00,,,Buy,,,,
3860,Ccl Products (i) Ltd,CCL,NSI,India Stocks,INR,46,845.9,62.41,2025-10-20 GMT+0530,18:41:00,,,Buy,,,,
3861,Ccl Products (i) Ltd,CCL,NSI,India Stocks,INR,2,845.7,0,2025-10-20 GMT+0530,18:41:00,,,Buy,,,,
3862,Ccl Products (i) Ltd,CCL,NSI,India Stocks,INR,13,845.85,0,2025-10-20 GMT+0530,18:42:00,,,Buy,,,,
3863,Ccl Products (i) Ltd,CCL,NSI,India Stocks,INR,1,860.3,0,2025-10-29 GMT+0530,18:49:00,,,Buy,,,,
3864,Ccl Products (i) Ltd,CCL,NSI,India Stocks,INR,2,860.35,3.06,2025-10-29 GMT+0530,18:50:00,,,Buy,,,,
3865,Ccl Products (i) Ltd,CCL,NSI,India Stocks,INR,178.75,0,0,2026-02-10 GMT+0530,15:32:00,,,Dividend,FIFO,,,
3866,Ccl Products (i) Ltd,CCL,NSI,India Stocks,INR,6,1008.95,7.28,2026-02-23 GMT+0530,20:07:00,,,Buy,,,,
3867,Cl Educate Limited,CLEDUCATE,NSI,India Stocks,INR,,,,,,,,,,,,
3868,Cl Educate Limited,CLEDUCATE,NSI,India Stocks,INR,474,88.9,61.87,2025-10-20 GMT+0530,18:45:00,,,Buy,,,,
3869,Cl Educate Limited,CLEDUCATE,NSI,India Stocks,INR,111,88.19,0,2025-10-20 GMT+0530,18:45:00,,,Buy,,,,
3870,Cl Educate Limited,CLEDUCATE,NSI,India Stocks,INR,0,85.29,67.07,2025-10-29 GMT+0530,18:04:00,,,Sell All,FIFO,,,
3871,Cl Educate Limited,CLEDUCATE,NSI,India Stocks,INR,11,86.98,0,2025-10-29 GMT+0530,18:06:00,,,Buy,,,,
3872,Cl Educate Limited,CLEDUCATE,NSI,India Stocks,INR,53,86.8,6.59,2025-10-29 GMT+0530,18:07:00,,,Buy,,,,
3873,Cl Educate Limited,CLEDUCATE,NSI,India Stocks,INR,64,86.22,21.06,2025-11-25 GMT+0530,14:58:00,,,Sell,FIFO,,,
3874,Cl Educate Limited,CLEDUCATE,NSI,India Stocks,INR,97,51.71,6.2,2026-04-20 GMT+0530,16:14:00,,,Buy,,,,
3875,Fairchem Organics Limited,FAIRCHEMOR,NSI,India Stocks,INR,,,,,,,,,,,,
3876,Fairchem Organics Limited,FAIRCHEMOR,NSI,India Stocks,INR,5,762.25,0,2025-10-20 GMT+0530,18:49:00,,,Buy,,,,
3877,Fairchem Organics Limited,FAIRCHEMOR,NSI,India Stocks,INR,1,762.4,0,2025-10-20 GMT+0530,18:50:00,,,Buy,,,,
3878,Fairchem Organics Limited,FAIRCHEMOR,NSI,India Stocks,INR,8,762.35,15.44,2025-10-20 GMT+0530,18:50:00,,,Buy,,,,
3879,Fairchem Organics Limited,FAIRCHEMOR,NSI,India Stocks,INR,1,762.3,0,2025-10-20 GMT+0530,18:50:00,,,Buy,,,,
3880,Fairchem Organics Limited,FAIRCHEMOR,NSI,India Stocks,INR,1,762.65,0,2025-10-20 GMT+0530,18:51:00,,,Buy,,,,
3881,Fairchem Organics Limited,FAIRCHEMOR,NSI,India Stocks,INR,1,762.6,0,2025-10-20 GMT+0530,18:51:00,,,Buy,,,,
3882,Fairchem Organics Limited,FAIRCHEMOR,NSI,India Stocks,INR,2,749.9,0.63,2025-10-29 GMT+0530,18:11:00,,,Buy,,,,
3883,Fairchem Organics Limited,FAIRCHEMOR,NSI,India Stocks,INR,17,749.9,31.94,2025-10-29 GMT+0530,18:11:00,,,Sell,FIFO,,,
3884,Fairchem Organics Limited,FAIRCHEMOR,NSI,India Stocks,INR,2,751.4,16.91,2025-11-03 GMT+0530,17:01:00,,,Sell,FIFO,,,
3885,Fineotex Chemical Limited,FCL,NSI,India Stocks,INR,,,,,,,,,,,,
3886,Fineotex Chemical Limited,FCL,NSI,India Stocks,INR,2,242.44,0,2025-10-20 GMT+0530,18:53:00,,,Buy,,,,
3887,Fineotex Chemical Limited,FCL,NSI,India Stocks,INR,11,242.41,0,2025-10-20 GMT+0530,18:53:00,,,Buy,,,,
3888,Fineotex Chemical Limited,FCL,NSI,India Stocks,INR,3,242.48,0,2025-10-20 GMT+0530,18:54:00,,,Buy,,,,
3889,Fineotex Chemical Limited,FCL,NSI,India Stocks,INR,1,242.46,0,2025-10-20 GMT+0530,18:54:00,,,Buy,,,,
3890,Fineotex Chemical Limited,FCL,NSI,India Stocks,INR,19,242.5,0,2025-10-20 GMT+0530,18:55:00,,,Buy,,,,
3891,Fineotex Chemical Limited,FCL,NSI,India Stocks,INR,112,242.49,46.5,2025-10-20 GMT+0530,18:55:00,,,Buy,,,,
3892,Fineotex Chemical Limited,FCL,NSI,India Stocks,INR,13,242.42,0,2025-10-20 GMT+0530,18:55:00,,,Buy,,,,
3893,Fineotex Chemical Limited,FCL,NSI,India Stocks,INR,6,252.79,1.81,2025-10-29 GMT+0530,18:57:00,,,Buy,,,,
3894,Fineotex Chemical Limited,FCL,NSI,India Stocks,INR,2,1,0,2025-10-31 GMT+0530,14:28:00,,,Split,,,,
3895,Fineotex Chemical Limited,FCL,NSI,India Stocks,INR,1336,0,0,2025-10-31 GMT+0530,14:30:00,,,Dividend Reinvest,,,,
3896,Fineotex Chemical Limited,FCL,NSI,India Stocks,INR,147,24.89,4.83,2025-11-17 GMT+0530,11:12:00,,,Buy,,,,
3897,Fineotex Chemical Limited,FCL,NSI,India Stocks,INR,60,25.05,0,2026-02-23 GMT+0530,20:09:00,,,Buy,,,,
3898,Fineotex Chemical Limited,FCL,NSI,India Stocks,INR,184,25.06,7.34,2026-02-23 GMT+0530,20:09:00,,,Buy,,,,
3899,Fineotex Chemical Limited,FCL,NSI,India Stocks,INR,265,22.21,0,2026-03-12 GMT+0530,14:40:00,,,Sell,FIFO,,,
3900,Fineotex Chemical Limited,FCL,NSI,India Stocks,INR,445,22.19,0,2026-03-12 GMT+0530,14:40:00,,,Sell,FIFO,,,
3901,Fineotex Chemical Limited,FCL,NSI,India Stocks,INR,318,22.2,0,2026-03-12 GMT+0530,14:40:00,,,Sell,FIFO,,,
3902,Fineotex Chemical Limited,FCL,NSI,India Stocks,INR,712,22.18,62.78,2026-03-12 GMT+0530,14:41:00,,,Sell,FIFO,,,
3903,Fineotex Chemical Limited,FCL,NSI,India Stocks,INR,321,22.17,0,2026-03-12 GMT+0530,14:41:00,,,Sell,FIFO,,,
3904,Fineotex Chemical Limited,FCL,NSI,India Stocks,INR,659,23.04,17.75,2026-04-20 GMT+0530,16:15:00,,,Buy,,,,
3905,Globus Spirits Ltd,GLOBUSSPR,NSI,India Stocks,INR,,,,,,,,,,,,
3906,Globus Spirits Ltd,GLOBUSSPR,NSI,India Stocks,INR,8,1112.8,15.85,2025-10-20 GMT+0530,18:58:00,,,Buy,,,,
3907,Globus Spirits Ltd,GLOBUSSPR,NSI,India Stocks,INR,3,1112.7,0,2025-10-20 GMT+0530,18:59:00,,,Buy,,,,
3908,Globus Spirits Ltd,GLOBUSSPR,NSI,India Stocks,INR,1,1113,0,2025-10-20 GMT+0530,18:59:00,,,Buy,,,,
3909,Globus Spirits Ltd,GLOBUSSPR,NSI,India Stocks,INR,1,1083.7,1.28,2025-10-29 GMT+0530,19:52:00,,,Buy,,,,
3910,Globus Spirits Ltd,GLOBUSSPR,NSI,India Stocks,INR,8,1037.8,29.34,2025-11-25 GMT+0530,15:01:00,,,Sell,FIFO,,,
3911,Globus Spirits Ltd,GLOBUSSPR,NSI,India Stocks,INR,3,1037.7,0,2025-11-25 GMT+0530,15:01:00,,,Sell,FIFO,,,
3912,Globus Spirits Ltd,GLOBUSSPR,NSI,India Stocks,INR,2,1038,0,2025-11-25 GMT+0530,15:01:00,,,Sell,FIFO,,,
3913,Gufic Biosciences Ltd.,GUFICBIO,NSI,India Stocks,INR,,,,,,,,,,,,
3914,Gufic Biosciences Ltd.,GUFICBIO,NSI,India Stocks,INR,8,350.7,0,2025-10-20 GMT+0530,19:01:00,,,Buy,,,,
3915,Gufic Biosciences Ltd.,GUFICBIO,NSI,India Stocks,INR,10,350.9,0,2025-10-20 GMT+0530,19:01:00,,,Buy,,,,
3916,Gufic Biosciences Ltd.,GUFICBIO,NSI,India Stocks,INR,70,350.95,57.59,2025-10-20 GMT+0530,19:01:00,,,Buy,,,,
3917,Gufic Biosciences Ltd.,GUFICBIO,NSI,India Stocks,INR,3,350.6,0,2025-10-20 GMT+0530,19:02:00,,,Buy,,,,
3918,Gufic Biosciences Ltd.,GUFICBIO,NSI,India Stocks,INR,3,350.5,0,2025-10-20 GMT+0530,19:02:00,,,Buy,,,,
3919,Gufic Biosciences Ltd.,GUFICBIO,NSI,India Stocks,INR,27,350.55,0,2025-10-20 GMT+0530,19:02:00,,,Buy,,,,
3920,Gufic Biosciences Ltd.,GUFICBIO,NSI,India Stocks,INR,14,350.75,0,2025-10-20 GMT+0530,19:02:00,,,Buy,,,,
3921,Gufic Biosciences Ltd.,GUFICBIO,NSI,India Stocks,INR,4,351,0,2025-10-20 GMT+0530,19:03:00,,,Buy,,,,
3922,Gufic Biosciences Ltd.,GUFICBIO,NSI,India Stocks,INR,53,335.55,75.68,2025-10-29 GMT+0530,18:19:00,,,Sell,FIFO,,,
3923,Gufic Biosciences Ltd.,GUFICBIO,NSI,India Stocks,INR,9,336.3,2.55,2025-10-29 GMT+0530,18:20:00,,,Buy,,,,
3924,Gufic Biosciences Ltd.,GUFICBIO,NSI,India Stocks,INR,48,335.3,0,2025-10-29 GMT+0530,18:20:00,,,Sell,FIFO,,,
3925,Gufic Biosciences Ltd.,GUFICBIO,NSI,India Stocks,INR,15,335.25,0,2025-10-29 GMT+0530,18:20:00,,,Sell,FIFO,,,
3926,Gufic Biosciences Ltd.,GUFICBIO,NSI,India Stocks,INR,23,335.5,0,2025-10-29 GMT+0530,18:20:00,,,Sell,FIFO,,,
3927,Gufic Biosciences Ltd.,GUFICBIO,NSI,India Stocks,INR,7,336.2,0,2025-10-29 GMT+0530,18:21:00,,,Buy,,,,
3928,Gufic Biosciences Ltd.,GUFICBIO,NSI,India Stocks,INR,2,336.1,0,2025-10-29 GMT+0530,18:21:00,,,Buy,,,,
3929,Gufic Biosciences Ltd.,GUFICBIO,NSI,India Stocks,INR,18,326.05,21.43,2025-11-03 GMT+0530,17:03:00,,,Sell,FIFO,,,
3930,Gufic Biosciences Ltd.,GUFICBIO,NSI,India Stocks,INR,33,298.75,30.35,2026-04-20 GMT+0530,16:32:00,,,Buy,,,,
3931,Gufic Biosciences Ltd.,GUFICBIO,NSI,India Stocks,INR,21,298.9,0,2026-04-20 GMT+0530,16:33:00,,,Buy,,,,
3932,Gufic Biosciences Ltd.,GUFICBIO,NSI,India Stocks,INR,14,298.85,0,2026-04-20 GMT+0530,16:33:00,,,Buy,,,,
3933,Gufic Biosciences Ltd.,GUFICBIO,NSI,India Stocks,INR,17,298.8,0,2026-04-20 GMT+0530,16:33:00,,,Buy,,,,
3934,H.g.infra Engineering Ltd,HGINFRA,NSI,India Stocks,INR,,,,,,,,,,,,
3935,H.g.infra Engineering Ltd,HGINFRA,NSI,India Stocks,INR,53,915,57.31,2025-10-20 GMT+0530,19:06:00,,,Buy,,,,
3936,H.g.infra Engineering Ltd,HGINFRA,NSI,India Stocks,INR,4,920.3,4.36,2025-10-29 GMT+0530,19:56:00,,,Buy,,,,
3937,H.g.infra Engineering Ltd,HGINFRA,NSI,India Stocks,INR,31,892.05,68.57,2025-11-17 GMT+0530,11:16:00,,,Sell,FIFO,,,
3938,H.g.infra Engineering Ltd,HGINFRA,NSI,India Stocks,INR,26,891.7,0,2025-11-17 GMT+0530,11:17:00,,,Sell,FIFO,,,
3939,I G Petrochemicals Ltd,IGPL,NSI,India Stocks,INR,,,,,,,,,,,,
3940,I G Petrochemicals Ltd,IGPL,NSI,India Stocks,INR,63,414,31.06,2025-10-20 GMT+0530,19:08:00,,,Buy,,,,
3941,I G Petrochemicals Ltd,IGPL,NSI,India Stocks,INR,4,415.95,2.47,2025-10-29 GMT+0530,19:58:00,,,Buy,,,,
3942,I G Petrochemicals Ltd,IGPL,NSI,India Stocks,INR,1,416,0,2025-10-29 GMT+0530,19:58:00,,,Buy,,,,
3943,I G Petrochemicals Ltd,IGPL,NSI,India Stocks,INR,10,391,0,2025-11-11 GMT+0530,17:49:00,,,Sell,FIFO,,,
3944,I G Petrochemicals Ltd,IGPL,NSI,India Stocks,INR,36,390.9,43.14,2025-11-11 GMT+0530,17:50:00,,,Sell,FIFO,,,
3945,I G Petrochemicals Ltd,IGPL,NSI,India Stocks,INR,5,390.55,0,2025-11-11 GMT+0530,17:50:00,,,Sell,FIFO,,,
3946,I G Petrochemicals Ltd,IGPL,NSI,India Stocks,INR,12,391.25,0,2025-11-11 GMT+0530,17:51:00,,,Sell,FIFO,,,
3947,I G Petrochemicals Ltd,IGPL,NSI,India Stocks,INR,2,392.1,0,2025-11-11 GMT+0530,17:51:00,,,Sell,FIFO,,,
3948,I G Petrochemicals Ltd,IGPL,NSI,India Stocks,INR,3,393,0,2025-11-11 GMT+0530,17:51:00,,,Sell,FIFO,,,
3949,I G Petrochemicals Ltd,IGPL,NSI,India Stocks,INR,1,419.6,0,2026-04-20 GMT+0530,16:36:00,,,Buy,,,,
3950,I G Petrochemicals Ltd,IGPL,NSI,India Stocks,INR,12,419.55,12.45,2026-04-20 GMT+0530,16:36:00,,,Buy,,,,
3951,I G Petrochemicals Ltd,IGPL,NSI,India Stocks,INR,11,419.95,0,2026-04-20 GMT+0530,16:37:00,,,Buy,,,,
3952,I G Petrochemicals Ltd,IGPL,NSI,India Stocks,INR,10,443.05,5.6,2026-05-27 GMT+0530,11:22:00,,,Buy,,,,
3953,Mmp Industries Limited,MMP,NSI,India Stocks,INR,,,,,,,,,,,,
3954,Mmp Industries Limited,MMP,NSI,India Stocks,INR,36,263.35,0,2025-10-20 GMT+0530,19:11:00,,,Buy,,,,
3955,Mmp Industries Limited,MMP,NSI,India Stocks,INR,33,262.6,0,2025-10-20 GMT+0530,19:11:00,,,Buy,,,,
3956,Mmp Industries Limited,MMP,NSI,India Stocks,INR,9,262.7,0,2025-10-20 GMT+0530,19:12:00,,,Buy,,,,
3957,Mmp Industries Limited,MMP,NSI,India Stocks,INR,46,263.45,38.85,2025-10-20 GMT+0530,19:12:00,,,Buy,,,,
3958,Mmp Industries Limited,MMP,NSI,India Stocks,INR,1,280.3,0.33,2025-10-29 GMT+0530,20:03:00,,,Buy,,,,
3959,Mmp Industries Limited,MMP,NSI,India Stocks,INR,32,224.42,44.47,2026-03-12 GMT+0530,16:43:00,,,Sell,FIFO,,,
3960,Mmp Industries Limited,MMP,NSI,India Stocks,INR,6,225,0,2026-03-12 GMT+0530,16:43:00,,,Sell,FIFO,,,
3961,Mmp Industries Limited,MMP,NSI,India Stocks,INR,30,224.81,0,2026-03-12 GMT+0530,16:44:00,,,Sell,FIFO,,,
3962,Mmp Industries Limited,MMP,NSI,India Stocks,INR,29,224.82,0,2026-03-12 GMT+0530,16:44:00,,,Sell,FIFO,,,
3963,Mmp Industries Limited,MMP,NSI,India Stocks,INR,20,224.41,0,2026-03-12 GMT+0530,16:44:00,,,Sell,FIFO,,,
3964,Mmp Industries Limited,MMP,NSI,India Stocks,INR,8,224.83,0,2026-03-12 GMT+0530,16:45:00,,,Sell,FIFO,,,
3965,Mmp Industries Limited,MMP,NSI,India Stocks,INR,1,254.13,0,2026-04-20 GMT+0530,16:38:00,,,Buy,,,,
3966,Mmp Industries Limited,MMP,NSI,India Stocks,INR,23,254.35,0,2026-04-20 GMT+0530,16:39:00,,,Buy,,,,
3967,Mmp Industries Limited,MMP,NSI,India Stocks,INR,27,254.23,15.45,2026-04-20 GMT+0530,16:39:00,,,Buy,,,,
3968,Mps Limited,MPSLTD,NSI,India Stocks,INR,,,,,,,,,,,,
3969,Mps Limited,MPSLTD,NSI,India Stocks,INR,1,2298.7,0,2025-10-20 GMT+0530,19:14:00,,,Buy,,,,
3970,Mps Limited,MPSLTD,NSI,India Stocks,INR,1,2298.6,0,2025-10-20 GMT+0530,19:14:00,,,Buy,,,,
3971,Mps Limited,MPSLTD,NSI,India Stocks,INR,6,2299.8,0,2025-10-20 GMT+0530,19:15:00,,,Buy,,,,
3972,Mps Limited,MPSLTD,NSI,India Stocks,INR,3,2299.7,0,2025-10-20 GMT+0530,19:15:00,,,Buy,,,,
3973,Mps Limited,MPSLTD,NSI,India Stocks,INR,5,2299.5,0,2025-10-20 GMT+0530,19:15:00,,,Buy,,,,
3974,Mps Limited,MPSLTD,NSI,India Stocks,INR,1,2299,0,2025-10-20 GMT+0530,19:15:00,,,Buy,,,,
3975,Mps Limited,MPSLTD,NSI,India Stocks,INR,7,2300,76.8,2025-10-20 GMT+0530,19:16:00,,,Buy,,,,
3976,Mps Limited,MPSLTD,NSI,India Stocks,INR,2,2299.9,0,2025-10-20 GMT+0530,19:16:00,,,Buy,,,,
3977,Mps Limited,MPSLTD,NSI,India Stocks,INR,2,2299.6,0,2025-10-20 GMT+0530,19:16:00,,,Buy,,,,
3978,Mps Limited,MPSLTD,NSI,India Stocks,INR,3,2223.6,10.54,2025-10-29 GMT+0530,20:04:00,,,Buy,,,,
3979,Mps Limited,MPSLTD,NSI,India Stocks,INR,1,2222.9,0,2025-10-29 GMT+0530,20:04:00,,,Buy,,,,
3980,Mps Limited,MPSLTD,NSI,India Stocks,INR,10,1862.45,77.68,2026-01-12 GMT+0530,18:33:00,,,Sell,FIFO,,,
3981,Mps Limited,MPSLTD,NSI,India Stocks,INR,1,1862.65,0,2026-01-12 GMT+0530,18:34:00,,,Sell,FIFO,,,
3982,Mps Limited,MPSLTD,NSI,India Stocks,INR,1,1862.4,0,2026-01-12 GMT+0530,18:34:00,,,Sell,FIFO,,,
3983,Mps Limited,MPSLTD,NSI,India Stocks,INR,1,1862.35,0,2026-01-12 GMT+0530,18:34:00,,,Sell,FIFO,,,
3984,Mps Limited,MPSLTD,NSI,India Stocks,INR,2,1864.4,0,2026-01-12 GMT+0530,18:35:00,,,Sell,FIFO,,,
3985,Mps Limited,MPSLTD,NSI,India Stocks,INR,1,1865.9,0,2026-01-12 GMT+0530,18:35:00,,,Sell,FIFO,,,
3986,Mps Limited,MPSLTD,NSI,India Stocks,INR,1,1865.05,0,2026-01-12 GMT+0530,18:35:00,,,Sell,FIFO,,,
3987,Mps Limited,MPSLTD,NSI,India Stocks,INR,7,1865,0,2026-01-12 GMT+0530,18:36:00,,,Sell,FIFO,,,
3988,Mps Limited,MPSLTD,NSI,India Stocks,INR,6,1861.95,0,2026-01-12 GMT+0530,18:36:00,,,Sell,FIFO,,,
3989,Mps Limited,MPSLTD,NSI,India Stocks,INR,2,1865.95,0,2026-01-12 GMT+0530,18:36:00,,,Sell,FIFO,,,
3990,Mps Limited,MPSLTD,NSI,India Stocks,INR,4,1760.4,14.78,2026-04-20 GMT+0530,16:41:00,,,Buy,,,,
3991,Mps Limited,MPSLTD,NSI,India Stocks,INR,1,1759.9,0,2026-04-20 GMT+0530,16:41:00,,,Buy,,,,
3992,Mps Limited,MPSLTD,NSI,India Stocks,INR,2,1761,0,2026-04-20 GMT+0530,16:42:00,,,Buy,,,,
3993,Paramount Comm Ltd,PARACABLES,NSI,India Stocks,INR,,,,,,,,,,,,
3994,Paramount Comm Ltd,PARACABLES,NSI,India Stocks,INR,438,42.21,30.98,2025-10-20 GMT+0530,19:26:00,,,Buy,,,,
3995,Paramount Comm Ltd,PARACABLES,NSI,India Stocks,INR,8,42.22,0,2025-10-20 GMT+0530,19:27:00,,,Buy,,,,
3996,Paramount Comm Ltd,PARACABLES,NSI,India Stocks,INR,170,42.23,0,2025-10-20 GMT+0530,19:27:00,,,Buy,,,,
3997,Paramount Comm Ltd,PARACABLES,NSI,India Stocks,INR,9,43.7,0,2025-10-29 GMT+0530,20:09:00,,,Buy,,,,
3998,Paramount Comm Ltd,PARACABLES,NSI,India Stocks,INR,18,43.69,1.4,2025-10-29 GMT+0530,20:10:00,,,Buy,,,,
3999,Paramount Comm Ltd,PARACABLES,NSI,India Stocks,INR,31,43.08,0,2025-11-03 GMT+0530,18:05:00,,,Sell,FIFO,,,
4000,Paramount Comm Ltd,PARACABLES,NSI,India Stocks,INR,77,43.03,0,2025-11-03 GMT+0530,18:06:00,,,Sell,FIFO,,,
4001,Paramount Comm Ltd,PARACABLES,NSI,India Stocks,INR,72,43.01,0,2025-11-03 GMT+0530,18:06:00,,,Sell,FIFO,,,
4002,Paramount Comm Ltd,PARACABLES,NSI,India Stocks,INR,71,43.02,0,2025-11-03 GMT+0530,18:06:00,,,Sell,FIFO,,,
4003,Paramount Comm Ltd,PARACABLES,NSI,India Stocks,INR,57,43,0,2025-11-03 GMT+0530,18:06:00,,,Sell,FIFO,,,
4004,Paramount Comm Ltd,PARACABLES,NSI,India Stocks,INR,335,43.07,44.28,2025-11-03 GMT+0530,18:07:00,,,Sell,FIFO,,,
4005,Paramount Comm Ltd,PARACABLES,NSI,India Stocks,INR,15,36.36,0,2026-02-18 GMT+0530,20:08:00,,,Buy,,,,
4006,Paramount Comm Ltd,PARACABLES,NSI,India Stocks,INR,34,36.34,0,2026-02-18 GMT+0530,20:09:00,,,Buy,,,,
4007,Paramount Comm Ltd,PARACABLES,NSI,India Stocks,INR,159,36.35,11.18,2026-02-18 GMT+0530,20:09:00,,,Buy,,,,
4008,Paramount Comm Ltd,PARACABLES,NSI,India Stocks,INR,62,36.37,0,2026-02-18 GMT+0530,20:10:00,,,Buy,,,,
4009,Paramount Comm Ltd,PARACABLES,NSI,India Stocks,INR,24,37.1,0.92,2026-02-23 GMT+0530,20:19:00,,,Buy,,,,
4010,Paramount Comm Ltd,PARACABLES,NSI,India Stocks,INR,294,66.01,34.14,2026-05-27 GMT+0530,11:20:00,,,Sell,FIFO,,,
4011,Ramco Systems Ltd.,RAMCOSYS,NSI,India Stocks,INR,,,,,,,,,,,,
4012,Ramco Systems Ltd.,RAMCOSYS,NSI,India Stocks,INR,11,572.4,0,2025-10-20 GMT+0530,19:29:00,,,Buy,,,,
4013,Ramco Systems Ltd.,RAMCOSYS,NSI,India Stocks,INR,10,571.25,0,2025-10-20 GMT+0530,19:29:00,,,Buy,,,,
4014,Ramco Systems Ltd.,RAMCOSYS,NSI,India Stocks,INR,76,571.45,137.9,2025-10-20 GMT+0530,19:30:00,,,Buy,,,,
4015,Ramco Systems Ltd.,RAMCOSYS,NSI,India Stocks,INR,13,571.35,0,2025-10-20 GMT+0530,19:30:00,,,Buy,,,,
4016,Ramco Systems Ltd.,RAMCOSYS,NSI,India Stocks,INR,1,572.35,0,2025-10-20 GMT+0530,19:31:00,,,Buy,,,,
4017,Ramco Systems Ltd.,RAMCOSYS,NSI,India Stocks,INR,9,572.25,0,2025-10-20 GMT+0530,19:31:00,,,Buy,,,,
4018,Ramco Systems Ltd.,RAMCOSYS,NSI,India Stocks,INR,1,572.1,0,2025-10-20 GMT+0530,19:31:00,,,Buy,,,,
4019,Ramco Systems Ltd.,RAMCOSYS,NSI,India Stocks,INR,1,572.05,0,2025-10-20 GMT+0530,19:31:00,,,Buy,,,,
4020,Ramco Systems Ltd.,RAMCOSYS,NSI,India Stocks,INR,1,571.95,0,2025-10-20 GMT+0530,19:31:00,,,Buy,,,,
4021,Ramco Systems Ltd.,RAMCOSYS,NSI,India Stocks,INR,7,572.2,0,2025-10-20 GMT+0530,19:32:00,,,Buy,,,,
4022,Ramco Systems Ltd.,RAMCOSYS,NSI,India Stocks,INR,2,572.15,0,2025-10-20 GMT+0530,19:32:00,,,Buy,,,,
4023,Ramco Systems Ltd.,RAMCOSYS,NSI,India Stocks,INR,2,571.85,0,2025-10-20 GMT+0530,19:32:00,,,Buy,,,,
4024,Ramco Systems Ltd.,RAMCOSYS,NSI,India Stocks,INR,14,571.1,0,2025-10-20 GMT+0530,19:32:00,,,Buy,,,,
4025,Ramco Systems Ltd.,RAMCOSYS,NSI,India Stocks,INR,22,571.65,0,2025-10-20 GMT+0530,19:33:00,,,Buy,,,,
4026,Ramco Systems Ltd.,RAMCOSYS,NSI,India Stocks,INR,3,571.9,0,2025-10-20 GMT+0530,19:33:00,,,Buy,,,,
4027,Ramco Systems Ltd.,RAMCOSYS,NSI,India Stocks,INR,8,572,0,2025-10-20 GMT+0530,19:34:00,,,Buy,,,,
4028,Ramco Systems Ltd.,RAMCOSYS,NSI,India Stocks,INR,8,571.7,0,2025-10-20 GMT+0530,19:34:00,,,Buy,,,,
4029,Ramco Systems Ltd.,RAMCOSYS,NSI,India Stocks,INR,16,571.3,0,2025-10-20 GMT+0530,19:34:00,,,Buy,,,,
4030,Ramco Systems Ltd.,RAMCOSYS,NSI,India Stocks,INR,17,490.3,0,2026-01-12 GMT+0530,18:40:00,,,Sell,FIFO,,,
4031,Ramco Systems Ltd.,RAMCOSYS,NSI,India Stocks,INR,18,490.2,0,2026-01-12 GMT+0530,18:41:00,,,Sell,FIFO,,,
4032,Ramco Systems Ltd.,RAMCOSYS,NSI,India Stocks,INR,23,490.55,0,2026-01-12 GMT+0530,18:41:00,,,Sell,FIFO,,,
4033,Ramco Systems Ltd.,RAMCOSYS,NSI,India Stocks,INR,27,490.15,0,2026-01-12 GMT+0530,18:41:00,,,Sell,FIFO,,,
4034,Ramco Systems Ltd.,RAMCOSYS,NSI,India Stocks,INR,17,490.25,0,2026-01-12 GMT+0530,18:41:00,,,Sell,FIFO,,,
4035,Ramco Systems Ltd.,RAMCOSYS,NSI,India Stocks,INR,14,490.65,0,2026-01-12 GMT+0530,18:41:00,,,Sell,FIFO,,,
4036,Ramco Systems Ltd.,RAMCOSYS,NSI,India Stocks,INR,2,490.8,0,2026-01-12 GMT+0530,18:42:00,,,Sell,FIFO,,,
4037,Ramco Systems Ltd.,RAMCOSYS,NSI,India Stocks,INR,2,490.7,0,2026-01-12 GMT+0530,18:42:00,,,Sell,FIFO,,,
4038,Ramco Systems Ltd.,RAMCOSYS,NSI,India Stocks,INR,19,490.5,0,2026-01-12 GMT+0530,18:42:00,,,Sell,FIFO,,,
4039,Ramco Systems Ltd.,RAMCOSYS,NSI,India Stocks,INR,28,490.35,119.47,2026-01-12 GMT+0530,18:43:00,,,Sell,FIFO,,,
4040,Ramco Systems Ltd.,RAMCOSYS,NSI,India Stocks,INR,11,491.25,0,2026-01-12 GMT+0530,18:43:00,,,Sell,FIFO,,,
4041,Ramco Systems Ltd.,RAMCOSYS,NSI,India Stocks,INR,8,490.85,0,2026-01-12 GMT+0530,18:44:00,,,Sell,FIFO,,,
4042,Ramco Systems Ltd.,RAMCOSYS,NSI,India Stocks,INR,5,490.75,0,2026-01-12 GMT+0530,18:44:00,,,Sell,FIFO,,,
4043,Ramco Systems Ltd.,RAMCOSYS,NSI,India Stocks,INR,14,490.6,0,2026-01-12 GMT+0530,18:44:00,,,Sell,FIFO,,,
4044,Ramco Systems Ltd.,RAMCOSYS,NSI,India Stocks,INR,2,529.7,0,2026-02-18 GMT+0530,20:14:00,,,Buy,,,,
4045,Ramco Systems Ltd.,RAMCOSYS,NSI,India Stocks,INR,24,529.65,53.21,2026-02-18 GMT+0530,20:14:00,,,Buy,,,,
4046,Ramco Systems Ltd.,RAMCOSYS,NSI,India Stocks,INR,3,528.75,0,2026-02-18 GMT+0530,20:15:00,,,Buy,,,,
4047,Ramco Systems Ltd.,RAMCOSYS,NSI,India Stocks,INR,18,529.8,0,2026-02-18 GMT+0530,20:16:00,,,Buy,,,,
4048,Ramco Systems Ltd.,RAMCOSYS,NSI,India Stocks,INR,4,529.9,0,2026-02-18 GMT+0530,20:16:00,,,Buy,,,,
4049,Ramco Systems Ltd.,RAMCOSYS,NSI,India Stocks,INR,15,529.75,0,2026-02-18 GMT+0530,20:17:00,,,Buy,,,,
4050,Ramco Systems Ltd.,RAMCOSYS,NSI,India Stocks,INR,17,529.85,0,2026-02-18 GMT+0530,20:18:00,,,Buy,,,,
4051,Ramco Systems Ltd.,RAMCOSYS,NSI,India Stocks,INR,2,512.5,0,2026-02-23 GMT+0530,20:22:00,,,Buy,,,,
4052,Ramco Systems Ltd.,RAMCOSYS,NSI,India Stocks,INR,10,511.45,7.37,2026-02-23 GMT+0530,20:23:00,,,Buy,,,,
4053,Ramco Systems Ltd.,RAMCOSYS,NSI,India Stocks,INR,25,417,0,2026-03-12 GMT+0530,16:59:00,,,Sell,FIFO,,,
4054,Ramco Systems Ltd.,RAMCOSYS,NSI,India Stocks,INR,13,416.65,0,2026-03-12 GMT+0530,16:59:00,,,Sell,FIFO,,,
4055,Ramco Systems Ltd.,RAMCOSYS,NSI,India Stocks,INR,57,416.7,56.41,2026-03-12 GMT+0530,17:00:00,,,Sell,FIFO,,,
4056,Ramco Systems Ltd.,RAMCOSYS,NSI,India Stocks,INR,46,430.95,42.1,2026-04-20 GMT+0530,16:46:00,,,Buy,,,,
4057,Ramco Systems Ltd.,RAMCOSYS,NSI,India Stocks,INR,37,430.9,0,2026-04-20 GMT+0530,16:46:00,,,Buy,,,,
4058,Ramco Systems Ltd.,RAMCOSYS,NSI,India Stocks,INR,81,390.2,49.2,2026-05-20 GMT+0530,19:55:00,,,Sell,FIFO,,,
4059,Ramco Systems Ltd.,RAMCOSYS,NSI,India Stocks,INR,2,390.25,0,2026-05-20 GMT+0530,19:56:00,,,Sell,FIFO,,,
4060,Sheela Foam Limited,SFL,NSI,India Stocks,INR,,,,,,,,,,,,
4061,Sheela Foam Limited,SFL,NSI,India Stocks,INR,29,667,23.07,2025-10-20 GMT+0530,19:42:00,,,Buy,,,,
4062,Sheela Foam Limited,SFL,NSI,India Stocks,INR,2,674.75,1.6,2025-10-29 GMT+0530,20:20:00,,,Buy,,,,
4063,Sheela Foam Limited,SFL,NSI,India Stocks,INR,21,707.35,36.56,2025-11-03 GMT+0530,18:35:00,,,Buy,,,,
4064,Sheela Foam Limited,SFL,NSI,India Stocks,INR,1,707.4,0,2025-11-03 GMT+0530,18:36:00,,,Buy,,,,
4065,Sheela Foam Limited,SFL,NSI,India Stocks,INR,7,707.55,0,2025-11-03 GMT+0530,18:36:00,,,Buy,,,,
4066,Sheela Foam Limited,SFL,NSI,India Stocks,INR,14,707.45,0,2025-11-03 GMT+0530,18:37:00,,,Buy,,,,
4067,Sheela Foam Limited,SFL,NSI,India Stocks,INR,1,614.2,0,2025-11-20 GMT+0530,11:23:00,,,Sell,FIFO,,,
4068,Sheela Foam Limited,SFL,NSI,India Stocks,INR,33,614,62.48,2025-11-20 GMT+0530,11:24:00,,,Sell,FIFO,,,
4069,Sheela Foam Limited,SFL,NSI,India Stocks,INR,2,614.1,0,2025-11-20 GMT+0530,11:24:00,,,Sell,FIFO,,,
4070,Sheela Foam Limited,SFL,NSI,India Stocks,INR,28,614.05,0,2025-11-20 GMT+0530,11:24:00,,,Sell,FIFO,,,
4071,Sheela Foam Limited,SFL,NSI,India Stocks,INR,10,614.15,0,2025-11-20 GMT+0530,11:25:00,,,Sell,FIFO,,,
4072,Sheela Foam Limited,SFL,NSI,India Stocks,INR,13,578.7,8.8,2026-02-18 GMT+0530,20:24:00,,,Buy,,,,
4073,Sheela Foam Limited,SFL,NSI,India Stocks,INR,2,565.8,1.18,2026-02-23 GMT+0530,20:25:00,,,Buy,,,,
4074,Sheela Foam Limited,SFL,NSI,India Stocks,INR,15,0,0,2026-07-09 GMT+0530,22:58:00,,,Dividend,FIFO,,,
4075,Sheela Foam Limited,SFL,NSI,India Stocks,INR,594,0,0,2026-07-09 GMT+0530,23:30:00,,,Dividend,FIFO,,,
4076,Speciality Rest Ltd,SPECIALITY,NSI,India Stocks,INR,,,,,,,,,,,,
4077,Speciality Rest Ltd,SPECIALITY,NSI,India Stocks,INR,23,137.42,7.7,2025-10-20 GMT+0530,19:44:00,,,Buy,,,,
4078,Speciality Rest Ltd,SPECIALITY,NSI,India Stocks,INR,16,137.37,0,2025-10-20 GMT+0530,19:44:00,,,Buy,,,,
4079,Speciality Rest Ltd,SPECIALITY,NSI,India Stocks,INR,8,137.41,0,2025-10-20 GMT+0530,19:45:00,,,Buy,,,,
4080,Speciality Rest Ltd,SPECIALITY,NSI,India Stocks,INR,37,141.1,8.92,2025-10-29 GMT+0530,20:25:00,,,Buy,,,,
4081,Speciality Rest Ltd,SPECIALITY,NSI,India Stocks,INR,13,140.65,0,2025-10-29 GMT+0530,20:25:00,,,Buy,,,,
4082,Speciality Rest Ltd,SPECIALITY,NSI,India Stocks,INR,3,139.88,0,2025-10-29 GMT+0530,20:25:00,,,Buy,,,,
4083,Speciality Rest Ltd,SPECIALITY,NSI,India Stocks,INR,100,124.5,28.26,2025-11-25 GMT+0530,15:05:00,,,Sell,FIFO,,,
4084,Va Tech Wabag Ltd,WABAG,NSI,India Stocks,INR,,,,,,,,,,,,
4085,Va Tech Wabag Ltd,WABAG,NSI,India Stocks,INR,23,1405.8,38.54,2025-10-20 GMT+0530,19:47:00,,,Buy,,,,
4086,Va Tech Wabag Ltd,WABAG,NSI,India Stocks,INR,2,1402.7,3.33,2025-10-29 GMT+0530,20:33:00,,,Buy,,,,
4087,Va Tech Wabag Ltd,WABAG,NSI,India Stocks,INR,25,1276.1,48.12,2025-12-29 GMT+0530,12:24:00,,,Sell,FIFO,,,
4088,Va Tech Wabag Ltd,WABAG,NSI,India Stocks,INR,25,1308.7,58.99,2026-02-10 GMT+0530,21:43:00,,,Buy,,,,
4089,Va Tech Wabag Ltd,WABAG,NSI,India Stocks,INR,1,1308.3,0,2026-02-10 GMT+0530,21:43:00,,,Buy,,,,
4090,Va Tech Wabag Ltd,WABAG,NSI,India Stocks,INR,9,1308.65,0,2026-02-10 GMT+0530,21:44:00,,,Buy,,,,
4091,Va Tech Wabag Ltd,WABAG,NSI,India Stocks,INR,3,1308.6,0,2026-02-10 GMT+0530,21:44:00,,,Buy,,,,
4092,Va Tech Wabag Ltd,WABAG,NSI,India Stocks,INR,4,1278.2,6.3,2026-02-23 GMT+0530,20:30:00,,,Buy,,,,
4093,Va Tech Wabag Ltd,WABAG,NSI,India Stocks,INR,15,1191.5,0,2026-03-24 GMT+0530,16:22:00,,,Buy,,,,
4094,Va Tech Wabag Ltd,WABAG,NSI,India Stocks,INR,8,1191.4,0,2026-03-24 GMT+0530,16:22:00,,,Buy,,,,
4095,Va Tech Wabag Ltd,WABAG,NSI,India Stocks,INR,11,1191.6,0,2026-03-24 GMT+0530,16:23:00,,,Buy,,,,
4096,Va Tech Wabag Ltd,WABAG,NSI,India Stocks,INR,16,1191.3,70.8,2026-03-26 GMT+0530,16:21:00,,,Buy,,,,
4097,Va Tech Wabag Ltd,WABAG,NSI,India Stocks,INR,21,1407.4,0,2026-04-20 GMT+0530,17:01:00,,,Sell,FIFO,,,
4098,Va Tech Wabag Ltd,WABAG,NSI,India Stocks,INR,39,1407.6,149.68,2026-04-20 GMT+0530,17:02:00,,,Sell,FIFO,,,
4099,Va Tech Wabag Ltd,WABAG,NSI,India Stocks,INR,32,1407.5,0,2026-04-20 GMT+0530,17:02:00,,,Sell,FIFO,,,
4100,Au Small Finance Bank Ltd,AUBANK,NSI,India Stocks,INR,,,,,,,,,,,,
4101,Au Small Finance Bank Ltd,AUBANK,NSI,India Stocks,INR,68,884.6,71.4,2025-11-03 GMT+0530,18:18:00,,,Buy,,,,
4102,Au Small Finance Bank Ltd,AUBANK,NSI,India Stocks,INR,1,913.9,0.95,2025-11-17 GMT+0530,11:08:00,,,Buy,,,,
4103,Au Small Finance Bank Ltd,AUBANK,NSI,India Stocks,INR,69,950.9,83.41,2025-12-09 GMT+0530,19:33:00,,,Sell,FIFO,,,
4104,Inventurus Knowledge So L,IKS,NSI,India Stocks,INR,,,,,,,,,,,,
4105,Inventurus Knowledge So L,IKS,NSI,India Stocks,INR,5,1666.7,12.37,2025-11-03 GMT+0530,18:25:00,,,Buy,,,,
4106,Inventurus Knowledge So L,IKS,NSI,India Stocks,INR,1,1666.6,0,2025-11-03 GMT+0530,18:26:00,,,Buy,,,,
4107,Inventurus Knowledge So L,IKS,NSI,India Stocks,INR,18,1708.05,0,2026-02-10 GMT+0530,20:56:00,,,Buy,,,,
4108,Inventurus Knowledge So L,IKS,NSI,India Stocks,INR,5,1707.85,0,2026-02-10 GMT+0530,20:57:00,,,Buy,,,,
4109,Inventurus Knowledge So L,IKS,NSI,India Stocks,INR,4,1707.1,0,2026-02-10 GMT+0530,20:57:00,,,Buy,,,,
4110,Inventurus Knowledge So L,IKS,NSI,India Stocks,INR,35,1708,152.92,2026-02-10 GMT+0530,20:57:00,,,Buy,,,,
4111,Inventurus Knowledge So L,IKS,NSI,India Stocks,INR,8,1708.3,0,2026-02-10 GMT+0530,20:58:00,,,Buy,,,,
4112,Inventurus Knowledge So L,IKS,NSI,India Stocks,INR,5,1707.9,0,2026-02-10 GMT+0530,20:58:00,,,Buy,,,,
4113,Inventurus Knowledge So L,IKS,NSI,India Stocks,INR,3,1334.1,0,2026-03-12 GMT+0530,16:27:00,,,Sell,FIFO,,,
4114,Inventurus Knowledge So L,IKS,NSI,India Stocks,INR,24,1334.05,0,2026-03-12 GMT+0530,16:27:00,,,Sell,FIFO,,,
4115,Inventurus Knowledge So L,IKS,NSI,India Stocks,INR,7,1333.55,0,2026-03-12 GMT+0530,16:28:00,,,Sell,FIFO,,,
4116,Inventurus Knowledge So L,IKS,NSI,India Stocks,INR,47,1333.6,128.28,2026-03-12 GMT+0530,16:28:00,,,Sell,FIFO,,,
4117,Intellect Design Arena,INTELLECT,NSI,India Stocks,INR,,,,,,,,,,,,
4118,Intellect Design Arena,INTELLECT,NSI,India Stocks,INR,9,1238.7,13.57,2025-11-03 GMT+0530,18:29:00,,,Buy,,,,
4119,Intellect Design Arena,INTELLECT,NSI,India Stocks,INR,18,1092.6,23.4,2025-11-18 GMT+0530,13:38:00,,,Buy,,,,
4120,Intellect Design Arena,INTELLECT,NSI,India Stocks,INR,22,962.9,42.8,2025-12-30 GMT+0530,12:58:00,,,Sell,FIFO,,,
4121,Intellect Design Arena,INTELLECT,NSI,India Stocks,INR,5,962.95,0,2025-12-30 GMT+0530,12:59:00,,,Sell,FIFO,,,
4122,Raghav Productivity Enh L,RPEL,NSI,India Stocks,INR,,,,,,,,,,,,
4123,Raghav Productivity Enh L,RPEL,NSI,India Stocks,INR,10,817.85,13.03,2025-11-03 GMT+0530,18:33:00,,,Buy,,,,
4124,Raghav Productivity Enh L,RPEL,NSI,India Stocks,INR,3,818.15,0,2025-11-03 GMT+0530,18:33:00,,,Buy,,,,
4125,Raghav Productivity Enh L,RPEL,NSI,India Stocks,INR,13,678.05,24.48,2026-03-12 GMT+0530,17:01:00,,,Sell,FIFO,,,
4126,Strides Pharma Sci Ltd,STAR,NSI,India Stocks,INR,,,,,,,,,,,,
4127,Strides Pharma Sci Ltd,STAR,NSI,India Stocks,INR,11,987.7,13.36,2025-11-03 GMT+0530,18:38:00,,,Buy,,,,
4128,Strides Pharma Sci Ltd,STAR,NSI,India Stocks,INR,21,949.7,23.85,2025-11-18 GMT+0530,13:45:00,,,Buy,,,,
4129,Strides Pharma Sci Ltd,STAR,NSI,India Stocks,INR,16,893.5,45.22,2026-03-12 GMT+0530,17:27:00,,,Sell,FIFO,,,
4130,Strides Pharma Sci Ltd,STAR,NSI,India Stocks,INR,15,893.05,0,2026-03-12 GMT+0530,17:27:00,,,Sell,FIFO,,,
4131,Strides Pharma Sci Ltd,STAR,NSI,India Stocks,INR,1,893.1,0,2026-03-12 GMT+0530,17:27:00,,,Sell,FIFO,,,
4132,Medplus Health Serv Ltd,MEDPLUS,NSI,India Stocks,INR,,,,,,,,,,,,
4133,Medplus Health Serv Ltd,MEDPLUS,NSI,India Stocks,INR,12,824.7,11.46,2025-11-04 GMT+0530,08:52:00,,,Buy,,,,
4134,Medplus Health Serv Ltd,MEDPLUS,NSI,India Stocks,INR,12,798.35,25.79,2026-06-30 GMT+0530,08:56:00,,,Sell,FIFO,,,
4135,Jain Resource Recycling L,JAINREC,NSI,India Stocks,INR,,,,,,,,,,,,
4136,Jain Resource Recycling L,JAINREC,NSI,India Stocks,INR,373,415,206.82,2025-11-10 GMT+0530,17:14:00,,,Buy,,,,
4137,Jain Resource Recycling L,JAINREC,NSI,India Stocks,INR,47,414.95,0,2025-11-10 GMT+0530,17:15:00,,,Buy,,,,
4138,Jain Resource Recycling L,JAINREC,NSI,India Stocks,INR,231,396.55,120.24,2026-02-03 GMT+0530,19:40:00,,,Sell,FIFO,,,
4139,Jain Resource Recycling L,JAINREC,NSI,India Stocks,INR,24,396.5,0,2026-02-03 GMT+0530,19:41:00,,,Sell,FIFO,,,
4140,Jain Resource Recycling L,JAINREC,NSI,India Stocks,INR,113,413.6,55.49,2026-02-10 GMT+0530,21:03:00,,,Buy,,,,
4141,Jain Resource Recycling L,JAINREC,NSI,India Stocks,INR,10,383.25,4.98,2026-02-23 GMT+0530,20:17:00,,,Buy,,,,
4142,Jain Resource Recycling L,JAINREC,NSI,India Stocks,INR,19,384.35,0,2026-05-20 GMT+0530,19:47:00,,,Sell,FIFO,,,
4143,Jain Resource Recycling L,JAINREC,NSI,India Stocks,INR,269,384.4,131.08,2026-05-20 GMT+0530,19:48:00,,,Sell,FIFO,,,
4144,Jain Resource Recycling L,JAINREC,NSI,India Stocks,INR,201,346.6,96.14,2026-07-31 GMT+0530,13:35:00,,,Buy,,,,
4145,Jain Resource Recycling L,JAINREC,NSI,India Stocks,INR,33,346.55,0,2026-07-31 GMT+0530,13:35:00,,,Buy,,,,
4146,Jain Resource Recycling L,JAINREC,NSI,India Stocks,INR,107,323.45,93.64,2026-08-04 GMT+0530,13:53:00,,,Sell,FIFO,,,
4147,Jain Resource Recycling L,JAINREC,NSI,India Stocks,INR,49,323.5,0,2026-08-04 GMT+0530,13:54:00,,,Sell,FIFO,,,
4148,Jain Resource Recycling L,JAINREC,NSI,India Stocks,INR,78,323.55,0,2026-08-04 GMT+0530,13:55:00,,,Sell,FIFO,,,
4149,Chennai Petroleum Corp Lt,CHENNPETRO,NSI,India Stocks,INR,,,,,,,,,,,,
4150,Chennai Petroleum Corp Lt,CHENNPETRO,NSI,India Stocks,INR,9,1076.65,11.13,2025-11-18 GMT+0530,13:32:00,,,Buy,,,,
4151,Chennai Petroleum Corp Lt,CHENNPETRO,NSI,India Stocks,INR,4,826.3,0,2025-12-29 GMT+0530,12:21:00,,,Sell,FIFO,,,
4152,Chennai Petroleum Corp Lt,CHENNPETRO,NSI,India Stocks,INR,5,826.25,23.05,2025-12-29 GMT+0530,12:22:00,,,Sell,FIFO,,,
4153,D. P. Abhushan Limited,DPABHUSHAN,NSI,India Stocks,INR,,,,,,,,,,,,
4154,D. P. Abhushan Limited,DPABHUSHAN,NSI,India Stocks,INR,1,1592.7,0,2025-11-18 GMT+0530,13:34:00,,,Buy,,,,
4155,D. P. Abhushan Limited,DPABHUSHAN,NSI,India Stocks,INR,6,1592.65,25.13,2025-11-18 GMT+0530,13:35:00,,,Buy,,,,
4156,D. P. Abhushan Limited,DPABHUSHAN,NSI,India Stocks,INR,1,1591.8,0,2025-11-18 GMT+0530,13:35:00,,,Buy,,,,
4157,D. P. Abhushan Limited,DPABHUSHAN,NSI,India Stocks,INR,5,1592.95,0,2025-11-18 GMT+0530,13:36:00,,,Buy,,,,
4158,D. P. Abhushan Limited,DPABHUSHAN,NSI,India Stocks,INR,6,1016.7,0,2026-03-12 GMT+0530,14:36:00,,,Sell,FIFO,,,
4159,D. P. Abhushan Limited,DPABHUSHAN,NSI,India Stocks,INR,7,1016.9,29.05,2026-03-12 GMT+0530,14:37:00,,,Sell,FIFO,,,
4160,Rico Auto Industries Ltd,RICOAUTO,NSI,India Stocks,INR,,,,,,,,,,,,
4161,Rico Auto Industries Ltd,RICOAUTO,NSI,India Stocks,INR,168,112.45,24.11,2025-11-18 GMT+0530,13:40:00,,,Buy,,,,
4162,Rico Auto Industries Ltd,RICOAUTO,NSI,India Stocks,INR,13,112.46,0,2025-11-18 GMT+0530,13:42:00,,,Buy,,,,
4163,Sequent Scientific Ltd.,SEQUENT,NSI,India Stocks,INR,,,,,,,,,,,,
4164,Sequent Scientific Ltd.,SEQUENT,NSI,India Stocks,INR,43,236.72,12.56,2025-11-18 GMT+0530,13:43:00,,,Buy,,,,
4165,Sequent Scientific Ltd.,SEQUENT,NSI,India Stocks,INR,10,195.5,0,2025-12-09 GMT+0530,19:55:00,,,Sell,FIFO,,,
4166,Sequent Scientific Ltd.,SEQUENT,NSI,India Stocks,INR,33,195.45,24.13,2025-12-09 GMT+0530,19:56:00,,,Sell,FIFO,,,
4167,Ather Energy Limited,ATHERENERG,NSI,India Stocks,INR,,,,,,,,,,,,
4168,Ather Energy Limited,ATHERENERG,NSI,India Stocks,INR,34,677.85,0,2025-11-20 GMT+0530,11:01:00,,,Buy,,,,
4169,Ather Energy Limited,ATHERENERG,NSI,India Stocks,INR,119,677.9,164.46,2025-11-20 GMT+0530,11:11:00,,,Buy,,,,
4170,Ather Energy Limited,ATHERENERG,NSI,India Stocks,INR,51,677.8,0,2025-11-20 GMT+0530,11:11:00,,,Buy,,,,
4171,Ather Energy Limited,ATHERENERG,NSI,India Stocks,INR,10,649.8,0,2026-02-03 GMT+0530,19:35:00,,,Sell,FIFO,,,
4172,Ather Energy Limited,ATHERENERG,NSI,India Stocks,INR,29,649.5,0,2026-02-03 GMT+0530,19:36:00,,,Sell,FIFO,,,
4173,Ather Energy Limited,ATHERENERG,NSI,India Stocks,INR,42,649.85,94.86,2026-02-03 GMT+0530,19:36:00,,,Sell,FIFO,,,
4174,Ather Energy Limited,ATHERENERG,NSI,India Stocks,INR,11,649.7,0,2026-02-03 GMT+0530,19:36:00,,,Sell,FIFO,,,
4175,Ather Energy Limited,ATHERENERG,NSI,India Stocks,INR,26,649.3,0,2026-02-03 GMT+0530,19:37:00,,,Sell,FIFO,,,
4176,Ather Energy Limited,ATHERENERG,NSI,India Stocks,INR,19,731.5,16.42,2026-02-10 GMT+0530,20:40:00,,,Buy,,,,
4177,Ather Energy Limited,ATHERENERG,NSI,India Stocks,INR,7,878.2,10.11,2026-05-22 GMT+0530,14:05:00,,,Buy,,,,
4178,Ather Energy Limited,ATHERENERG,NSI,India Stocks,INR,3,878.25,0,2026-05-22 GMT+0530,14:06:00,,,Buy,,,,
4179,Emmvee Photovoltaic Pwr L,EMMVEE,NSI,India Stocks,INR,,,,,,,,,,,,
4180,Emmvee Photovoltaic Pwr L,EMMVEE,NSI,India Stocks,INR,52,226.29,0,2025-11-20 GMT+0530,11:14:00,,,Buy,,,,
4181,Emmvee Photovoltaic Pwr L,EMMVEE,NSI,India Stocks,INR,300,226.32,177.46,2025-11-20 GMT+0530,11:14:00,,,Buy,,,,
4182,Emmvee Photovoltaic Pwr L,EMMVEE,NSI,India Stocks,INR,213,226.3,0,2025-11-20 GMT+0530,11:14:00,,,Buy,,,,
4183,Emmvee Photovoltaic Pwr L,EMMVEE,NSI,India Stocks,INR,98,226.31,0,2025-11-20 GMT+0530,11:15:00,,,Buy,,,,
4184,Emmvee Photovoltaic Pwr L,EMMVEE,NSI,India Stocks,INR,66,174.55,0,2025-12-19 GMT+0530,09:33:00,,,Sell,FIFO,,,
4185,Emmvee Photovoltaic Pwr L,EMMVEE,NSI,India Stocks,INR,276,174.5,0,2025-12-19 GMT+0530,09:34:00,,,Sell,FIFO,,,
4186,Emmvee Photovoltaic Pwr L,EMMVEE,NSI,India Stocks,INR,321,174.45,135.36,2025-12-19 GMT+0530,09:34:00,,,Sell,FIFO,,,
4187,Emmvee Photovoltaic Pwr L,EMMVEE,NSI,India Stocks,INR,116,243.13,44.84,2026-04-15 GMT+0530,20:13:00,,,Buy,,,,
4188,Emmvee Photovoltaic Pwr L,EMMVEE,NSI,India Stocks,INR,38,243.14,0,2026-04-15 GMT+0530,20:14:00,,,Buy,,,,
4189,Emmvee Photovoltaic Pwr L,EMMVEE,NSI,India Stocks,INR,8,262.85,2.18,2026-05-22 GMT+0530,14:09:00,,,Buy,,,,
4190,Emmvee Photovoltaic Pwr L,EMMVEE,NSI,India Stocks,INR,6,319,1.99,2026-07-22 GMT+0530,21:15:00,,,Buy,,,,
4191,Emmvee Photovoltaic Pwr L,EMMVEE,NSI,India Stocks,INR,67,319.95,30.88,2026-08-04 GMT+0530,13:47:00,,,Buy,,,,
4192,Emmvee Photovoltaic Pwr L,EMMVEE,NSI,India Stocks,INR,10,319.9,0,2026-08-04 GMT+0530,13:48:00,,,Buy,,,,
4193,Emmvee Photovoltaic Pwr L,EMMVEE,NSI,India Stocks,INR,4,319.8,0,2026-08-04 GMT+0530,13:48:00,,,Buy,,,,
4194,Hero Motocorp Limited,HEROMOTOCO,NSI,India Stocks,INR,,,,,,,,,,,,
4195,Hero Motocorp Limited,HEROMOTOCO,NSI,India Stocks,INR,11,6293,81.81,2025-12-02 GMT+0530,11:53:00,,,Buy,,,,
4196,Hero Motocorp Limited,HEROMOTOCO,NSI,India Stocks,INR,1210,0,0,2026-02-11 GMT+0530,21:25:00,,,Dividend,FIFO,,,
4197,Hero Motocorp Limited,HEROMOTOCO,NSI,India Stocks,INR,6,5417.6,77.64,2026-03-12 GMT+0530,16:25:00,,,Sell,FIFO,,,
4198,Hero Motocorp Limited,HEROMOTOCO,NSI,India Stocks,INR,5,5417.55,0,2026-03-12 GMT+0530,16:26:00,,,Sell,FIFO,,,
4199,Apl Apollo Tubes Ltd,APLAPOLLO,NSI,India Stocks,INR,,,,,,,,,,,,
4200,Apl Apollo Tubes Ltd,APLAPOLLO,NSI,India Stocks,INR,25,1808.7,60.54,2025-12-19 GMT+0530,09:26:00,,,Buy,,,,
4201,Apl Apollo Tubes Ltd,APLAPOLLO,NSI,India Stocks,INR,3,1808.6,0,2025-12-19 GMT+0530,09:27:00,,,Buy,,,,
4202,Apl Apollo Tubes Ltd,APLAPOLLO,NSI,India Stocks,INR,47,2117.7,118.25,2026-04-20 GMT+0530,16:06:00,,,Buy,,,,
4203,Apl Apollo Tubes Ltd,APLAPOLLO,NSI,India Stocks,INR,75,1757.95,153.18,2026-06-11 GMT+0530,18:56:00,,,Sell,FIFO,,,
4204,Asian Granito Ind. Ltd.,ASIANTILES,NSI,India Stocks,INR,,,,,,,,,,,,
4205,Asian Granito Ind. Ltd.,ASIANTILES,NSI,India Stocks,INR,60,70.16,0,2025-12-19 GMT+0530,09:29:00,,,Buy,,,,
4206,Asian Granito Ind. Ltd.,ASIANTILES,NSI,India Stocks,INR,131,70.15,0,2025-12-19 GMT+0530,09:30:00,,,Buy,,,,
4207,Asian Granito Ind. Ltd.,ASIANTILES,NSI,India Stocks,INR,113,70.14,0,2025-12-19 GMT+0530,09:30:00,,,Buy,,,,
4208,Asian Granito Ind. Ltd.,ASIANTILES,NSI,India Stocks,INR,10,70.1,0,2025-12-19 GMT+0530,09:30:00,,,Buy,,,,
4209,Asian Granito Ind. Ltd.,ASIANTILES,NSI,India Stocks,INR,400,70.07,60.33,2025-12-19 GMT+0530,09:31:00,,,Buy,,,,
4210,Asian Granito Ind. Ltd.,ASIANTILES,NSI,India Stocks,INR,1,64.8,0,2026-03-12 GMT+0530,14:27:00,,,Sell,FIFO,,,
4211,Asian Granito Ind. Ltd.,ASIANTILES,NSI,India Stocks,INR,112,64.71,0,2026-03-12 GMT+0530,14:27:00,,,Sell,FIFO,,,
4212,Asian Granito Ind. Ltd.,ASIANTILES,NSI,India Stocks,INR,99,64.81,0,2026-03-12 GMT+0530,14:28:00,,,Sell,FIFO,,,
4213,Asian Granito Ind. Ltd.,ASIANTILES,NSI,India Stocks,INR,457,64.73,63.66,2026-03-12 GMT+0530,14:28:00,,,Sell,FIFO,,,
4214,Asian Granito Ind. Ltd.,ASIANTILES,NSI,India Stocks,INR,45,64.74,0,2026-03-12 GMT+0530,14:28:00,,,Sell,FIFO,,,
4215,Apollo Micro Systems Ltd,APOLLO,NSI,India Stocks,INR,,,,,,,,,,,,
4216,Apollo Micro Systems Ltd,APOLLO,NSI,India Stocks,INR,725,275.7,238.78,2026-01-02 GMT+0530,19:14:00,,,Buy,,,,
4217,Apollo Micro Systems Ltd,APOLLO,NSI,India Stocks,INR,725,207,171.03,2026-03-12 GMT+0530,14:26:00,,,Sell,FIFO,,,
4218,Quality Power Elec Equp L,QPOWER,NSI,India Stocks,INR,,,,,,,,,,,,
4219,Quality Power Elec Equp L,QPOWER,NSI,India Stocks,INR,46,801.45,58.11,2026-01-02 GMT+0530,19:19:00,,,Buy,,,,
4220,Quality Power Elec Equp L,QPOWER,NSI,India Stocks,INR,15,801.35,0,2026-01-02 GMT+0530,19:20:00,,,Buy,,,,
4221,Quality Power Elec Equp L,QPOWER,NSI,India Stocks,INR,6,1076.85,0,2026-04-15 GMT+0530,20:31:00,,,Buy,,,,
4222,Quality Power Elec Equp L,QPOWER,NSI,India Stocks,INR,18,1076.8,30.81,2026-04-15 GMT+0530,20:31:00,,,Buy,,,,
4223,Quality Power Elec Equp L,QPOWER,NSI,India Stocks,INR,1,1138,1.18,2026-05-22 GMT+0530,14:21:00,,,Buy,,,,
4224,Central Bank Of India,CENTRALBK,NSI,India Stocks,INR,,,,,,,,,,,,
4225,Central Bank Of India,CENTRALBK,NSI,India Stocks,INR,300,38.89,14.1,2026-01-05 GMT+0530,18:33:00,,,Buy,,,,
4226,Central Bank Of India,CENTRALBK,NSI,India Stocks,INR,60,0,0,2026-01-23 GMT+0530,20:59:00,,,Dividend,FIFO,,,
4227,Central Bank Of India,CENTRALBK,NSI,India Stocks,INR,180,0,0,2026-05-08 GMT+0530,22:59:00,,,Dividend,FIFO,,,
4228,Central Bank Of India,CENTRALBK,NSI,India Stocks,INR,300,31.28,25.08,2026-05-25 GMT+0530,23:39:00,,,Sell,FIFO,,,
4229,Indo Farm Equipment Ltd,INDOFARM,NSI,India Stocks,INR,,,,,,,,,,,,
4230,Indo Farm Equipment Ltd,INDOFARM,NSI,India Stocks,INR,50,216.72,13.24,2026-01-05 GMT+0530,18:38:00,,,Buy,,,,
4231,Indo Farm Equipment Ltd,INDOFARM,NSI,India Stocks,INR,50,124.01,21.77,2026-03-12 GMT+0530,16:30:00,,,Sell,FIFO,,,
4232,Sansera Engineering Ltd,SANSERA,NSI,India Stocks,INR,,,,,,,,,,,,
4233,Sansera Engineering Ltd,SANSERA,NSI,India Stocks,INR,4,1843.1,0,2026-02-03 GMT+0530,20:03:00,,,Buy,,,,
4234,Sansera Engineering Ltd,SANSERA,NSI,India Stocks,INR,4,1842.8,0,2026-02-03 GMT+0530,20:03:00,,,Buy,,,,
4235,Sansera Engineering Ltd,SANSERA,NSI,India Stocks,INR,9,1842.9,65.36,2026-02-03 GMT+0530,20:04:00,,,Buy,,,,
4236,Sansera Engineering Ltd,SANSERA,NSI,India Stocks,INR,7,1843.7,0,2026-02-03 GMT+0530,20:04:00,,,Buy,,,,
4237,Sansera Engineering Ltd,SANSERA,NSI,India Stocks,INR,6,1843.2,0,2026-02-03 GMT+0530,20:04:00,,,Buy,,,,
4238,Siemens Energy India Ltd,ENRIN,NSI,India Stocks,INR,,,,,,,,,,,,
4239,Siemens Energy India Ltd,ENRIN,NSI,India Stocks,INR,22,2545,66.08,2026-02-03 GMT+0530,20:10:00,,,Buy,,,,
4240,Siemens Energy India Ltd,ENRIN,NSI,India Stocks,INR,9,3194.3,33.82,2026-05-20 GMT+0530,19:40:00,,,Buy,,,,
4241,Siemens Energy India Ltd,ENRIN,NSI,India Stocks,INR,1,3567.5,4.7,2026-05-22 GMT+0530,14:11:00,,,Buy,,,,
4242,Siemens Energy India Ltd,ENRIN,NSI,India Stocks,INR,8,3312,31.49,2026-08-04 GMT+0530,13:50:00,,,Buy,,,,
4243,Amber Enterprises (i) Ltd,AMBER,NSI,India Stocks,INR,,,,,,,,,,,,
4244,Amber Enterprises (i) Ltd,AMBER,NSI,India Stocks,INR,16,7409,0,2026-02-10 GMT+0530,20:32:00,,,Buy,,,,
4245,Amber Enterprises (i) Ltd,AMBER,NSI,India Stocks,INR,22,7408.5,336.1,2026-02-10 GMT+0530,20:33:00,,,Buy,,,,
4246,Amber Enterprises (i) Ltd,AMBER,NSI,India Stocks,INR,20,6997,291.49,2026-03-12 GMT+0530,14:22:00,,,Sell,FIFO,,,
4247,Amber Enterprises (i) Ltd,AMBER,NSI,India Stocks,INR,9,6998,0,2026-03-12 GMT+0530,14:23:00,,,Sell,FIFO,,,
4248,Amber Enterprises (i) Ltd,AMBER,NSI,India Stocks,INR,9,6997.5,0,2026-03-12 GMT+0530,14:23:00,,,Sell,FIFO,,,
4249,Anant Raj Limited,ANANTRAJ,NSI,India Stocks,INR,,,,,,,,,,,,
4250,Anant Raj Limited,ANANTRAJ,NSI,India Stocks,INR,1,575.55,0,2026-02-10 GMT+0530,20:35:00,,,Buy,,,,
4251,Anant Raj Limited,ANANTRAJ,NSI,India Stocks,INR,1,575.7,0,2026-02-10 GMT+0530,20:36:00,,,Buy,,,,
4252,Anant Raj Limited,ANANTRAJ,NSI,India Stocks,INR,91,575.75,103.28,2026-02-10 GMT+0530,20:37:00,,,Buy,,,,
4253,Anant Raj Limited,ANANTRAJ,NSI,India Stocks,INR,53,575.65,0,2026-02-10 GMT+0530,20:37:00,,,Buy,,,,
4254,Anant Raj Limited,ANANTRAJ,NSI,India Stocks,INR,4,575.5,0,2026-02-10 GMT+0530,20:37:00,,,Buy,,,,
4255,Anant Raj Limited,ANANTRAJ,NSI,India Stocks,INR,150,461.65,87.73,2026-03-12 GMT+0530,14:25:00,,,Sell,FIFO,,,
4256,Anant Raj Limited,ANANTRAJ,NSI,India Stocks,INR,22,450.4,0,2026-03-24 GMT+0530,13:12:00,,,Buy,,,,
4257,Anant Raj Limited,ANANTRAJ,NSI,India Stocks,INR,16,450.55,0,2026-03-24 GMT+0530,13:13:00,,,Buy,,,,
4258,Anant Raj Limited,ANANTRAJ,NSI,India Stocks,INR,180,450.5,182.52,2026-03-24 GMT+0530,13:13:00,,,Buy,,,,
4259,Anant Raj Limited,ANANTRAJ,NSI,India Stocks,INR,82,450.45,0,2026-03-24 GMT+0530,13:13:00,,,Buy,,,,
4260,Anant Raj Limited,ANANTRAJ,NSI,India Stocks,INR,39,450.95,0,2026-03-24 GMT+0530,13:14:00,,,Buy,,,,
4261,Anant Raj Limited,ANANTRAJ,NSI,India Stocks,INR,1000,434.8,520.34,2026-04-01 GMT+0530,20:35:00,,,Buy,,,,
4262,Anant Raj Limited,ANANTRAJ,NSI,India Stocks,INR,156,513.35,95.72,2026-04-20 GMT+0530,16:05:00,,,Buy,,,,
4263,Bharat Seats Limited,BHARATSE,NSI,India Stocks,INR,,,,,,,,,,,,
4264,Bharat Seats Limited,BHARATSE,NSI,India Stocks,INR,38,171.02,7.74,2026-02-10 GMT+0530,20:41:00,,,Buy,,,,
4265,Bharat Seats Limited,BHARATSE,NSI,India Stocks,INR,57,0,0,2026-07-17 GMT+0530,15:56:00,,,Dividend,FIFO,,,
4266,Dee Development Eng Ltd,DEEDEV,NSI,India Stocks,INR,,,,,,,,,,,,
4267,Dee Development Eng Ltd,DEEDEV,NSI,India Stocks,INR,75,216.82,18.87,2026-02-10 GMT+0530,20:45:00,,,Buy,,,,
4268,Gabriel India Ltd,GABRIEL,NSI,India Stocks,INR,,,,,,,,,,,,
4269,Gabriel India Ltd,GABRIEL,NSI,India Stocks,INR,15,979.8,17.25,2026-02-10 GMT+0530,20:53:00,,,Buy,,,,
4270,Gabriel India Ltd,GABRIEL,NSI,India Stocks,INR,15,873.15,28.93,2026-03-12 GMT+0530,16:20:00,,,Sell,FIFO,,,
4271,Gabriel India Ltd,GABRIEL,NSI,India Stocks,INR,2,848.15,0,2026-03-24 GMT+0530,13:16:00,,,Buy,,,,
4272,Gabriel India Ltd,GABRIEL,NSI,India Stocks,INR,13,848.75,0,2026-03-24 GMT+0530,13:17:00,,,Buy,,,,
4273,Gabriel India Ltd,GABRIEL,NSI,India Stocks,INR,5,848.45,0,2026-03-24 GMT+0530,13:17:00,,,Buy,,,,
4274,Gabriel India Ltd,GABRIEL,NSI,India Stocks,INR,1,848.2,0,2026-03-24 GMT+0530,13:17:00,,,Buy,,,,
4275,Gabriel India Ltd,GABRIEL,NSI,India Stocks,INR,41,849.15,101.75,2026-03-24 GMT+0530,13:18:00,,,Buy,,,,
4276,Gabriel India Ltd,GABRIEL,NSI,India Stocks,INR,13,849,0,2026-03-24 GMT+0530,13:18:00,,,Buy,,,,
4277,Gabriel India Ltd,GABRIEL,NSI,India Stocks,INR,1,848.95,0,2026-03-24 GMT+0530,13:18:00,,,Buy,,,,
4278,Gabriel India Ltd,GABRIEL,NSI,India Stocks,INR,24,848.9,0,2026-03-24 GMT+0530,13:18:00,,,Buy,,,,
4279,Gabriel India Ltd,GABRIEL,NSI,India Stocks,INR,100,851.7,101.36,2026-04-01 GMT+0530,20:36:00,,,Buy,,,,
4280,Gabriel India Ltd,GABRIEL,NSI,India Stocks,INR,6,1026.85,0,2026-04-20 GMT+0530,16:16:00,,,Buy,,,,
4281,Gabriel India Ltd,GABRIEL,NSI,India Stocks,INR,5,1027,0,2026-04-20 GMT+0530,16:17:00,,,Buy,,,,
4282,Gabriel India Ltd,GABRIEL,NSI,India Stocks,INR,15,1026.95,0,2026-04-20 GMT+0530,16:17:00,,,Buy,,,,
4283,Gabriel India Ltd,GABRIEL,NSI,India Stocks,INR,5,1026.9,0,2026-04-20 GMT+0530,16:17:00,,,Buy,,,,
4284,Gabriel India Ltd,GABRIEL,NSI,India Stocks,INR,4,1027.15,0,2026-04-20 GMT+0530,16:18:00,,,Buy,,,,
4285,Gabriel India Ltd,GABRIEL,NSI,India Stocks,INR,6,1027.1,0,2026-04-20 GMT+0530,16:18:00,,,Buy,,,,
4286,Gabriel India Ltd,GABRIEL,NSI,India Stocks,INR,28,1027.2,84.52,2026-04-20 GMT+0530,16:19:00,,,Buy,,,,
4287,Indo Tech Transform Ltd.,INDOTECH,NSI,India Stocks,INR,,,,,,,,,,,,
4288,Indo Tech Transform Ltd.,INDOTECH,NSI,India Stocks,INR,1,1470.95,0,2026-02-10 GMT+0530,21:00:00,,,Buy,,,,
4289,Indo Tech Transform Ltd.,INDOTECH,NSI,India Stocks,INR,7,1471,14.3,2026-02-10 GMT+0530,21:02:00,,,Buy,,,,
4290,Kpi Green Energy Limited,KPIGREEN,NSI,India Stocks,INR,,,,,,,,,,,,
4291,Kpi Green Energy Limited,KPIGREEN,NSI,India Stocks,INR,19,423.95,9.36,2026-02-10 GMT+0530,21:06:00,,,Buy,,,,
4292,Kpi Green Energy Limited,KPIGREEN,NSI,India Stocks,INR,19,382.6,22.88,2026-06-11 GMT+0530,19:03:00,,,Sell,FIFO,,,
4293,Krn Heat Exchange N Ref L,KRN,NSI,India Stocks,INR,,,,,,,,,,,,
4294,Krn Heat Exchange N Ref L,KRN,NSI,India Stocks,INR,19,734.85,16.48,2026-02-10 GMT+0530,21:08:00,,,Buy,,,,
4295,Ndr Auto Components Ltd,NDRAUTO,NSI,India Stocks,INR,,,,,,,,,,,,
4296,Ndr Auto Components Ltd,NDRAUTO,NSI,India Stocks,INR,19,779.35,17.48,2026-02-10 GMT+0530,21:10:00,,,Buy,,,,
4297,Ndr Auto Components Ltd,NDRAUTO,NSI,India Stocks,INR,18,687.25,28.99,2026-03-12 GMT+0530,16:51:00,,,Sell,FIFO,,,
4298,Ndr Auto Components Ltd,NDRAUTO,NSI,India Stocks,INR,1,689.45,0,2026-03-12 GMT+0530,16:51:00,,,Sell,FIFO,,,
4299,Pg Electroplast Ltd,PGEL,NSI,India Stocks,INR,,,,,,,,,,,,
4300,Pg Electroplast Ltd,PGEL,NSI,India Stocks,INR,138,607.35,108.51,2026-02-10 GMT+0530,21:15:00,,,Buy,,,,
4301,Pg Electroplast Ltd,PGEL,NSI,India Stocks,INR,12,607.45,0,2026-02-10 GMT+0530,21:16:00,,,Buy,,,,
4302,Pg Electroplast Ltd,PGEL,NSI,India Stocks,INR,150,531.5,98.05,2026-03-12 GMT+0530,16:54:00,,,Sell,FIFO,,,
4303,Pricol Limited,PRICOLLTD,NSI,India Stocks,INR,,,,,,,,,,,,
4304,Pricol Limited,PRICOLLTD,NSI,India Stocks,INR,19,589.8,26.25,2026-02-10 GMT+0530,21:22:00,,,Buy,,,,
4305,Pricol Limited,PRICOLLTD,NSI,India Stocks,INR,19,589.75,0,2026-02-10 GMT+0530,21:23:00,,,Buy,,,,
4306,Pricol Limited,PRICOLLTD,NSI,India Stocks,INR,19,540.3,36.64,2026-03-12 GMT+0530,16:58:00,,,Sell,FIFO,,,
4307,Pricol Limited,PRICOLLTD,NSI,India Stocks,INR,19,540.25,0,2026-03-12 GMT+0530,16:58:00,,,Sell,FIFO,,,
4308,Saatvik Green Energy Ltd,SAATVIKGL,NSI,India Stocks,INR,,,,,,,,,,,,
4309,Saatvik Green Energy Ltd,SAATVIKGL,NSI,India Stocks,INR,1,426.15,0,2026-02-10 GMT+0530,21:27:00,,,Buy,,,,
4310,Saatvik Green Energy Ltd,SAATVIKGL,NSI,India Stocks,INR,47,426.2,38.42,2026-02-10 GMT+0530,21:28:00,,,Buy,,,,
4311,Saatvik Green Energy Ltd,SAATVIKGL,NSI,India Stocks,INR,15,426.55,0,2026-02-10 GMT+0530,21:28:00,,,Buy,,,,
4312,Saatvik Green Energy Ltd,SAATVIKGL,NSI,India Stocks,INR,12,426,0,2026-02-10 GMT+0530,21:28:00,,,Buy,,,,
4313,Saatvik Green Energy Ltd,SAATVIKGL,NSI,India Stocks,INR,2,338.15,0,2026-03-12 GMT+0530,17:02:00,,,Sell,FIFO,,,
4314,Saatvik Green Energy Ltd,SAATVIKGL,NSI,India Stocks,INR,10,338.3,0,2026-03-12 GMT+0530,17:02:00,,,Sell,FIFO,,,
4315,Saatvik Green Energy Ltd,SAATVIKGL,NSI,India Stocks,INR,3,338.1,0,2026-03-12 GMT+0530,17:03:00,,,Sell,FIFO,,,
4316,Saatvik Green Energy Ltd,SAATVIKGL,NSI,India Stocks,INR,2,338.25,0,2026-03-12 GMT+0530,17:03:00,,,Sell,FIFO,,,
4317,Saatvik Green Energy Ltd,SAATVIKGL,NSI,India Stocks,INR,2,338.2,0,2026-03-12 GMT+0530,17:03:00,,,Sell,FIFO,,,
4318,Saatvik Green Energy Ltd,SAATVIKGL,NSI,India Stocks,INR,6,338.05,0,2026-03-12 GMT+0530,17:04:00,,,Sell,FIFO,,,
4319,Saatvik Green Energy Ltd,SAATVIKGL,NSI,India Stocks,INR,50,338.45,41.87,2026-03-12 GMT+0530,17:04:00,,,Sell,FIFO,,,
4320,Saatvik Green Energy Ltd,SAATVIKGL,NSI,India Stocks,INR,5,362.45,0,2026-03-24 GMT+0530,13:38:00,,,Buy,,,,
4321,Saatvik Green Energy Ltd,SAATVIKGL,NSI,India Stocks,INR,45,362.4,21.8,2026-03-24 GMT+0530,13:38:00,,,Buy,,,,
4322,Sai Life Sciences Limited,SAILIFE,NSI,India Stocks,INR,,,,,,,,,,,,
4323,Sai Life Sciences Limited,SAILIFE,NSI,India Stocks,INR,19,916.85,21.07,2026-02-10 GMT+0530,21:31:00,,,Buy,,,,
4324,Sai Life Sciences Limited,SAILIFE,NSI,India Stocks,INR,31,971,49.31,2026-04-20 GMT+0530,16:50:00,,,Buy,,,,
4325,Sai Life Sciences Limited,SAILIFE,NSI,India Stocks,INR,1,971.35,0,2026-04-20 GMT+0530,16:51:00,,,Buy,,,,
4326,Sai Life Sciences Limited,SAILIFE,NSI,India Stocks,INR,10,971.3,0,2026-04-20 GMT+0530,16:51:00,,,Buy,,,,
4327,Tembo Global Ind Ltd,TEMBO,NSI,India Stocks,INR,,,,,,,,,,,,
4328,Tembo Global Ind Ltd,TEMBO,NSI,India Stocks,INR,12,564.75,0,2026-02-10 GMT+0530,21:37:00,,,Buy,,,,
4329,Tembo Global Ind Ltd,TEMBO,NSI,India Stocks,INR,7,565,0,2026-02-10 GMT+0530,21:38:00,,,Buy,,,,
4330,Tembo Global Ind Ltd,TEMBO,NSI,India Stocks,INR,15,564.95,0,2026-02-10 GMT+0530,21:38:00,,,Buy,,,,
4331,Tembo Global Ind Ltd,TEMBO,NSI,India Stocks,INR,14,564.85,0,2026-02-10 GMT+0530,21:38:00,,,Buy,,,,
4332,Tembo Global Ind Ltd,TEMBO,NSI,India Stocks,INR,27,564.9,49.95,2026-02-10 GMT+0530,21:38:00,,,Buy,,,,
4333,Tembo Global Ind Ltd,TEMBO,NSI,India Stocks,INR,16,517.65,0,2026-03-12 GMT+0530,17:37:00,,,Sell,FIFO,,,
4334,Tembo Global Ind Ltd,TEMBO,NSI,India Stocks,INR,22,517.55,55.62,2026-03-12 GMT+0530,17:37:00,,,Sell,FIFO,,,
4335,Tembo Global Ind Ltd,TEMBO,NSI,India Stocks,INR,4,517.7,0,2026-03-12 GMT+0530,17:38:00,,,Sell,FIFO,,,
4336,Tembo Global Ind Ltd,TEMBO,NSI,India Stocks,INR,18,518,0,2026-03-12 GMT+0530,17:38:00,,,Sell,FIFO,,,
4337,Tembo Global Ind Ltd,TEMBO,NSI,India Stocks,INR,15,517.6,0,2026-03-12 GMT+0530,17:38:00,,,Sell,FIFO,,,
4338,Tembo Global Ind Ltd,TEMBO,NSI,India Stocks,INR,206,584.15,142.84,2026-04-20 GMT+0530,16:58:00,,,Buy,,,,
4339,Tembo Global Ind Ltd,TEMBO,NSI,India Stocks,INR,10,1,0,2026-08-05 GMT+0530,14:54:00,,,Split,,,,
4340,Jyoti Cnc Automation Ltd,JYOTICNC,NSI,India Stocks,INR,,,,,,,,,,,,
4341,Jyoti Cnc Automation Ltd,JYOTICNC,NSI,India Stocks,INR,100,842.45,100.4,2026-02-11 GMT+0530,17:07:00,,,Buy,,,,
4342,Jyoti Cnc Automation Ltd,JYOTICNC,NSI,India Stocks,INR,34,750.65,0,2026-03-12 GMT+0530,16:35:00,,,Sell,FIFO,,,
4343,Jyoti Cnc Automation Ltd,JYOTICNC,NSI,India Stocks,INR,11,751,0,2026-03-12 GMT+0530,16:35:00,,,Sell,FIFO,,,
4344,Jyoti Cnc Automation Ltd,JYOTICNC,NSI,India Stocks,INR,8,750.85,0,2026-03-12 GMT+0530,16:36:00,,,Sell,FIFO,,,
4345,Jyoti Cnc Automation Ltd,JYOTICNC,NSI,India Stocks,INR,7,750.95,0,2026-03-12 GMT+0530,16:36:00,,,Sell,FIFO,,,
4346,Jyoti Cnc Automation Ltd,JYOTICNC,NSI,India Stocks,INR,40,750.8,93.83,2026-03-12 GMT+0530,16:36:00,,,Sell,FIFO,,,
4347,Jyoti Cnc Automation Ltd,JYOTICNC,NSI,India Stocks,INR,12,739.55,0,2026-03-24 GMT+0530,13:23:00,,,Buy,,,,
4348,Jyoti Cnc Automation Ltd,JYOTICNC,NSI,India Stocks,INR,11,739.5,0,2026-03-24 GMT+0530,13:23:00,,,Buy,,,,
4349,Jyoti Cnc Automation Ltd,JYOTICNC,NSI,India Stocks,INR,22,739.4,0,2026-03-24 GMT+0530,13:23:00,,,Buy,,,,
4350,Jyoti Cnc Automation Ltd,JYOTICNC,NSI,India Stocks,INR,5,739.35,0,2026-03-24 GMT+0530,13:23:00,,,Buy,,,,
4351,Jyoti Cnc Automation Ltd,JYOTICNC,NSI,India Stocks,INR,35,739.65,88.31,2026-03-24 GMT+0530,13:24:00,,,Buy,,,,
4352,Jyoti Cnc Automation Ltd,JYOTICNC,NSI,India Stocks,INR,15,739.6,0,2026-03-24 GMT+0530,13:24:00,,,Buy,,,,
4353,Jyoti Cnc Automation Ltd,JYOTICNC,NSI,India Stocks,INR,19,670,0,2026-05-20 GMT+0530,19:49:00,,,Sell,FIFO,,,
4354,Jyoti Cnc Automation Ltd,JYOTICNC,NSI,India Stocks,INR,81,670.05,84.85,2026-05-20 GMT+0530,19:50:00,,,Sell,FIFO,,,
4355,Edelweiss Fin Serv Ltd,EDELWEISS,NSI,India Stocks,INR,,,,,,,,,,,,
4356,Edelweiss Fin Serv Ltd,EDELWEISS,NSI,India Stocks,INR,100,124.09,14.87,2026-02-11 GMT+0530,17:10:00,,,Buy,,,,
4357,Edelweiss Fin Serv Ltd,EDELWEISS,NSI,India Stocks,INR,92,106.35,26.46,2026-03-12 GMT+0530,14:38:00,,,Sell,FIFO,,,
4358,Edelweiss Fin Serv Ltd,EDELWEISS,NSI,India Stocks,INR,8,106.3,0,2026-03-12 GMT+0530,14:38:00,,,Sell,FIFO,,,
4359,Isgec Heavy Eng Ltd,ISGEC,NSI,India Stocks,INR,,,,,,,,,,,,
4360,Isgec Heavy Eng Ltd,ISGEC,NSI,India Stocks,INR,10,941.7,22.54,2026-02-11 GMT+0530,17:14:00,,,Buy,,,,
4361,Isgec Heavy Eng Ltd,ISGEC,NSI,India Stocks,INR,5,941.8,0,2026-02-11 GMT+0530,17:15:00,,,Buy,,,,
4362,Isgec Heavy Eng Ltd,ISGEC,NSI,India Stocks,INR,5,941.75,0,2026-02-11 GMT+0530,17:15:00,,,Buy,,,,
4363,Isgec Heavy Eng Ltd,ISGEC,NSI,India Stocks,INR,20,916.65,34.03,2026-06-01 GMT+0530,08:48:00,,,Sell,FIFO,,,
4364,Jyoti Structures Ltd,JYOTISTRUC,NSI,India Stocks,INR,,,,,,,,,,,,
4365,Jyoti Structures Ltd,JYOTISTRUC,NSI,India Stocks,INR,1,11.4,0,2026-02-11 GMT+0530,17:17:00,,,Buy,,,,
4366,Jyoti Structures Ltd,JYOTISTRUC,NSI,India Stocks,INR,3540,11.48,136.66,2026-02-11 GMT+0530,17:18:00,,,Buy,,,,
4367,Jyoti Structures Ltd,JYOTISTRUC,NSI,India Stocks,INR,2406,11.41,0,2026-02-11 GMT+0530,17:18:00,,,Buy,,,,
4368,Jyoti Structures Ltd,JYOTISTRUC,NSI,India Stocks,INR,2139,11.42,0,2026-02-11 GMT+0530,17:18:00,,,Buy,,,,
4369,Jyoti Structures Ltd,JYOTISTRUC,NSI,India Stocks,INR,707,11.47,0,2026-02-11 GMT+0530,17:19:00,,,Buy,,,,
4370,Jyoti Structures Ltd,JYOTISTRUC,NSI,India Stocks,INR,707,11.46,0,2026-02-11 GMT+0530,17:19:00,,,Buy,,,,
4371,Jyoti Structures Ltd,JYOTISTRUC,NSI,India Stocks,INR,500,11.44,0,2026-02-11 GMT+0530,17:19:00,,,Buy,,,,
4372,Jyoti Structures Ltd,JYOTISTRUC,NSI,India Stocks,INR,10000,11.21,131.63,2026-03-12 GMT+0530,16:38:00,,,Sell,FIFO,,,
4373,Jyoti Structures Ltd,JYOTISTRUC,NSI,India Stocks,INR,646,10.07,0,2026-03-24 GMT+0530,13:27:00,,,Buy,,,,
4374,Jyoti Structures Ltd,JYOTISTRUC,NSI,India Stocks,INR,812,10.06,0,2026-03-24 GMT+0530,13:27:00,,,Buy,,,,
4375,Jyoti Structures Ltd,JYOTISTRUC,NSI,India Stocks,INR,1,10.04,0,2026-03-24 GMT+0530,13:27:00,,,Buy,,,,
4376,Jyoti Structures Ltd,JYOTISTRUC,NSI,India Stocks,INR,6041,10.08,90.01,2026-03-24 GMT+0530,13:28:00,,,Buy,,,,
4377,Jyoti Structures Ltd,JYOTISTRUC,NSI,India Stocks,INR,10000,9.5,112.55,2026-04-01 GMT+0530,20:41:00,,,Buy,,,,
4378,Servotech Ren Pow Sys Ltd,SERVOTECH,NSI,India Stocks,INR,,,,,,,,,,,,
4379,Servotech Ren Pow Sys Ltd,SERVOTECH,NSI,India Stocks,INR,107,89.78,0,2026-02-11 GMT+0530,17:22:00,,,Buy,,,,
4380,Servotech Ren Pow Sys Ltd,SERVOTECH,NSI,India Stocks,INR,103,89.72,0,2026-02-11 GMT+0530,17:23:00,,,Buy,,,,
4381,Servotech Ren Pow Sys Ltd,SERVOTECH,NSI,India Stocks,INR,1,89.69,0,2026-02-11 GMT+0530,17:23:00,,,Buy,,,,
4382,Servotech Ren Pow Sys Ltd,SERVOTECH,NSI,India Stocks,INR,62,89.77,0,2026-02-11 GMT+0530,17:24:00,,,Buy,,,,
4383,Servotech Ren Pow Sys Ltd,SERVOTECH,NSI,India Stocks,INR,727,89.79,106.14,2026-02-11 GMT+0530,17:24:00,,,Buy,,,,
4384,Servotech Ren Pow Sys Ltd,SERVOTECH,NSI,India Stocks,INR,36,68.31,0,2026-03-12 GMT+0530,17:11:00,,,Sell,FIFO,,,
4385,Servotech Ren Pow Sys Ltd,SERVOTECH,NSI,India Stocks,INR,154,68.37,0,2026-03-12 GMT+0530,17:11:00,,,Sell,FIFO,,,
4386,Servotech Ren Pow Sys Ltd,SERVOTECH,NSI,India Stocks,INR,7,68.39,0,2026-03-12 GMT+0530,17:12:00,,,Sell,FIFO,,,
4387,Servotech Ren Pow Sys Ltd,SERVOTECH,NSI,India Stocks,INR,190,68.35,86.26,2026-03-12 GMT+0530,17:12:00,,,Sell,FIFO,,,
4388,Servotech Ren Pow Sys Ltd,SERVOTECH,NSI,India Stocks,INR,169,68.32,0,2026-03-12 GMT+0530,17:12:00,,,Sell,FIFO,,,
4389,Servotech Ren Pow Sys Ltd,SERVOTECH,NSI,India Stocks,INR,166,68.38,0,2026-03-12 GMT+0530,17:12:00,,,Sell,FIFO,,,
4390,Servotech Ren Pow Sys Ltd,SERVOTECH,NSI,India Stocks,INR,99,68.4,0,2026-03-12 GMT+0530,17:13:00,,,Sell,FIFO,,,
4391,Servotech Ren Pow Sys Ltd,SERVOTECH,NSI,India Stocks,INR,94,68.41,0,2026-03-12 GMT+0530,17:13:00,,,Sell,FIFO,,,
4392,Servotech Ren Pow Sys Ltd,SERVOTECH,NSI,India Stocks,INR,85,68.36,0,2026-03-12 GMT+0530,17:13:00,,,Sell,FIFO,,,
4393,Sepc Limited,SEPC,NSI,India Stocks,INR,,,,,,,,,,,,
4394,Sepc Limited,SEPC,NSI,India Stocks,INR,3708,10.18,60.79,2026-02-11 GMT+0530,17:26:00,,,Buy,,,,
4395,Sepc Limited,SEPC,NSI,India Stocks,INR,1292,10.17,0,2026-02-11 GMT+0530,17:27:00,,,Buy,,,,
4396,Sepc Limited,SEPC,NSI,India Stocks,INR,3063,6.44,48.98,2026-03-12 GMT+0530,17:09:00,,,Sell,FIFO,,,
4397,Sepc Limited,SEPC,NSI,India Stocks,INR,1937,6.43,0,2026-03-12 GMT+0530,17:09:00,,,Sell,FIFO,,,
4398,Sepc Limited,SEPC,NSI,India Stocks,INR,2003,7.95,18.65,2026-05-25 GMT+0530,23:50:00,,,Buy,,,,
4399,Sepc Limited,SEPC,NSI,India Stocks,INR,2003,6.31,28.55,2026-06-11 GMT+0530,19:11:00,,,Sell,FIFO,,,
4400,Ram Ratna Wires Limited,RAMRAT,NSI,India Stocks,INR,,,,,,,,,,,,
4401,Ram Ratna Wires Limited,RAMRAT,NSI,India Stocks,INR,1,323.9,0,2026-02-11 GMT+0530,19:39:00,,,Buy,,,,
4402,Ram Ratna Wires Limited,RAMRAT,NSI,India Stocks,INR,2,324.15,0,2026-02-11 GMT+0530,19:40:00,,,Buy,,,,
4403,Ram Ratna Wires Limited,RAMRAT,NSI,India Stocks,INR,15,324.75,0,2026-02-11 GMT+0530,19:40:00,,,Buy,,,,
4404,Ram Ratna Wires Limited,RAMRAT,NSI,India Stocks,INR,32,324.7,38.91,2026-02-11 GMT+0530,19:41:00,,,Buy,,,,
4405,Ram Ratna Wires Limited,RAMRAT,NSI,India Stocks,INR,30,323.85,0,2026-02-11 GMT+0530,19:41:00,,,Buy,,,,
4406,Ram Ratna Wires Limited,RAMRAT,NSI,India Stocks,INR,2,324.3,0,2026-02-11 GMT+0530,19:41:00,,,Buy,,,,
4407,Ram Ratna Wires Limited,RAMRAT,NSI,India Stocks,INR,6,324.65,0,2026-02-11 GMT+0530,19:42:00,,,Buy,,,,
4408,Ram Ratna Wires Limited,RAMRAT,NSI,India Stocks,INR,6,324.6,0,2026-02-11 GMT+0530,19:42:00,,,Buy,,,,
4409,Ram Ratna Wires Limited,RAMRAT,NSI,India Stocks,INR,6,324.5,0,2026-02-11 GMT+0530,19:42:00,,,Buy,,,,
4410,Ram Ratna Wires Limited,RAMRAT,NSI,India Stocks,INR,54,383.65,55.53,2026-06-08 GMT+0530,10:29:00,,,Sell,FIFO,,,
4411,Ram Ratna Wires Limited,RAMRAT,NSI,India Stocks,INR,46,383.6,0,2026-06-08 GMT+0530,10:31:00,,,Sell,FIFO,,,
4412,Indegene Limited,INDGN,NSI,India Stocks,INR,,,,,,,,,,,,
4413,Indegene Limited,INDGN,NSI,India Stocks,INR,20,500.85,12.39,2026-02-18 GMT+0530,20:06:00,,,Buy,,,,
4414,Indegene Limited,INDGN,NSI,India Stocks,INR,3,487.15,1.52,2026-02-23 GMT+0530,20:16:00,,,Buy,,,,
4415,Indegene Limited,INDGN,NSI,India Stocks,INR,1,523.1,0,2026-05-27 GMT+0530,11:24:00,,,Buy,,,,
4416,Indegene Limited,INDGN,NSI,India Stocks,INR,2,523,0,2026-05-27 GMT+0530,11:25:00,,,Buy,,,,
4417,Indegene Limited,INDGN,NSI,India Stocks,INR,19,523.05,13.94,2026-05-27 GMT+0530,11:25:00,,,Buy,,,,
4418,Vishnu Chemicals Limited,VISHNU,NSI,India Stocks,INR,,,,,,,,,,,,
4419,Vishnu Chemicals Limited,VISHNU,NSI,India Stocks,INR,19,515.5,11.16,2026-02-18 GMT+0530,20:25:00,,,Buy,,,,
4420,Vishnu Chemicals Limited,VISHNU,NSI,India Stocks,INR,2,516.95,1.07,2026-02-23 GMT+0530,20:29:00,,,Buy,,,,
4421,Fractal Analytics Limited,FRACTAL,NSI,India Stocks,INR,,,,,,,,,,,,
4422,Fractal Analytics Limited,FRACTAL,NSI,India Stocks,INR,16,900,0,2026-02-13 GMT+0530,18:59:00,,,Buy,,,,
4423,Thermax Ltd,THERMAX,NSI,India Stocks,INR,,,,,,,,,,,,
4424,Thermax Ltd,THERMAX,NSI,India Stocks,INR,9,3953.2,41.91,2026-04-15 GMT+0530,20:41:00,,,Buy,,,,
4425,Thermax Ltd,THERMAX,NSI,India Stocks,INR,13,4421.4,68.63,2026-05-20 GMT+0530,20:05:00,,,Buy,,,,
4426,Thermax Ltd,THERMAX,NSI,India Stocks,INR,1,4532.4,5.7,2026-05-22 GMT+0530,14:27:00,,,Buy,,,,
4427,Thermax Ltd,THERMAX,NSI,India Stocks,INR,460,0,0,2026-07-03 GMT+0530,00:36:00,,,Dividend,FIFO,,,
4428,Thermax Ltd,THERMAX,NSI,India Stocks,INR,23,3663.5,102.75,2026-07-31 GMT+0530,13:53:00,,,Sell,FIFO,,,
4429,Ashapura Minechem Ltd,ASHAPURMIN,NSI,India Stocks,INR,,,,,,,,,,,,
4430,Ashapura Minechem Ltd,ASHAPURMIN,NSI,India Stocks,INR,211,615.55,154.78,2026-04-24 GMT+0530,16:08:00,,,Buy,,,,
4431,Care Ratings Limited,CARERATING,NSI,India Stocks,INR,,,,,,,,,,,,
4432,Care Ratings Limited,CARERATING,NSI,India Stocks,INR,6,1636.4,11.26,2026-04-20 GMT+0530,16:10:00,,,Buy,,,,
4433,Care Ratings Limited,CARERATING,NSI,India Stocks,INR,84,0,0,2026-06-25 GMT+0530,11:07:00,,,Dividend,FIFO,,,
4434,Gk Energy Limited,GKENERGY,NSI,India Stocks,INR,,,,,,,,,,,,
4435,Gk Energy Limited,GKENERGY,NSI,India Stocks,INR,130,131.91,37.85,2026-04-20 GMT+0530,16:22:00,,,Buy,,,,
4436,Gk Energy Limited,GKENERGY,NSI,India Stocks,INR,2,132,0,2026-04-20 GMT+0530,16:23:00,,,Buy,,,,
4437,Gk Energy Limited,GKENERGY,NSI,India Stocks,INR,28,131.99,0,2026-04-20 GMT+0530,16:23:00,,,Buy,,,,
4438,Gk Energy Limited,GKENERGY,NSI,India Stocks,INR,31,131.92,0,2026-04-20 GMT+0530,16:23:00,,,Buy,,,,
4439,Gk Energy Limited,GKENERGY,NSI,India Stocks,INR,48,132.05,0,2026-04-20 GMT+0530,16:24:00,,,Buy,,,,
4440,Gk Energy Limited,GKENERGY,NSI,India Stocks,INR,1,132.03,0,2026-04-20 GMT+0530,16:24:00,,,Buy,,,,
4441,Godfrey Phillips India Lt,GODFRYPHLP,NSI,India Stocks,INR,,,,,,,,,,,,
4442,Godfrey Phillips India Lt,GODFRYPHLP,NSI,India Stocks,INR,11,2177.3,0,2026-04-20 GMT+0530,16:26:00,,,Buy,,,,
4443,Godfrey Phillips India Lt,GODFRYPHLP,NSI,India Stocks,INR,27,2177.7,292.62,2026-04-20 GMT+0530,16:27:00,,,Buy,,,,
4444,Godfrey Phillips India Lt,GODFRYPHLP,NSI,India Stocks,INR,27,2177.4,0,2026-04-20 GMT+0530,16:27:00,,,Buy,,,,
4445,Godfrey Phillips India Lt,GODFRYPHLP,NSI,India Stocks,INR,11,2177.5,0,2026-04-20 GMT+0530,16:28:00,,,Buy,,,,
4446,Godfrey Phillips India Lt,GODFRYPHLP,NSI,India Stocks,INR,11,2177.9,0,2026-04-20 GMT+0530,16:29:00,,,Buy,,,,
4447,Godfrey Phillips India Lt,GODFRYPHLP,NSI,India Stocks,INR,26,2177.8,0,2026-04-20 GMT+0530,16:29:00,,,Buy,,,,
4448,Poonawalla Fincorp Ltd,POONAWALLA,NSI,India Stocks,INR,,,,,,,,,,,,
4449,Poonawalla Fincorp Ltd,POONAWALLA,NSI,India Stocks,INR,18,407.95,8.62,2026-04-20 GMT+0530,16:44:00,,,Buy,,,,
4450,R R Kabel Limited,RRKABEL,NSI,India Stocks,INR,,,,,,,,,,,,
4451,R R Kabel Limited,RRKABEL,NSI,India Stocks,INR,20,1494.2,35.24,2026-04-20 GMT+0530,16:49:00,,,Buy,,,,
4452,R R Kabel Limited,RRKABEL,NSI,India Stocks,INR,110,0,0,2026-06-16 GMT+0530,19:18:00,,,Dividend,FIFO,,,
4453,Tbo Tek Limited,TBOTEK,NSI,India Stocks,INR,,,,,,,,,,,,
4454,Tbo Tek Limited,TBOTEK,NSI,India Stocks,INR,23,1284.7,34.89,2026-04-20 GMT+0530,16:56:00,,,Buy,,,,
4455,Vikram Solar Limited,VIKRAMSOLR,NSI,India Stocks,INR,,,,,,,,,,,,
4456,Vikram Solar Limited,VIKRAMSOLR,NSI,India Stocks,INR,350,231.52,96.06,2026-04-20 GMT+0530,16:59:00,,,Buy,,,,
4457,Vikram Solar Limited,VIKRAMSOLR,NSI,India Stocks,INR,240,181,80.36,2026-07-01 GMT+0530,09:49:00,,,Sell,FIFO,,,
4458,Vikram Solar Limited,VIKRAMSOLR,NSI,India Stocks,INR,110,181.1,0,2026-07-01 GMT+0530,09:50:00,,,Sell,FIFO,,,
4459,Motherson Sumi Wrng Ind L,MSUMI,NSI,India Stocks,INR,,,,,,,,,,,,
4460,Motherson Sumi Wrng Ind L,MSUMI,NSI,India Stocks,INR,1,39.15,0,2026-05-20 GMT+0530,19:51:00,,,Buy,,,,
4461,Motherson Sumi Wrng Ind L,MSUMI,NSI,India Stocks,INR,891,39.16,0,2026-05-20 GMT+0530,19:52:00,,,Buy,,,,
4462,Motherson Sumi Wrng Ind L,MSUMI,NSI,India Stocks,INR,1103,39.17,93.68,2026-05-20 GMT+0530,19:53:00,,,Buy,,,,
4463,Motherson Sumi Wrng Ind L,MSUMI,NSI,India Stocks,INR,30,40.24,0,2026-05-25 GMT+0530,23:44:00,,,Buy,,,,
4464,Motherson Sumi Wrng Ind L,MSUMI,NSI,India Stocks,INR,1550,40.28,0,2026-05-25 GMT+0530,23:45:00,,,Buy,,,,
4465,Motherson Sumi Wrng Ind L,MSUMI,NSI,India Stocks,INR,172,40.26,0,2026-05-25 GMT+0530,23:45:00,,,Buy,,,,
4466,Motherson Sumi Wrng Ind L,MSUMI,NSI,India Stocks,INR,4704,40.25,481.27,2026-05-25 GMT+0530,23:45:00,,,Buy,,,,
4467,Motherson Sumi Wrng Ind L,MSUMI,NSI,India Stocks,INR,3544,40.29,0,2026-05-25 GMT+0530,23:46:00,,,Buy,,,,
4468,Motherson Sumi Wrng Ind L,MSUMI,NSI,India Stocks,INR,6957.1,0,0,2026-07-14 GMT+0530,16:48:00,,,Dividend,FIFO,,,
4469,Affle 3i Limited,AFFLE,NSI,India Stocks,INR,,,,,,,,,,,,
4470,Affle 3i Limited,AFFLE,NSI,India Stocks,INR,11,1445.9,18.5,2026-05-25 GMT+0530,23:37:00,,,Buy,,,,
4471,Hariom Pipe Industries L,HARIOMPIPE,NSI,India Stocks,INR,,,,,,,,,,,,
4472,Hariom Pipe Industries L,HARIOMPIPE,NSI,India Stocks,INR,26,386.75,18.45,2026-05-25 GMT+0530,23:42:00,,,Buy,,,,
4473,Hariom Pipe Industries L,HARIOMPIPE,NSI,India Stocks,INR,15,386.65,0,2026-05-25 GMT+0530,23:42:00,,,Buy,,,,
4474,Sagility Limited,SAGILITY,NSI,India Stocks,INR,,,,,,,,,,,,
4475,Sagility Limited,SAGILITY,NSI,India Stocks,INR,384,41.81,18.78,2026-05-25 GMT+0530,23:48:00,,,Buy,,,,
4476,Solarworld Energy Sol Ltd,SOLARWORLD,NSI,India Stocks,INR,,,,,,,,,,,,
4477,Solarworld Energy Sol Ltd,SOLARWORLD,NSI,India Stocks,INR,45,222.9,18.55,2026-05-25 GMT+0530,23:52:00,,,Buy,,,,
4478,Solarworld Energy Sol Ltd,SOLARWORLD,NSI,India Stocks,INR,26,222.95,0,2026-05-25 GMT+0530,23:53:00,,,Buy,,,,
4479,Dynamic Cables Limited,DYCL,NSI,India Stocks,INR,,,,,,,,,,,,
4480,Dynamic Cables Limited,DYCL,NSI,India Stocks,INR,55,365.55,24.02,2026-06-22 GMT+0530,19:20:00,,,Buy,,,,
4481,Dynamic Cables Limited,DYCL,NSI,India Stocks,INR,27.5,0,0,2026-07-10 GMT+0530,20:18:00,,,Dividend,FIFO,,,
4482,Macpower Cnc Machines Ltd,MACPOWER,NSI,India Stocks,INR,,,,,,,,,,,,
4483,Macpower Cnc Machines Ltd,MACPOWER,NSI,India Stocks,INR,33,1217.1,47.67,2026-06-22 GMT+0530,19:24:00,,,Buy,,,,
4484,Sika Interplant Systems L,SIKA,NSI,India Stocks,INR,,,,,,,,,,,,
4485,Sika Interplant Systems L,SIKA,NSI,India Stocks,INR,34,1176.95,47.51,2026-06-22 GMT+0530,19:27:00,,,Buy,,,,
4486,Vedanta Aluminium Metal L,VAML,NSI,India Stocks,INR,,,,,,,,,,,,
4487,Vedanta Aluminium Metal L,VAML,NSI,India Stocks,INR,66,54.72,0,2026-04-15 GMT+0530,19:33:00,,,Buy,,,,
4488,Vedanta Aluminium Metal L,VAML,NSI,India Stocks,INR,119,458.2,64.57,2026-07-31 GMT+0530,13:58:00,,,Buy,,,,
4489,Vedanta Power Limited,VEDPOWER,NSI,India Stocks,INR,,,,,,,,,,,,
4490,Vedanta Power Limited,VEDPOWER,NSI,India Stocks,INR,66,93.6,0,2026-04-15 GMT+0530,19:35:00,,,Buy,,,,
4491,Vedanta Power Limited,VEDPOWER,NSI,India Stocks,INR,6,36.1,0.22,2026-07-22 GMT+0530,21:24:00,,,Buy,,,,
4492,Vedanta Power Limited,VEDPOWER,NSI,India Stocks,INR,72,33.35,17.83,2026-07-31 GMT+0530,13:59:00,,,Sell,FIFO,,,
4493,Vedanta Iron And Steel L,VISL,NSI,India Stocks,INR,,,,,,,,,,,,
4494,Vedanta Iron And Steel L,VISL,NSI,India Stocks,INR,66,51.97,0,2026-04-15 GMT+0530,19:37:00,,,Buy,,,,
4495,Vedanta Iron And Steel L,VISL,NSI,India Stocks,INR,66,30.23,17.41,2026-07-31 GMT+0530,14:01:00,,,Sell,FIFO,,,
4496,Vedanta Oil And Gas Ltd,VOGL,NSI,India Stocks,INR,,,,,,,,,,,,
4497,Vedanta Oil And Gas Ltd,VOGL,NSI,India Stocks,INR,66,164.47,0,2026-04-15 GMT+0530,19:37:00,,,Buy,,,,
4498,Vedanta Oil And Gas Ltd,VOGL,NSI,India Stocks,INR,1233,34.4,51.31,2026-06-22 GMT+0530,19:38:00,,,Buy,,,,
4499,Vedanta Oil And Gas Ltd,VOGL,NSI,India Stocks,INR,79,33.41,2.74,2026-07-22 GMT+0530,21:26:00,,,Buy,,,,
4500,Vedanta Oil And Gas Ltd,VOGL,NSI,India Stocks,INR,1,33.55,0,2026-07-31 GMT+0530,14:02:00,,,Sell,FIFO,,,
4501,Vedanta Oil And Gas Ltd,VOGL,NSI,India Stocks,INR,1377,33.54,63.29,2026-07-31 GMT+0530,14:02:00,,,Sell,FIFO,,,
4502,Man Coat Metal & Ind Ltd,MANAKCOAT,NSI,India Stocks,INR,,,,,,,,,,,,
4503,Man Coat Metal & Ind Ltd,MANAKCOAT,NSI,India Stocks,INR,25,114.28,0,2026-07-01 GMT+0530,09:37:00,,,Buy,,,,
4504,Man Coat Metal & Ind Ltd,MANAKCOAT,NSI,India Stocks,INR,21,114.32,0,2026-07-01 GMT+0530,09:39:00,,,Buy,,,,
4505,Man Coat Metal & Ind Ltd,MANAKCOAT,NSI,India Stocks,INR,89,114.31,23.75,2026-07-01 GMT+0530,09:39:00,,,Buy,,,,
4506,Man Coat Metal & Ind Ltd,MANAKCOAT,NSI,India Stocks,INR,40,114.33,0,2026-07-01 GMT+0530,09:40:00,,,Buy,,,,
4507,Sharda Motor Inds Ltd,SHARDAMOTR,NSI,India Stocks,INR,,,,,,,,,,,,
4508,Sharda Motor Inds Ltd,SHARDAMOTR,NSI,India Stocks,INR,1,873.4,0,2026-07-01 GMT+0530,09:42:00,,,Buy,,,,
4509,Sharda Motor Inds Ltd,SHARDAMOTR,NSI,India Stocks,INR,1,871.05,0,2026-07-01 GMT+0530,09:43:00,,,Buy,,,,
4510,Sharda Motor Inds Ltd,SHARDAMOTR,NSI,India Stocks,INR,4,874.3,0,2026-07-01 GMT+0530,09:44:00,,,Buy,,,,
4511,Sharda Motor Inds Ltd,SHARDAMOTR,NSI,India Stocks,INR,9,874.2,24.02,2026-07-01 GMT+0530,09:44:00,,,Buy,,,,
4512,Sharda Motor Inds Ltd,SHARDAMOTR,NSI,India Stocks,INR,1,874.15,0,2026-07-01 GMT+0530,09:44:00,,,Buy,,,,
4513,Sharda Motor Inds Ltd,SHARDAMOTR,NSI,India Stocks,INR,1,874.75,0,2026-07-01 GMT+0530,09:45:00,,,Buy,,,,
4514,Sharda Motor Inds Ltd,SHARDAMOTR,NSI,India Stocks,INR,2,874.65,0,2026-07-01 GMT+0530,09:45:00,,,Buy,,,,
4515,Sharda Motor Inds Ltd,SHARDAMOTR,NSI,India Stocks,INR,4,874.55,0,2026-07-01 GMT+0530,09:45:00,,,Buy,,,,
4516,Vikran Engineering Ltd,VIKRAN,NSI,India Stocks,INR,,,,,,,,,,,,
4517,Vikran Engineering Ltd,VIKRAN,NSI,India Stocks,INR,26,75.76,0,2026-07-01 GMT+0530,09:51:00,,,Buy,,,,
4518,Vikran Engineering Ltd,VIKRAN,NSI,India Stocks,INR,164,75.79,23.76,2026-07-01 GMT+0530,09:52:00,,,Buy,,,,
4519,Vikran Engineering Ltd,VIKRAN,NSI,India Stocks,INR,74,75.78,0,2026-07-01 GMT+0530,09:52:00,,,Buy,,,,
4520,"Amazon.com, Inc.",Amazon.com Inc.,NMS,US Stocks,USD,,,,,,,,,,,,
4521,"Amazon.com, Inc.",Amazon.com Inc.,NMS,US Stocks,USD,0.48495847,127.85,0,2022-09-15 GMT+0530,23:00:00,79.84,,Buy,,,,
4522,"Amazon.com, Inc.",Amazon.com Inc.,NMS,US Stocks,USD,1.03684247,115.74,0,2022-10-03 GMT+0530,23:00:00,81.49,,Buy,,,,
4523,"Amazon.com, Inc.",Amazon.com Inc.,NMS,US Stocks,USD,0.83465897,101.84,0,2022-10-31 GMT+0530,23:00:00,82.77,,Buy,,,,
4524,"Amazon.com, Inc.",Amazon.com Inc.,NMS,US Stocks,USD,0.90083041,95.86,0,2022-12-01 GMT+0530,23:00:00,81.12,,Buy,,,,
4525,"Amazon.com, Inc.",Amazon.com Inc.,NMS,US Stocks,USD,0.90556233,95.07,0,2023-01-12 GMT+0530,23:00:00,81.1,,Buy,,,,
4526,"Amazon.com, Inc.",Amazon.com Inc.,NMS,US Stocks,USD,1.6417287,105.33,0,2023-05-03 GMT+0530,23:00:00,81.76,,Buy,,,,
4527,"Amazon.com, Inc.",Amazon.com Inc.,NMS,US Stocks,USD,0.00981986,124.24,0,2023-06-09 GMT+0530,23:00:00,82.44,,Buy,,,,
4528,"Amazon.com, Inc.",Amazon.com Inc.,NMS,US Stocks,USD,2.61698644,131.18,0,2023-07-03 GMT+0530,23:00:00,81.94,,Buy,,,,
4529,"Amazon.com, Inc.",Amazon.com Inc.,NMS,US Stocks,USD,0.00923329,229.6,0,2024-12-12 GMT+0530,23:00:00,84.83,,Buy,,,,
4530,"Amazon.com, Inc.",Amazon.com Inc.,NMS,US Stocks,USD,0.0069247,219.5,0,2025-01-10 GMT+0530,23:00:00,86.17,,Buy,,,,
4531,"Amazon.com, Inc.",Amazon.com Inc.,NMS,US Stocks,USD,0.011021346,192.35,0,2025-03-13 GMT+0530,22:57:00,86.989,,Buy,,,,
4532,"Amazon.com, Inc.",Amazon.com Inc.,NMS,US Stocks,USD,0.006561069,214.904,0,2025-06-16 GMT+0530,22:22:00,85.949,,Buy,,,,
4533,"Amazon.com, Inc.",Amazon.com Inc.,NMS,US Stocks,USD,0.00711654,222.012,0,2025-07-10 GMT+0530,22:03:00,,,Buy,,,,
4534,"Amazon.com, Inc.",Amazon.com Inc.,NMS,US Stocks,USD,0.011156244,209.75,0,2026-03-12 GMT+0530,23:43:00,92.475,,Buy,,,,
4535,"Salesforce, Inc.",Salesforce Inc,NYQ,US Stocks,USD,,,,,,,,,,,,
4536,"Salesforce, Inc.",Salesforce Inc,NYQ,US Stocks,USD,0.84102056,147.21,0,2022-10-03 GMT+0530,23:00:00,81.49,,Buy,,,,
4537,"Salesforce, Inc.",Salesforce Inc,NYQ,US Stocks,USD,0.52262023,162.64,0,2022-10-31 GMT+0530,23:00:00,82.77,,Buy,,,,
4538,"Salesforce, Inc.",Salesforce Inc,NYQ,US Stocks,USD,0.59715633,144.6,0,2022-12-01 GMT+0530,23:00:00,81.12,,Buy,,,,
4539,"Salesforce, Inc.",Salesforce Inc,NYQ,US Stocks,USD,0.58567813,146.99,0,2023-01-12 GMT+0530,23:00:00,81.1,,Buy,,,,
4540,"Salesforce, Inc.",Salesforce Inc,NYQ,US Stocks,USD,0.88752476,194.83,0,2023-05-03 GMT+0530,23:00:00,81.76,,Buy,,,,
4541,"Salesforce, Inc.",Salesforce Inc,NYQ,US Stocks,USD,1.63168402,210.39,0,2023-07-03 GMT+0530,23:00:00,81.94,,Buy,,,,
4542,"Salesforce, Inc.",Salesforce Inc,NYQ,US Stocks,USD,0.00634084,301.22,0,2024-03-20 GMT+0530,23:00:00,83.17,,Buy,,,,
4543,"Salesforce, Inc.",Salesforce Inc,NYQ,US Stocks,USD,1.53,0,0,2024-04-11 GMT+0530,23:00:00,83.32,,Dividend,FIFO,,,
4544,"Salesforce, Inc.",Salesforce Inc,NYQ,US Stocks,USD,0.00507886,299.28,0,2024-04-11 GMT+0530,23:00:00,83.32,,Buy,,,,
4545,"Salesforce, Inc.",Salesforce Inc,NYQ,US Stocks,USD,0.00384226,286.29,0,2024-05-16 GMT+0530,23:00:00,83.45,,Buy,,,,
4546,"Salesforce, Inc.",Salesforce Inc,NYQ,US Stocks,USD,2.03,0,0,2024-07-25 GMT+0530,23:00:00,83.72,,Dividend,FIFO,,,
4547,"Salesforce, Inc.",Salesforce Inc,NYQ,US Stocks,USD,0.00548084,244.49,0,2024-08-07 GMT+0530,23:00:00,83.89,,Buy,,,,
4548,"Salesforce, Inc.",Salesforce Inc,NYQ,US Stocks,USD,1.53,0,0,2024-10-08 GMT+0530,23:00:00,83.95,,Dividend,FIFO,,,
4549,"Salesforce, Inc.",Salesforce Inc,NYQ,US Stocks,USD,0.005944,311.24,0,2024-11-07 GMT+0530,23:00:00,84.29,,Buy,,,,
4550,"Salesforce, Inc.",Salesforce Inc,NYQ,US Stocks,USD,1.53,0,0,2025-01-09 GMT+0530,23:00:00,85.89,,Dividend,FIFO,,,
4551,"Salesforce, Inc.",Salesforce Inc,NYQ,US Stocks,USD,1.59,262.18,0,2025-04-24 GMT+0530,21:31:00,85.27,,Dividend,FIFO,,,
4552,"Salesforce, Inc.",Salesforce Inc,NYQ,US Stocks,USD,1.42,262.39,0,2025-06-16 GMT+0530,22:20:00,85.949,,Dividend,FIFO,,,
4553,"Salesforce, Inc.",Salesforce Inc,NYQ,US Stocks,USD,1.59,242.96,0,2025-10-09 GMT+0530,20:27:00,88.819,,Dividend,FIFO,,,
4554,"Salesforce, Inc.",Salesforce Inc,NYQ,US Stocks,USD,1.59,262.69,0,2026-01-08 GMT+0530,22:51:00,89.857,,Dividend,FIFO,,,
4555,"Salesforce, Inc.",Salesforce Inc,NYQ,US Stocks,USD,1.68,0,0,2026-04-23 GMT+0530,19:15:00,94.11,,Dividend,FIFO,,,
4556,"Salesforce, Inc.",Salesforce Inc,NYQ,US Stocks,USD,1.68,0,0,2026-07-02 GMT+0530,23:23:00,95.4,,Dividend,FIFO,,,
4557,Alphabet Inc.,Alphabet Inc. - Class C Shares,NMS,US Stocks,USD,,,,,,,,,,,,
4558,Alphabet Inc.,Alphabet Inc. - Class C Shares,NMS,US Stocks,USD,0.58953294,105.17,0,2022-09-15 GMT+0530,23:00:00,79.84,,Buy,,,,
4559,Alphabet Inc.,Alphabet Inc. - Class C Shares,NMS,US Stocks,USD,1.20936045,99.23,0,2022-10-03 GMT+0530,23:00:00,81.49,,Buy,,,,
4560,Alphabet Inc.,Alphabet Inc. - Class C Shares,NMS,US Stocks,USD,0.89882413,94.57,0,2022-10-31 GMT+0530,23:00:00,82.77,,Buy,,,,
4561,Alphabet Inc.,Alphabet Inc. - Class C Shares,NMS,US Stocks,USD,0.84975103,101.62,0,2022-12-01 GMT+0530,23:00:00,81.12,,Buy,,,,
4562,Alphabet Inc.,Alphabet Inc. - Class C Shares,NMS,US Stocks,USD,0.93753403,91.83,0,2023-01-12 GMT+0530,23:00:00,81.1,,Buy,,,,
4563,Alphabet Inc.,Alphabet Inc. - Class C Shares,NMS,US Stocks,USD,1.62445513,106.45,0,2023-05-03 GMT+0530,23:00:00,81.76,,Buy,,,,
4564,Alphabet Inc.,Alphabet Inc. - Class C Shares,NMS,US Stocks,USD,2.86080722,120,0,2023-07-03 GMT+0530,23:00:00,81.94,,Buy,,,,
4565,Alphabet Inc.,Alphabet Inc. - Class C Shares,NMS,US Stocks,USD,0.01366971,131.68,0,2023-08-14 GMT+0530,23:00:00,83.17,,Buy,,,,
4566,Alphabet Inc.,Alphabet Inc. - Class C Shares,NMS,US Stocks,USD,0.01998735,139.09,0,2023-09-18 GMT+0530,23:00:00,83.27,,Buy,,,,
4567,Alphabet Inc.,Alphabet Inc. - Class C Shares,NMS,US Stocks,USD,0.0107516,177.65,0,2024-06-13 GMT+0530,23:00:00,83.54,,Buy,,,,
4568,Alphabet Inc.,Alphabet Inc. - Class C Shares,NMS,US Stocks,USD,1.35,0,0,2024-06-17 GMT+0530,23:00:00,83.5,,Dividend,FIFO,,,
4569,Alphabet Inc.,Alphabet Inc. - Class C Shares,NMS,US Stocks,USD,0.00759947,176.33,0,2024-06-18 GMT+0530,23:00:00,83.33,,Buy,,,,
4570,Alphabet Inc.,Alphabet Inc. - Class C Shares,NMS,US Stocks,USD,1.35,0,0,2024-09-16 GMT+0530,23:00:00,83.84,,Dividend,FIFO,,,
4571,Alphabet Inc.,Alphabet Inc. - Class C Shares,NMS,US Stocks,USD,1.35,0,0,2024-12-16 GMT+0530,23:00:00,84.89,,Dividend,FIFO,,,
4572,Alphabet Inc.,Alphabet Inc. - Class C Shares,NMS,US Stocks,USD,1.35,166.99,0,2025-03-17 GMT+0530,23:33:00,86.762,,Dividend,FIFO,,,
4573,Alphabet Inc.,Alphabet Inc. - Class C Shares,NMS,US Stocks,USD,0.008879804,238.74,0,2025-09-11 GMT+0530,20:35:00,88.296,,Buy,,,,
4574,Alphabet Inc.,Alphabet Inc. - Class C Shares,NMS,US Stocks,USD,1.42,251.91,0,2025-09-15 GMT+0530,20:04:00,88.122,,Dividend,FIFO,,,
4575,Alphabet Inc.,Alphabet Inc. - Class C Shares,NMS,US Stocks,USD,0.008557589,240.72,0,2025-10-09 GMT+0530,20:31:00,88.819,,Buy,,,,
4576,Alphabet Inc.,Alphabet Inc. - Class C Shares,NMS,US Stocks,USD,1.43,309.32,0,2025-12-15 GMT+0530,23:49:00,90.775,,Dividend,FIFO,,,
4577,Alphabet Inc.,Alphabet Inc. - Class C Shares,NMS,US Stocks,USD,1.43,0,0,2026-03-16 GMT+0530,23:05:00,92.264,,Dividend,FIFO,,,
4578,Alphabet Inc.,Alphabet Inc. - Class C Shares,NMS,US Stocks,USD,1.5,0,0,2026-06-16 GMT+0530,21:13:00,94.53,,Dividend,FIFO,,,
4579,Apple Inc.,"Apple,Inc.",NMS,US Stocks,USD,,,,,,,,,,,,
4580,Apple Inc.,"Apple,Inc.",NMS,US Stocks,USD,0.40242364,153.82,0,2022-09-15 GMT+0530,23:00:00,79.84,,Buy,,,,
4581,Apple Inc.,"Apple,Inc.",NMS,US Stocks,USD,0.84335995,142.29,0,2022-10-03 GMT+0530,23:00:00,81.49,,Buy,,,,
4582,Apple Inc.,"Apple,Inc.",NMS,US Stocks,USD,0.55512742,153.12,0,2022-10-31 GMT+0530,23:00:00,82.77,,Buy,,,,
4583,Apple Inc.,"Apple,Inc.",NMS,US Stocks,USD,0.31,0,0,2022-11-10 GMT+0530,23:00:00,80.63,,Dividend,FIFO,,,
4584,Apple Inc.,"Apple,Inc.",NMS,US Stocks,USD,0.58383699,147.92,0,2022-12-01 GMT+0530,23:00:00,81.12,,Buy,,,,
4585,Apple Inc.,"Apple,Inc.",NMS,US Stocks,USD,0.64832666,132.79,0,2023-01-12 GMT+0530,23:00:00,81.1,,Buy,,,,
4586,Apple Inc.,"Apple,Inc.",NMS,US Stocks,USD,0.53,0,0,2023-02-16 GMT+0530,23:00:00,82.71,,Dividend,FIFO,,,
4587,Apple Inc.,"Apple,Inc.",NMS,US Stocks,USD,1.0152773,170.32,0,2023-05-03 GMT+0530,23:00:00,81.76,,Buy,,,,
4588,Apple Inc.,"Apple,Inc.",NMS,US Stocks,USD,0.73,0,0,2023-05-18 GMT+0530,23:00:00,82.72,,Dividend,FIFO,,,
4589,Apple Inc.,"Apple,Inc.",NMS,US Stocks,USD,1.78705661,192.1,0,2023-07-03 GMT+0530,23:00:00,81.94,,Buy,,,,
4590,Apple Inc.,"Apple,Inc.",NMS,US Stocks,USD,1.05,0,0,2023-08-17 GMT+0530,23:00:00,83.13,,Dividend,FIFO,,,
4591,Apple Inc.,"Apple,Inc.",NMS,US Stocks,USD,0.00938952,184.25,0,2023-11-10 GMT+0530,23:00:00,83.31,,Buy,,,,
4592,Apple Inc.,"Apple,Inc.",NMS,US Stocks,USD,1.05,0,0,2023-11-16 GMT+0530,23:00:00,83.15,,Dividend,FIFO,,,
4593,Apple Inc.,"Apple,Inc.",NMS,US Stocks,USD,0.00543166,191.47,0,2023-11-21 GMT+0530,23:00:00,83.31,,Buy,,,,
4594,Apple Inc.,"Apple,Inc.",NMS,US Stocks,USD,0.0097311,196.28,0,2023-12-18 GMT+0530,23:00:00,83.14,,Buy,,,,
4595,Apple Inc.,"Apple,Inc.",NMS,US Stocks,USD,1.06,0,0,2024-02-15 GMT+0530,23:00:00,82.99,,Dividend,FIFO,,,
4596,Apple Inc.,"Apple,Inc.",NMS,US Stocks,USD,0.0154008,182.46,0,2024-02-15 GMT+0530,23:00:00,82.99,,Buy,,,,
4597,Apple Inc.,"Apple,Inc.",NMS,US Stocks,USD,1.11,0,0,2024-05-16 GMT+0530,23:00:00,83.45,,Dividend,FIFO,,,
4598,Apple Inc.,"Apple,Inc.",NMS,US Stocks,USD,0.00923809,218.66,0,2024-07-25 GMT+0530,23:00:00,83.72,,Buy,,,,
4599,Apple Inc.,"Apple,Inc.",NMS,US Stocks,USD,1.11,0,0,2024-08-15 GMT+0530,23:00:00,83.94,,Dividend,FIFO,,,
4600,Apple Inc.,"Apple,Inc.",NMS,US Stocks,USD,0.00487809,225.5,0,2024-08-16 GMT+0530,23:00:00,83.88,,Buy,,,,
4601,Apple Inc.,"Apple,Inc.",NMS,US Stocks,USD,1.11,0,0,2024-11-14 GMT+0530,23:00:00,84.46,,Dividend,FIFO,,,
4602,Apple Inc.,"Apple,Inc.",NMS,US Stocks,USD,0.0048918,224.87,0,2024-11-15 GMT+0530,23:00:00,84.42,,Buy,,,,
4603,Apple Inc.,"Apple,Inc.",NMS,US Stocks,USD,0.0052775,253.91,0,2024-12-18 GMT+0530,23:00:00,84.87,,Buy,,,,
4604,Apple Inc.,"Apple,Inc.",NMS,US Stocks,USD,1.11,241.46,0,2025-02-13 GMT+0530,23:36:00,86.77,,Dividend,FIFO,,,
4605,Apple Inc.,"Apple,Inc.",NMS,US Stocks,USD,0.006261214,214.02,0,2025-03-17 GMT+0530,23:38:00,86.762,,Buy,,,,
4606,Apple Inc.,"Apple,Inc.",NMS,US Stocks,USD,1.16,212.65,0,2025-05-15 GMT+0530,20:54:00,85.51,,Dividend,FIFO,,,
4607,Apple Inc.,"Apple,Inc.",NMS,US Stocks,USD,1.16,233.21,0,2025-08-15 GMT+0530,19:07:00,87.44,,Dividend,FIFO,,,
4608,Apple Inc.,"Apple,Inc.",NMS,US Stocks,USD,1.16,272.41,0,2025-11-13 GMT+0530,22:51:00,88.78,,Dividend,FIFO,,,
4609,Apple Inc.,"Apple,Inc.",NMS,US Stocks,USD,1.16,0,0,2026-02-12 GMT+0530,00:16:00,90.576,,Dividend,FIFO,,,
4610,Apple Inc.,"Apple,Inc.",NMS,US Stocks,USD,1.2,0,0,2026-05-14 GMT+0530,21:10:00,95.768,,Dividend,FIFO,,,
4611,Microsoft Corporation,Microsoft Corporation,NMS,US Stocks,USD,,,,,,,,,,,,
4612,Microsoft Corporation,Microsoft Corporation,NMS,US Stocks,USD,0.25021793,247.78,0,2022-09-15 GMT+0530,23:00:00,79.84,,Buy,,,,
4613,Microsoft Corporation,Microsoft Corporation,NMS,US Stocks,USD,0.50024178,239.88,0,2022-10-03 GMT+0530,23:00:00,81.49,,Buy,,,,
4614,Microsoft Corporation,Microsoft Corporation,NMS,US Stocks,USD,0.36598808,232.25,0,2022-10-31 GMT+0530,23:00:00,82.77,,Buy,,,,
4615,Microsoft Corporation,Microsoft Corporation,NMS,US Stocks,USD,0.3396317,254.25,0,2022-12-01 GMT+0530,23:00:00,81.12,,Buy,,,,
4616,Microsoft Corporation,Microsoft Corporation,NMS,US Stocks,USD,0.57,0,0,2022-12-08 GMT+0530,23:00:00,82.28,,Dividend,FIFO,,,
4617,Microsoft Corporation,Microsoft Corporation,NMS,US Stocks,USD,0.36129157,238.28,0,2023-01-12 GMT+0530,23:00:00,81.1,,Buy,,,,
4618,Microsoft Corporation,Microsoft Corporation,NMS,US Stocks,USD,0.93,0,0,2023-03-09 GMT+0530,23:00:00,82.02,,Dividend,FIFO,,,
4619,Microsoft Corporation,Microsoft Corporation,NMS,US Stocks,USD,0.56709213,304.92,0,2023-05-03 GMT+0530,23:00:00,81.76,,Buy,,,,
4620,Microsoft Corporation,Microsoft Corporation,NMS,US Stocks,USD,1.22,0,0,2023-06-08 GMT+0530,23:00:00,82.49,,Dividend,FIFO,,,
4621,Microsoft Corporation,Microsoft Corporation,NMS,US Stocks,USD,1.01910015,336.86,0,2023-07-03 GMT+0530,23:00:00,81.94,,Buy,,,,
4622,Microsoft Corporation,Microsoft Corporation,NMS,US Stocks,USD,1.74,0,0,2023-09-14 GMT+0530,23:00:00,83.01,,Dividend,FIFO,,,
4623,Microsoft Corporation,Microsoft Corporation,NMS,US Stocks,USD,1.92,0,0,2023-12-14 GMT+0530,23:00:00,83.31,,Dividend,FIFO,,,
4624,Microsoft Corporation,Microsoft Corporation,NMS,US Stocks,USD,1.92,0,0,2024-03-14 GMT+0530,23:00:00,82.92,,Dividend,FIFO,,,
4625,Microsoft Corporation,Microsoft Corporation,NMS,US Stocks,USD,1.92,0,0,2024-06-13 GMT+0530,23:00:00,83.54,,Dividend,FIFO,,,
4626,Microsoft Corporation,Microsoft Corporation,NMS,US Stocks,USD,1.92,0,0,2024-09-12 GMT+0530,23:00:00,83.92,,Dividend,FIFO,,,
4627,Microsoft Corporation,Microsoft Corporation,NMS,US Stocks,USD,0.0044851,425.85,0,2024-09-12 GMT+0530,23:00:00,83.92,,Buy,,,,
4628,Microsoft Corporation,Microsoft Corporation,NMS,US Stocks,USD,2.13,0,0,2024-12-12 GMT+0530,23:00:00,84.83,,Dividend,FIFO,,,
4629,Microsoft Corporation,Microsoft Corporation,NMS,US Stocks,USD,0.004326803,409.078,0,2025-02-19 GMT+0530,21:13:00,86.85,,Buy,,,,
4630,Microsoft Corporation,Microsoft Corporation,NMS,US Stocks,USD,2.13,378.66,0,2025-03-13 GMT+0530,22:52:00,86.989,,Dividend,FIFO,,,
4631,Microsoft Corporation,Microsoft Corporation,NMS,US Stocks,USD,2.13,475.5,0,2025-06-12 GMT+0530,19:52:00,85.581,,Dividend,FIFO,,,
4632,Microsoft Corporation,Microsoft Corporation,NMS,US Stocks,USD,2.13,500.88,0,2025-09-11 GMT+0530,20:29:00,88.296,,Dividend,FIFO,,,
4633,Microsoft Corporation,Microsoft Corporation,NMS,US Stocks,USD,0.8,474.09,0,2025-12-11 GMT+0530,22:30:00,90.25,,Dividend,FIFO,,,
4634,Microsoft Corporation,Microsoft Corporation,NMS,US Stocks,USD,2.34,0,0,2026-03-12 GMT+0530,23:39:00,92.475,,Dividend,FIFO,,,
4635,Microsoft Corporation,Microsoft Corporation,NMS,US Stocks,USD,2.34,0,0,2026-06-12 GMT+0530,22:25:00,94.908,,Dividend,FIFO,,,
4636,ASML Holding N.V. - New York Re,Asml Holding Nv,NMS,US Stocks,USD,,,,,,,,,,,,
4637,ASML Holding N.V. - New York Re,Asml Holding Nv,NMS,US Stocks,USD,0.13163594,471,0,2022-09-15 GMT+0530,23:00:00,79.84,,Buy,,,,
4638,ASML Holding N.V. - New York Re,Asml Holding Nv,NMS,US Stocks,USD,0.17984165,472.64,0,2022-10-31 GMT+0530,23:00:00,82.77,,Buy,,,,
4639,ASML Holding N.V. - New York Re,Asml Holding Nv,NMS,US Stocks,USD,0.35,0,0,2022-11-14 GMT+0530,23:00:00,80.97,,Dividend,FIFO,,,
4640,ASML Holding N.V. - New York Re,Asml Holding Nv,NMS,US Stocks,USD,0.14139651,610.69,0,2022-12-01 GMT+0530,23:00:00,81.12,,Buy,,,,
4641,ASML Holding N.V. - New York Re,Asml Holding Nv,NMS,US Stocks,USD,0.13287832,647.89,0,2023-01-12 GMT+0530,23:00:00,81.1,,Buy,,,,
4642,ASML Holding N.V. - New York Re,Asml Holding Nv,NMS,US Stocks,USD,0.73,0,0,2023-02-15 GMT+0530,23:00:00,82.75,,Dividend,FIFO,,,
4643,ASML Holding N.V. - New York Re,Asml Holding Nv,NMS,US Stocks,USD,0.00203245,619.94,0,2023-02-23 GMT+0530,23:00:00,82.59,,Buy,,,,
4644,ASML Holding N.V. - New York Re,Asml Holding Nv,NMS,US Stocks,USD,0.27238445,634.84,0,2023-05-03 GMT+0530,23:00:00,81.76,,Buy,,,,
4645,ASML Holding N.V. - New York Re,Asml Holding Nv,NMS,US Stocks,USD,0.93,0,0,2023-05-10 GMT+0530,23:00:00,81.9,,Dividend,FIFO,,,
4646,ASML Holding N.V. - New York Re,Asml Holding Nv,NMS,US Stocks,USD,0.00248554,667.86,0,2023-05-24 GMT+0530,23:00:00,82.67,,Buy,,,,
4647,ASML Holding N.V. - New York Re,Asml Holding Nv,NMS,US Stocks,USD,0.47201643,727.28,0,2023-07-03 GMT+0530,23:00:00,81.94,,Buy,,,,
4648,ASML Holding N.V. - New York Re,Asml Holding Nv,NMS,US Stocks,USD,1.81,0,0,2023-08-10 GMT+0530,23:00:00,82.62,,Dividend,FIFO,,,
4649,ASML Holding N.V. - New York Re,Asml Holding Nv,NMS,US Stocks,USD,1.74,0,0,2023-11-10 GMT+0530,23:00:00,83.31,,Dividend,FIFO,,,
4650,ASML Holding N.V. - New York Re,Asml Holding Nv,NMS,US Stocks,USD,1.76,0,0,2024-02-14 GMT+0530,23:00:00,83.03,,Dividend,FIFO,,,
4651,ASML Holding N.V. - New York Re,Asml Holding Nv,NMS,US Stocks,USD,2.13,0,0,2024-05-07 GMT+0530,23:00:00,83.46,,Dividend,FIFO,,,
4652,ASML Holding N.V. - New York Re,Asml Holding Nv,NMS,US Stocks,USD,1.86,0,0,2024-08-07 GMT+0530,23:00:00,83.89,,Dividend,FIFO,,,
4653,ASML Holding N.V. - New York Re,Asml Holding Nv,NMS,US Stocks,USD,0.0018499,821.67,0,2024-10-08 GMT+0530,23:00:00,83.95,,Buy,,,,
4654,ASML Holding N.V. - New York Re,Asml Holding Nv,NMS,US Stocks,USD,1.86,0,0,2024-11-07 GMT+0530,23:00:00,84.29,,Dividend,FIFO,,,
4655,ASML Holding N.V. - New York Re,Asml Holding Nv,NMS,US Stocks,USD,1.78,746.91,0,2025-02-19 GMT+0530,21:07:00,86.85,,Dividend,FIFO,,,
4656,ASML Holding N.V. - New York Re,Asml Holding Nv,NMS,US Stocks,USD,2.38,687.14,0,2025-05-06 GMT+0530,20:41:00,84.305,,Dividend,FIFO,,,
4657,ASML Holding N.V. - New York Re,Asml Holding Nv,NMS,US Stocks,USD,0,685.59,2.7,2025-08-01 GMT+0530,19:50:00,87.3,,Sell All,FIFO,,,
4658,ASML Holding N.V. - New York Re,Asml Holding Nv,NMS,US Stocks,USD,2.1,713.88,0,2025-08-07 GMT+0530,19:26:00,87.39,,Dividend,FIFO,,,
4659,"Arista Networks, Inc.",Arista Networks Inc,NYQ,US Stocks,USD,,,,,,,,,,,,
4660,"Arista Networks, Inc.",Arista Networks Inc,NYQ,US Stocks,USD,0.72102404,121.48,0,2022-11-01 GMT+0530,23:00:00,82.65,,Buy,,,,
4661,"Arista Networks, Inc.",Arista Networks Inc,NYQ,US Stocks,USD,0.61879237,139.55,0,2022-12-01 GMT+0530,23:00:00,81.12,,Buy,,,,
4662,"Arista Networks, Inc.",Arista Networks Inc,NYQ,US Stocks,USD,0.73915358,116.44,0,2023-01-12 GMT+0530,23:00:00,81.1,,Buy,,,,
4663,"Arista Networks, Inc.",Arista Networks Inc,NYQ,US Stocks,USD,1.28214445,134.86,0,2023-05-03 GMT+0530,23:00:00,81.76,,Buy,,,,
4664,"Arista Networks, Inc.",Arista Networks Inc,NYQ,US Stocks,USD,2.16935229,158.25,0,2023-07-03 GMT+0530,23:00:00,81.94,,Buy,,,,
4665,"Arista Networks, Inc.",Arista Networks Inc,NYQ,US Stocks,USD,0.00773203,274.18,0,2024-05-08 GMT+0530,23:00:00,83.46,,Buy,,,,
4666,"Arista Networks, Inc.",Arista Networks Inc,NYQ,US Stocks,USD,0.00365162,366.96,0,2024-09-17 GMT+0530,23:00:00,83.75,,Buy,,,,
4667,"Arista Networks, Inc.",Arista Networks Inc,NYQ,US Stocks,USD,4,1,0,2024-12-04 GMT+0530,13:06:00,,,Split,,,,
4668,"Arista Networks, Inc.",Arista Networks Inc,NYQ,US Stocks,USD,0.0100056,109.94,0,2025-02-14 GMT+0530,00:41:00,86.77,,Buy,,,,
4669,"Arista Networks, Inc.",Arista Networks Inc,NYQ,US Stocks,USD,0.021118477,74.82,0,2025-04-24 GMT+0530,21:36:00,85.27,,Buy,,,,
4670,"Arista Networks, Inc.",Arista Networks Inc,NYQ,US Stocks,USD,0.027876449,85.018,0,2025-05-07 GMT+0530,20:45:00,84.689,,Buy,,,,
4671,"Arista Networks, Inc.",Arista Networks Inc,NYQ,US Stocks,USD,0.012039363,95.52,0,2025-05-15 GMT+0530,20:57:00,85.51,,Buy,,,,
4672,"Arista Networks, Inc.",Arista Networks Inc,NYQ,US Stocks,USD,0.022753616,93.172,0,2025-06-13 GMT+0530,19:57:00,86.121,,Buy,,,,
4673,"Arista Networks, Inc.",Arista Networks Inc,NYQ,US Stocks,USD,0.015047075,139.562,0,2025-08-07 GMT+0530,19:30:00,87.39,,Buy,,,,
4674,"Arista Networks, Inc.",Arista Networks Inc,NYQ,US Stocks,USD,0.008385958,137.13,0,2025-08-15 GMT+0530,19:11:00,87.44,,Buy,,,,
4675,"Arista Networks, Inc.",Arista Networks Inc,NYQ,US Stocks,USD,0.00980174,143.85,0,2025-09-16 GMT+0530,20:05:00,88.009,,Buy,,,,
4676,"Arista Networks, Inc.",Arista Networks Inc,NYQ,US Stocks,USD,2.232118204,134.01,0,2025-11-07 GMT+0530,23:34:00,88.679,,Buy,,,,
4677,"Arista Networks, Inc.",Arista Networks Inc,NYQ,US Stocks,USD,0.008440068,135.07,0,2026-02-12 GMT+0530,00:21:00,90.576,,Buy,,,,
4678,"Arista Networks, Inc.",Arista Networks Inc,NYQ,US Stocks,USD,0.010647391,133.37,0,2026-03-17 GMT+0530,23:09:00,92.376,,Buy,,,,
4679,"Meta Platforms, Inc.",,NMS,US Stocks,USD,,,,,,,,,,,,
4680,"Meta Platforms, Inc.",,NMS,US Stocks,USD,1.208334659,753.864,0,2025-08-01 GMT+0530,19:57:00,87.3,,Buy,,,,
4681,"Meta Platforms, Inc.",,NMS,US Stocks,USD,0.48,743.4,0,2025-09-29 GMT+0530,17:13:00,88.704,,Dividend,FIFO,,,
4682,"Meta Platforms, Inc.",,NMS,US Stocks,USD,0.821039074,607.19,0,2025-11-07 GMT+0530,23:35:00,88.679,,Buy,,,,
4683,"Meta Platforms, Inc.",,NMS,US Stocks,USD,0.81,664.14,0,2025-12-23 GMT+0530,23:31:00,89.458,,Dividend,FIFO,,,
4684,"Meta Platforms, Inc.",,NMS,US Stocks,USD,0.81,0,0,2026-03-26 GMT+0530,09:58:00,94.288,,Dividend,FIFO,,,
4685,"Meta Platforms, Inc.",,NMS,US Stocks,USD,0.81,0,0,2026-06-26 GMT+0530,21:08:00,94.285,,Dividend,FIFO,,,
4686,Taiwan Semiconductor Manufactur,,NYQ,US Stocks,USD,,,,,,,,,,,,
4687,Taiwan Semiconductor Manufactur,,NYQ,US Stocks,USD,2.307087978,280.58,0,2025-11-07 GMT+0530,23:28:00,88.679,,Buy,,,,
4688,Taiwan Semiconductor Manufactur,,NYQ,US Stocks,USD,1.45,317.33,0,2026-01-08 GMT+0530,22:52:00,89.857,,Dividend,FIFO,,,
4689,Taiwan Semiconductor Manufactur,,NYQ,US Stocks,USD,1.71,0,0,2026-04-06 GMT+0530,23:07:00,92.711,,Dividend,FIFO,,,
4690,Taiwan Semiconductor Manufactur,,NYQ,US Stocks,USD,0.00345528,431.22,0.01,2026-06-16 GMT+0530,21:02:00,94.53,,Buy,,,,
4691,Taiwan Semiconductor Manufactur,,NYQ,US Stocks,USD,1.71,0,0,2026-07-09 GMT+0530,19:59:00,95.39,,Dividend,FIFO,,,
4692,Palantir Technologies Inc.,,NMS,US Stocks,USD,,,,,,,,,,,,
4693,Palantir Technologies Inc.,,NMS,US Stocks,USD,2.894339854,172.25,0,2025-11-07 GMT+0530,23:30:00,88.679,,Buy,,,,
4694,Palantir Technologies Inc.,,NMS,US Stocks,USD,0.00967283,175.75,0,2026-01-02 GMT+0530,20:17:00,90.014,,Buy,,,,
4695,Palantir Technologies Inc.,,NMS,US Stocks,USD,0.008947637,133.04,0,2026-05-18 GMT+0530,21:10:00,96.231,,Buy,,,,
4696,Palantir Technologies Inc.,,NMS,US Stocks,USD,0.018213085,127.93,0.01,2026-06-12 GMT+0530,22:21:00,94.908,,Buy,,,,
4697,Broadcom Inc.,,NMS,US Stocks,USD,,,,,,,,,,,,
4698,Broadcom Inc.,,NMS,US Stocks,USD,1.75785428,340.32,0,2025-11-07 GMT+0530,23:32:00,88.679,,Buy,,,,
4699,Broadcom Inc.,,NMS,US Stocks,USD,0.008077012,334.28,0,2025-11-14 GMT+0530,00:08:00,88.78,,Buy,,,,
4700,Broadcom Inc.,,NMS,US Stocks,USD,0.006424912,345.53,0,2025-12-16 GMT+0530,20:11:00,91.171,,Buy,,,,
4701,Broadcom Inc.,,NMS,US Stocks,USD,0.87,346.1,0,2025-12-31 GMT+0530,08:10:00,89.871,,Dividend,FIFO,,,
4702,Broadcom Inc.,,NMS,US Stocks,USD,0.87,0,0,2026-03-31 GMT+0530,23:38:00,93.77,,Dividend,FIFO,,,
4703,Broadcom Inc.,,NMS,US Stocks,USD,0.004424205,370.69,0.01,2026-06-29 GMT+0530,19:26:00,94.629,,Buy,,,,
4704,Broadcom Inc.,,NMS,US Stocks,USD,0.87,0,0,2026-07-01 GMT+0530,20:10:00,95.157,,Dividend,FIFO,,,
4705,Broadcom Inc.,,NMS,US Stocks,USD,0.006770191,375.17,0.01,2026-07-06 GMT+0530,22:12:00,95.477,,Buy,,,,
4706,Broadcom Inc.,,NMS,US Stocks,USD,0.00424864,400.13,0.01,2026-07-10 GMT+0530,20:00:00,95.456,,Buy,,,,
4707,NVIDIA Corporation,,NMS,US Stocks,USD,,,,,,,,,,,,
4708,NVIDIA Corporation,,NMS,US Stocks,USD,4.379481117,182.13,0,2025-11-07 GMT+0530,23:33:00,88.679,,Buy,,,,
4709,NVIDIA Corporation,,NMS,US Stocks,USD,0.03,190.6,0,2025-12-26 GMT+0530,22:52:00,89.679,,Dividend,FIFO,,,
4710,NVIDIA Corporation,,NMS,US Stocks,USD,0.016423832,184.49,0,2026-01-08 GMT+0530,22:56:00,89.857,,Buy,,,,
4711,NVIDIA Corporation,,NMS,US Stocks,USD,0.009652174,173.018,0,2026-03-31 GMT+0530,23:47:00,93.77,,Buy,,,,
4712,NVIDIA Corporation,,NMS,US Stocks,USD,0.03,0,0,2026-04-01 GMT+0530,08:35:00,93.226,,Dividend,FIFO,,,
4713,NVIDIA Corporation,,NMS,US Stocks,USD,0.009428923,183.46,0,2026-04-10 GMT+0530,00:10:00,92.711,,Buy,,,,
4714,NVIDIA Corporation,,NMS,US Stocks,USD,0.008270684,201.92,0,2026-04-24 GMT+0530,19:15:00,94.11,,Buy,,,,
4715,NVIDIA Corporation,,NMS,US Stocks,USD,0.84,0,0,2026-06-27 GMT+0530,12:04:00,94.36,,Dividend,FIFO,,,
