Portfolio Name,Scheme Code,ISIN,Scheme Name,Transaction Date,Transaction Type,Transaction Amount,Transaction Charges,Transaction Units,Transaction NAV,NAV,Date
Pai,120539,INF209K01VF2/-,Aditya Birla Sun Life Digital India Fund - Growth - Direct Plan,2020-11-24,Investment,20000,1,238.452,83.87,160.7,2026-06-12
Pai,120539,INF209K01VF2/-,Aditya Birla Sun Life Digital India Fund - Growth - Direct Plan,2021-01-01,Investment,5000,0.25,53.5592,93.35,160.7,2026-06-12
Pai,120539,INF209K01VF2/-,Aditya Birla Sun Life Digital India Fund - Growth - Direct Plan,2021-04-05,Investment,10000,0.5,93.9538,106.43,160.7,2026-06-12
Pai,120539,INF209K01VF2/-,Aditya Birla Sun Life Digital India Fund - Growth - Direct Plan,2022-07-01,Investment,65000,3.25,541.189,120.1,160.7,2026-06-12
Pai,120539,INF209K01VF2/-,Aditya Birla Sun Life Digital India Fund - Growth - Direct Plan,2022-08-01,Investment,10000,0.5,78.711,127.04,160.7,2026-06-12
Pai,120539,INF209K01VF2/-,Aditya Birla Sun Life Digital India Fund - Growth - Direct Plan,2024-04-08,Redemption,-174226,0,-1005.87,173.21,160.7,2026-06-12
Pai,119544,INF209K01UN8/-,Aditya Birla Sun Life ELSS Tax Saver Fund - Growth - Direct Plan,2020-03-30,Investment,17000,0,662.252,25.67,,
Pai,119544,INF209K01UN8/-,Aditya Birla Sun Life ELSS Tax Saver Fund - Growth - Direct Plan,2023-03-31,Redemption,-27953.6,0,-662.252,42.21,,
Pai,120503,INF846K01EW2/-,Axis ELSS Tax Saver Fund - Direct Plan - Growth Option,2020-03-30,Investment,17000,0,415.543,40.9103,,
Pai,120503,INF846K01EW2/-,Axis ELSS Tax Saver Fund - Direct Plan - Growth Option,2023-05-02,Redemption,-29896.3,0,-415.543,71.9451,,
Pai,120465,INF846K01DP8/-,Axis Large Cap Fund - Direct Plan - Growth,2020-04-13,Investment,15000,0,517.063,29.01,,
Pai,120465,INF846K01DP8/-,Axis Large Cap Fund - Direct Plan - Growth,2020-05-04,Investment,20000,0,681.896,29.33,,
Pai,120465,INF846K01DP8/-,Axis Large Cap Fund - Direct Plan - Growth,2020-12-01,Investment,10000,0.5,254.894,39.23,,
Pai,120465,INF846K01DP8/-,Axis Large Cap Fund - Direct Plan - Growth,2021-04-30,Redemption,-22083.8,0,-517.063,42.71,,
Pai,120465,INF846K01DP8/-,Axis Large Cap Fund - Direct Plan - Growth,2021-12-08,Redemption,-48507,0,-936.79,51.78,,
Pai,125354,INF846K01K35/-,Axis Small Cap Fund - Direct Plan - Growth,2020-11-24,Investment,20000,1,493.315,40.54,135.58,2026-08-07
Pai,125354,INF846K01K35/-,Axis Small Cap Fund - Direct Plan - Growth,2021-01-01,Investment,5000,0.25,115.977,43.11,135.58,2026-08-07
Pai,125354,INF846K01K35/-,Axis Small Cap Fund - Direct Plan - Growth,2021-03-02,Investment,5000,0.25,106.695,46.86,135.58,2026-08-07
Pai,125354,INF846K01K35/-,Axis Small Cap Fund - Direct Plan - Growth,2021-05-03,Investment,25000,1.25,495.515,50.45,135.58,2026-08-07
Pai,125354,INF846K01K35/-,Axis Small Cap Fund - Direct Plan - Growth,2021-10-01,Investment,5000,0.25,77.312,64.67,135.58,2026-08-07
Pai,125354,INF846K01K35/-,Axis Small Cap Fund - Direct Plan - Growth,2021-11-01,Investment,5000,0.25,76.507,65.35,135.58,2026-08-07
Pai,125354,INF846K01K35/-,Axis Small Cap Fund - Direct Plan - Growth,2021-12-01,Investment,10000,0.5,151.004,66.22,135.58,2026-08-07
Pai,125354,INF846K01K35/-,Axis Small Cap Fund - Direct Plan - Growth,2022-07-01,Investment,25000,1.25,400.621,62.4,135.58,2026-08-07
Pai,125354,INF846K01K35/-,Axis Small Cap Fund - Direct Plan - Growth,2022-08-01,Investment,10000,0.5,148.075,67.53,135.58,2026-08-07
Pai,147946,INF194KB1AL4/-,BANDHAN SMALL CAP FUND - DIRECT PLAN GROWTH,2024-12-16,Investment,100000,5,1898.23,52.678,57,2026-08-07
Pai,147946,INF194KB1AL4/-,BANDHAN SMALL CAP FUND - DIRECT PLAN GROWTH,2024-12-23,Investment (SIP),1500,0.08,29.658,50.574,57,2026-08-07
Pai,147946,INF194KB1AL4/-,BANDHAN SMALL CAP FUND - DIRECT PLAN GROWTH,2024-12-30,Investment (SIP),1500,0.08,29.683,50.531,57,2026-08-07
Pai,147946,INF194KB1AL4/-,BANDHAN SMALL CAP FUND - DIRECT PLAN GROWTH,2025-01-07,Investment (SIP),1500,0.07,29.602,50.67,57,2026-08-07
Pai,147946,INF194KB1AL4/-,BANDHAN SMALL CAP FUND - DIRECT PLAN GROWTH,2025-01-13,Investment (SIP),1500,0.08,32.291,46.45,57,2026-08-07
Pai,147946,INF194KB1AL4/-,BANDHAN SMALL CAP FUND - DIRECT PLAN GROWTH,2025-01-20,Investment (SIP),1500,0.08,31,48.385,57,2026-08-07
Pai,147946,INF194KB1AL4/-,BANDHAN SMALL CAP FUND - DIRECT PLAN GROWTH,2025-01-27,Investment (SIP),1500,0.08,33.615,44.62,57,2026-08-07
Pai,147946,INF194KB1AL4/-,BANDHAN SMALL CAP FUND - DIRECT PLAN GROWTH,2025-02-03,Investment (SIP),1500,0.08,32.657,45.929,57,2026-08-07
Pai,147946,INF194KB1AL4/-,BANDHAN SMALL CAP FUND - DIRECT PLAN GROWTH,2025-02-10,Investment (SIP),1500,0.08,32.786,45.749,57,2026-08-07
Pai,147946,INF194KB1AL4/-,BANDHAN SMALL CAP FUND - DIRECT PLAN GROWTH,2025-02-17,Investment (SIP),1500,0.08,35.12,42.709,57,2026-08-07
Pai,147946,INF194KB1AL4/-,BANDHAN SMALL CAP FUND - DIRECT PLAN GROWTH,2025-02-24,Investment (SIP),1500,0.08,34.998,42.857,57,2026-08-07
Pai,147946,INF194KB1AL4/-,BANDHAN SMALL CAP FUND - DIRECT PLAN GROWTH,2025-03-03,Investment (SIP),1500,0.08,36.632,40.946,57,2026-08-07
Pai,147946,INF194KB1AL4/-,BANDHAN SMALL CAP FUND - DIRECT PLAN GROWTH,2025-03-10,Investment (SIP),1500,0.08,35.148,42.674,57,2026-08-07
Pai,147946,INF194KB1AL4/-,BANDHAN SMALL CAP FUND - DIRECT PLAN GROWTH,2025-03-17,Investment (SIP),1500,0.08,35.802,41.895,57,2026-08-07
Pai,147946,INF194KB1AL4/-,BANDHAN SMALL CAP FUND - DIRECT PLAN GROWTH,2025-03-24,Investment (SIP),1500,0.08,33.096,45.32,57,2026-08-07
Pai,147946,INF194KB1AL4/-,BANDHAN SMALL CAP FUND - DIRECT PLAN GROWTH,2025-04-01,Investment (SIP),1500,0.08,33.989,44.13,57,2026-08-07
Pai,147946,INF194KB1AL4/-,BANDHAN SMALL CAP FUND - DIRECT PLAN GROWTH,2025-04-08,Investment (SIP),1500,0.08,35.002,42.853,57,2026-08-07
Pai,147946,INF194KB1AL4/-,BANDHAN SMALL CAP FUND - DIRECT PLAN GROWTH,2025-04-15,Investment (SIP),1500,0.08,33.495,44.78,57,2026-08-07
Pai,147946,INF194KB1AL4/-,BANDHAN SMALL CAP FUND - DIRECT PLAN GROWTH,2025-04-22,Investment (SIP),1500,0.08,32.175,46.618,57,2026-08-07
Pai,147946,INF194KB1AL4/-,BANDHAN SMALL CAP FUND - DIRECT PLAN GROWTH,2025-04-29,Investment (SIP),1500,0.08,32.612,45.993,57,2026-08-07
Pai,147946,INF194KB1AL4/-,BANDHAN SMALL CAP FUND - DIRECT PLAN GROWTH,2025-05-06,Investment (SIP),1500,0.08,33.658,44.563,57,2026-08-07
Pai,147946,INF194KB1AL4/-,BANDHAN SMALL CAP FUND - DIRECT PLAN GROWTH,2025-05-13,Investment (SIP),1500,0.08,32.257,46.499,57,2026-08-07
Pai,147946,INF194KB1AL4/-,BANDHAN SMALL CAP FUND - DIRECT PLAN GROWTH,2025-05-20,Investment (SIP),1500,0.08,31.162,48.133,57,2026-08-07
Pai,147946,INF194KB1AL4/-,BANDHAN SMALL CAP FUND - DIRECT PLAN GROWTH,2025-05-27,Investment (SIP),1500,0.08,30.651,48.936,57,2026-08-07
Pai,147946,INF194KB1AL4/-,BANDHAN SMALL CAP FUND - DIRECT PLAN GROWTH,2025-06-03,Investment (SIP),1500,0.08,30.116,49.804,57,2026-08-07
Pai,147946,INF194KB1AL4/-,BANDHAN SMALL CAP FUND - DIRECT PLAN GROWTH,2025-06-10,Investment (SIP),1500,0.08,29.143,51.468,57,2026-08-07
Pai,147946,INF194KB1AL4/-,BANDHAN SMALL CAP FUND - DIRECT PLAN GROWTH,2025-06-17,Investment (SIP),1500,0.08,29.654,50.58,57,2026-08-07
Pai,147946,INF194KB1AL4/-,BANDHAN SMALL CAP FUND - DIRECT PLAN GROWTH,2025-06-24,Investment (SIP),1500,0.08,29.754,50.41,57,2026-08-07
Pai,147946,INF194KB1AL4/-,BANDHAN SMALL CAP FUND - DIRECT PLAN GROWTH,2025-07-01,Investment (SIP),1500,0.08,29.167,51.426,57,2026-08-07
Pai,147946,INF194KB1AL4/-,BANDHAN SMALL CAP FUND - DIRECT PLAN GROWTH,2025-07-08,Investment (SIP),1500,0.08,29.203,51.362,57,2026-08-07
Pai,147946,INF194KB1AL4/-,BANDHAN SMALL CAP FUND - DIRECT PLAN GROWTH,2025-07-15,Investment (SIP),1500,0.08,28.639,52.374,57,2026-08-07
Pai,147946,INF194KB1AL4/-,BANDHAN SMALL CAP FUND - DIRECT PLAN GROWTH,2025-07-22,Investment (SIP),1500,0.08,28.58,52.481,57,2026-08-07
Pai,147946,INF194KB1AL4/-,BANDHAN SMALL CAP FUND - DIRECT PLAN GROWTH,2025-07-29,Investment (SIP),1500,0.08,29.174,51.413,57,2026-08-07
Pai,147946,INF194KB1AL4/-,BANDHAN SMALL CAP FUND - DIRECT PLAN GROWTH,2025-08-05,Investment (SIP),1500,0.08,29.707,50.491,57,2026-08-07
Pai,147946,INF194KB1AL4/-,BANDHAN SMALL CAP FUND - DIRECT PLAN GROWTH,2025-08-12,Investment (SIP),1500,0.08,30.153,49.744,57,2026-08-07
Pai,147946,INF194KB1AL4/-,BANDHAN SMALL CAP FUND - DIRECT PLAN GROWTH,2025-08-19,Investment (SIP),1500,0.08,29.648,50.591,57,2026-08-07
Pai,147946,INF194KB1AL4/-,BANDHAN SMALL CAP FUND - DIRECT PLAN GROWTH,2025-08-26,Investment (SIP),1500,0.08,30.027,49.953,57,2026-08-07
Pai,147946,INF194KB1AL4/-,BANDHAN SMALL CAP FUND - DIRECT PLAN GROWTH,2025-09-02,Investment (SIP),1500,0.08,29.943,50.093,57,2026-08-07
Pai,147946,INF194KB1AL4/-,BANDHAN SMALL CAP FUND - DIRECT PLAN GROWTH,2025-09-09,Investment (SIP),2200,0.11,43.527,50.541,57,2026-08-07
Pai,147946,INF194KB1AL4/-,BANDHAN SMALL CAP FUND - DIRECT PLAN GROWTH,2025-09-16,Investment (SIP),2200,0.11,42.293,52.015,57,2026-08-07
Pai,147946,INF194KB1AL4/-,BANDHAN SMALL CAP FUND - DIRECT PLAN GROWTH,2025-09-23,Investment (SIP),2200,0.11,42.353,51.942,57,2026-08-07
Pai,147946,INF194KB1AL4/-,BANDHAN SMALL CAP FUND - DIRECT PLAN GROWTH,2025-09-30,Investment (SIP),2200,0.11,43.717,50.321,57,2026-08-07
Pai,147946,INF194KB1AL4/-,BANDHAN SMALL CAP FUND - DIRECT PLAN GROWTH,2025-10-07,Investment (SIP),2200,0.11,43.141,50.993,57,2026-08-07
Pai,147946,INF194KB1AL4/-,BANDHAN SMALL CAP FUND - DIRECT PLAN GROWTH,2025-10-14,Investment (SIP),2200,0.11,43.395,50.695,57,2026-08-07
Pai,147946,INF194KB1AL4/-,BANDHAN SMALL CAP FUND - DIRECT PLAN GROWTH,2025-10-23,Investment (SIP),2200,0.11,42.102,52.251,57,2026-08-07
Pai,147946,INF194KB1AL4/-,BANDHAN SMALL CAP FUND - DIRECT PLAN GROWTH,2025-10-28,Investment (SIP),2200,0.11,41.782,52.651,57,2026-08-07
Pai,147946,INF194KB1AL4/-,BANDHAN SMALL CAP FUND - DIRECT PLAN GROWTH,2025-11-04,Investment (SIP),2200,0.11,41.767,52.67,57,2026-08-07
Pai,147946,INF194KB1AL4/-,BANDHAN SMALL CAP FUND - DIRECT PLAN GROWTH,2025-11-11,Investment (SIP),2200,0.11,42.339,51.959,57,2026-08-07
Pai,147946,INF194KB1AL4/-,BANDHAN SMALL CAP FUND - DIRECT PLAN GROWTH,2025-11-18,Investment (SIP),2200,0.11,42.121,52.228,57,2026-08-07
Pai,147946,INF194KB1AL4/-,BANDHAN SMALL CAP FUND - DIRECT PLAN GROWTH,2025-11-25,Investment (SIP),2200,0.11,42.896,51.284,57,2026-08-07
Pai,147946,INF194KB1AL4/-,BANDHAN SMALL CAP FUND - DIRECT PLAN GROWTH,2025-12-02,Investment (SIP),2200,0.11,42.691,51.531,57,2026-08-07
Pai,147946,INF194KB1AL4/-,BANDHAN SMALL CAP FUND - DIRECT PLAN GROWTH,2025-12-09,Investment (SIP),2200,0.11,43.695,50.346,57,2026-08-07
Pai,147946,INF194KB1AL4/-,BANDHAN SMALL CAP FUND - DIRECT PLAN GROWTH,2025-12-16,Investment (SIP),2200,0.11,43.553,50.511,57,2026-08-07
Pai,147946,INF194KB1AL4/-,BANDHAN SMALL CAP FUND - DIRECT PLAN GROWTH,2025-12-23,Investment (SIP),2200,0.11,42.946,51.224,57,2026-08-07
Pai,147946,INF194KB1AL4/-,BANDHAN SMALL CAP FUND - DIRECT PLAN GROWTH,2025-12-30,Investment (SIP),2200,0.11,43.677,50.367,57,2026-08-07
Pai,147946,INF194KB1AL4/-,BANDHAN SMALL CAP FUND - DIRECT PLAN GROWTH,2026-01-08,Investment (SIP),2200,0.11,43.075,51.071,57,2026-08-07
Pai,147946,INF194KB1AL4/-,BANDHAN SMALL CAP FUND - DIRECT PLAN GROWTH,2026-01-16,Investment (SIP),2200,0.11,43.776,50.253,57,2026-08-07
Pai,147946,INF194KB1AL4/-,BANDHAN SMALL CAP FUND - DIRECT PLAN GROWTH,2026-01-22,Investment (SIP),2200,0.11,45.233,48.635,57,2026-08-07
Pai,147946,INF194KB1AL4/-,BANDHAN SMALL CAP FUND - DIRECT PLAN GROWTH,2026-01-29,Investment (SIP),2200,0.11,45.338,48.522,57,2026-08-07
Pai,147946,INF194KB1AL4/-,BANDHAN SMALL CAP FUND - DIRECT PLAN GROWTH,2026-02-05,Investment (SIP),2200,0.11,43.808,50.217,57,2026-08-07
Pai,147946,INF194KB1AL4/-,BANDHAN SMALL CAP FUND - DIRECT PLAN GROWTH,2026-02-12,Investment (SIP),2200,0.11,43.139,50.995,57,2026-08-07
Pai,147946,INF194KB1AL4/-,BANDHAN SMALL CAP FUND - DIRECT PLAN GROWTH,2026-02-19,Investment (SIP),2200,0.11,43.981,50.019,57,2026-08-07
Pai,147946,INF194KB1AL4/-,BANDHAN SMALL CAP FUND - DIRECT PLAN GROWTH,2026-02-26,Investment (SIP),2200,0.11,44.295,49.664,57,2026-08-07
Pai,147946,INF194KB1AL4/-,BANDHAN SMALL CAP FUND - DIRECT PLAN GROWTH,2026-03-05,Investment (SIP),2200,0.11,45.975,47.85,57,2026-08-07
Pai,147946,INF194KB1AL4/-,BANDHAN SMALL CAP FUND - DIRECT PLAN GROWTH,2026-03-12,Investment (SIP),2200,0.11,46.346,47.467,57,2026-08-07
Pai,147946,INF194KB1AL4/-,BANDHAN SMALL CAP FUND - DIRECT PLAN GROWTH,2026-03-19,Investment (SIP),2200,0.11,47.471,46.342,57,2026-08-07
Pai,147946,INF194KB1AL4/-,BANDHAN SMALL CAP FUND - DIRECT PLAN GROWTH,2026-03-27,Investment (SIP),2200,0.11,47.918,45.909,57,2026-08-07
Pai,147946,INF194KB1AL4/-,BANDHAN SMALL CAP FUND - DIRECT PLAN GROWTH,2026-03-30,Redemption,-91514.3,0,-2050.47,44.631,57,2026-08-07
Pai,147946,INF194KB1AL4/-,BANDHAN SMALL CAP FUND - DIRECT PLAN GROWTH,2026-04-02,Investment (SIP),2200,0.11,47.408,46.403,57,2026-08-07
Pai,147946,INF194KB1AL4/-,BANDHAN SMALL CAP FUND - DIRECT PLAN GROWTH,2026-04-09,Investment (SIP),2200,0.11,45.107,48.77,57,2026-08-07
Pai,147946,INF194KB1AL4/-,BANDHAN SMALL CAP FUND - DIRECT PLAN GROWTH,2026-04-16,Investment (SIP),2200,0.11,43.285,50.823,57,2026-08-07
Pai,147946,INF194KB1AL4/-,BANDHAN SMALL CAP FUND - DIRECT PLAN GROWTH,2026-04-23,Investment (SIP),2200,0.11,42.279,52.033,57,2026-08-07
Pai,147946,INF194KB1AL4/-,BANDHAN SMALL CAP FUND - DIRECT PLAN GROWTH,2026-04-30,Investment (SIP),2200,0.11,42.175,52.161,57,2026-08-07
Pai,147946,INF194KB1AL4/-,BANDHAN SMALL CAP FUND - DIRECT PLAN GROWTH,2026-05-07,Investment (SIP),2200,0.11,40.612,54.169,57,2026-08-07
Pai,147946,INF194KB1AL4/-,BANDHAN SMALL CAP FUND - DIRECT PLAN GROWTH,2026-05-14,Investment (SIP),2200,0.11,41.91,52.491,57,2026-08-07
Pai,147946,INF194KB1AL4/-,BANDHAN SMALL CAP FUND - DIRECT PLAN GROWTH,2026-05-21,Investment (SIP),2200,0.11,41.752,52.69,57,2026-08-07
Pai,147946,INF194KB1AL4/-,BANDHAN SMALL CAP FUND - DIRECT PLAN GROWTH,2026-05-29,Investment (SIP),2200,0.11,41.616,52.862,57,2026-08-07
Pai,147946,INF194KB1AL4/-,BANDHAN SMALL CAP FUND - DIRECT PLAN GROWTH,2026-06-04,Investment (SIP),2200,0.11,41.63,52.844,57,2026-08-07
Pai,147946,INF194KB1AL4/-,BANDHAN SMALL CAP FUND - DIRECT PLAN GROWTH,2026-06-11,Investment (SIP),2200,0.11,42.61,51.628,57,2026-08-07
Pai,147946,INF194KB1AL4/-,BANDHAN SMALL CAP FUND - DIRECT PLAN GROWTH,2026-06-18,Investment (SIP),2200,0.11,40.44,54.399,57,2026-08-07
Pai,147946,INF194KB1AL4/-,BANDHAN SMALL CAP FUND - DIRECT PLAN GROWTH,2026-06-25,Investment (SIP),2200,0.11,40.315,54.567,57,2026-08-07
Pai,147946,INF194KB1AL4/-,BANDHAN SMALL CAP FUND - DIRECT PLAN GROWTH,2026-07-02,Investment (SIP),2200,0.11,39.722,55.382,57,2026-08-07
Pai,147946,INF194KB1AL4/-,BANDHAN SMALL CAP FUND - DIRECT PLAN GROWTH,2026-07-09,Investment (SIP),2200,0.11,39.865,55.183,57,2026-08-07
Pai,147946,INF194KB1AL4/-,BANDHAN SMALL CAP FUND - DIRECT PLAN GROWTH,2026-07-16,Investment (SIP),2200,0.11,39.495,55.701,57,2026-08-07
Pai,147946,INF194KB1AL4/-,BANDHAN SMALL CAP FUND - DIRECT PLAN GROWTH,2026-07-23,Investment (SIP),2200,0.11,39.956,55.058,57,2026-08-07
Pai,147946,INF194KB1AL4/-,BANDHAN SMALL CAP FUND - DIRECT PLAN GROWTH,2026-07-30,Investment (SIP),2200,0.11,39.523,55.661,57,2026-08-07
Pai,147946,INF194KB1AL4/-,BANDHAN SMALL CAP FUND - DIRECT PLAN GROWTH,2026-08-06,Investment (SIP),2200,0.11,38.597,56.996,57,2026-08-07
Pai,118285,INF760K01EL8/-,CANARA ROBECO ELSS TAX SAVER - DIRECT PLAN - GROWTH OPTION,2020-04-13,Investment,10000,0,165.371,60.47,,
Pai,118285,INF760K01EL8/-,CANARA ROBECO ELSS TAX SAVER - DIRECT PLAN - GROWTH OPTION,2023-05-02,Redemption,-21109.7,0,-165.371,127.65,,
Pai,146130,INF760K01JC6/-,CANARA ROBECO SMALL CAP FUND - DIRECT PLAN - GROWTH OPTION,2022-09-01,Investment,30000,1.5,1135.02,26.43,,
Pai,146130,INF760K01JC6/-,CANARA ROBECO SMALL CAP FUND - DIRECT PLAN - GROWTH OPTION,2022-10-03,Investment,20000,1,772.759,25.88,,
Pai,146130,INF760K01JC6/-,CANARA ROBECO SMALL CAP FUND - DIRECT PLAN - GROWTH OPTION,2022-11-01,Investment,1250,0.06,47.203,26.48,,
Pai,146130,INF760K01JC6/-,CANARA ROBECO SMALL CAP FUND - DIRECT PLAN - GROWTH OPTION,2022-11-07,Investment (SIP),1250,0.06,46.92,26.64,,
Pai,146130,INF760K01JC6/-,CANARA ROBECO SMALL CAP FUND - DIRECT PLAN - GROWTH OPTION,2022-11-14,Investment (SIP),1250,0.06,47.671,26.22,,
Pai,146130,INF760K01JC6/-,CANARA ROBECO SMALL CAP FUND - DIRECT PLAN - GROWTH OPTION,2022-11-21,Investment (SIP),1250,0.06,47.781,26.16,,
Pai,146130,INF760K01JC6/-,CANARA ROBECO SMALL CAP FUND - DIRECT PLAN - GROWTH OPTION,2022-11-28,Investment (SIP),1250,0.06,46.553,26.85,,
Pai,146130,INF760K01JC6/-,CANARA ROBECO SMALL CAP FUND - DIRECT PLAN - GROWTH OPTION,2022-12-05,Investment (SIP),1250,0.06,46.191,27.06,,
Pai,146130,INF760K01JC6/-,CANARA ROBECO SMALL CAP FUND - DIRECT PLAN - GROWTH OPTION,2022-12-13,Investment (SIP),1250,0.06,46.277,27.01,,
Pai,146130,INF760K01JC6/-,CANARA ROBECO SMALL CAP FUND - DIRECT PLAN - GROWTH OPTION,2022-12-19,Investment (SIP),1250,0.06,46.466,26.9,,
Pai,146130,INF760K01JC6/-,CANARA ROBECO SMALL CAP FUND - DIRECT PLAN - GROWTH OPTION,2022-12-26,Investment (SIP),1250,0.06,48.075,26,,
Pai,146130,INF760K01JC6/-,CANARA ROBECO SMALL CAP FUND - DIRECT PLAN - GROWTH OPTION,2023-01-02,Investment (SIP),1250,0.06,46.867,26.67,,
Pai,146130,INF760K01JC6/-,CANARA ROBECO SMALL CAP FUND - DIRECT PLAN - GROWTH OPTION,2023-01-09,Investment (SIP),1250,0.06,47.4,26.37,,
Pai,146130,INF760K01JC6/-,CANARA ROBECO SMALL CAP FUND - DIRECT PLAN - GROWTH OPTION,2023-01-16,Investment (SIP),1250,0.06,47.454,26.34,,
Pai,146130,INF760K01JC6/-,CANARA ROBECO SMALL CAP FUND - DIRECT PLAN - GROWTH OPTION,2023-01-23,Investment (SIP),1250,0.06,48.019,26.03,,
Pai,146130,INF760K01JC6/-,CANARA ROBECO SMALL CAP FUND - DIRECT PLAN - GROWTH OPTION,2023-01-30,Investment (SIP),1250,0.06,49.23,25.39,,
Pai,146130,INF760K01JC6/-,CANARA ROBECO SMALL CAP FUND - DIRECT PLAN - GROWTH OPTION,2023-02-06,Investment (SIP),1250,0.06,48.674,25.68,,
Pai,146130,INF760K01JC6/-,CANARA ROBECO SMALL CAP FUND - DIRECT PLAN - GROWTH OPTION,2023-02-13,Investment (SIP),1250,0.06,48.788,25.62,,
Pai,146130,INF760K01JC6/-,CANARA ROBECO SMALL CAP FUND - DIRECT PLAN - GROWTH OPTION,2023-02-20,Investment (SIP),1250,0.06,48.335,25.86,,
Pai,146130,INF760K01JC6/-,CANARA ROBECO SMALL CAP FUND - DIRECT PLAN - GROWTH OPTION,2023-02-27,Investment (SIP),1250,0.06,49.503,25.25,,
Pai,146130,INF760K01JC6/-,CANARA ROBECO SMALL CAP FUND - DIRECT PLAN - GROWTH OPTION,2023-03-06,Investment (SIP),1250,0.06,48.598,25.72,,
Pai,146130,INF760K01JC6/-,CANARA ROBECO SMALL CAP FUND - DIRECT PLAN - GROWTH OPTION,2023-03-13,Investment (SIP),1250,0.06,49.68,25.16,,
Pai,146130,INF760K01JC6/-,CANARA ROBECO SMALL CAP FUND - DIRECT PLAN - GROWTH OPTION,2023-03-20,Investment (SIP),1250,0.06,50.138,24.93,,
Pai,146130,INF760K01JC6/-,CANARA ROBECO SMALL CAP FUND - DIRECT PLAN - GROWTH OPTION,2023-03-27,Investment (SIP),1250,0.06,50.687,24.66,,
Pai,146130,INF760K01JC6/-,CANARA ROBECO SMALL CAP FUND - DIRECT PLAN - GROWTH OPTION,2023-04-05,Investment (SIP),1250,0.06,48.979,25.52,,
Pai,146130,INF760K01JC6/-,CANARA ROBECO SMALL CAP FUND - DIRECT PLAN - GROWTH OPTION,2024-04-08,Redemption,-112033,0,-3013.26,37.18,,
Pai,119071,INF740K01PX1/-,DSP Midcap Fund - Direct Plan - Growth,2020-10-01,Investment,10000,0.5,151.749,65.895,,
Pai,119071,INF740K01PX1/-,DSP Midcap Fund - Direct Plan - Growth,2020-11-24,Investment,20000,1,276.918,72.22,,
Pai,119071,INF740K01PX1/-,DSP Midcap Fund - Direct Plan - Growth,2020-12-01,Investment,10000,0.5,135.592,73.747,,
Pai,119071,INF740K01PX1/-,DSP Midcap Fund - Direct Plan - Growth,2021-12-08,Redemption,-55559.2,0,-564.259,98.464,,
Pai,118551,INF090I01JR0/-,Franklin U.S. Opportunities Equity Active Fund of Funds - Direct - Growth,2020-05-04,Investment,20000,0,511.898,39.0703,,
Pai,118551,INF090I01JR0/-,Franklin U.S. Opportunities Equity Active Fund of Funds - Direct - Growth,2020-05-26,Investment,5000,0,118.054,42.3535,,
Pai,118551,INF090I01JR0/-,Franklin U.S. Opportunities Equity Active Fund of Funds - Direct - Growth,2020-06-02,Investment,10000,0,229.886,43.4999,,
Pai,118551,INF090I01JR0/-,Franklin U.S. Opportunities Equity Active Fund of Funds - Direct - Growth,2020-07-06,Investment,10000,0.5,215.839,46.3286,,
Pai,118551,INF090I01JR0/-,Franklin U.S. Opportunities Equity Active Fund of Funds - Direct - Growth,2023-07-10,Redemption,-60351.7,0,-1075.68,56.1058,,
Pai,116633,INF090I01EW1/-,Franklin U.S. Opportunities Equity Active Fund of Funds - Growth,2020-04-16,Investment,5000,0,139.669,35.7989,,
Pai,116633,INF090I01EW1/-,Franklin U.S. Opportunities Equity Active Fund of Funds - Growth,2020-05-26,Redemption,-4988.3,50.39,-127.8,39.4264,,
Pai,116633,INF090I01EW1/-,Franklin U.S. Opportunities Equity Active Fund of Funds - Growth,2020-08-10,Redemption,-530.12,5.36,-11.8691,45.1152,,
Pai,118989,INF179K01XQ0/-,HDFC Mid Cap Fund - Growth Option - Direct Plan,2023-11-28,Investment,65000,3.25,434.813,149.482,236.719,2026-08-07
Pai,118989,INF179K01XQ0/-,HDFC Mid Cap Fund - Growth Option - Direct Plan,2023-12-11,Investment (SIP),1000,0.05,6.35,157.484,236.719,2026-08-07
Pai,118989,INF179K01XQ0/-,HDFC Mid Cap Fund - Growth Option - Direct Plan,2023-12-18,Investment (SIP),1000,0.05,6.218,160.805,236.719,2026-08-07
Pai,118989,INF179K01XQ0/-,HDFC Mid Cap Fund - Growth Option - Direct Plan,2023-12-26,Investment (SIP),1000,0.05,6.281,159.199,236.719,2026-08-07
Pai,118989,INF179K01XQ0/-,HDFC Mid Cap Fund - Growth Option - Direct Plan,2024-01-01,Investment (SIP),1000,0.05,6.174,161.96,236.719,2026-08-07
Pai,118989,INF179K01XQ0/-,HDFC Mid Cap Fund - Growth Option - Direct Plan,2024-01-08,Investment (SIP),1000,0.05,6.181,161.787,236.719,2026-08-07
Pai,118989,INF179K01XQ0/-,HDFC Mid Cap Fund - Growth Option - Direct Plan,2024-01-08,Investment,1000,0.05,6.181,161.787,236.719,2026-08-07
Pai,118989,INF179K01XQ0/-,HDFC Mid Cap Fund - Growth Option - Direct Plan,2024-01-15,Investment (SIP),1000,0.05,6.033,165.744,236.719,2026-08-07
Pai,118989,INF179K01XQ0/-,HDFC Mid Cap Fund - Growth Option - Direct Plan,2024-01-23,Investment (SIP),1000,0.05,6.139,162.878,236.719,2026-08-07
Pai,118989,INF179K01XQ0/-,HDFC Mid Cap Fund - Growth Option - Direct Plan,2024-01-29,Investment (SIP),1000,0.05,5.982,167.147,236.719,2026-08-07
Pai,118989,INF179K01XQ0/-,HDFC Mid Cap Fund - Growth Option - Direct Plan,2024-02-05,Investment (SIP),1000,0.05,5.89,169.768,236.719,2026-08-07
Pai,118989,INF179K01XQ0/-,HDFC Mid Cap Fund - Growth Option - Direct Plan,2024-02-12,Investment (SIP),1000,0.05,5.96,167.786,236.719,2026-08-07
Pai,118989,INF179K01XQ0/-,HDFC Mid Cap Fund - Growth Option - Direct Plan,2024-02-19,Investment (SIP),0,0,0,0,236.719,2026-08-07
Pai,118989,INF179K01XQ0/-,HDFC Mid Cap Fund - Growth Option - Direct Plan,2024-02-26,Investment (SIP),0,0,0,0,236.719,2026-08-07
Pai,118989,INF179K01XQ0/-,HDFC Mid Cap Fund - Growth Option - Direct Plan,2024-02-28,Investment,2000,0.1,11.726,170.557,236.719,2026-08-07
Pai,118989,INF179K01XQ0/-,HDFC Mid Cap Fund - Growth Option - Direct Plan,2024-03-05,Investment,1000,0.05,5.78,173.014,236.719,2026-08-07
Pai,118989,INF179K01XQ0/-,HDFC Mid Cap Fund - Growth Option - Direct Plan,2024-03-06,Investment (SIP),1000,0.05,5.802,172.336,236.719,2026-08-07
Pai,118989,INF179K01XQ0/-,HDFC Mid Cap Fund - Growth Option - Direct Plan,2024-03-11,Investment (SIP),0,0,0,0,236.719,2026-08-07
Pai,118989,INF179K01XQ0/-,HDFC Mid Cap Fund - Growth Option - Direct Plan,2024-03-18,Investment (SIP),0,0,0,0,236.719,2026-08-07
Pai,118989,INF179K01XQ0/-,HDFC Mid Cap Fund - Growth Option - Direct Plan,2024-03-20,Investment (SIP),1000,0.05,6.118,163.449,236.719,2026-08-07
Pai,118989,INF179K01XQ0/-,HDFC Mid Cap Fund - Growth Option - Direct Plan,2024-03-27,Investment (SIP),1000,0.05,5.887,169.848,236.719,2026-08-07
Pai,118989,INF179K01XQ0/-,HDFC Mid Cap Fund - Growth Option - Direct Plan,2024-04-03,Investment (SIP),1000,0.05,5.676,176.167,236.719,2026-08-07
Pai,118989,INF179K01XQ0/-,HDFC Mid Cap Fund - Growth Option - Direct Plan,2024-04-10,Investment (SIP),1000,0.05,5.619,177.961,236.719,2026-08-07
Pai,118989,INF179K01XQ0/-,HDFC Mid Cap Fund - Growth Option - Direct Plan,2024-04-18,Investment (SIP),1000,0.05,5.748,173.977,236.719,2026-08-07
Pai,118989,INF179K01XQ0/-,HDFC Mid Cap Fund - Growth Option - Direct Plan,2024-04-24,Investment (SIP),1000,0.05,5.697,175.527,236.719,2026-08-07
Pai,118989,INF179K01XQ0/-,HDFC Mid Cap Fund - Growth Option - Direct Plan,2024-05-02,Investment,1000,0.05,5.55,180.18,236.719,2026-08-07
Pai,118989,INF179K01XQ0/-,HDFC Mid Cap Fund - Growth Option - Direct Plan,2024-05-07,Investment (SIP),1000,0.05,5.694,175.618,236.719,2026-08-07
Pai,118989,INF179K01XQ0/-,HDFC Mid Cap Fund - Growth Option - Direct Plan,2024-05-13,Investment (SIP),1000,0.05,5.692,175.664,236.719,2026-08-07
Pai,118989,INF179K01XQ0/-,HDFC Mid Cap Fund - Growth Option - Direct Plan,2024-05-21,Investment (SIP),1000,0.05,5.416,184.634,236.719,2026-08-07
Pai,118989,INF179K01XQ0/-,HDFC Mid Cap Fund - Growth Option - Direct Plan,2024-05-27,Investment (SIP),1000,0.05,5.348,186.981,236.719,2026-08-07
Pai,118989,INF179K01XQ0/-,HDFC Mid Cap Fund - Growth Option - Direct Plan,2024-06-04,Investment (SIP),1000,0.05,5.699,175.447,236.719,2026-08-07
Pai,118989,INF179K01XQ0/-,HDFC Mid Cap Fund - Growth Option - Direct Plan,2024-06-10,Investment (SIP),1000,0.05,5.284,189.241,236.719,2026-08-07
Pai,118989,INF179K01XQ0/-,HDFC Mid Cap Fund - Growth Option - Direct Plan,2024-06-18,Investment (SIP),1000,0.05,5.079,196.888,236.719,2026-08-07
Pai,118989,INF179K01XQ0/-,HDFC Mid Cap Fund - Growth Option - Direct Plan,2024-06-24,Investment (SIP),1000,0.05,5.101,196.03,236.719,2026-08-07
Pai,118989,INF179K01XQ0/-,HDFC Mid Cap Fund - Growth Option - Direct Plan,2024-07-02,Investment (SIP),1000,0.05,5.052,197.921,236.719,2026-08-07
Pai,118989,INF179K01XQ0/-,HDFC Mid Cap Fund - Growth Option - Direct Plan,2024-07-08,Investment (SIP),1000,0.05,4.985,200.575,236.719,2026-08-07
Pai,118989,INF179K01XQ0/-,HDFC Mid Cap Fund - Growth Option - Direct Plan,2024-07-15,Investment (SIP),1000,0.05,4.921,203.221,236.719,2026-08-07
Pai,118989,INF179K01XQ0/-,HDFC Mid Cap Fund - Growth Option - Direct Plan,2024-07-22,Investment (SIP),1000,0.05,4.965,201.385,236.719,2026-08-07
Pai,118989,INF179K01XQ0/-,HDFC Mid Cap Fund - Growth Option - Direct Plan,2024-07-29,Investment (SIP),1000,0.05,4.834,206.845,236.719,2026-08-07
Pai,118989,INF179K01XQ0/-,HDFC Mid Cap Fund - Growth Option - Direct Plan,2024-08-05,Investment (SIP),1000,0.05,5.023,199.062,236.719,2026-08-07
Pai,118989,INF179K01XQ0/-,HDFC Mid Cap Fund - Growth Option - Direct Plan,2024-08-12,Investment (SIP),1000,0.05,4.971,201.175,236.719,2026-08-07
Pai,118989,INF179K01XQ0/-,HDFC Mid Cap Fund - Growth Option - Direct Plan,2024-08-19,Investment (SIP),1000,0.05,4.938,202.485,236.719,2026-08-07
Pai,118989,INF179K01XQ0/-,HDFC Mid Cap Fund - Growth Option - Direct Plan,2024-08-26,Investment (SIP),1000,0.05,4.84,206.598,236.719,2026-08-07
Pai,118989,INF179K01XQ0/-,HDFC Mid Cap Fund - Growth Option - Direct Plan,2024-09-02,Investment (SIP),1000,0.05,4.813,207.745,236.719,2026-08-07
Pai,118989,INF179K01XQ0/-,HDFC Mid Cap Fund - Growth Option - Direct Plan,2024-09-09,Investment (SIP),1000,0.05,4.821,207.422,236.719,2026-08-07
Pai,118989,INF179K01XQ0/-,HDFC Mid Cap Fund - Growth Option - Direct Plan,2024-09-16,Investment (SIP),1000,0.05,4.719,211.877,236.719,2026-08-07
Pai,118989,INF179K01XQ0/-,HDFC Mid Cap Fund - Growth Option - Direct Plan,2024-09-23,Investment (SIP),1000,0.05,4.683,213.506,236.719,2026-08-07
Pai,118989,INF179K01XQ0/-,HDFC Mid Cap Fund - Growth Option - Direct Plan,2024-09-30,Investment (SIP),1000,0.05,4.691,213.171,236.719,2026-08-07
Pai,118989,INF179K01XQ0/-,HDFC Mid Cap Fund - Growth Option - Direct Plan,2024-10-08,Investment (SIP),1250,0.06,6.014,207.848,236.719,2026-08-07
Pai,118989,INF179K01XQ0/-,HDFC Mid Cap Fund - Growth Option - Direct Plan,2024-10-14,Investment (SIP),1250,0.06,5.938,210.495,236.719,2026-08-07
Pai,118989,INF179K01XQ0/-,HDFC Mid Cap Fund - Growth Option - Direct Plan,2024-10-21,Investment (SIP),1250,0.06,6.053,206.514,236.719,2026-08-07
Pai,118989,INF179K01XQ0/-,HDFC Mid Cap Fund - Growth Option - Direct Plan,2024-10-28,Investment (SIP),1250,0.06,6.173,202.488,236.719,2026-08-07
Pai,118989,INF179K01XQ0/-,HDFC Mid Cap Fund - Growth Option - Direct Plan,2024-11-05,Investment (SIP),1250,0.06,6.133,203.816,236.719,2026-08-07
Pai,118989,INF179K01XQ0/-,HDFC Mid Cap Fund - Growth Option - Direct Plan,2024-11-11,Investment (SIP),1250,0.06,6.132,203.85,236.719,2026-08-07
Pai,118989,INF179K01XQ0/-,HDFC Mid Cap Fund - Growth Option - Direct Plan,2024-11-18,Investment (SIP),1250,0.06,6.3,198.401,236.719,2026-08-07
Pai,118989,INF179K01XQ0/-,HDFC Mid Cap Fund - Growth Option - Direct Plan,2024-11-25,Investment (SIP),1250,0.06,6.123,204.124,236.719,2026-08-07
Pai,118989,INF179K01XQ0/-,HDFC Mid Cap Fund - Growth Option - Direct Plan,2024-12-02,Investment (SIP),1250,0.06,6.047,206.72,236.719,2026-08-07
Pai,118989,INF179K01XQ0/-,HDFC Mid Cap Fund - Growth Option - Direct Plan,2024-12-09,Investment (SIP),1250,0.06,5.88,212.574,236.719,2026-08-07
Pai,118989,INF179K01XQ0/-,HDFC Mid Cap Fund - Growth Option - Direct Plan,2024-12-10,Investment,43000,2.15,201.612,213.27,236.719,2026-08-07
Pai,118989,INF179K01XQ0/-,HDFC Mid Cap Fund - Growth Option - Direct Plan,2024-12-16,Investment (SIP),1250,0.06,5.837,214.126,236.719,2026-08-07
Pai,151130,INF917K01QA1/-,HSBC Small Cap Fund - Direct Growth,2022-01-03,Investment,45000,2.25,885.399,50.822,99.9078,2026-08-07
Pai,151130,INF917K01QA1/-,HSBC Small Cap Fund - Direct Growth,2022-02-01,Investment,15000,0.75,299.273,50.119,99.9078,2026-08-07
Pai,151130,INF917K01QA1/-,HSBC Small Cap Fund - Direct Growth,2022-03-02,Investment,20000,1,437.615,45.7,99.9078,2026-08-07
Pai,151130,INF917K01QA1/-,HSBC Small Cap Fund - Direct Growth,2022-05-02,Investment,40000,2,828.322,48.288,99.9078,2026-08-07
Pai,151130,INF917K01QA1/-,HSBC Small Cap Fund - Direct Growth,2022-08-01,Investment,10000,0.5,206.486,48.427,99.9078,2026-08-07
Pai,151130,INF917K01QA1/-,HSBC Small Cap Fund - Direct Growth,2023-04-03,Investment,81000,4.05,1573.83,51.4643,99.9078,2026-08-07
Pai,151130,INF917K01QA1/-,HSBC Small Cap Fund - Direct Growth,2023-04-10,Investment (SIP),2500,0.13,48.065,52.0099,99.9078,2026-08-07
Pai,151130,INF917K01QA1/-,HSBC Small Cap Fund - Direct Growth,2023-04-17,Investment (SIP),2500,0.13,47.238,52.9206,99.9078,2026-08-07
Pai,151130,INF917K01QA1/-,HSBC Small Cap Fund - Direct Growth,2023-04-25,Investment (SIP),2500,0.13,47.135,53.0362,99.9078,2026-08-07
Pai,151130,INF917K01QA1/-,HSBC Small Cap Fund - Direct Growth,2023-05-02,Investment (SIP),1250,0.06,22.939,54.4899,99.9078,2026-08-07
Pai,151130,INF917K01QA1/-,HSBC Small Cap Fund - Direct Growth,2023-05-08,Investment (SIP),1250,0.06,22.721,55.0126,99.9078,2026-08-07
Pai,151130,INF917K01QA1/-,HSBC Small Cap Fund - Direct Growth,2023-05-15,Investment (SIP),1250,0.06,22.597,55.3146,99.9078,2026-08-07
Pai,151130,INF917K01QA1/-,HSBC Small Cap Fund - Direct Growth,2023-05-22,Investment (SIP),1250,0.06,22.335,55.9629,99.9078,2026-08-07
Pai,151130,INF917K01QA1/-,HSBC Small Cap Fund - Direct Growth,2023-05-29,Investment (SIP),1250,0.06,22.289,56.0788,99.9078,2026-08-07
Pai,151130,INF917K01QA1/-,HSBC Small Cap Fund - Direct Growth,2023-06-07,Investment (SIP),1250,0.06,21.674,57.6709,99.9078,2026-08-07
Pai,151130,INF917K01QA1/-,HSBC Small Cap Fund - Direct Growth,2023-06-12,Investment (SIP),1250,0.06,21.622,57.8092,99.9078,2026-08-07
Pai,151130,INF917K01QA1/-,HSBC Small Cap Fund - Direct Growth,2023-06-19,Investment (SIP),1250,0.06,21.18,59.0146,99.9078,2026-08-07
Pai,151130,INF917K01QA1/-,HSBC Small Cap Fund - Direct Growth,2023-06-26,Investment (SIP),1250,0.06,21.137,59.1362,99.9078,2026-08-07
Pai,151130,INF917K01QA1/-,HSBC Small Cap Fund - Direct Growth,2023-07-03,Investment (SIP),1250,0.06,20.983,59.57,99.9078,2026-08-07
Pai,151130,INF917K01QA1/-,HSBC Small Cap Fund - Direct Growth,2023-07-10,Investment (SIP),1250,0.06,21.02,59.4632,99.9078,2026-08-07
Pai,151130,INF917K01QA1/-,HSBC Small Cap Fund - Direct Growth,2023-07-17,Investment (SIP),1250,0.06,20.404,61.2599,99.9078,2026-08-07
Pai,151130,INF917K01QA1/-,HSBC Small Cap Fund - Direct Growth,2023-07-24,Investment (SIP),1250,0.06,20.165,61.9847,99.9078,2026-08-07
Pai,151130,INF917K01QA1/-,HSBC Small Cap Fund - Direct Growth,2023-07-31,Investment (SIP),1250,0.06,19.806,63.1093,99.9078,2026-08-07
Pai,151130,INF917K01QA1/-,HSBC Small Cap Fund - Direct Growth,2023-08-07,Investment (SIP),1250,0.06,19.876,62.8865,99.9078,2026-08-07
Pai,151130,INF917K01QA1/-,HSBC Small Cap Fund - Direct Growth,2023-08-14,Investment (SIP),1250,0.06,19.911,62.7752,99.9078,2026-08-07
Pai,151130,INF917K01QA1/-,HSBC Small Cap Fund - Direct Growth,2023-08-22,Investment (SIP),1250,0.06,19.259,64.9015,99.9078,2026-08-07
Pai,151130,INF917K01QA1/-,HSBC Small Cap Fund - Direct Growth,2023-08-28,Investment (SIP),1250,0.06,19.089,65.4785,99.9078,2026-08-07
Pai,151130,INF917K01QA1/-,HSBC Small Cap Fund - Direct Growth,2023-09-04,Investment (SIP),1250,0.06,18.376,68.0201,99.9078,2026-08-07
Pai,151130,INF917K01QA1/-,HSBC Small Cap Fund - Direct Growth,2023-09-11,Investment (SIP),1250,0.06,17.961,69.5916,99.9078,2026-08-07
Pai,151130,INF917K01QA1/-,HSBC Small Cap Fund - Direct Growth,2023-09-18,Investment (SIP),1250,0.06,18.422,67.852,99.9078,2026-08-07
Pai,151130,INF917K01QA1/-,HSBC Small Cap Fund - Direct Growth,2023-09-25,Investment (SIP),1250,0.06,18.658,66.9911,99.9078,2026-08-07
Pai,151130,INF917K01QA1/-,HSBC Small Cap Fund - Direct Growth,2023-10-03,Investment (SIP),1250,0.06,18.398,67.9386,99.9078,2026-08-07
Pai,151130,INF917K01QA1/-,HSBC Small Cap Fund - Direct Growth,2023-10-09,Investment (SIP),1250,0.06,18.722,66.7638,99.9078,2026-08-07
Pai,151130,INF917K01QA1/-,HSBC Small Cap Fund - Direct Growth,2023-10-16,Investment (SIP),1250,0.06,18.137,68.9164,99.9078,2026-08-07
Pai,151130,INF917K01QA1/-,HSBC Small Cap Fund - Direct Growth,2023-10-23,Investment (SIP),1250,0.06,18.877,66.2156,99.9078,2026-08-07
Pai,151130,INF917K01QA1/-,HSBC Small Cap Fund - Direct Growth,2023-10-30,Investment (SIP),1250,0.06,18.704,66.8282,99.9078,2026-08-07
Pai,151130,INF917K01QA1/-,HSBC Small Cap Fund - Direct Growth,2023-11-06,Investment (SIP),1250,0.06,18.346,68.1321,99.9078,2026-08-07
Pai,151130,INF917K01QA1/-,HSBC Small Cap Fund - Direct Growth,2023-11-13,Investment (SIP),1250,0.06,17.89,69.8696,99.9078,2026-08-07
Pai,151130,INF917K01QA1/-,HSBC Small Cap Fund - Direct Growth,2023-11-20,Investment (SIP),1000,0.05,13.89,71.9903,99.9078,2026-08-07
Pai,151130,INF917K01QA1/-,HSBC Small Cap Fund - Direct Growth,2023-11-28,Investment (SIP),1000,0.05,13.951,71.6742,99.9078,2026-08-07
Pai,151130,INF917K01QA1/-,HSBC Small Cap Fund - Direct Growth,2023-12-04,Investment (SIP),1000,0.05,13.459,74.2955,99.9078,2026-08-07
Pai,151130,INF917K01QA1/-,HSBC Small Cap Fund - Direct Growth,2023-12-11,Investment (SIP),1000,0.05,13.43,74.4539,99.9078,2026-08-07
Pai,151130,INF917K01QA1/-,HSBC Small Cap Fund - Direct Growth,2023-12-18,Investment (SIP),1000,0.05,13.292,75.2272,99.9078,2026-08-07
Pai,151130,INF917K01QA1/-,HSBC Small Cap Fund - Direct Growth,2023-12-26,Investment (SIP),1000,0.05,13.398,74.6354,99.9078,2026-08-07
Pai,151130,INF917K01QA1/-,HSBC Small Cap Fund - Direct Growth,2024-01-01,Investment (SIP),1000,0.05,13.276,75.3208,99.9078,2026-08-07
Pai,151130,INF917K01QA1/-,HSBC Small Cap Fund - Direct Growth,2024-01-08,Investment (SIP),1000,0.05,13.153,76.0255,99.9078,2026-08-07
Pai,151130,INF917K01QA1/-,HSBC Small Cap Fund - Direct Growth,2024-01-15,Investment (SIP),1000,0.05,12.987,76.9984,99.9078,2026-08-07
Pai,151130,INF917K01QA1/-,HSBC Small Cap Fund - Direct Growth,2024-01-23,Investment (SIP),1000,0.05,13.218,75.6523,99.9078,2026-08-07
Pai,151130,INF917K01QA1/-,HSBC Small Cap Fund - Direct Growth,2024-01-29,Investment (SIP),1000,0.05,12.818,78.0087,99.9078,2026-08-07
Pai,151130,INF917K01QA1/-,HSBC Small Cap Fund - Direct Growth,2024-02-07,Investment (SIP),1000,0.05,12.493,80.0381,99.9078,2026-08-07
Pai,151130,INF917K01QA1/-,HSBC Small Cap Fund - Direct Growth,2024-02-12,Investment (SIP),1000,0.05,13.017,76.82,99.9078,2026-08-07
Pai,151130,INF917K01QA1/-,HSBC Small Cap Fund - Direct Growth,2024-02-19,Investment (SIP),0,0,0,0,99.9078,2026-08-07
Pai,151130,INF917K01QA1/-,HSBC Small Cap Fund - Direct Growth,2024-02-26,Investment (SIP),0,0,0,0,99.9078,2026-08-07
Pai,151130,INF917K01QA1/-,HSBC Small Cap Fund - Direct Growth,2024-02-28,Investment,2000,0.1,25.556,78.2555,99.9078,2026-08-07
Pai,151130,INF917K01QA1/-,HSBC Small Cap Fund - Direct Growth,2024-03-05,Investment,1000,0.05,12.793,78.162,99.9078,2026-08-07
Pai,151130,INF917K01QA1/-,HSBC Small Cap Fund - Direct Growth,2024-03-06,Investment (SIP),1000,0.05,13.004,76.8963,99.9078,2026-08-07
Pai,151130,INF917K01QA1/-,HSBC Small Cap Fund - Direct Growth,2024-03-11,Investment (SIP),0,0,0,0,99.9078,2026-08-07
Pai,151130,INF917K01QA1/-,HSBC Small Cap Fund - Direct Growth,2024-03-18,Investment (SIP),0,0,0,0,99.9078,2026-08-07
Pai,151130,INF917K01QA1/-,HSBC Small Cap Fund - Direct Growth,2024-03-20,Investment (SIP),1000,0.05,13.79,72.5129,99.9078,2026-08-07
Pai,151130,INF917K01QA1/-,HSBC Small Cap Fund - Direct Growth,2024-03-27,Investment (SIP),1000,0.05,13.191,75.8052,99.9078,2026-08-07
Pai,151130,INF917K01QA1/-,HSBC Small Cap Fund - Direct Growth,2024-04-03,Investment (SIP),1000,0.05,12.594,79.402,99.9078,2026-08-07
Pai,151130,INF917K01QA1/-,HSBC Small Cap Fund - Direct Growth,2024-04-10,Investment (SIP),1000,0.05,12.483,80.1028,99.9078,2026-08-07
Pai,151130,INF917K01QA1/-,HSBC Small Cap Fund - Direct Growth,2024-04-18,Investment (SIP),1000,0.05,12.61,79.2962,99.9078,2026-08-07
Pai,151130,INF917K01QA1/-,HSBC Small Cap Fund - Direct Growth,2024-04-24,Investment (SIP),1000,0.05,12.291,81.3546,99.9078,2026-08-07
Pai,151130,INF917K01QA1/-,HSBC Small Cap Fund - Direct Growth,2024-05-02,Investment,1000,0.05,11.949,83.6865,99.9078,2026-08-07
Pai,151130,INF917K01QA1/-,HSBC Small Cap Fund - Direct Growth,2024-05-07,Investment (SIP),1000,0.05,12.192,82.0141,99.9078,2026-08-07
Pai,151130,INF917K01QA1/-,HSBC Small Cap Fund - Direct Growth,2024-05-13,Investment (SIP),1000,0.05,12.421,80.5056,99.9078,2026-08-07
Pai,151130,INF917K01QA1/-,HSBC Small Cap Fund - Direct Growth,2024-05-21,Investment (SIP),1000,0.05,11.792,84.7961,99.9078,2026-08-07
Pai,151130,INF917K01QA1/-,HSBC Small Cap Fund - Direct Growth,2024-05-27,Investment (SIP),1000,0.05,11.704,85.4379,99.9078,2026-08-07
Pai,151130,INF917K01QA1/-,HSBC Small Cap Fund - Direct Growth,2024-06-04,Investment (SIP),1000,0.05,12.318,81.1791,99.9078,2026-08-07
Pai,151130,INF917K01QA1/-,HSBC Small Cap Fund - Direct Growth,2024-06-10,Investment (SIP),1000,0.05,11.266,88.7571,99.9078,2026-08-07
Pai,151130,INF917K01QA1/-,HSBC Small Cap Fund - Direct Growth,2024-06-18,Investment (SIP),1000,0.05,10.825,92.3781,99.9078,2026-08-07
Pai,151130,INF917K01QA1/-,HSBC Small Cap Fund - Direct Growth,2024-06-24,Investment (SIP),1000,0.05,10.769,92.8571,99.9078,2026-08-07
Pai,151130,INF917K01QA1/-,HSBC Small Cap Fund - Direct Growth,2024-07-02,Investment (SIP),1000,0.05,10.577,94.5391,99.9078,2026-08-07
Pai,151130,INF917K01QA1/-,HSBC Small Cap Fund - Direct Growth,2024-07-08,Investment (SIP),1000,0.05,10.578,94.5284,99.9078,2026-08-07
Pai,151130,INF917K01QA1/-,HSBC Small Cap Fund - Direct Growth,2024-07-15,Investment (SIP),1000,0.05,10.558,94.7082,99.9078,2026-08-07
Pai,151130,INF917K01QA1/-,HSBC Small Cap Fund - Direct Growth,2024-07-22,Investment (SIP),1000,0.05,10.821,92.4103,99.9078,2026-08-07
Pai,151130,INF917K01QA1/-,HSBC Small Cap Fund - Direct Growth,2024-07-29,Investment (SIP),1000,0.05,10.451,95.6775,99.9078,2026-08-07
Pai,151130,INF917K01QA1/-,HSBC Small Cap Fund - Direct Growth,2024-08-06,Investment (SIP),1000,0.05,11.04,90.578,99.9078,2026-08-07
Pai,151130,INF917K01QA1/-,HSBC Small Cap Fund - Direct Growth,2024-08-12,Investment (SIP),1000,0.05,10.778,92.779,99.9078,2026-08-07
Pai,151130,INF917K01QA1/-,HSBC Small Cap Fund - Direct Growth,2024-08-19,Investment (SIP),1000,0.05,10.625,94.1114,99.9078,2026-08-07
Pai,151130,INF917K01QA1/-,HSBC Small Cap Fund - Direct Growth,2024-08-26,Investment (SIP),1000,0.05,10.428,95.8905,99.9078,2026-08-07
Pai,151130,INF917K01QA1/-,HSBC Small Cap Fund - Direct Growth,2024-09-02,Investment (SIP),1000,0.05,10.381,96.3259,99.9078,2026-08-07
Pai,151130,INF917K01QA1/-,HSBC Small Cap Fund - Direct Growth,2024-09-09,Investment (SIP),1000,0.05,10.4,96.1456,99.9078,2026-08-07
Pai,151130,INF917K01QA1/-,HSBC Small Cap Fund - Direct Growth,2024-09-16,Investment (SIP),1000,0.05,10.104,98.9639,99.9078,2026-08-07
Pai,151130,INF917K01QA1/-,HSBC Small Cap Fund - Direct Growth,2024-09-23,Investment (SIP),1000,0.05,10.079,99.2093,99.9078,2026-08-07
Pai,151130,INF917K01QA1/-,HSBC Small Cap Fund - Direct Growth,2024-09-30,Investment (SIP),1000,0.05,10.142,98.5934,99.9078,2026-08-07
Pai,151130,INF917K01QA1/-,HSBC Small Cap Fund - Direct Growth,2024-10-08,Investment (SIP),1250,0.06,13.002,96.1318,99.9078,2026-08-07
Pai,151130,INF917K01QA1/-,HSBC Small Cap Fund - Direct Growth,2024-10-14,Investment (SIP),1250,0.06,12.588,99.2979,99.9078,2026-08-07
Pai,151130,INF917K01QA1/-,HSBC Small Cap Fund - Direct Growth,2024-10-21,Investment (SIP),1250,0.06,12.778,97.8214,99.9078,2026-08-07
Pai,151130,INF917K01QA1/-,HSBC Small Cap Fund - Direct Growth,2024-10-28,Investment (SIP),1250,0.06,13.449,92.938,99.9078,2026-08-07
Pai,151130,INF917K01QA1/-,HSBC Small Cap Fund - Direct Growth,2024-11-05,Investment (SIP),1250,0.06,13.022,95.9859,99.9078,2026-08-07
Pai,151130,INF917K01QA1/-,HSBC Small Cap Fund - Direct Growth,2024-11-11,Investment (SIP),1250,0.06,13.267,94.2125,99.9078,2026-08-07
Pai,151130,INF917K01QA1/-,HSBC Small Cap Fund - Direct Growth,2024-11-18,Investment (SIP),1250,0.06,13.682,91.3592,99.9078,2026-08-07
Pai,151130,INF917K01QA1/-,HSBC Small Cap Fund - Direct Growth,2024-11-25,Investment (SIP),1250,0.06,13.176,94.8632,99.9078,2026-08-07
Pai,151130,INF917K01QA1/-,HSBC Small Cap Fund - Direct Growth,2024-12-02,Investment (SIP),1250,0.06,12.787,97.7481,99.9078,2026-08-07
Pai,151130,INF917K01QA1/-,HSBC Small Cap Fund - Direct Growth,2024-12-09,Investment (SIP),1250,0.06,12.365,101.089,99.9078,2026-08-07
Pai,151130,INF917K01QA1/-,HSBC Small Cap Fund - Direct Growth,2024-12-16,Investment (SIP),1250,0.06,12.333,101.35,99.9078,2026-08-07
Pai,151130,INF917K01QA1/-,HSBC Small Cap Fund - Direct Growth,2024-12-23,Investment (SIP),1400,0.07,14.29,97.9634,99.9078,2026-08-07
Pai,151130,INF917K01QA1/-,HSBC Small Cap Fund - Direct Growth,2024-12-30,Investment (SIP),1400,0.07,14.382,97.3379,99.9078,2026-08-07
Pai,151130,INF917K01QA1/-,HSBC Small Cap Fund - Direct Growth,2025-01-07,Investment (SIP),1400,0.07,14.312,97.8137,99.9078,2026-08-07
Pai,151130,INF917K01QA1/-,HSBC Small Cap Fund - Direct Growth,2025-01-13,Investment (SIP),1400,0.07,15.777,88.7315,99.9078,2026-08-07
Pai,151130,INF917K01QA1/-,HSBC Small Cap Fund - Direct Growth,2025-01-20,Investment (SIP),1400,0.07,15.236,91.8823,99.9078,2026-08-07
Pai,151130,INF917K01QA1/-,HSBC Small Cap Fund - Direct Growth,2025-01-27,Investment (SIP),1400,0.07,16.679,83.9337,99.9078,2026-08-07
Pai,151130,INF917K01QA1/-,HSBC Small Cap Fund - Direct Growth,2025-02-03,Investment (SIP),1400,0.07,16.409,85.3163,99.9078,2026-08-07
Pai,151130,INF917K01QA1/-,HSBC Small Cap Fund - Direct Growth,2025-02-10,Investment (SIP),1400,0.07,16.463,85.0333,99.9078,2026-08-07
Pai,151130,INF917K01QA1/-,HSBC Small Cap Fund - Direct Growth,2025-02-17,Investment (SIP),1400,0.07,17.968,77.9129,99.9078,2026-08-07
Pai,151130,INF917K01QA1/-,HSBC Small Cap Fund - Direct Growth,2025-02-24,Investment (SIP),1400,0.07,17.883,78.2849,99.9078,2026-08-07
Pai,151130,INF917K01QA1/-,HSBC Small Cap Fund - Direct Growth,2025-03-03,Investment (SIP),1400,0.07,18.907,74.0448,99.9078,2026-08-07
Pai,151130,INF917K01QA1/-,HSBC Small Cap Fund - Direct Growth,2025-03-10,Investment (SIP),1400,0.07,18.36,76.2509,99.9078,2026-08-07
Pai,151130,INF917K01QA1/-,HSBC Small Cap Fund - Direct Growth,2025-03-17,Investment (SIP),1400,0.07,18.468,75.8044,99.9078,2026-08-07
Pai,151130,INF917K01QA1/-,HSBC Small Cap Fund - Direct Growth,2025-03-24,Investment (SIP),1400,0.07,17.002,82.3388,99.9078,2026-08-07
Pai,151130,INF917K01QA1/-,HSBC Small Cap Fund - Direct Growth,2025-04-01,Investment (SIP),1400,0.07,17.508,79.9596,99.9078,2026-08-07
Pai,151130,INF917K01QA1/-,HSBC Small Cap Fund - Direct Growth,2025-04-08,Investment (SIP),1400,0.07,18.223,76.8213,99.9078,2026-08-07
Pai,151130,INF917K01QA1/-,HSBC Small Cap Fund - Direct Growth,2025-04-15,Investment (SIP),1400,0.07,17.413,80.3976,99.9078,2026-08-07
Pai,151130,INF917K01QA1/-,HSBC Small Cap Fund - Direct Growth,2025-04-22,Investment (SIP),1400,0.07,16.707,83.7926,99.9078,2026-08-07
Pai,151130,INF917K01QA1/-,HSBC Small Cap Fund - Direct Growth,2025-04-29,Investment (SIP),1400,0.07,16.964,82.5245,99.9078,2026-08-07
Pai,151130,INF917K01QA1/-,HSBC Small Cap Fund - Direct Growth,2025-05-06,Investment (SIP),1400,0.07,17.456,80.1963,99.9078,2026-08-07
Pai,151130,INF917K01QA1/-,HSBC Small Cap Fund - Direct Growth,2025-05-13,Investment (SIP),1400,0.07,16.637,84.1475,99.9078,2026-08-07
Pai,151130,INF917K01QA1/-,HSBC Small Cap Fund - Direct Growth,2025-05-20,Investment (SIP),1400,0.07,16.133,86.7746,99.9078,2026-08-07
Pai,151130,INF917K01QA1/-,HSBC Small Cap Fund - Direct Growth,2025-05-27,Investment (SIP),1400,0.07,15.945,87.7947,99.9078,2026-08-07
Pai,151130,INF917K01QA1/-,HSBC Small Cap Fund - Direct Growth,2025-06-03,Investment (SIP),1400,0.07,15.69,89.2261,99.9078,2026-08-07
Pai,151130,INF917K01QA1/-,HSBC Small Cap Fund - Direct Growth,2025-06-10,Investment (SIP),1400,0.07,15.111,92.6402,99.9078,2026-08-07
Pai,151130,INF917K01QA1/-,HSBC Small Cap Fund - Direct Growth,2025-06-17,Investment (SIP),1400,0.07,15.412,90.8311,99.9078,2026-08-07
Pai,151130,INF917K01QA1/-,HSBC Small Cap Fund - Direct Growth,2025-06-24,Investment (SIP),1400,0.07,15.309,91.4422,99.9078,2026-08-07
Pai,151130,INF917K01QA1/-,HSBC Small Cap Fund - Direct Growth,2025-07-01,Investment (SIP),1400,0.07,15.05,93.0175,99.9078,2026-08-07
Pai,151130,INF917K01QA1/-,HSBC Small Cap Fund - Direct Growth,2025-07-08,Investment (SIP),1400,0.07,15.052,93.0079,99.9078,2026-08-07
Pai,151130,INF917K01QA1/-,HSBC Small Cap Fund - Direct Growth,2025-07-15,Investment (SIP),1400,0.07,14.839,94.3401,99.9078,2026-08-07
Pai,151130,INF917K01QA1/-,HSBC Small Cap Fund - Direct Growth,2025-07-22,Investment (SIP),1400,0.07,14.871,94.137,99.9078,2026-08-07
Pai,151130,INF917K01QA1/-,HSBC Small Cap Fund - Direct Growth,2025-07-29,Investment (SIP),1400,0.07,15.331,91.315,99.9078,2026-08-07
Pai,151130,INF917K01QA1/-,HSBC Small Cap Fund - Direct Growth,2025-08-05,Investment (SIP),1400,0.07,15.558,89.9808,99.9078,2026-08-07
Pai,151130,INF917K01QA1/-,HSBC Small Cap Fund - Direct Growth,2025-08-12,Investment (SIP),1400,0.07,16.032,87.3217,99.9078,2026-08-07
Pai,151130,INF917K01QA1/-,HSBC Small Cap Fund - Direct Growth,2025-08-19,Investment (SIP),1400,0.07,15.626,89.5894,99.9078,2026-08-07
Pai,151130,INF917K01QA1/-,HSBC Small Cap Fund - Direct Growth,2025-08-26,Investment (SIP),1400,0.07,15.84,88.377,99.9078,2026-08-07
Pai,151130,INF917K01QA1/-,HSBC Small Cap Fund - Direct Growth,2025-09-02,Investment (SIP),1400,0.07,15.735,88.9687,99.9078,2026-08-07
Pai,151130,INF917K01QA1/-,HSBC Small Cap Fund - Direct Growth,2026-04-02,Redemption,-206630,0,-2657.09,77.7655,99.9078,2026-08-07
Pai,131061,INF109KA1O37/-,ICICI Prudential Constant Maturity Gilt Fund - Direct Plan - Growth,2020-04-13,Investment,10000,0,568.692,17.5842,,
Pai,131061,INF109KA1O37/-,ICICI Prudential Constant Maturity Gilt Fund - Direct Plan - Growth,2021-02-08,Redemption,-10930.8,0,-568.692,19.2209,,
Pai,120594,INF109K01Z48/-,ICICI Prudential Technology Fund - Direct Plan -  Growth,2020-11-24,Investment,20000,1,212.755,94,,
Pai,120594,INF109K01Z48/-,ICICI Prudential Technology Fund - Direct Plan -  Growth,2021-01-01,Investment,5000,0.25,47.1052,106.14,,
Pai,120594,INF109K01Z48/-,ICICI Prudential Technology Fund - Direct Plan -  Growth,2021-04-05,Investment,10000,0.5,83.9377,119.13,,
Pai,120594,INF109K01Z48/-,ICICI Prudential Technology Fund - Direct Plan -  Growth,2021-09-01,Investment,10000,0.5,61.855,161.66,,
Pai,120594,INF109K01Z48/-,ICICI Prudential Technology Fund - Direct Plan -  Growth,2021-11-01,Investment,5000,0.25,28.94,172.76,,
Pai,120594,INF109K01Z48/-,ICICI Prudential Technology Fund - Direct Plan -  Growth,2021-12-01,Investment,10000,0.5,57.366,174.31,,
Pai,120594,INF109K01Z48/-,ICICI Prudential Technology Fund - Direct Plan -  Growth,2022-01-03,Investment,50000,2.5,265.14,188.57,,
Pai,120594,INF109K01Z48/-,ICICI Prudential Technology Fund - Direct Plan -  Growth,2022-04-01,Investment,30000,1.5,170.669,175.77,,
Pai,120594,INF109K01Z48/-,ICICI Prudential Technology Fund - Direct Plan -  Growth,2023-07-03,Redemption,-141457,0,-927.768,152.47,,
Pai,120186,INF109K01Z71/-,ICICI Prudential US Bluechip Equity Fund - Direct Plan -  Growth,2020-05-26,Investment,10000,0,291.121,34.35,,
Pai,120186,INF109K01Z71/-,ICICI Prudential US Bluechip Equity Fund - Direct Plan -  Growth,2020-06-02,Investment,16000,0,454.675,35.19,,
Pai,120186,INF109K01Z71/-,ICICI Prudential US Bluechip Equity Fund - Direct Plan -  Growth,2020-07-01,Investment,4000,0.2,113.566,35.22,,
Pai,120186,INF109K01Z71/-,ICICI Prudential US Bluechip Equity Fund - Direct Plan -  Growth,2023-07-10,Redemption,-49413.3,0,-859.362,57.5,,
Pai,120416,INF205K01NT8/-,Invesco India ELSS Tax Saver Fund - Direct Plan - Growth,2020-04-13,Investment,10000,0,211.104,47.37,,
Pai,120416,INF205K01NT8/-,Invesco India ELSS Tax Saver Fund - Direct Plan - Growth,2023-05-02,Redemption,-19028.9,0,-211.104,90.14,,
Pai,120392,INF205K01LB0/-,Invesco India Largecap Fund - Direct Plan - Growth,2021-12-08,Investment,50000,2.5,969.507,51.57,,
Pai,120392,INF205K01LB0/-,Invesco India Largecap Fund - Direct Plan - Growth,2022-02-01,Investment,10000,0.5,191.488,52.22,,
Pai,120392,INF205K01LB0/-,Invesco India Largecap Fund - Direct Plan - Growth,2022-05-02,Investment,40000,2,825.211,48.47,,
Pai,120392,INF205K01LB0/-,Invesco India Largecap Fund - Direct Plan - Growth,2022-06-01,Investment,10000,0.5,213.345,46.87,,
Pai,120392,INF205K01LB0/-,Invesco India Largecap Fund - Direct Plan - Growth,2022-08-01,Investment,10000,0.5,201.44,49.64,,
Pai,120392,INF205K01LB0/-,Invesco India Largecap Fund - Direct Plan - Growth,2023-08-14,Redemption,-137241,0,-2400.99,57.16,,
Pai,135781,INF769K01DM9/-,Mirae Asset ELSS Tax Saver Fund - Direct Plan - Growth,2020-03-30,Investment,17000,0,1208.5,14.067,,
Pai,135781,INF769K01DM9/-,Mirae Asset ELSS Tax Saver Fund - Direct Plan - Growth,2023-03-31,Redemption,-40374.8,0,-1208.5,33.409,,
Pai,118834,INF769K01BI1/-,Mirae Asset Large & Midcap Fund - Direct Plan - Growth,2020-05-04,Investment (SIP),20000,0,403.527,49.563,,
Pai,118834,INF769K01BI1/-,Mirae Asset Large & Midcap Fund - Direct Plan - Growth,2020-06-01,Investment (SIP),5000,0,96.5922,51.764,,
Pai,118834,INF769K01BI1/-,Mirae Asset Large & Midcap Fund - Direct Plan - Growth,2020-08-03,Investment (SIP),10000,0.5,171.113,58.438,,
Pai,118834,INF769K01BI1/-,Mirae Asset Large & Midcap Fund - Direct Plan - Growth,2020-09-01,Investment (SIP),10000,0.5,159.497,62.694,,
Pai,118834,INF769K01BI1/-,Mirae Asset Large & Midcap Fund - Direct Plan - Growth,2020-10-01,Investment (SIP),10000,0.5,159.068,62.863,,
Pai,118834,INF769K01BI1/-,Mirae Asset Large & Midcap Fund - Direct Plan - Growth,2020-11-02,Investment (SIP),10000,0.5,154.925,64.544,,
Pai,118834,INF769K01BI1/-,Mirae Asset Large & Midcap Fund - Direct Plan - Growth,2020-12-01,Investment (SIP),10000,0.5,138.636,72.128,,
Pai,118834,INF769K01BI1/-,Mirae Asset Large & Midcap Fund - Direct Plan - Growth,2021-01-01,Investment (SIP),10000,0.5,130.677,76.521,,
Pai,118834,INF769K01BI1/-,Mirae Asset Large & Midcap Fund - Direct Plan - Growth,2021-02-10,Investment (SIP),10000,0.5,117.841,84.856,,
Pai,118834,INF769K01BI1/-,Mirae Asset Large & Midcap Fund - Direct Plan - Growth,2021-03-02,Investment (SIP),10000,0.5,116.81,85.605,,
Pai,118834,INF769K01BI1/-,Mirae Asset Large & Midcap Fund - Direct Plan - Growth,2021-04-05,Investment (SIP),10000,0.5,118.508,84.378,,
Pai,118834,INF769K01BI1/-,Mirae Asset Large & Midcap Fund - Direct Plan - Growth,2021-05-03,Investment (SIP),10000,0.5,115.833,86.327,,
Pai,118834,INF769K01BI1/-,Mirae Asset Large & Midcap Fund - Direct Plan - Growth,2021-06-02,Investment (SIP),10000,0.5,108.734,91.963,,
Pai,118834,INF769K01BI1/-,Mirae Asset Large & Midcap Fund - Direct Plan - Growth,2021-07-02,Investment (SIP),10000,0.5,104.786,95.428,,
Pai,118834,INF769K01BI1/-,Mirae Asset Large & Midcap Fund - Direct Plan - Growth,2021-08-03,Investment (SIP),10000,0.5,99.804,100.191,,
Pai,118834,INF769K01BI1/-,Mirae Asset Large & Midcap Fund - Direct Plan - Growth,2021-09-01,Investment (SIP),10000,0.5,96.439,103.687,,
Pai,118834,INF769K01BI1/-,Mirae Asset Large & Midcap Fund - Direct Plan - Growth,2021-10-04,Investment (SIP),10000,0.5,93.397,107.064,,
Pai,118834,INF769K01BI1/-,Mirae Asset Large & Midcap Fund - Direct Plan - Growth,2023-03-31,Redemption,-243164,0,-2386.19,101.905,,
Pai,127042,INF247L01445/-,Motilal Oswal Midcap Fund-Direct Plan-Growth Option,2024-12-16,Investment,100000,5,765.286,130.664,118.272,2026-08-07
Pai,127042,INF247L01445/-,Motilal Oswal Midcap Fund-Direct Plan-Growth Option,2024-12-23,Investment (SIP),1500,0.08,11.919,125.845,118.272,2026-08-07
Pai,127042,INF247L01445/-,Motilal Oswal Midcap Fund-Direct Plan-Growth Option,2024-12-30,Investment (SIP),1500,0.08,11.669,128.542,118.272,2026-08-07
Pai,127042,INF247L01445/-,Motilal Oswal Midcap Fund-Direct Plan-Growth Option,2025-01-06,Investment (SIP),1500,0.08,11.901,126.038,118.272,2026-08-07
Pai,127042,INF247L01445/-,Motilal Oswal Midcap Fund-Direct Plan-Growth Option,2025-01-13,Investment (SIP),1500,0.08,13.109,114.418,118.272,2026-08-07
Pai,127042,INF247L01445/-,Motilal Oswal Midcap Fund-Direct Plan-Growth Option,2025-01-20,Investment (SIP),1500,0.08,12.976,115.592,118.272,2026-08-07
Pai,127042,INF247L01445/-,Motilal Oswal Midcap Fund-Direct Plan-Growth Option,2025-01-27,Investment (SIP),1500,0.08,13.909,107.841,118.272,2026-08-07
Pai,127042,INF247L01445/-,Motilal Oswal Midcap Fund-Direct Plan-Growth Option,2025-02-03,Investment (SIP),1500,0.08,13.619,110.135,118.272,2026-08-07
Pai,127042,INF247L01445/-,Motilal Oswal Midcap Fund-Direct Plan-Growth Option,2025-02-10,Investment (SIP),1500,0.08,13.79,108.769,118.272,2026-08-07
Pai,127042,INF247L01445/-,Motilal Oswal Midcap Fund-Direct Plan-Growth Option,2025-02-17,Investment (SIP),1500,0.08,14.332,104.652,118.272,2026-08-07
Pai,127042,INF247L01445/-,Motilal Oswal Midcap Fund-Direct Plan-Growth Option,2025-02-24,Investment (SIP),1500,0.08,14.348,104.538,118.272,2026-08-07
Pai,127042,INF247L01445/-,Motilal Oswal Midcap Fund-Direct Plan-Growth Option,2025-03-03,Investment (SIP),1500,0.08,14.778,101.498,118.272,2026-08-07
Pai,127042,INF247L01445/-,Motilal Oswal Midcap Fund-Direct Plan-Growth Option,2025-03-10,Investment (SIP),1500,0.08,14.921,100.526,118.272,2026-08-07
Pai,127042,INF247L01445/-,Motilal Oswal Midcap Fund-Direct Plan-Growth Option,2025-03-17,Investment (SIP),1500,0.08,14.757,101.639,118.272,2026-08-07
Pai,127042,INF247L01445/-,Motilal Oswal Midcap Fund-Direct Plan-Growth Option,2025-03-24,Investment (SIP),1500,0.08,14.152,105.988,118.272,2026-08-07
Pai,127042,INF247L01445/-,Motilal Oswal Midcap Fund-Direct Plan-Growth Option,2025-04-01,Investment (SIP),1500,0.08,14.375,104.343,118.272,2026-08-07
Pai,127042,INF247L01445/-,Motilal Oswal Midcap Fund-Direct Plan-Growth Option,2025-04-08,Investment (SIP),1500,0.08,15.028,99.8091,118.272,2026-08-07
Pai,127042,INF247L01445/-,Motilal Oswal Midcap Fund-Direct Plan-Growth Option,2025-04-15,Investment (SIP),1500,0.08,14.646,102.409,118.272,2026-08-07
Pai,127042,INF247L01445/-,Motilal Oswal Midcap Fund-Direct Plan-Growth Option,2025-04-22,Investment (SIP),1500,0.08,14.099,106.387,118.272,2026-08-07
Pai,127042,INF247L01445/-,Motilal Oswal Midcap Fund-Direct Plan-Growth Option,2025-04-29,Investment (SIP),1500,0.08,13.827,108.481,118.272,2026-08-07
Pai,127042,INF247L01445/-,Motilal Oswal Midcap Fund-Direct Plan-Growth Option,2025-05-06,Investment (SIP),1500,0.08,13.823,108.51,118.272,2026-08-07
Pai,127042,INF247L01445/-,Motilal Oswal Midcap Fund-Direct Plan-Growth Option,2025-05-13,Investment (SIP),1500,0.08,13.322,112.59,118.272,2026-08-07
Pai,127042,INF247L01445/-,Motilal Oswal Midcap Fund-Direct Plan-Growth Option,2025-05-20,Investment (SIP),1500,0.08,13.331,112.512,118.272,2026-08-07
Pai,127042,INF247L01445/-,Motilal Oswal Midcap Fund-Direct Plan-Growth Option,2025-05-27,Investment (SIP),1500,0.08,13.211,113.538,118.272,2026-08-07
Pai,127042,INF247L01445/-,Motilal Oswal Midcap Fund-Direct Plan-Growth Option,2025-06-03,Investment (SIP),1500,0.08,13.185,113.762,118.272,2026-08-07
Pai,127042,INF247L01445/-,Motilal Oswal Midcap Fund-Direct Plan-Growth Option,2025-06-10,Investment (SIP),1500,0.08,12.897,116.303,118.272,2026-08-07
Pai,127042,INF247L01445/-,Motilal Oswal Midcap Fund-Direct Plan-Growth Option,2025-06-17,Investment (SIP),1500,0.08,13.003,115.353,118.272,2026-08-07
Pai,127042,INF247L01445/-,Motilal Oswal Midcap Fund-Direct Plan-Growth Option,2025-06-24,Investment (SIP),1500,0.08,12.78,117.366,118.272,2026-08-07
Pai,127042,INF247L01445/-,Motilal Oswal Midcap Fund-Direct Plan-Growth Option,2025-07-01,Investment (SIP),1500,0.08,12.519,119.812,118.272,2026-08-07
Pai,127042,INF247L01445/-,Motilal Oswal Midcap Fund-Direct Plan-Growth Option,2025-07-08,Investment (SIP),1500,0.08,12.709,118.019,118.272,2026-08-07
Pai,127042,INF247L01445/-,Motilal Oswal Midcap Fund-Direct Plan-Growth Option,2025-07-15,Investment (SIP),1500,0.08,12.701,118.094,118.272,2026-08-07
Pai,127042,INF247L01445/-,Motilal Oswal Midcap Fund-Direct Plan-Growth Option,2025-07-22,Investment (SIP),1500,0.08,12.641,118.659,118.272,2026-08-07
Pai,127042,INF247L01445/-,Motilal Oswal Midcap Fund-Direct Plan-Growth Option,2025-07-29,Investment (SIP),1500,0.08,12.887,116.391,118.272,2026-08-07
Pai,127042,INF247L01445/-,Motilal Oswal Midcap Fund-Direct Plan-Growth Option,2025-08-05,Investment (SIP),1500,0.08,12.738,117.751,118.272,2026-08-07
Pai,127042,INF247L01445/-,Motilal Oswal Midcap Fund-Direct Plan-Growth Option,2025-08-12,Investment (SIP),1500,0.08,13.034,115.076,118.272,2026-08-07
Pai,127042,INF247L01445/-,Motilal Oswal Midcap Fund-Direct Plan-Growth Option,2025-08-19,Investment (SIP),1500,0.08,12.65,118.57,118.272,2026-08-07
Pai,127042,INF247L01445/-,Motilal Oswal Midcap Fund-Direct Plan-Growth Option,2025-08-26,Investment (SIP),1500,0.08,12.684,118.252,118.272,2026-08-07
Pai,127042,INF247L01445/-,Motilal Oswal Midcap Fund-Direct Plan-Growth Option,2025-09-02,Investment (SIP),1500,0.08,12.529,119.712,118.272,2026-08-07
Pai,127042,INF247L01445/-,Motilal Oswal Midcap Fund-Direct Plan-Growth Option,2025-09-09,Investment (SIP),2200,0.11,18.486,119.003,118.272,2026-08-07
Pai,127042,INF247L01445/-,Motilal Oswal Midcap Fund-Direct Plan-Growth Option,2025-09-16,Investment (SIP),2200,0.11,18.107,121.495,118.272,2026-08-07
Pai,127042,INF247L01445/-,Motilal Oswal Midcap Fund-Direct Plan-Growth Option,2025-09-23,Investment (SIP),2200,0.11,18.435,119.334,118.272,2026-08-07
Pai,127042,INF247L01445/-,Motilal Oswal Midcap Fund-Direct Plan-Growth Option,2025-09-30,Investment (SIP),2200,0.11,19.419,113.283,118.272,2026-08-07
Pai,127042,INF247L01445/-,Motilal Oswal Midcap Fund-Direct Plan-Growth Option,2025-10-07,Investment (SIP),2200,0.11,18.512,118.838,118.272,2026-08-07
Pai,127042,INF247L01445/-,Motilal Oswal Midcap Fund-Direct Plan-Growth Option,2025-10-14,Investment (SIP),2200,0.11,18.619,118.155,118.272,2026-08-07
Pai,127042,INF247L01445/-,Motilal Oswal Midcap Fund-Direct Plan-Growth Option,2025-10-23,Investment (SIP),2200,0.11,18.456,119.194,118.272,2026-08-07
Pai,127042,INF247L01445/-,Motilal Oswal Midcap Fund-Direct Plan-Growth Option,2025-10-28,Investment (SIP),2200,0.11,18.346,119.909,118.272,2026-08-07
Pai,127042,INF247L01445/-,Motilal Oswal Midcap Fund-Direct Plan-Growth Option,2025-11-04,Investment (SIP),2200,0.11,18.526,118.743,118.272,2026-08-07
Pai,127042,INF247L01445/-,Motilal Oswal Midcap Fund-Direct Plan-Growth Option,2025-11-11,Investment (SIP),2200,0.11,18.583,118.38,118.272,2026-08-07
Pai,127042,INF247L01445/-,Motilal Oswal Midcap Fund-Direct Plan-Growth Option,2025-11-18,Investment (SIP),2200,0.11,18.601,118.266,118.272,2026-08-07
Pai,127042,INF247L01445/-,Motilal Oswal Midcap Fund-Direct Plan-Growth Option,2025-11-25,Investment (SIP),2200,0.11,18.797,117.033,118.272,2026-08-07
Pai,127042,INF247L01445/-,Motilal Oswal Midcap Fund-Direct Plan-Growth Option,2025-12-02,Investment (SIP),2200,0.11,18.536,118.685,118.272,2026-08-07
Pai,127042,INF247L01445/-,Motilal Oswal Midcap Fund-Direct Plan-Growth Option,2025-12-09,Investment (SIP),2200,0.11,19.066,115.384,118.272,2026-08-07
Pai,127042,INF247L01445/-,Motilal Oswal Midcap Fund-Direct Plan-Growth Option,2025-12-16,Investment (SIP),2200,0.11,19.145,114.909,118.272,2026-08-07
Pai,127042,INF247L01445/-,Motilal Oswal Midcap Fund-Direct Plan-Growth Option,2025-12-17,Redemption,-87296.2,0,-765.286,114.07,118.272,2026-08-07
Pai,127042,INF247L01445/-,Motilal Oswal Midcap Fund-Direct Plan-Growth Option,2025-12-23,Investment (SIP),2200,0.11,19.046,115.505,118.272,2026-08-07
Pai,127042,INF247L01445/-,Motilal Oswal Midcap Fund-Direct Plan-Growth Option,2025-12-30,Investment (SIP),2200,0.11,19.561,112.463,118.272,2026-08-07
Pai,127042,INF247L01445/-,Motilal Oswal Midcap Fund-Direct Plan-Growth Option,2026-01-08,Investment (SIP),2200,0.11,19.333,113.792,118.272,2026-08-07
Pai,127042,INF247L01445/-,Motilal Oswal Midcap Fund-Direct Plan-Growth Option,2026-01-16,Investment (SIP),2200,0.11,19.628,112.079,118.272,2026-08-07
Pai,127042,INF247L01445/-,Motilal Oswal Midcap Fund-Direct Plan-Growth Option,2026-01-22,Investment (SIP),2200,0.11,20.401,107.834,118.272,2026-08-07
Pai,127042,INF247L01445/-,Motilal Oswal Midcap Fund-Direct Plan-Growth Option,2026-01-29,Investment (SIP),2200,0.11,20.647,106.55,118.272,2026-08-07
Pai,127042,INF247L01445/-,Motilal Oswal Midcap Fund-Direct Plan-Growth Option,2026-02-05,Investment (SIP),2200,0.11,20.359,108.052,118.272,2026-08-07
Pai,127042,INF247L01445/-,Motilal Oswal Midcap Fund-Direct Plan-Growth Option,2026-02-12,Investment (SIP),2200,0.11,20.241,108.683,118.272,2026-08-07
Pai,127042,INF247L01445/-,Motilal Oswal Midcap Fund-Direct Plan-Growth Option,2026-02-19,Investment (SIP),2200,0.11,20.872,105.397,118.272,2026-08-07
Pai,127042,INF247L01445/-,Motilal Oswal Midcap Fund-Direct Plan-Growth Option,2026-02-26,Investment (SIP),2200,0.11,21.235,103.597,118.272,2026-08-07
Pai,127042,INF247L01445/-,Motilal Oswal Midcap Fund-Direct Plan-Growth Option,2026-03-05,Investment (SIP),2200,0.11,21.873,100.574,118.272,2026-08-07
Pai,127042,INF247L01445/-,Motilal Oswal Midcap Fund-Direct Plan-Growth Option,2026-03-12,Investment (SIP),2200,0.11,22.666,97.0585,118.272,2026-08-07
Pai,127042,INF247L01445/-,Motilal Oswal Midcap Fund-Direct Plan-Growth Option,2026-03-19,Investment (SIP),2200,0.11,22.898,96.0741,118.272,2026-08-07
Pai,127042,INF247L01445/-,Motilal Oswal Midcap Fund-Direct Plan-Growth Option,2026-03-27,Investment (SIP),2200,0.11,23.013,95.5937,118.272,2026-08-07
Pai,127042,INF247L01445/-,Motilal Oswal Midcap Fund-Direct Plan-Growth Option,2026-03-30,Redemption,-17678.6,0,-190.18,92.9573,118.272,2026-08-07
Pai,127042,INF247L01445/-,Motilal Oswal Midcap Fund-Direct Plan-Growth Option,2026-04-02,Investment (SIP),2200,0.11,22.936,95.9132,118.272,2026-08-07
Pai,127042,INF247L01445/-,Motilal Oswal Midcap Fund-Direct Plan-Growth Option,2026-04-09,Investment (SIP),2200,0.11,21.292,103.322,118.272,2026-08-07
Pai,127042,INF247L01445/-,Motilal Oswal Midcap Fund-Direct Plan-Growth Option,2026-04-16,Investment (SIP),2200,0.11,20.679,106.381,118.272,2026-08-07
Pai,127042,INF247L01445/-,Motilal Oswal Midcap Fund-Direct Plan-Growth Option,2026-04-23,Investment (SIP),2200,0.11,20.666,106.45,118.272,2026-08-07
Pai,127042,INF247L01445/-,Motilal Oswal Midcap Fund-Direct Plan-Growth Option,2026-04-30,Investment (SIP),2200,0.11,20.978,104.867,118.272,2026-08-07
Pai,127042,INF247L01445/-,Motilal Oswal Midcap Fund-Direct Plan-Growth Option,2026-05-07,Investment (SIP),2200,0.11,20.317,108.28,118.272,2026-08-07
Pai,127042,INF247L01445/-,Motilal Oswal Midcap Fund-Direct Plan-Growth Option,2026-05-14,Investment (SIP),2200,0.11,20.983,104.844,118.272,2026-08-07
Pai,127042,INF247L01445/-,Motilal Oswal Midcap Fund-Direct Plan-Growth Option,2026-05-21,Investment (SIP),2200,0.11,20.705,106.249,118.272,2026-08-07
Pai,127042,INF247L01445/-,Motilal Oswal Midcap Fund-Direct Plan-Growth Option,2026-05-29,Investment (SIP),2200,0.11,20.698,106.286,118.272,2026-08-07
Pai,127042,INF247L01445/-,Motilal Oswal Midcap Fund-Direct Plan-Growth Option,2026-06-04,Investment (SIP),2200,0.11,20.962,104.947,118.272,2026-08-07
Pai,127042,INF247L01445/-,Motilal Oswal Midcap Fund-Direct Plan-Growth Option,2026-06-11,Investment (SIP),2200,0.11,21.621,101.749,118.272,2026-08-07
Pai,127042,INF247L01445/-,Motilal Oswal Midcap Fund-Direct Plan-Growth Option,2026-06-18,Investment (SIP),2200,0.11,20.212,108.84,118.272,2026-08-07
Pai,127042,INF247L01445/-,Motilal Oswal Midcap Fund-Direct Plan-Growth Option,2026-06-25,Investment (SIP),2200,0.11,20.305,108.341,118.272,2026-08-07
Pai,127042,INF247L01445/-,Motilal Oswal Midcap Fund-Direct Plan-Growth Option,2026-07-02,Investment (SIP),2200,0.11,19.98,110.107,118.272,2026-08-07
Pai,127042,INF247L01445/-,Motilal Oswal Midcap Fund-Direct Plan-Growth Option,2026-07-09,Investment (SIP),2200,0.11,19.781,111.211,118.272,2026-08-07
Pai,127042,INF247L01445/-,Motilal Oswal Midcap Fund-Direct Plan-Growth Option,2026-07-16,Investment (SIP),2200,0.11,19.25,114.28,118.272,2026-08-07
Pai,127042,INF247L01445/-,Motilal Oswal Midcap Fund-Direct Plan-Growth Option,2026-07-23,Investment (SIP),2200,0.11,19.577,112.371,118.272,2026-08-07
Pai,127042,INF247L01445/-,Motilal Oswal Midcap Fund-Direct Plan-Growth Option,2026-07-30,Investment (SIP),2200,0.11,19.073,115.338,118.272,2026-08-07
Pai,127042,INF247L01445/-,Motilal Oswal Midcap Fund-Direct Plan-Growth Option,2026-08-06,Investment (SIP),2200,0.11,18.633,118.061,118.272,2026-08-07
Pai,109720,INF204K01BU4/-,Nippon India Gilt  Fund -Growth Plan - Growth Option,2020-04-16,Investment,8000,0,283.179,28.2507,,
Pai,109720,INF204K01BU4/-,Nippon India Gilt  Fund -Growth Plan - Growth Option,2020-05-26,Redemption,-8004.27,0,-272.204,29.4054,,
Pai,109720,INF204K01BU4/-,Nippon India Gilt  Fund -Growth Plan - Growth Option,2020-08-10,Redemption,-326.58,0,-10.9748,29.7577,,
Pai,118632,INF204K01XI3/-,Nippon India Large Cap Fund - Direct Plan Growth Plan - Growth Option,2022-09-01,Investment,30000,1.5,516.178,58.1166,102.763,2026-08-07
Pai,118632,INF204K01XI3/-,Nippon India Large Cap Fund - Direct Plan Growth Plan - Growth Option,2022-10-03,Investment,20000,1,352.091,56.8006,102.763,2026-08-07
Pai,118632,INF204K01XI3/-,Nippon India Large Cap Fund - Direct Plan Growth Plan - Growth Option,2022-11-01,Investment,1250,0.06,20.666,60.4832,102.763,2026-08-07
Pai,118632,INF204K01XI3/-,Nippon India Large Cap Fund - Direct Plan Growth Plan - Growth Option,2022-11-07,Investment (SIP),1250,0.06,20.565,60.7799,102.763,2026-08-07
Pai,118632,INF204K01XI3/-,Nippon India Large Cap Fund - Direct Plan Growth Plan - Growth Option,2022-11-14,Investment (SIP),1250,0.06,20.552,60.8177,102.763,2026-08-07
Pai,118632,INF204K01XI3/-,Nippon India Large Cap Fund - Direct Plan Growth Plan - Growth Option,2022-11-21,Investment (SIP),1250,0.06,20.829,60.0089,102.763,2026-08-07
Pai,118632,INF204K01XI3/-,Nippon India Large Cap Fund - Direct Plan Growth Plan - Growth Option,2022-11-28,Investment (SIP),1250,0.06,20.333,61.4737,102.763,2026-08-07
Pai,118632,INF204K01XI3/-,Nippon India Large Cap Fund - Direct Plan Growth Plan - Growth Option,2022-12-05,Investment (SIP),1250,0.06,20.179,61.9412,102.763,2026-08-07
Pai,118632,INF204K01XI3/-,Nippon India Large Cap Fund - Direct Plan Growth Plan - Growth Option,2022-12-13,Investment (SIP),1250,0.06,20.174,61.9566,102.763,2026-08-07
Pai,118632,INF204K01XI3/-,Nippon India Large Cap Fund - Direct Plan Growth Plan - Growth Option,2022-12-19,Investment (SIP),1250,0.06,20.363,61.3839,102.763,2026-08-07
Pai,118632,INF204K01XI3/-,Nippon India Large Cap Fund - Direct Plan Growth Plan - Growth Option,2022-12-26,Investment (SIP),1250,0.06,20.923,59.7394,102.763,2026-08-07
Pai,118632,INF204K01XI3/-,Nippon India Large Cap Fund - Direct Plan Growth Plan - Growth Option,2023-01-02,Investment (SIP),1250,0.06,20.649,60.5329,102.763,2026-08-07
Pai,118632,INF204K01XI3/-,Nippon India Large Cap Fund - Direct Plan Growth Plan - Growth Option,2023-01-09,Investment (SIP),1250,0.06,20.71,60.3555,102.763,2026-08-07
Pai,118632,INF204K01XI3/-,Nippon India Large Cap Fund - Direct Plan Growth Plan - Growth Option,2023-01-16,Investment (SIP),1250,0.06,20.879,59.8648,102.763,2026-08-07
Pai,118632,INF204K01XI3/-,Nippon India Large Cap Fund - Direct Plan Growth Plan - Growth Option,2023-01-23,Investment (SIP),1250,0.06,20.599,60.6805,102.763,2026-08-07
Pai,118632,INF204K01XI3/-,Nippon India Large Cap Fund - Direct Plan Growth Plan - Growth Option,2023-01-30,Investment (SIP),1250,0.06,21.202,58.9542,102.763,2026-08-07
Pai,118632,INF204K01XI3/-,Nippon India Large Cap Fund - Direct Plan Growth Plan - Growth Option,2023-02-06,Investment (SIP),1250,0.06,20.842,59.9718,102.763,2026-08-07
Pai,118632,INF204K01XI3/-,Nippon India Large Cap Fund - Direct Plan Growth Plan - Growth Option,2023-02-13,Investment (SIP),1250,0.06,20.853,59.9403,102.763,2026-08-07
Pai,118632,INF204K01XI3/-,Nippon India Large Cap Fund - Direct Plan Growth Plan - Growth Option,2023-02-20,Investment (SIP),1250,0.06,20.778,60.1557,102.763,2026-08-07
Pai,118632,INF204K01XI3/-,Nippon India Large Cap Fund - Direct Plan Growth Plan - Growth Option,2023-02-27,Investment (SIP),1250,0.06,21.248,58.8267,102.763,2026-08-07
Pai,118632,INF204K01XI3/-,Nippon India Large Cap Fund - Direct Plan Growth Plan - Growth Option,2023-03-06,Investment (SIP),1250,0.06,20.847,59.9573,102.763,2026-08-07
Pai,118632,INF204K01XI3/-,Nippon India Large Cap Fund - Direct Plan Growth Plan - Growth Option,2023-03-13,Investment (SIP),1250,0.06,21.402,58.4031,102.763,2026-08-07
Pai,118632,INF204K01XI3/-,Nippon India Large Cap Fund - Direct Plan Growth Plan - Growth Option,2023-03-20,Investment (SIP),1250,0.06,21.583,57.9134,102.763,2026-08-07
Pai,118632,INF204K01XI3/-,Nippon India Large Cap Fund - Direct Plan Growth Plan - Growth Option,2023-03-27,Investment (SIP),1250,0.06,21.661,57.7058,102.763,2026-08-07
Pai,118632,INF204K01XI3/-,Nippon India Large Cap Fund - Direct Plan Growth Plan - Growth Option,2023-04-05,Investment (SIP),1250,0.06,20.947,59.6706,102.763,2026-08-07
Pai,118632,INF204K01XI3/-,Nippon India Large Cap Fund - Direct Plan Growth Plan - Growth Option,2023-04-11,Investment (SIP),2500,0.13,41.612,60.0753,102.763,2026-08-07
Pai,118632,INF204K01XI3/-,Nippon India Large Cap Fund - Direct Plan Growth Plan - Growth Option,2023-04-17,Investment (SIP),2500,0.13,41.552,60.1619,102.763,2026-08-07
Pai,118632,INF204K01XI3/-,Nippon India Large Cap Fund - Direct Plan Growth Plan - Growth Option,2023-04-25,Investment (SIP),2500,0.13,41.257,60.5932,102.763,2026-08-07
Pai,118632,INF204K01XI3/-,Nippon India Large Cap Fund - Direct Plan Growth Plan - Growth Option,2023-05-02,Investment (SIP),1250,0.06,20.093,62.2082,102.763,2026-08-07
Pai,118632,INF204K01XI3/-,Nippon India Large Cap Fund - Direct Plan Growth Plan - Growth Option,2023-05-08,Investment (SIP),1250,0.06,19.827,63.0419,102.763,2026-08-07
Pai,118632,INF204K01XI3/-,Nippon India Large Cap Fund - Direct Plan Growth Plan - Growth Option,2023-05-15,Investment (SIP),1250,0.06,19.636,63.6571,102.763,2026-08-07
Pai,118632,INF204K01XI3/-,Nippon India Large Cap Fund - Direct Plan Growth Plan - Growth Option,2023-05-22,Investment (SIP),1250,0.06,19.703,63.4405,102.763,2026-08-07
Pai,118632,INF204K01XI3/-,Nippon India Large Cap Fund - Direct Plan Growth Plan - Growth Option,2023-05-29,Investment (SIP),1250,0.06,19.368,64.536,102.763,2026-08-07
Pai,118632,INF204K01XI3/-,Nippon India Large Cap Fund - Direct Plan Growth Plan - Growth Option,2023-06-07,Investment (SIP),1250,0.06,18.99,65.8209,102.763,2026-08-07
Pai,118632,INF204K01XI3/-,Nippon India Large Cap Fund - Direct Plan Growth Plan - Growth Option,2023-06-12,Investment (SIP),1250,0.06,19.072,65.5378,102.763,2026-08-07
Pai,118632,INF204K01XI3/-,Nippon India Large Cap Fund - Direct Plan Growth Plan - Growth Option,2023-06-19,Investment (SIP),1250,0.06,18.876,66.2177,102.763,2026-08-07
Pai,118632,INF204K01XI3/-,Nippon India Large Cap Fund - Direct Plan Growth Plan - Growth Option,2023-06-26,Investment (SIP),1250,0.06,19.005,65.7673,102.763,2026-08-07
Pai,118632,INF204K01XI3/-,Nippon India Large Cap Fund - Direct Plan Growth Plan - Growth Option,2023-07-03,Investment (SIP),1250,0.06,18.376,68.0211,102.763,2026-08-07
Pai,118632,INF204K01XI3/-,Nippon India Large Cap Fund - Direct Plan Growth Plan - Growth Option,2023-07-10,Investment (SIP),1250,0.06,18.321,68.2229,102.763,2026-08-07
Pai,118632,INF204K01XI3/-,Nippon India Large Cap Fund - Direct Plan Growth Plan - Growth Option,2023-07-17,Investment (SIP),1250,0.06,17.947,69.6452,102.763,2026-08-07
Pai,118632,INF204K01XI3/-,Nippon India Large Cap Fund - Direct Plan Growth Plan - Growth Option,2023-07-24,Investment (SIP),1250,0.06,17.855,70.0057,102.763,2026-08-07
Pai,118632,INF204K01XI3/-,Nippon India Large Cap Fund - Direct Plan Growth Plan - Growth Option,2023-07-31,Investment (SIP),1250,0.06,17.652,70.8107,102.763,2026-08-07
Pai,118632,INF204K01XI3/-,Nippon India Large Cap Fund - Direct Plan Growth Plan - Growth Option,2023-08-07,Investment (SIP),1250,0.06,17.793,70.2492,102.763,2026-08-07
Pai,118632,INF204K01XI3/-,Nippon India Large Cap Fund - Direct Plan Growth Plan - Growth Option,2023-08-14,Investment (SIP),1250,0.06,17.828,70.11,102.763,2026-08-07
Pai,118632,INF204K01XI3/-,Nippon India Large Cap Fund - Direct Plan Growth Plan - Growth Option,2023-08-14,Investment,120000,6,1711.51,70.11,102.763,2026-08-07
Pai,118632,INF204K01XI3/-,Nippon India Large Cap Fund - Direct Plan Growth Plan - Growth Option,2023-08-22,Investment (SIP),1250,0.06,17.71,70.5786,102.763,2026-08-07
Pai,118632,INF204K01XI3/-,Nippon India Large Cap Fund - Direct Plan Growth Plan - Growth Option,2023-08-28,Investment (SIP),1250,0.06,17.743,70.4455,102.763,2026-08-07
Pai,118632,INF204K01XI3/-,Nippon India Large Cap Fund - Direct Plan Growth Plan - Growth Option,2023-09-04,Investment (SIP),1250,0.06,17.429,71.717,102.763,2026-08-07
Pai,118632,INF204K01XI3/-,Nippon India Large Cap Fund - Direct Plan Growth Plan - Growth Option,2023-09-11,Investment (SIP),1250,0.06,16.954,73.7256,102.763,2026-08-07
Pai,118632,INF204K01XI3/-,Nippon India Large Cap Fund - Direct Plan Growth Plan - Growth Option,2023-09-18,Investment (SIP),1250,0.06,17.013,73.4681,102.763,2026-08-07
Pai,118632,INF204K01XI3/-,Nippon India Large Cap Fund - Direct Plan Growth Plan - Growth Option,2023-09-25,Investment (SIP),1250,0.06,17.386,71.8946,102.763,2026-08-07
Pai,118632,INF204K01XI3/-,Nippon India Large Cap Fund - Direct Plan Growth Plan - Growth Option,2023-10-03,Investment (SIP),1250,0.06,17.322,72.158,102.763,2026-08-07
Pai,118632,INF204K01XI3/-,Nippon India Large Cap Fund - Direct Plan Growth Plan - Growth Option,2023-10-09,Investment (SIP),1250,0.06,17.476,71.523,102.763,2026-08-07
Pai,118632,INF204K01XI3/-,Nippon India Large Cap Fund - Direct Plan Growth Plan - Growth Option,2023-10-16,Investment (SIP),1250,0.06,17.187,72.7253,102.763,2026-08-07
Pai,118632,INF204K01XI3/-,Nippon India Large Cap Fund - Direct Plan Growth Plan - Growth Option,2023-10-23,Investment (SIP),1250,0.06,17.726,70.5159,102.763,2026-08-07
Pai,118632,INF204K01XI3/-,Nippon India Large Cap Fund - Direct Plan Growth Plan - Growth Option,2023-10-30,Investment (SIP),1250,0.06,17.803,70.2094,102.763,2026-08-07
Pai,118632,INF204K01XI3/-,Nippon India Large Cap Fund - Direct Plan Growth Plan - Growth Option,2023-11-06,Investment (SIP),1250,0.06,17.44,71.6717,102.763,2026-08-07
Pai,118632,INF204K01XI3/-,Nippon India Large Cap Fund - Direct Plan Growth Plan - Growth Option,2023-11-13,Investment (SIP),1250,0.06,17.382,71.9087,102.763,2026-08-07
Pai,118632,INF204K01XI3/-,Nippon India Large Cap Fund - Direct Plan Growth Plan - Growth Option,2023-11-20,Investment (SIP),1000,0.05,13.799,72.4675,102.763,2026-08-07
Pai,118632,INF204K01XI3/-,Nippon India Large Cap Fund - Direct Plan Growth Plan - Growth Option,2023-11-28,Investment (SIP),1000,0.05,13.683,73.0792,102.763,2026-08-07
Pai,118632,INF204K01XI3/-,Nippon India Large Cap Fund - Direct Plan Growth Plan - Growth Option,2023-12-04,Investment (SIP),1000,0.05,13.152,76.0297,102.763,2026-08-07
Pai,118632,INF204K01XI3/-,Nippon India Large Cap Fund - Direct Plan Growth Plan - Growth Option,2023-12-11,Investment (SIP),1000,0.05,12.889,77.584,102.763,2026-08-07
Pai,118632,INF204K01XI3/-,Nippon India Large Cap Fund - Direct Plan Growth Plan - Growth Option,2023-12-18,Investment (SIP),1000,0.05,12.58,79.4904,102.763,2026-08-07
Pai,118632,INF204K01XI3/-,Nippon India Large Cap Fund - Direct Plan Growth Plan - Growth Option,2023-12-26,Investment (SIP),1000,0.05,12.669,78.9312,102.763,2026-08-07
Pai,118632,INF204K01XI3/-,Nippon India Large Cap Fund - Direct Plan Growth Plan - Growth Option,2024-01-01,Investment (SIP),1000,0.05,12.439,80.3877,102.763,2026-08-07
Pai,118632,INF204K01XI3/-,Nippon India Large Cap Fund - Direct Plan Growth Plan - Growth Option,2024-01-08,Investment (SIP),1000,0.05,12.441,80.3728,102.763,2026-08-07
Pai,118632,INF204K01XI3/-,Nippon India Large Cap Fund - Direct Plan Growth Plan - Growth Option,2024-01-15,Investment (SIP),1000,0.05,12.158,82.2457,102.763,2026-08-07
Pai,118632,INF204K01XI3/-,Nippon India Large Cap Fund - Direct Plan Growth Plan - Growth Option,2024-01-23,Investment (SIP),1000,0.05,12.608,79.3097,102.763,2026-08-07
Pai,118632,INF204K01XI3/-,Nippon India Large Cap Fund - Direct Plan Growth Plan - Growth Option,2024-01-29,Investment (SIP),1000,0.05,12.273,81.478,102.763,2026-08-07
Pai,118632,INF204K01XI3/-,Nippon India Large Cap Fund - Direct Plan Growth Plan - Growth Option,2024-02-05,Investment (SIP),1000,0.05,12.263,81.5416,102.763,2026-08-07
Pai,118632,INF204K01XI3/-,Nippon India Large Cap Fund - Direct Plan Growth Plan - Growth Option,2024-02-12,Investment (SIP),1000,0.05,12.25,81.6287,102.763,2026-08-07
Pai,118632,INF204K01XI3/-,Nippon India Large Cap Fund - Direct Plan Growth Plan - Growth Option,2024-02-19,Investment (SIP),1000,0.05,11.947,83.7003,102.763,2026-08-07
Pai,118632,INF204K01XI3/-,Nippon India Large Cap Fund - Direct Plan Growth Plan - Growth Option,2024-02-26,Investment (SIP),0,0,0,0,102.763,2026-08-07
Pai,118632,INF204K01XI3/-,Nippon India Large Cap Fund - Direct Plan Growth Plan - Growth Option,2024-02-28,Investment,1000,0.05,11.958,83.6231,102.763,2026-08-07
Pai,118632,INF204K01XI3/-,Nippon India Large Cap Fund - Direct Plan Growth Plan - Growth Option,2024-03-04,Investment (SIP),1000,0.05,11.649,85.8389,102.763,2026-08-07
Pai,118632,INF204K01XI3/-,Nippon India Large Cap Fund - Direct Plan Growth Plan - Growth Option,2024-03-11,Investment,1000,0.05,11.704,85.4384,102.763,2026-08-07
Pai,118632,INF204K01XI3/-,Nippon India Large Cap Fund - Direct Plan Growth Plan - Growth Option,2024-03-13,Investment (SIP),1000,0.05,11.987,83.42,102.763,2026-08-07
Pai,118632,INF204K01XI3/-,Nippon India Large Cap Fund - Direct Plan Growth Plan - Growth Option,2024-03-18,Investment (SIP),0,0,0,0,102.763,2026-08-07
Pai,118632,INF204K01XI3/-,Nippon India Large Cap Fund - Direct Plan Growth Plan - Growth Option,2024-03-20,Investment (SIP),1000,0.05,11.996,83.3538,102.763,2026-08-07
Pai,118632,INF204K01XI3/-,Nippon India Large Cap Fund - Direct Plan Growth Plan - Growth Option,2024-03-27,Investment (SIP),1000,0.05,11.708,85.4065,102.763,2026-08-07
Pai,118632,INF204K01XI3/-,Nippon India Large Cap Fund - Direct Plan Growth Plan - Growth Option,2024-04-03,Investment (SIP),1000,0.05,11.446,87.3591,102.763,2026-08-07
Pai,118632,INF204K01XI3/-,Nippon India Large Cap Fund - Direct Plan Growth Plan - Growth Option,2024-04-10,Investment (SIP),1000,0.05,11.28,88.6487,102.763,2026-08-07
Pai,118632,INF204K01XI3/-,Nippon India Large Cap Fund - Direct Plan Growth Plan - Growth Option,2024-04-18,Investment (SIP),1000,0.05,11.633,85.9544,102.763,2026-08-07
Pai,118632,INF204K01XI3/-,Nippon India Large Cap Fund - Direct Plan Growth Plan - Growth Option,2024-04-24,Investment (SIP),1000,0.05,11.398,87.7308,102.763,2026-08-07
Pai,118632,INF204K01XI3/-,Nippon India Large Cap Fund - Direct Plan Growth Plan - Growth Option,2024-05-02,Investment,1000,0.05,11.195,89.3246,102.763,2026-08-07
Pai,118632,INF204K01XI3/-,Nippon India Large Cap Fund - Direct Plan Growth Plan - Growth Option,2024-05-07,Investment (SIP),1000,0.05,11.395,87.7561,102.763,2026-08-07
Pai,118632,INF204K01XI3/-,Nippon India Large Cap Fund - Direct Plan Growth Plan - Growth Option,2024-05-13,Investment (SIP),1000,0.05,11.471,87.174,102.763,2026-08-07
Pai,118632,INF204K01XI3/-,Nippon India Large Cap Fund - Direct Plan Growth Plan - Growth Option,2024-05-21,Investment (SIP),1000,0.05,11.172,89.5067,102.763,2026-08-07
Pai,118632,INF204K01XI3/-,Nippon India Large Cap Fund - Direct Plan Growth Plan - Growth Option,2024-05-27,Investment (SIP),1000,0.05,11.014,90.7877,102.763,2026-08-07
Pai,118632,INF204K01XI3/-,Nippon India Large Cap Fund - Direct Plan Growth Plan - Growth Option,2024-06-04,Investment (SIP),1000,0.05,11.586,86.3042,102.763,2026-08-07
Pai,118632,INF204K01XI3/-,Nippon India Large Cap Fund - Direct Plan Growth Plan - Growth Option,2024-06-10,Investment (SIP),1000,0.05,10.868,92.0097,102.763,2026-08-07
Pai,118632,INF204K01XI3/-,Nippon India Large Cap Fund - Direct Plan Growth Plan - Growth Option,2024-06-18,Investment (SIP),1000,0.05,10.66,93.803,102.763,2026-08-07
Pai,118632,INF204K01XI3/-,Nippon India Large Cap Fund - Direct Plan Growth Plan - Growth Option,2024-06-24,Investment (SIP),1000,0.05,10.667,93.7392,102.763,2026-08-07
Pai,118632,INF204K01XI3/-,Nippon India Large Cap Fund - Direct Plan Growth Plan - Growth Option,2024-07-02,Investment (SIP),1000,0.05,10.462,95.5824,102.763,2026-08-07
Pai,118632,INF204K01XI3/-,Nippon India Large Cap Fund - Direct Plan Growth Plan - Growth Option,2024-07-08,Investment (SIP),1000,0.05,10.323,96.8647,102.763,2026-08-07
Pai,118632,INF204K01XI3/-,Nippon India Large Cap Fund - Direct Plan Growth Plan - Growth Option,2024-07-15,Investment (SIP),1000,0.05,10.228,97.7671,102.763,2026-08-07
Pai,118632,INF204K01XI3/-,Nippon India Large Cap Fund - Direct Plan Growth Plan - Growth Option,2024-07-22,Investment (SIP),1000,0.05,10.341,96.7013,102.763,2026-08-07
Pai,118632,INF204K01XI3/-,Nippon India Large Cap Fund - Direct Plan Growth Plan - Growth Option,2024-07-29,Investment (SIP),1000,0.05,10.153,98.4839,102.763,2026-08-07
Pai,118632,INF204K01XI3/-,Nippon India Large Cap Fund - Direct Plan Growth Plan - Growth Option,2024-08-06,Investment (SIP),1000,0.05,10.508,95.1642,102.763,2026-08-07
Pai,118632,INF204K01XI3/-,Nippon India Large Cap Fund - Direct Plan Growth Plan - Growth Option,2024-08-12,Investment (SIP),1000,0.05,10.368,96.4431,102.763,2026-08-07
Pai,118632,INF204K01XI3/-,Nippon India Large Cap Fund - Direct Plan Growth Plan - Growth Option,2024-08-19,Investment (SIP),1000,0.05,10.302,97.0611,102.763,2026-08-07
Pai,118632,INF204K01XI3/-,Nippon India Large Cap Fund - Direct Plan Growth Plan - Growth Option,2024-08-26,Investment (SIP),1000,0.05,10.139,98.6268,102.763,2026-08-07
Pai,118632,INF204K01XI3/-,Nippon India Large Cap Fund - Direct Plan Growth Plan - Growth Option,2024-09-02,Investment (SIP),1000,0.05,10.047,99.5227,102.763,2026-08-07
Pai,118632,INF204K01XI3/-,Nippon India Large Cap Fund - Direct Plan Growth Plan - Growth Option,2024-09-09,Investment (SIP),1000,0.05,10.155,98.4675,102.763,2026-08-07
Pai,118632,INF204K01XI3/-,Nippon India Large Cap Fund - Direct Plan Growth Plan - Growth Option,2024-09-16,Investment (SIP),1000,0.05,9.988,100.114,102.763,2026-08-07
Pai,118632,INF204K01XI3/-,Nippon India Large Cap Fund - Direct Plan Growth Plan - Growth Option,2024-09-23,Investment (SIP),1000,0.05,9.838,101.643,102.763,2026-08-07
Pai,118632,INF204K01XI3/-,Nippon India Large Cap Fund - Direct Plan Growth Plan - Growth Option,2024-09-30,Investment (SIP),1000,0.05,9.857,101.448,102.763,2026-08-07
Pai,118632,INF204K01XI3/-,Nippon India Large Cap Fund - Direct Plan Growth Plan - Growth Option,2024-10-08,Investment (SIP),1250,0.06,12.672,98.6381,102.763,2026-08-07
Pai,118632,INF204K01XI3/-,Nippon India Large Cap Fund - Direct Plan Growth Plan - Growth Option,2024-10-14,Investment (SIP),1250,0.06,12.539,99.6839,102.763,2026-08-07
Pai,118632,INF204K01XI3/-,Nippon India Large Cap Fund - Direct Plan Growth Plan - Growth Option,2024-10-21,Investment (SIP),1250,0.06,12.699,98.4247,102.763,2026-08-07
Pai,118632,INF204K01XI3/-,Nippon India Large Cap Fund - Direct Plan Growth Plan - Growth Option,2024-10-28,Investment (SIP),1250,0.06,13.018,96.0172,102.763,2026-08-07
Pai,118632,INF204K01XI3/-,Nippon India Large Cap Fund - Direct Plan Growth Plan - Growth Option,2024-11-05,Investment (SIP),1250,0.06,12.968,96.3891,102.763,2026-08-07
Pai,118632,INF204K01XI3/-,Nippon India Large Cap Fund - Direct Plan Growth Plan - Growth Option,2024-11-11,Investment (SIP),1250,0.06,12.943,96.5738,102.763,2026-08-07
Pai,118632,INF204K01XI3/-,Nippon India Large Cap Fund - Direct Plan Growth Plan - Growth Option,2024-11-19,Investment (SIP),1250,0.06,13.283,94.0998,102.763,2026-08-07
Pai,118632,INF204K01XI3/-,Nippon India Large Cap Fund - Direct Plan Growth Plan - Growth Option,2024-11-25,Investment (SIP),1250,0.06,12.902,96.8798,102.763,2026-08-07
Pai,118632,INF204K01XI3/-,Nippon India Large Cap Fund - Direct Plan Growth Plan - Growth Option,2024-12-02,Investment (SIP),1250,0.06,12.87,97.1205,102.763,2026-08-07
Pai,118632,INF204K01XI3/-,Nippon India Large Cap Fund - Direct Plan Growth Plan - Growth Option,2024-12-09,Investment (SIP),1250,0.06,12.561,99.5074,102.763,2026-08-07
Pai,118632,INF204K01XI3/-,Nippon India Large Cap Fund - Direct Plan Growth Plan - Growth Option,2024-12-16,Investment (SIP),1250,0.06,12.524,99.805,102.763,2026-08-07
Pai,118632,INF204K01XI3/-,Nippon India Large Cap Fund - Direct Plan Growth Plan - Growth Option,2024-12-23,Investment (SIP),1400,0.07,14.557,96.1694,102.763,2026-08-07
Pai,118632,INF204K01XI3/-,Nippon India Large Cap Fund - Direct Plan Growth Plan - Growth Option,2024-12-30,Investment (SIP),1400,0.07,14.632,95.6777,102.763,2026-08-07
Pai,118632,INF204K01XI3/-,Nippon India Large Cap Fund - Direct Plan Growth Plan - Growth Option,2025-01-07,Investment (SIP),1400,0.07,14.622,95.7436,102.763,2026-08-07
Pai,118632,INF204K01XI3/-,Nippon India Large Cap Fund - Direct Plan Growth Plan - Growth Option,2025-01-13,Investment (SIP),1400,0.07,15.23,91.922,102.763,2026-08-07
Pai,118632,INF204K01XI3/-,Nippon India Large Cap Fund - Direct Plan Growth Plan - Growth Option,2025-01-20,Investment (SIP),1400,0.07,14.951,93.6339,102.763,2026-08-07
Pai,118632,INF204K01XI3/-,Nippon India Large Cap Fund - Direct Plan Growth Plan - Growth Option,2025-01-27,Investment (SIP),1400,0.07,15.56,89.9694,102.763,2026-08-07
Pai,118632,INF204K01XI3/-,Nippon India Large Cap Fund - Direct Plan Growth Plan - Growth Option,2025-02-03,Investment (SIP),1400,0.07,15.147,92.4237,102.763,2026-08-07
Pai,118632,INF204K01XI3/-,Nippon India Large Cap Fund - Direct Plan Growth Plan - Growth Option,2025-02-10,Investment (SIP),1400,0.07,15.187,92.1773,102.763,2026-08-07
Pai,118632,INF204K01XI3/-,Nippon India Large Cap Fund - Direct Plan Growth Plan - Growth Option,2025-02-17,Investment (SIP),1400,0.07,15.63,89.5693,102.763,2026-08-07
Pai,118632,INF204K01XI3/-,Nippon India Large Cap Fund - Direct Plan Growth Plan - Growth Option,2025-02-24,Investment (SIP),1400,0.07,15.741,88.9334,102.763,2026-08-07
Pai,118632,INF204K01XI3/-,Nippon India Large Cap Fund - Direct Plan Growth Plan - Growth Option,2025-03-03,Investment (SIP),1400,0.07,16.094,86.983,102.763,2026-08-07
Pai,118632,INF204K01XI3/-,Nippon India Large Cap Fund - Direct Plan Growth Plan - Growth Option,2025-03-10,Investment (SIP),1400,0.07,15.803,88.5879,102.763,2026-08-07
Pai,118632,INF204K01XI3/-,Nippon India Large Cap Fund - Direct Plan Growth Plan - Growth Option,2025-03-17,Investment (SIP),1400,0.07,15.787,88.6746,102.763,2026-08-07
Pai,118632,INF204K01XI3/-,Nippon India Large Cap Fund - Direct Plan Growth Plan - Growth Option,2025-03-24,Investment (SIP),1400,0.07,14.923,93.8123,102.763,2026-08-07
Pai,118632,INF204K01XI3/-,Nippon India Large Cap Fund - Direct Plan Growth Plan - Growth Option,2025-04-01,Investment (SIP),1400,0.07,15.273,91.6629,102.763,2026-08-07
Pai,118632,INF204K01XI3/-,Nippon India Large Cap Fund - Direct Plan Growth Plan - Growth Option,2025-04-07,Redemption,-45310.2,0,-516.178,87.7802,102.763,2026-08-07
Pai,118632,INF204K01XI3/-,Nippon India Large Cap Fund - Direct Plan Growth Plan - Growth Option,2025-04-08,Investment (SIP),1400,0.07,15.687,89.2409,102.763,2026-08-07
Pai,118632,INF204K01XI3/-,Nippon India Large Cap Fund - Direct Plan Growth Plan - Growth Option,2025-04-15,Investment (SIP),1400,0.07,15.163,92.3268,102.763,2026-08-07
Pai,118632,INF204K01XI3/-,Nippon India Large Cap Fund - Direct Plan Growth Plan - Growth Option,2025-04-22,Investment (SIP),1400,0.07,14.64,95.6204,102.763,2026-08-07
Pai,118632,INF204K01XI3/-,Nippon India Large Cap Fund - Direct Plan Growth Plan - Growth Option,2025-04-29,Investment (SIP),1400,0.07,14.569,96.0929,102.763,2026-08-07
Pai,118632,INF204K01XI3/-,Nippon India Large Cap Fund - Direct Plan Growth Plan - Growth Option,2025-05-06,Investment (SIP),1400,0.07,14.649,95.5648,102.763,2026-08-07
Pai,118632,INF204K01XI3/-,Nippon India Large Cap Fund - Direct Plan Growth Plan - Growth Option,2025-05-13,Investment (SIP),1400,0.07,14.424,97.054,102.763,2026-08-07
Pai,118632,INF204K01XI3/-,Nippon India Large Cap Fund - Direct Plan Growth Plan - Growth Option,2025-05-20,Investment (SIP),1400,0.07,14.298,97.9113,102.763,2026-08-07
Pai,118632,INF204K01XI3/-,Nippon India Large Cap Fund - Direct Plan Growth Plan - Growth Option,2025-05-27,Investment (SIP),1400,0.07,14.106,99.2431,102.763,2026-08-07
Pai,118632,INF204K01XI3/-,Nippon India Large Cap Fund - Direct Plan Growth Plan - Growth Option,2025-06-03,Investment (SIP),1400,0.07,14.181,98.7161,102.763,2026-08-07
Pai,118632,INF204K01XI3/-,Nippon India Large Cap Fund - Direct Plan Growth Plan - Growth Option,2025-06-10,Investment (SIP),1400,0.07,13.83,101.226,102.763,2026-08-07
Pai,118632,INF204K01XI3/-,Nippon India Large Cap Fund - Direct Plan Growth Plan - Growth Option,2025-06-17,Investment (SIP),1400,0.07,14.027,99.7999,102.763,2026-08-07
Pai,118632,INF204K01XI3/-,Nippon India Large Cap Fund - Direct Plan Growth Plan - Growth Option,2025-06-24,Investment (SIP),1400,0.07,13.925,100.532,102.763,2026-08-07
Pai,118632,INF204K01XI3/-,Nippon India Large Cap Fund - Direct Plan Growth Plan - Growth Option,2025-07-01,Investment (SIP),1400,0.07,13.688,102.274,102.763,2026-08-07
Pai,118632,INF204K01XI3/-,Nippon India Large Cap Fund - Direct Plan Growth Plan - Growth Option,2025-07-08,Investment (SIP),1400,0.07,13.72,102.036,102.763,2026-08-07
Pai,118632,INF204K01XI3/-,Nippon India Large Cap Fund - Direct Plan Growth Plan - Growth Option,2025-07-15,Investment (SIP),1400,0.07,13.804,101.417,102.763,2026-08-07
Pai,118632,INF204K01XI3/-,Nippon India Large Cap Fund - Direct Plan Growth Plan - Growth Option,2025-07-22,Investment (SIP),1400,0.07,13.816,101.327,102.763,2026-08-07
Pai,118632,INF204K01XI3/-,Nippon India Large Cap Fund - Direct Plan Growth Plan - Growth Option,2025-07-29,Investment (SIP),1400,0.07,13.97,100.21,102.763,2026-08-07
Pai,118632,INF204K01XI3/-,Nippon India Large Cap Fund - Direct Plan Growth Plan - Growth Option,2025-08-05,Investment (SIP),1400,0.07,13.984,100.111,102.763,2026-08-07
Pai,118632,INF204K01XI3/-,Nippon India Large Cap Fund - Direct Plan Growth Plan - Growth Option,2025-08-12,Investment (SIP),1400,0.07,14.034,99.7536,102.763,2026-08-07
Pai,118632,INF204K01XI3/-,Nippon India Large Cap Fund - Direct Plan Growth Plan - Growth Option,2025-08-19,Investment (SIP),1400,0.07,13.692,102.242,102.763,2026-08-07
Pai,118632,INF204K01XI3/-,Nippon India Large Cap Fund - Direct Plan Growth Plan - Growth Option,2025-08-26,Investment (SIP),1400,0.07,13.814,101.34,102.763,2026-08-07
Pai,118632,INF204K01XI3/-,Nippon India Large Cap Fund - Direct Plan Growth Plan - Growth Option,2025-09-02,Investment (SIP),1400,0.07,13.862,100.991,102.763,2026-08-07
Pai,118632,INF204K01XI3/-,Nippon India Large Cap Fund - Direct Plan Growth Plan - Growth Option,2025-09-09,Investment (SIP),1400,0.07,13.729,101.968,102.763,2026-08-07
Pai,118632,INF204K01XI3/-,Nippon India Large Cap Fund - Direct Plan Growth Plan - Growth Option,2025-09-16,Investment (SIP),1400,0.07,13.474,103.901,102.763,2026-08-07
Pai,118632,INF204K01XI3/-,Nippon India Large Cap Fund - Direct Plan Growth Plan - Growth Option,2025-09-23,Investment (SIP),1400,0.07,13.485,103.813,102.763,2026-08-07
Pai,118632,INF204K01XI3/-,Nippon India Large Cap Fund - Direct Plan Growth Plan - Growth Option,2025-09-30,Investment (SIP),1400,0.07,13.82,101.3,102.763,2026-08-07
Pai,118632,INF204K01XI3/-,Nippon India Large Cap Fund - Direct Plan Growth Plan - Growth Option,2025-10-07,Investment (SIP),1400,0.07,13.62,102.788,102.763,2026-08-07
Pai,118632,INF204K01XI3/-,Nippon India Large Cap Fund - Direct Plan Growth Plan - Growth Option,2025-10-14,Investment (SIP),1400,0.07,13.652,102.544,102.763,2026-08-07
Pai,118632,INF204K01XI3/-,Nippon India Large Cap Fund - Direct Plan Growth Plan - Growth Option,2025-10-23,Investment (SIP),1400,0.07,13.327,105.043,102.763,2026-08-07
Pai,118632,INF204K01XI3/-,Nippon India Large Cap Fund - Direct Plan Growth Plan - Growth Option,2025-10-28,Investment (SIP),1400,0.07,13.315,105.143,102.763,2026-08-07
Pai,118632,INF204K01XI3/-,Nippon India Large Cap Fund - Direct Plan Growth Plan - Growth Option,2025-11-04,Investment (SIP),1400,0.07,13.423,104.296,102.763,2026-08-07
Pai,118632,INF204K01XI3/-,Nippon India Large Cap Fund - Direct Plan Growth Plan - Growth Option,2025-11-11,Investment (SIP),1400,0.07,13.445,104.124,102.763,2026-08-07
Pai,118632,INF204K01XI3/-,Nippon India Large Cap Fund - Direct Plan Growth Plan - Growth Option,2025-11-18,Investment (SIP),1400,0.07,13.383,104.609,102.763,2026-08-07
Pai,118632,INF204K01XI3/-,Nippon India Large Cap Fund - Direct Plan Growth Plan - Growth Option,2025-11-25,Investment (SIP),1400,0.07,13.439,104.171,102.763,2026-08-07
Pai,118632,INF204K01XI3/-,Nippon India Large Cap Fund - Direct Plan Growth Plan - Growth Option,2025-12-02,Investment (SIP),1400,0.07,13.303,105.237,102.763,2026-08-07
Pai,118632,INF204K01XI3/-,Nippon India Large Cap Fund - Direct Plan Growth Plan - Growth Option,2025-12-09,Investment (SIP),1400,0.07,13.427,104.263,102.763,2026-08-07
Pai,118632,INF204K01XI3/-,Nippon India Large Cap Fund - Direct Plan Growth Plan - Growth Option,2025-12-16,Investment (SIP),1400,0.07,13.399,104.478,102.763,2026-08-07
Pai,118632,INF204K01XI3/-,Nippon India Large Cap Fund - Direct Plan Growth Plan - Growth Option,2025-12-23,Investment (SIP),1400,0.07,13.265,105.538,102.763,2026-08-07
Pai,118632,INF204K01XI3/-,Nippon India Large Cap Fund - Direct Plan Growth Plan - Growth Option,2025-12-30,Investment (SIP),1400,0.07,13.384,104.594,102.763,2026-08-07
Pai,118632,INF204K01XI3/-,Nippon India Large Cap Fund - Direct Plan Growth Plan - Growth Option,2026-01-08,Investment (SIP),1400,0.07,13.418,104.333,102.763,2026-08-07
Pai,118632,INF204K01XI3/-,Nippon India Large Cap Fund - Direct Plan Growth Plan - Growth Option,2026-01-16,Investment (SIP),1400,0.07,13.563,103.214,102.763,2026-08-07
Pai,118632,INF204K01XI3/-,Nippon India Large Cap Fund - Direct Plan Growth Plan - Growth Option,2026-01-22,Investment (SIP),1400,0.07,13.787,101.539,102.763,2026-08-07
Pai,118632,INF204K01XI3/-,Nippon India Large Cap Fund - Direct Plan Growth Plan - Growth Option,2026-01-29,Investment (SIP),1400,0.07,13.672,102.395,102.763,2026-08-07
Pai,118632,INF204K01XI3/-,Nippon India Large Cap Fund - Direct Plan Growth Plan - Growth Option,2026-02-05,Investment (SIP),1400,0.07,13.492,103.759,102.763,2026-08-07
Pai,118632,INF204K01XI3/-,Nippon India Large Cap Fund - Direct Plan Growth Plan - Growth Option,2026-02-12,Investment (SIP),1400,0.07,13.334,104.992,102.763,2026-08-07
Pai,118632,INF204K01XI3/-,Nippon India Large Cap Fund - Direct Plan Growth Plan - Growth Option,2026-02-19,Investment (SIP),1400,0.07,13.514,103.592,102.763,2026-08-07
Pai,118632,INF204K01XI3/-,Nippon India Large Cap Fund - Direct Plan Growth Plan - Growth Option,2026-02-26,Investment (SIP),1400,0.07,13.395,104.507,102.763,2026-08-07
Pai,118632,INF204K01XI3/-,Nippon India Large Cap Fund - Direct Plan Growth Plan - Growth Option,2026-03-05,Investment (SIP),1400,0.07,13.841,101.142,102.763,2026-08-07
Pai,118632,INF204K01XI3/-,Nippon India Large Cap Fund - Direct Plan Growth Plan - Growth Option,2026-03-12,Investment (SIP),1400,0.07,14.386,97.31,102.763,2026-08-07
Pai,118632,INF204K01XI3/-,Nippon India Large Cap Fund - Direct Plan Growth Plan - Growth Option,2026-03-19,Investment (SIP),1400,0.07,14.807,94.5458,102.763,2026-08-07
Pai,118632,INF204K01XI3/-,Nippon India Large Cap Fund - Direct Plan Growth Plan - Growth Option,2026-03-27,Investment (SIP),1400,0.07,14.96,93.579,102.763,2026-08-07
Pai,118632,INF204K01XI3/-,Nippon India Large Cap Fund - Direct Plan Growth Plan - Growth Option,2026-04-02,Investment (SIP),1400,0.07,15.015,93.2361,102.763,2026-08-07
Pai,118632,INF204K01XI3/-,Nippon India Large Cap Fund - Direct Plan Growth Plan - Growth Option,2026-04-09,Investment (SIP),1400,0.07,14.359,97.4948,102.763,2026-08-07
Pai,118632,INF204K01XI3/-,Nippon India Large Cap Fund - Direct Plan Growth Plan - Growth Option,2026-04-16,Investment (SIP),1400,0.07,14.01,99.9263,102.763,2026-08-07
Pai,118632,INF204K01XI3/-,Nippon India Large Cap Fund - Direct Plan Growth Plan - Growth Option,2026-04-23,Investment (SIP),1400,0.07,13.888,100.802,102.763,2026-08-07
Pai,118632,INF204K01XI3/-,Nippon India Large Cap Fund - Direct Plan Growth Plan - Growth Option,2026-04-30,Investment (SIP),1400,0.07,14.063,99.5502,102.763,2026-08-07
Pai,118632,INF204K01XI3/-,Nippon India Large Cap Fund - Direct Plan Growth Plan - Growth Option,2026-05-07,Investment (SIP),1400,0.07,13.821,101.292,102.763,2026-08-07
Pai,118632,INF204K01XI3/-,Nippon India Large Cap Fund - Direct Plan Growth Plan - Growth Option,2026-05-14,Investment (SIP),1400,0.07,14.276,98.0606,102.763,2026-08-07
Pai,118632,INF204K01XI3/-,Nippon India Large Cap Fund - Direct Plan Growth Plan - Growth Option,2026-05-21,Investment (SIP),1400,0.07,14.23,98.3781,102.763,2026-08-07
Pai,118632,INF204K01XI3/-,Nippon India Large Cap Fund - Direct Plan Growth Plan - Growth Option,2026-05-29,Investment (SIP),1400,0.07,14.217,98.4656,102.763,2026-08-07
Pai,118632,INF204K01XI3/-,Nippon India Large Cap Fund - Direct Plan Growth Plan - Growth Option,2026-06-04,Investment (SIP),1400,0.07,14.393,97.2621,102.763,2026-08-07
Pai,118632,INF204K01XI3/-,Nippon India Large Cap Fund - Direct Plan Growth Plan - Growth Option,2026-06-11,Investment (SIP),1400,0.07,14.557,96.1712,102.763,2026-08-07
Pai,118632,INF204K01XI3/-,Nippon India Large Cap Fund - Direct Plan Growth Plan - Growth Option,2026-06-18,Investment (SIP),1400,0.07,13.862,100.99,102.763,2026-08-07
Pai,118632,INF204K01XI3/-,Nippon India Large Cap Fund - Direct Plan Growth Plan - Growth Option,2026-06-25,Investment (SIP),1400,0.07,13.834,101.192,102.763,2026-08-07
Pai,118632,INF204K01XI3/-,Nippon India Large Cap Fund - Direct Plan Growth Plan - Growth Option,2026-07-02,Investment (SIP),1400,0.07,13.8,101.444,102.763,2026-08-07
Pai,118632,INF204K01XI3/-,Nippon India Large Cap Fund - Direct Plan Growth Plan - Growth Option,2026-07-09,Investment (SIP),1400,0.07,13.956,100.309,102.763,2026-08-07
Pai,118632,INF204K01XI3/-,Nippon India Large Cap Fund - Direct Plan Growth Plan - Growth Option,2026-07-16,Investment (SIP),1400,0.07,13.853,101.059,102.763,2026-08-07
Pai,118632,INF204K01XI3/-,Nippon India Large Cap Fund - Direct Plan Growth Plan - Growth Option,2026-07-23,Investment (SIP),1400,0.07,14.037,99.7294,102.763,2026-08-07
Pai,118632,INF204K01XI3/-,Nippon India Large Cap Fund - Direct Plan Growth Plan - Growth Option,2026-07-30,Investment (SIP),1400,0.07,13.785,101.556,102.763,2026-08-07
Pai,118632,INF204K01XI3/-,Nippon India Large Cap Fund - Direct Plan Growth Plan - Growth Option,2026-08-06,Investment (SIP),1400,0.07,13.594,102.978,102.763,2026-08-07
Pai,138528,INF223J01NF2/-,PGIM India Global Equity Opportunities Fund of Fund- Direct Plan - Growth,2020-07-10,Investment,10000,0.5,326.568,30.62,,
Pai,138528,INF223J01NF2/-,PGIM India Global Equity Opportunities Fund of Fund- Direct Plan - Growth,2020-12-31,Investment,5000,0.25,131.296,38.08,,
Pai,138528,INF223J01NF2/-,PGIM India Global Equity Opportunities Fund of Fund- Direct Plan - Growth,2021-02-02,Investment,15000,0.75,387.377,38.72,,
Pai,138528,INF223J01NF2/-,PGIM India Global Equity Opportunities Fund of Fund- Direct Plan - Growth,2024-03-14,Redemption,-37740,0,-845.241,44.65,,
Pai,125307,INF663L01DV3/-,PGIM India Midcap Fund - Direct Plan - Growth Option,2021-03-02,Investment,15000,0.75,437.168,34.31,78.17,2026-08-07
Pai,125307,INF663L01DV3/-,PGIM India Midcap Fund - Direct Plan - Growth Option,2021-05-03,Investment,15000,0.75,419.794,35.73,78.17,2026-08-07
Pai,125307,INF663L01DV3/-,PGIM India Midcap Fund - Direct Plan - Growth Option,2021-07-01,Investment,10000,0.5,249.613,40.06,78.17,2026-08-07
Pai,125307,INF663L01DV3/-,PGIM India Midcap Fund - Direct Plan - Growth Option,2021-08-02,Investment,5000,0.25,114.91,43.51,78.17,2026-08-07
Pai,125307,INF663L01DV3/-,PGIM India Midcap Fund - Direct Plan - Growth Option,2021-09-01,Investment,5000,0.25,111.851,44.7,78.17,2026-08-07
Pai,125307,INF663L01DV3/-,PGIM India Midcap Fund - Direct Plan - Growth Option,2021-11-01,Investment,5000,0.25,103.772,48.18,78.17,2026-08-07
Pai,125307,INF663L01DV3/-,PGIM India Midcap Fund - Direct Plan - Growth Option,2021-12-01,Investment,10000,0.5,214.214,46.68,78.17,2026-08-07
Pai,125307,INF663L01DV3/-,PGIM India Midcap Fund - Direct Plan - Growth Option,2021-12-08,Investment,55000,2.75,1153.71,47.67,78.17,2026-08-07
Pai,125307,INF663L01DV3/-,PGIM India Midcap Fund - Direct Plan - Growth Option,2022-06-01,Investment,10000,0.5,222.557,44.93,78.17,2026-08-07
Pai,125307,INF663L01DV3/-,PGIM India Midcap Fund - Direct Plan - Growth Option,2022-08-01,Investment,10000,0.5,206.473,48.43,78.17,2026-08-07
Pai,125307,INF663L01DV3/-,PGIM India Midcap Fund - Direct Plan - Growth Option,2022-10-27,Investment,5000,0.25,100.276,49.86,78.17,2026-08-07
Pai,125307,INF663L01DV3/-,PGIM India Midcap Fund - Direct Plan - Growth Option,2022-12-05,Investment (SIP),1250,0.06,24.29,51.46,78.17,2026-08-07
Pai,125307,INF663L01DV3/-,PGIM India Midcap Fund - Direct Plan - Growth Option,2022-12-13,Investment (SIP),1250,0.06,24.639,50.73,78.17,2026-08-07
Pai,125307,INF663L01DV3/-,PGIM India Midcap Fund - Direct Plan - Growth Option,2022-12-19,Investment (SIP),1250,0.06,24.959,50.08,78.17,2026-08-07
Pai,125307,INF663L01DV3/-,PGIM India Midcap Fund - Direct Plan - Growth Option,2022-12-26,Investment (SIP),1250,0.06,25.745,48.55,78.17,2026-08-07
Pai,125307,INF663L01DV3/-,PGIM India Midcap Fund - Direct Plan - Growth Option,2023-01-02,Investment (SIP),1250,0.06,25.349,49.31,78.17,2026-08-07
Pai,125307,INF663L01DV3/-,PGIM India Midcap Fund - Direct Plan - Growth Option,2023-01-09,Investment (SIP),1250,0.06,25.478,49.06,78.17,2026-08-07
Pai,125307,INF663L01DV3/-,PGIM India Midcap Fund - Direct Plan - Growth Option,2023-01-16,Investment (SIP),1250,0.06,25.708,48.62,78.17,2026-08-07
Pai,125307,INF663L01DV3/-,PGIM India Midcap Fund - Direct Plan - Growth Option,2023-01-23,Investment (SIP),1250,0.06,25.735,48.57,78.17,2026-08-07
Pai,125307,INF663L01DV3/-,PGIM India Midcap Fund - Direct Plan - Growth Option,2023-01-30,Investment (SIP),1250,0.06,26.376,47.39,78.17,2026-08-07
Pai,125307,INF663L01DV3/-,PGIM India Midcap Fund - Direct Plan - Growth Option,2023-02-06,Investment (SIP),1250,0.06,26.057,47.97,78.17,2026-08-07
Pai,125307,INF663L01DV3/-,PGIM India Midcap Fund - Direct Plan - Growth Option,2023-02-13,Investment (SIP),1250,0.06,25.954,48.16,78.17,2026-08-07
Pai,125307,INF663L01DV3/-,PGIM India Midcap Fund - Direct Plan - Growth Option,2023-02-20,Investment (SIP),1250,0.06,25.868,48.32,78.17,2026-08-07
Pai,125307,INF663L01DV3/-,PGIM India Midcap Fund - Direct Plan - Growth Option,2023-02-27,Investment (SIP),1250,0.06,26.342,47.45,78.17,2026-08-07
Pai,125307,INF663L01DV3/-,PGIM India Midcap Fund - Direct Plan - Growth Option,2023-03-06,Investment (SIP),1250,0.06,25.895,48.27,78.17,2026-08-07
Pai,125307,INF663L01DV3/-,PGIM India Midcap Fund - Direct Plan - Growth Option,2023-03-13,Investment (SIP),1250,0.06,26.583,47.02,78.17,2026-08-07
Pai,125307,INF663L01DV3/-,PGIM India Midcap Fund - Direct Plan - Growth Option,2023-03-20,Investment (SIP),1250,0.06,26.886,46.49,78.17,2026-08-07
Pai,125307,INF663L01DV3/-,PGIM India Midcap Fund - Direct Plan - Growth Option,2023-03-27,Investment (SIP),1250,0.06,27.196,45.96,78.17,2026-08-07
Pai,125307,INF663L01DV3/-,PGIM India Midcap Fund - Direct Plan - Growth Option,2023-04-05,Investment (SIP),1250,0.06,26.634,46.93,78.17,2026-08-07
Pai,125307,INF663L01DV3/-,PGIM India Midcap Fund - Direct Plan - Growth Option,2023-04-10,Investment (SIP),2500,0.13,53.065,47.11,78.17,2026-08-07
Pai,125307,INF663L01DV3/-,PGIM India Midcap Fund - Direct Plan - Growth Option,2023-04-17,Investment (SIP),2500,0.13,52.729,47.41,78.17,2026-08-07
Pai,125307,INF663L01DV3/-,PGIM India Midcap Fund - Direct Plan - Growth Option,2023-04-25,Investment (SIP),2500,0.13,53.132,47.05,78.17,2026-08-07
Pai,125307,INF663L01DV3/-,PGIM India Midcap Fund - Direct Plan - Growth Option,2023-05-02,Investment (SIP),1250,0.06,25.965,48.14,78.17,2026-08-07
Pai,125307,INF663L01DV3/-,PGIM India Midcap Fund - Direct Plan - Growth Option,2023-05-08,Investment (SIP),1250,0.06,25.614,48.8,78.17,2026-08-07
Pai,125307,INF663L01DV3/-,PGIM India Midcap Fund - Direct Plan - Growth Option,2023-05-15,Investment (SIP),1250,0.06,25.313,49.38,78.17,2026-08-07
Pai,125307,INF663L01DV3/-,PGIM India Midcap Fund - Direct Plan - Growth Option,2023-05-22,Investment (SIP),1250,0.06,25.19,49.62,78.17,2026-08-07
Pai,125307,INF663L01DV3/-,PGIM India Midcap Fund - Direct Plan - Growth Option,2023-05-29,Investment (SIP),1250,0.06,24.805,50.39,78.17,2026-08-07
Pai,125307,INF663L01DV3/-,PGIM India Midcap Fund - Direct Plan - Growth Option,2023-06-07,Investment (SIP),1250,0.06,24.285,51.47,78.17,2026-08-07
Pai,125307,INF663L01DV3/-,PGIM India Midcap Fund - Direct Plan - Growth Option,2023-06-12,Investment (SIP),1250,0.06,24.494,51.03,78.17,2026-08-07
Pai,125307,INF663L01DV3/-,PGIM India Midcap Fund - Direct Plan - Growth Option,2023-06-19,Investment (SIP),1250,0.06,24.019,52.04,78.17,2026-08-07
Pai,125307,INF663L01DV3/-,PGIM India Midcap Fund - Direct Plan - Growth Option,2023-06-26,Investment (SIP),1250,0.06,24.07,51.93,78.17,2026-08-07
Pai,125307,INF663L01DV3/-,PGIM India Midcap Fund - Direct Plan - Growth Option,2023-07-03,Investment (SIP),1250,0.06,23.714,52.71,78.17,2026-08-07
Pai,125307,INF663L01DV3/-,PGIM India Midcap Fund - Direct Plan - Growth Option,2023-07-10,Investment (SIP),1250,0.06,23.736,52.66,78.17,2026-08-07
Pai,125307,INF663L01DV3/-,PGIM India Midcap Fund - Direct Plan - Growth Option,2023-07-17,Investment (SIP),1250,0.06,23.294,53.66,78.17,2026-08-07
Pai,125307,INF663L01DV3/-,PGIM India Midcap Fund - Direct Plan - Growth Option,2023-07-24,Investment (SIP),1250,0.06,23.438,53.33,78.17,2026-08-07
Pai,125307,INF663L01DV3/-,PGIM India Midcap Fund - Direct Plan - Growth Option,2023-07-31,Investment (SIP),1250,0.06,23.096,54.12,78.17,2026-08-07
Pai,125307,INF663L01DV3/-,PGIM India Midcap Fund - Direct Plan - Growth Option,2023-08-07,Investment (SIP),1250,0.06,23.126,54.05,78.17,2026-08-07
Pai,125307,INF663L01DV3/-,PGIM India Midcap Fund - Direct Plan - Growth Option,2023-08-14,Investment (SIP),1250,0.06,23.42,53.37,78.17,2026-08-07
Pai,125307,INF663L01DV3/-,PGIM India Midcap Fund - Direct Plan - Growth Option,2023-08-22,Investment (SIP),1250,0.06,23.143,54.01,78.17,2026-08-07
Pai,125307,INF663L01DV3/-,PGIM India Midcap Fund - Direct Plan - Growth Option,2023-08-28,Investment (SIP),1250,0.06,23.147,54,78.17,2026-08-07
Pai,125307,INF663L01DV3/-,PGIM India Midcap Fund - Direct Plan - Growth Option,2023-09-04,Investment (SIP),1250,0.06,22.673,55.13,78.17,2026-08-07
Pai,125307,INF663L01DV3/-,PGIM India Midcap Fund - Direct Plan - Growth Option,2023-09-11,Investment (SIP),1250,0.06,21.898,57.08,78.17,2026-08-07
Pai,125307,INF663L01DV3/-,PGIM India Midcap Fund - Direct Plan - Growth Option,2023-09-18,Investment (SIP),1250,0.06,22.372,55.87,78.17,2026-08-07
Pai,125307,INF663L01DV3/-,PGIM India Midcap Fund - Direct Plan - Growth Option,2023-09-25,Investment (SIP),1250,0.06,22.759,54.92,78.17,2026-08-07
Pai,125307,INF663L01DV3/-,PGIM India Midcap Fund - Direct Plan - Growth Option,2023-10-03,Investment (SIP),1250,0.06,22.685,55.1,78.17,2026-08-07
Pai,125307,INF663L01DV3/-,PGIM India Midcap Fund - Direct Plan - Growth Option,2023-10-09,Investment (SIP),1250,0.06,22.947,54.47,78.17,2026-08-07
Pai,125307,INF663L01DV3/-,PGIM India Midcap Fund - Direct Plan - Growth Option,2023-10-16,Investment (SIP),1250,0.06,22.591,55.33,78.17,2026-08-07
Pai,125307,INF663L01DV3/-,PGIM India Midcap Fund - Direct Plan - Growth Option,2023-10-23,Investment (SIP),1250,0.06,23.359,53.51,78.17,2026-08-07
Pai,125307,INF663L01DV3/-,PGIM India Midcap Fund - Direct Plan - Growth Option,2023-10-30,Investment (SIP),1250,0.06,23.359,53.51,78.17,2026-08-07
Pai,125307,INF663L01DV3/-,PGIM India Midcap Fund - Direct Plan - Growth Option,2023-11-06,Investment (SIP),1250,0.06,22.776,54.88,78.17,2026-08-07
Pai,125307,INF663L01DV3/-,PGIM India Midcap Fund - Direct Plan - Growth Option,2023-11-13,Investment (SIP),1250,0.06,22.526,55.49,78.17,2026-08-07
Pai,125307,INF663L01DV3/-,PGIM India Midcap Fund - Direct Plan - Growth Option,2023-11-20,Investment (SIP),1000,0.05,17.689,56.53,78.17,2026-08-07
Pai,125307,INF663L01DV3/-,PGIM India Midcap Fund - Direct Plan - Growth Option,2023-11-28,Investment (SIP),1000,0.05,17.531,57.04,78.17,2026-08-07
Pai,125307,INF663L01DV3/-,PGIM India Midcap Fund - Direct Plan - Growth Option,2023-12-04,Investment (SIP),1000,0.05,17.076,58.56,78.17,2026-08-07
Pai,125307,INF663L01DV3/-,PGIM India Midcap Fund - Direct Plan - Growth Option,2025-04-07,Redemption,-205266,0,-3234.06,63.47,78.17,2026-08-07
Pai,122639,INF879O01027/-,Parag Parikh Flexi Cap Fund - Direct Plan - Growth,2020-05-26,Investment,10000,0,394.91,25.3222,92.3269,2026-08-07
Pai,122639,INF879O01027/-,Parag Parikh Flexi Cap Fund - Direct Plan - Growth,2020-06-02,Investment,4000,0,148.943,26.8559,92.3269,2026-08-07
Pai,122639,INF879O01027/-,Parag Parikh Flexi Cap Fund - Direct Plan - Growth,2020-07-01,Investment,6000,0.3,212.949,28.1744,92.3269,2026-08-07
Pai,122639,INF879O01027/-,Parag Parikh Flexi Cap Fund - Direct Plan - Growth,2020-08-03,Investment,10000,0.5,326.663,30.6111,92.3269,2026-08-07
Pai,122639,INF879O01027/-,Parag Parikh Flexi Cap Fund - Direct Plan - Growth,2020-09-01,Investment,20000,1,617.459,32.3892,92.3269,2026-08-07
Pai,122639,INF879O01027/-,Parag Parikh Flexi Cap Fund - Direct Plan - Growth,2021-02-02,Investment,5000,0.25,129.817,38.5137,92.3269,2026-08-07
Pai,122639,INF879O01027/-,Parag Parikh Flexi Cap Fund - Direct Plan - Growth,2021-02-09,Investment,10000,0.5,250.723,39.8827,92.3269,2026-08-07
Pai,122639,INF879O01027/-,Parag Parikh Flexi Cap Fund - Direct Plan - Growth,2021-11-01,Investment,10000,0.5,185.897,53.7905,92.3269,2026-08-07
Pai,122639,INF879O01027/-,Parag Parikh Flexi Cap Fund - Direct Plan - Growth,2021-12-01,Investment,5000,0.25,94.244,53.0511,92.3269,2026-08-07
Pai,122639,INF879O01027/-,Parag Parikh Flexi Cap Fund - Direct Plan - Growth,2022-04-01,Investment,30000,1.5,567.499,52.8609,92.3269,2026-08-07
Pai,122639,INF879O01027/-,Parag Parikh Flexi Cap Fund - Direct Plan - Growth,2022-08-01,Investment,10000,0.5,197.401,50.6558,92.3269,2026-08-07
Pai,122639,INF879O01027/-,Parag Parikh Flexi Cap Fund - Direct Plan - Growth,2023-04-03,Investment,81000,4.05,1516.68,53.4035,92.3269,2026-08-07
Pai,122639,INF879O01027/-,Parag Parikh Flexi Cap Fund - Direct Plan - Growth,2023-04-10,Investment (SIP),2500,0.13,46.15,54.1678,92.3269,2026-08-07
Pai,122639,INF879O01027/-,Parag Parikh Flexi Cap Fund - Direct Plan - Growth,2023-04-17,Investment (SIP),2500,0.13,45.782,54.6034,92.3269,2026-08-07
Pai,122639,INF879O01027/-,Parag Parikh Flexi Cap Fund - Direct Plan - Growth,2023-04-25,Investment (SIP),2500,0.13,45.554,54.8765,92.3269,2026-08-07
Pai,122639,INF879O01027/-,Parag Parikh Flexi Cap Fund - Direct Plan - Growth,2023-05-02,Investment (SIP),1250,0.06,22.302,56.0465,92.3269,2026-08-07
Pai,122639,INF879O01027/-,Parag Parikh Flexi Cap Fund - Direct Plan - Growth,2023-05-08,Investment (SIP),1250,0.06,22.251,56.1744,92.3269,2026-08-07
Pai,122639,INF879O01027/-,Parag Parikh Flexi Cap Fund - Direct Plan - Growth,2023-05-15,Investment (SIP),1250,0.06,22.024,56.7543,92.3269,2026-08-07
Pai,122639,INF879O01027/-,Parag Parikh Flexi Cap Fund - Direct Plan - Growth,2023-05-22,Investment (SIP),1250,0.06,21.94,56.9716,92.3269,2026-08-07
Pai,122639,INF879O01027/-,Parag Parikh Flexi Cap Fund - Direct Plan - Growth,2023-05-29,Investment (SIP),1250,0.06,21.434,58.3159,92.3269,2026-08-07
Pai,122639,INF879O01027/-,Parag Parikh Flexi Cap Fund - Direct Plan - Growth,2023-06-07,Investment (SIP),1250,0.06,21.279,58.7393,92.3269,2026-08-07
Pai,122639,INF879O01027/-,Parag Parikh Flexi Cap Fund - Direct Plan - Growth,2023-06-12,Investment (SIP),1250,0.06,21.546,58.0131,92.3269,2026-08-07
Pai,122639,INF879O01027/-,Parag Parikh Flexi Cap Fund - Direct Plan - Growth,2023-06-19,Investment (SIP),1250,0.06,21.267,58.7729,92.3269,2026-08-07
Pai,122639,INF879O01027/-,Parag Parikh Flexi Cap Fund - Direct Plan - Growth,2023-06-26,Investment (SIP),1250,0.06,21.2,58.9582,92.3269,2026-08-07
Pai,122639,INF879O01027/-,Parag Parikh Flexi Cap Fund - Direct Plan - Growth,2023-07-03,Investment (SIP),1250,0.06,20.859,59.9238,92.3269,2026-08-07
Pai,122639,INF879O01027/-,Parag Parikh Flexi Cap Fund - Direct Plan - Growth,2023-07-10,Investment (SIP),1250,0.06,20.945,59.6766,92.3269,2026-08-07
Pai,122639,INF879O01027/-,Parag Parikh Flexi Cap Fund - Direct Plan - Growth,2023-07-17,Investment (SIP),1250,0.06,20.553,60.8153,92.3269,2026-08-07
Pai,122639,INF879O01027/-,Parag Parikh Flexi Cap Fund - Direct Plan - Growth,2023-07-24,Investment (SIP),1250,0.06,20.648,60.5348,92.3269,2026-08-07
Pai,122639,INF879O01027/-,Parag Parikh Flexi Cap Fund - Direct Plan - Growth,2023-07-31,Investment (SIP),1250,0.06,20.29,61.6034,92.3269,2026-08-07
Pai,122639,INF879O01027/-,Parag Parikh Flexi Cap Fund - Direct Plan - Growth,2023-08-07,Investment (SIP),1250,0.06,20.374,61.3507,92.3269,2026-08-07
Pai,122639,INF879O01027/-,Parag Parikh Flexi Cap Fund - Direct Plan - Growth,2023-08-14,Investment (SIP),1250,0.06,20.485,61.0184,92.3269,2026-08-07
Pai,122639,INF879O01027/-,Parag Parikh Flexi Cap Fund - Direct Plan - Growth,2023-08-22,Investment (SIP),1250,0.06,20.59,60.7055,92.3269,2026-08-07
Pai,122639,INF879O01027/-,Parag Parikh Flexi Cap Fund - Direct Plan - Growth,2023-08-28,Investment (SIP),1250,0.06,20.55,60.8243,92.3269,2026-08-07
Pai,122639,INF879O01027/-,Parag Parikh Flexi Cap Fund - Direct Plan - Growth,2023-09-04,Investment (SIP),1250,0.06,20.105,62.1717,92.3269,2026-08-07
Pai,122639,INF879O01027/-,Parag Parikh Flexi Cap Fund - Direct Plan - Growth,2023-09-11,Investment (SIP),1250,0.06,19.603,63.7631,92.3269,2026-08-07
Pai,122639,INF879O01027/-,Parag Parikh Flexi Cap Fund - Direct Plan - Growth,2023-09-18,Investment (SIP),1250,0.06,19.568,63.8768,92.3269,2026-08-07
Pai,122639,INF879O01027/-,Parag Parikh Flexi Cap Fund - Direct Plan - Growth,2023-09-25,Investment (SIP),1250,0.06,19.924,62.7359,92.3269,2026-08-07
Pai,122639,INF879O01027/-,Parag Parikh Flexi Cap Fund - Direct Plan - Growth,2023-10-03,Investment (SIP),1250,0.06,20.001,62.4944,92.3269,2026-08-07
Pai,122639,INF879O01027/-,Parag Parikh Flexi Cap Fund - Direct Plan - Growth,2023-10-09,Investment (SIP),1250,0.06,19.968,62.5967,92.3269,2026-08-07
Pai,122639,INF879O01027/-,Parag Parikh Flexi Cap Fund - Direct Plan - Growth,2023-10-16,Investment (SIP),1250,0.06,19.562,63.8978,92.3269,2026-08-07
Pai,122639,INF879O01027/-,Parag Parikh Flexi Cap Fund - Direct Plan - Growth,2023-10-23,Investment (SIP),1250,0.06,19.895,62.8266,92.3269,2026-08-07
Pai,122639,INF879O01027/-,Parag Parikh Flexi Cap Fund - Direct Plan - Growth,2023-10-30,Investment (SIP),1250,0.06,19.931,62.7132,92.3269,2026-08-07
Pai,122639,INF879O01027/-,Parag Parikh Flexi Cap Fund - Direct Plan - Growth,2023-11-06,Investment (SIP),1250,0.06,19.518,64.0403,92.3269,2026-08-07
Pai,122639,INF879O01027/-,Parag Parikh Flexi Cap Fund - Direct Plan - Growth,2023-11-13,Investment (SIP),1250,0.06,19.116,65.387,92.3269,2026-08-07
Pai,122639,INF879O01027/-,Parag Parikh Flexi Cap Fund - Direct Plan - Growth,2023-11-20,Investment (SIP),1000,0.05,15.148,66.0121,92.3269,2026-08-07
Pai,122639,INF879O01027/-,Parag Parikh Flexi Cap Fund - Direct Plan - Growth,2023-11-28,Investment (SIP),1000,0.05,15.003,66.6512,92.3269,2026-08-07
Pai,122639,INF879O01027/-,Parag Parikh Flexi Cap Fund - Direct Plan - Growth,2023-12-04,Investment (SIP),1000,0.05,14.709,67.9811,92.3269,2026-08-07
Pai,122639,INF879O01027/-,Parag Parikh Flexi Cap Fund - Direct Plan - Growth,2023-12-11,Investment (SIP),1000,0.05,14.539,68.7782,92.3269,2026-08-07
Pai,122639,INF879O01027/-,Parag Parikh Flexi Cap Fund - Direct Plan - Growth,2023-12-18,Investment (SIP),1000,0.05,14.364,69.6142,92.3269,2026-08-07
Pai,122639,INF879O01027/-,Parag Parikh Flexi Cap Fund - Direct Plan - Growth,2023-12-26,Investment (SIP),1000,0.05,14.319,69.8354,92.3269,2026-08-07
Pai,122639,INF879O01027/-,Parag Parikh Flexi Cap Fund - Direct Plan - Growth,2024-01-01,Investment (SIP),1000,0.05,14.191,70.4621,92.3269,2026-08-07
Pai,122639,INF879O01027/-,Parag Parikh Flexi Cap Fund - Direct Plan - Growth,2024-01-08,Investment (SIP),1000,0.05,14.216,70.3416,92.3269,2026-08-07
Pai,122639,INF879O01027/-,Parag Parikh Flexi Cap Fund - Direct Plan - Growth,2024-01-15,Investment (SIP),1000,0.05,13.916,71.8577,92.3269,2026-08-07
Pai,122639,INF879O01027/-,Parag Parikh Flexi Cap Fund - Direct Plan - Growth,2024-01-23,Investment (SIP),1000,0.05,14.19,70.4662,92.3269,2026-08-07
Pai,122639,INF879O01027/-,Parag Parikh Flexi Cap Fund - Direct Plan - Growth,2024-01-29,Investment (SIP),1000,0.05,13.855,72.1704,92.3269,2026-08-07
Pai,122639,INF879O01027/-,Parag Parikh Flexi Cap Fund - Direct Plan - Growth,2024-02-07,Investment (SIP),1000,0.05,13.453,74.3294,92.3269,2026-08-07
Pai,122639,INF879O01027/-,Parag Parikh Flexi Cap Fund - Direct Plan - Growth,2024-02-12,Investment (SIP),1000,0.05,13.609,73.4745,92.3269,2026-08-07
Pai,122639,INF879O01027/-,Parag Parikh Flexi Cap Fund - Direct Plan - Growth,2024-02-19,Investment (SIP),0,0,0,0,92.3269,2026-08-07
Pai,122639,INF879O01027/-,Parag Parikh Flexi Cap Fund - Direct Plan - Growth,2024-02-26,Investment (SIP),0,0,0,0,92.3269,2026-08-07
Pai,122639,INF879O01027/-,Parag Parikh Flexi Cap Fund - Direct Plan - Growth,2024-02-28,Investment,2000,0.1,26.976,74.1358,92.3269,2026-08-07
Pai,122639,INF879O01027/-,Parag Parikh Flexi Cap Fund - Direct Plan - Growth,2024-03-05,Investment,1000,0.05,13.281,75.289,92.3269,2026-08-07
Pai,122639,INF879O01027/-,Parag Parikh Flexi Cap Fund - Direct Plan - Growth,2024-03-06,Investment (SIP),1000,0.05,13.275,75.3257,92.3269,2026-08-07
Pai,122639,INF879O01027/-,Parag Parikh Flexi Cap Fund - Direct Plan - Growth,2024-03-11,Investment (SIP),0,0,0,0,92.3269,2026-08-07
Pai,122639,INF879O01027/-,Parag Parikh Flexi Cap Fund - Direct Plan - Growth,2024-03-18,Investment (SIP),0,0,0,0,92.3269,2026-08-07
Pai,122639,INF879O01027/-,Parag Parikh Flexi Cap Fund - Direct Plan - Growth,2024-03-20,Investment (SIP),1000,0.05,13.551,73.79,92.3269,2026-08-07
Pai,122639,INF879O01027/-,Parag Parikh Flexi Cap Fund - Direct Plan - Growth,2024-03-27,Investment (SIP),1000,0.05,13.429,74.4617,92.3269,2026-08-07
Pai,122639,INF879O01027/-,Parag Parikh Flexi Cap Fund - Direct Plan - Growth,2024-04-03,Investment (SIP),1000,0.05,13.201,75.7476,92.3269,2026-08-07
Pai,122639,INF879O01027/-,Parag Parikh Flexi Cap Fund - Direct Plan - Growth,2024-04-10,Investment (SIP),1000,0.05,12.945,77.2477,92.3269,2026-08-07
Pai,122639,INF879O01027/-,Parag Parikh Flexi Cap Fund - Direct Plan - Growth,2024-04-18,Investment (SIP),1000,0.05,13.274,75.329,92.3269,2026-08-07
Pai,122639,INF879O01027/-,Parag Parikh Flexi Cap Fund - Direct Plan - Growth,2024-04-24,Investment (SIP),1000,0.05,13.009,76.8651,92.3269,2026-08-07
Pai,122639,INF879O01027/-,Parag Parikh Flexi Cap Fund - Direct Plan - Growth,2024-05-02,Investment,1000,0.05,12.897,77.5363,92.3269,2026-08-07
Pai,122639,INF879O01027/-,Parag Parikh Flexi Cap Fund - Direct Plan - Growth,2024-05-07,Investment (SIP),1000,0.05,12.943,77.2593,92.3269,2026-08-07
Pai,122639,INF879O01027/-,Parag Parikh Flexi Cap Fund - Direct Plan - Growth,2024-05-13,Investment (SIP),1000,0.05,12.987,76.9965,92.3269,2026-08-07
Pai,122639,INF879O01027/-,Parag Parikh Flexi Cap Fund - Direct Plan - Growth,2024-05-21,Investment (SIP),1000,0.05,12.724,78.5887,92.3269,2026-08-07
Pai,122639,INF879O01027/-,Parag Parikh Flexi Cap Fund - Direct Plan - Growth,2024-05-27,Investment (SIP),1000,0.05,12.668,78.9329,92.3269,2026-08-07
Pai,122639,INF879O01027/-,Parag Parikh Flexi Cap Fund - Direct Plan - Growth,2024-06-04,Investment (SIP),1000,0.05,13.151,76.0338,92.3269,2026-08-07
Pai,122639,INF879O01027/-,Parag Parikh Flexi Cap Fund - Direct Plan - Growth,2024-06-10,Investment (SIP),1000,0.05,12.476,80.15,92.3269,2026-08-07
Pai,122639,INF879O01027/-,Parag Parikh Flexi Cap Fund - Direct Plan - Growth,2024-06-18,Investment (SIP),1000,0.05,12.351,80.9622,92.3269,2026-08-07
Pai,122639,INF879O01027/-,Parag Parikh Flexi Cap Fund - Direct Plan - Growth,2024-06-24,Investment (SIP),1000,0.05,12.27,81.4983,92.3269,2026-08-07
Pai,122639,INF879O01027/-,Parag Parikh Flexi Cap Fund - Direct Plan - Growth,2024-07-02,Investment (SIP),1000,0.05,12.117,82.5255,92.3269,2026-08-07
Pai,122639,INF879O01027/-,Parag Parikh Flexi Cap Fund - Direct Plan - Growth,2024-07-08,Investment (SIP),1000,0.05,11.907,83.9784,92.3269,2026-08-07
Pai,122639,INF879O01027/-,Parag Parikh Flexi Cap Fund - Direct Plan - Growth,2024-07-15,Investment (SIP),1000,0.05,11.86,84.3118,92.3269,2026-08-07
Pai,122639,INF879O01027/-,Parag Parikh Flexi Cap Fund - Direct Plan - Growth,2024-07-22,Investment (SIP),1000,0.05,11.935,83.7829,92.3269,2026-08-07
Pai,122639,INF879O01027/-,Parag Parikh Flexi Cap Fund - Direct Plan - Growth,2024-07-29,Investment (SIP),1000,0.05,11.872,84.2303,92.3269,2026-08-07
Pai,122639,INF879O01027/-,Parag Parikh Flexi Cap Fund - Direct Plan - Growth,2024-08-06,Investment (SIP),1000,0.05,12.167,82.1857,92.3269,2026-08-07
Pai,122639,INF879O01027/-,Parag Parikh Flexi Cap Fund - Direct Plan - Growth,2024-08-12,Investment (SIP),1000,0.05,11.944,83.7172,92.3269,2026-08-07
Pai,122639,INF879O01027/-,Parag Parikh Flexi Cap Fund - Direct Plan - Growth,2024-08-19,Investment (SIP),1000,0.05,11.808,84.6819,92.3269,2026-08-07
Pai,122639,INF879O01027/-,Parag Parikh Flexi Cap Fund - Direct Plan - Growth,2024-08-26,Investment (SIP),1000,0.05,11.66,85.7622,92.3269,2026-08-07
Pai,122639,INF879O01027/-,Parag Parikh Flexi Cap Fund - Direct Plan - Growth,2024-09-02,Investment (SIP),1000,0.05,11.575,86.3868,92.3269,2026-08-07
Pai,122639,INF879O01027/-,Parag Parikh Flexi Cap Fund - Direct Plan - Growth,2024-09-09,Investment (SIP),1000,0.05,11.757,85.0535,92.3269,2026-08-07
Pai,122639,INF879O01027/-,Parag Parikh Flexi Cap Fund - Direct Plan - Growth,2024-09-16,Investment (SIP),1000,0.05,11.489,87.0366,92.3269,2026-08-07
Pai,122639,INF879O01027/-,Parag Parikh Flexi Cap Fund - Direct Plan - Growth,2024-09-23,Investment (SIP),1000,0.05,11.239,88.969,92.3269,2026-08-07
Pai,122639,INF879O01027/-,Parag Parikh Flexi Cap Fund - Direct Plan - Growth,2024-09-30,Investment (SIP),1000,0.05,11.284,88.6165,92.3269,2026-08-07
Pai,122639,INF879O01027/-,Parag Parikh Flexi Cap Fund - Direct Plan - Growth,2024-10-08,Investment (SIP),1250,0.06,14.42,86.6821,92.3269,2026-08-07
Pai,122639,INF879O01027/-,Parag Parikh Flexi Cap Fund - Direct Plan - Growth,2024-10-14,Investment (SIP),1250,0.06,14.224,87.8732,92.3269,2026-08-07
Pai,122639,INF879O01027/-,Parag Parikh Flexi Cap Fund - Direct Plan - Growth,2024-10-21,Investment (SIP),1250,0.06,14.305,87.3748,92.3269,2026-08-07
Pai,122639,INF879O01027/-,Parag Parikh Flexi Cap Fund - Direct Plan - Growth,2024-10-28,Investment (SIP),1250,0.06,14.481,86.3152,92.3269,2026-08-07
Pai,122639,INF879O01027/-,Parag Parikh Flexi Cap Fund - Direct Plan - Growth,2024-11-05,Investment (SIP),1250,0.06,14.471,86.3781,92.3269,2026-08-07
Pai,122639,INF879O01027/-,Parag Parikh Flexi Cap Fund - Direct Plan - Growth,2024-11-11,Investment (SIP),1250,0.06,14.324,87.2638,92.3269,2026-08-07
Pai,122639,INF879O01027/-,Parag Parikh Flexi Cap Fund - Direct Plan - Growth,2024-11-18,Investment (SIP),1250,0.06,14.663,85.2443,92.3269,2026-08-07
Pai,122639,INF879O01027/-,Parag Parikh Flexi Cap Fund - Direct Plan - Growth,2024-11-25,Investment (SIP),1250,0.06,14.379,86.9296,92.3269,2026-08-07
Pai,122639,INF879O01027/-,Parag Parikh Flexi Cap Fund - Direct Plan - Growth,2024-12-02,Investment (SIP),1250,0.06,14.32,87.2842,92.3269,2026-08-07
Pai,122639,INF879O01027/-,Parag Parikh Flexi Cap Fund - Direct Plan - Growth,2024-12-09,Investment (SIP),1250,0.06,14.076,88.7982,92.3269,2026-08-07
Pai,122639,INF879O01027/-,Parag Parikh Flexi Cap Fund - Direct Plan - Growth,2024-12-16,Investment (SIP),1250,0.06,13.943,89.6441,92.3269,2026-08-07
Pai,122639,INF879O01027/-,Parag Parikh Flexi Cap Fund - Direct Plan - Growth,2024-12-23,Investment (SIP),1400,0.07,16.011,87.4345,92.3269,2026-08-07
Pai,122639,INF879O01027/-,Parag Parikh Flexi Cap Fund - Direct Plan - Growth,2024-12-30,Investment (SIP),1400,0.07,15.915,87.9604,92.3269,2026-08-07
Pai,122639,INF879O01027/-,Parag Parikh Flexi Cap Fund - Direct Plan - Growth,2025-01-06,Investment (SIP),1400,0.07,16.027,87.3465,92.3269,2026-08-07
Pai,122639,INF879O01027/-,Parag Parikh Flexi Cap Fund - Direct Plan - Growth,2025-01-13,Investment (SIP),1400,0.07,16.451,85.0944,92.3269,2026-08-07
Pai,122639,INF879O01027/-,Parag Parikh Flexi Cap Fund - Direct Plan - Growth,2025-01-20,Investment (SIP),1400,0.07,16.211,86.3561,92.3269,2026-08-07
Pai,122639,INF879O01027/-,Parag Parikh Flexi Cap Fund - Direct Plan - Growth,2025-01-27,Investment (SIP),1400,0.07,16.417,85.2707,92.3269,2026-08-07
Pai,122639,INF879O01027/-,Parag Parikh Flexi Cap Fund - Direct Plan - Growth,2025-02-03,Investment (SIP),1400,0.07,16.021,87.379,92.3269,2026-08-07
Pai,122639,INF879O01027/-,Parag Parikh Flexi Cap Fund - Direct Plan - Growth,2025-02-10,Investment (SIP),1400,0.07,16.116,86.8683,92.3269,2026-08-07
Pai,122639,INF879O01027/-,Parag Parikh Flexi Cap Fund - Direct Plan - Growth,2025-02-17,Investment (SIP),1400,0.07,16.284,85.972,92.3269,2026-08-07
Pai,122639,INF879O01027/-,Parag Parikh Flexi Cap Fund - Direct Plan - Growth,2025-02-24,Investment (SIP),1400,0.07,16.555,84.5628,92.3269,2026-08-07
Pai,122639,INF879O01027/-,Parag Parikh Flexi Cap Fund - Direct Plan - Growth,2025-03-03,Investment (SIP),1400,0.07,16.889,82.891,92.3269,2026-08-07
Pai,122639,INF879O01027/-,Parag Parikh Flexi Cap Fund - Direct Plan - Growth,2025-03-10,Investment (SIP),1400,0.07,16.798,83.337,92.3269,2026-08-07
Pai,122639,INF879O01027/-,Parag Parikh Flexi Cap Fund - Direct Plan - Growth,2025-03-17,Investment (SIP),1400,0.07,16.71,83.7786,92.3269,2026-08-07
Pai,122639,INF879O01027/-,Parag Parikh Flexi Cap Fund - Direct Plan - Growth,2025-03-24,Investment (SIP),1400,0.07,16.104,86.9302,92.3269,2026-08-07
Pai,122639,INF879O01027/-,Parag Parikh Flexi Cap Fund - Direct Plan - Growth,2025-04-01,Investment (SIP),1400,0.07,16.477,84.9643,92.3269,2026-08-07
Pai,122639,INF879O01027/-,Parag Parikh Flexi Cap Fund - Direct Plan - Growth,2025-04-08,Investment (SIP),1400,0.07,16.944,82.6208,92.3269,2026-08-07
Pai,122639,INF879O01027/-,Parag Parikh Flexi Cap Fund - Direct Plan - Growth,2025-04-15,Investment (SIP),1400,0.07,16.391,85.4091,92.3269,2026-08-07
Pai,122639,INF879O01027/-,Parag Parikh Flexi Cap Fund - Direct Plan - Growth,2025-04-22,Investment (SIP),1400,0.07,16.069,87.1201,92.3269,2026-08-07
Pai,122639,INF879O01027/-,Parag Parikh Flexi Cap Fund - Direct Plan - Growth,2025-04-29,Investment (SIP),1400,0.07,15.996,87.5196,92.3269,2026-08-07
Pai,122639,INF879O01027/-,Parag Parikh Flexi Cap Fund - Direct Plan - Growth,2025-05-06,Investment (SIP),1400,0.07,15.947,87.785,92.3269,2026-08-07
Pai,122639,INF879O01027/-,Parag Parikh Flexi Cap Fund - Direct Plan - Growth,2025-05-13,Investment (SIP),1400,0.07,15.752,88.874,92.3269,2026-08-07
Pai,122639,INF879O01027/-,Parag Parikh Flexi Cap Fund - Direct Plan - Growth,2025-05-20,Investment (SIP),1400,0.07,15.61,89.6835,92.3269,2026-08-07
Pai,122639,INF879O01027/-,Parag Parikh Flexi Cap Fund - Direct Plan - Growth,2025-05-27,Investment (SIP),1400,0.07,15.532,90.1335,92.3269,2026-08-07
Pai,122639,INF879O01027/-,Parag Parikh Flexi Cap Fund - Direct Plan - Growth,2025-06-03,Investment (SIP),1400,0.07,15.647,89.4701,92.3269,2026-08-07
Pai,122639,INF879O01027/-,Parag Parikh Flexi Cap Fund - Direct Plan - Growth,2025-06-10,Investment (SIP),1400,0.07,15.217,91.9973,92.3269,2026-08-07
Pai,122639,INF879O01027/-,Parag Parikh Flexi Cap Fund - Direct Plan - Growth,2025-06-17,Investment (SIP),1400,0.07,15.377,91.0434,92.3269,2026-08-07
Pai,122639,INF879O01027/-,Parag Parikh Flexi Cap Fund - Direct Plan - Growth,2025-06-24,Investment (SIP),1400,0.07,15.302,91.4839,92.3269,2026-08-07
Pai,122639,INF879O01027/-,Parag Parikh Flexi Cap Fund - Direct Plan - Growth,2025-07-01,Investment (SIP),1400,0.07,15.105,92.6786,92.3269,2026-08-07
Pai,122639,INF879O01027/-,Parag Parikh Flexi Cap Fund - Direct Plan - Growth,2025-07-08,Investment (SIP),1400,0.07,15.137,92.484,92.3269,2026-08-07
Pai,122639,INF879O01027/-,Parag Parikh Flexi Cap Fund - Direct Plan - Growth,2025-07-15,Investment (SIP),1400,0.07,15.148,92.4187,92.3269,2026-08-07
Pai,122639,INF879O01027/-,Parag Parikh Flexi Cap Fund - Direct Plan - Growth,2025-07-22,Investment (SIP),1400,0.07,15.139,92.4745,92.3269,2026-08-07
Pai,122639,INF879O01027/-,Parag Parikh Flexi Cap Fund - Direct Plan - Growth,2025-07-29,Investment (SIP),1400,0.07,15.235,91.8916,92.3269,2026-08-07
Pai,122639,INF879O01027/-,Parag Parikh Flexi Cap Fund - Direct Plan - Growth,2025-08-05,Investment (SIP),1400,0.07,15.298,91.5126,92.3269,2026-08-07
Pai,122639,INF879O01027/-,Parag Parikh Flexi Cap Fund - Direct Plan - Growth,2025-08-12,Investment (SIP),1400,0.07,15.261,91.7307,92.3269,2026-08-07
Pai,122639,INF879O01027/-,Parag Parikh Flexi Cap Fund - Direct Plan - Growth,2025-08-19,Investment (SIP),1400,0.07,15.147,92.4207,92.3269,2026-08-07
Pai,122639,INF879O01027/-,Parag Parikh Flexi Cap Fund - Direct Plan - Growth,2025-08-26,Investment (SIP),1400,0.07,15.284,91.5915,92.3269,2026-08-07
Pai,122639,INF879O01027/-,Parag Parikh Flexi Cap Fund - Direct Plan - Growth,2025-09-02,Investment (SIP),1400,0.07,15.326,91.3431,92.3269,2026-08-07
Pai,122639,INF879O01027/-,Parag Parikh Flexi Cap Fund - Direct Plan - Growth,2025-09-09,Investment (SIP),1400,0.07,15.043,93.063,92.3269,2026-08-07
Pai,122639,INF879O01027/-,Parag Parikh Flexi Cap Fund - Direct Plan - Growth,2025-09-16,Investment (SIP),1400,0.07,14.831,94.3948,92.3269,2026-08-07
Pai,122639,INF879O01027/-,Parag Parikh Flexi Cap Fund - Direct Plan - Growth,2025-09-23,Investment (SIP),1400,0.07,14.891,94.0097,92.3269,2026-08-07
Pai,122639,INF879O01027/-,Parag Parikh Flexi Cap Fund - Direct Plan - Growth,2025-09-30,Investment (SIP),1400,0.07,15.201,92.0956,92.3269,2026-08-07
Pai,122639,INF879O01027/-,Parag Parikh Flexi Cap Fund - Direct Plan - Growth,2025-10-07,Investment (SIP),1400,0.07,15.021,93.1978,92.3269,2026-08-07
Pai,122639,INF879O01027/-,Parag Parikh Flexi Cap Fund - Direct Plan - Growth,2025-10-14,Investment (SIP),1400,0.07,15.02,93.2029,92.3269,2026-08-07
Pai,122639,INF879O01027/-,Parag Parikh Flexi Cap Fund - Direct Plan - Growth,2025-10-23,Investment (SIP),1400,0.07,14.684,95.3362,92.3269,2026-08-07
Pai,122639,INF879O01027/-,Parag Parikh Flexi Cap Fund - Direct Plan - Growth,2025-10-28,Investment (SIP),1400,0.07,14.659,95.5012,92.3269,2026-08-07
Pai,122639,INF879O01027/-,Parag Parikh Flexi Cap Fund - Direct Plan - Growth,2025-11-04,Investment (SIP),1400,0.07,14.919,93.8341,92.3269,2026-08-07
Pai,122639,INF879O01027/-,Parag Parikh Flexi Cap Fund - Direct Plan - Growth,2025-11-11,Investment (SIP),1400,0.07,14.864,94.1798,92.3269,2026-08-07
Pai,122639,INF879O01027/-,Parag Parikh Flexi Cap Fund - Direct Plan - Growth,2025-11-18,Investment (SIP),1400,0.07,14.883,94.0629,92.3269,2026-08-07
Pai,122639,INF879O01027/-,Parag Parikh Flexi Cap Fund - Direct Plan - Growth,2025-11-25,Investment (SIP),1400,0.07,14.832,94.3884,92.3269,2026-08-07
Pai,122639,INF879O01027/-,Parag Parikh Flexi Cap Fund - Direct Plan - Growth,2025-12-02,Investment (SIP),1400,0.07,14.775,94.7524,92.3269,2026-08-07
Pai,122639,INF879O01027/-,Parag Parikh Flexi Cap Fund - Direct Plan - Growth,2025-12-09,Investment (SIP),1400,0.07,14.804,94.5666,92.3269,2026-08-07
Pai,122639,INF879O01027/-,Parag Parikh Flexi Cap Fund - Direct Plan - Growth,2025-12-16,Investment (SIP),1400,0.07,14.824,94.4339,92.3269,2026-08-07
Pai,122639,INF879O01027/-,Parag Parikh Flexi Cap Fund - Direct Plan - Growth,2025-12-23,Investment (SIP),1400,0.07,14.685,95.3305,92.3269,2026-08-07
Pai,122639,INF879O01027/-,Parag Parikh Flexi Cap Fund - Direct Plan - Growth,2025-12-30,Investment (SIP),1400,0.07,14.797,94.6116,92.3269,2026-08-07
Pai,122639,INF879O01027/-,Parag Parikh Flexi Cap Fund - Direct Plan - Growth,2026-01-08,Investment (SIP),1400,0.07,14.781,94.7123,92.3269,2026-08-07
Pai,122639,INF879O01027/-,Parag Parikh Flexi Cap Fund - Direct Plan - Growth,2026-01-16,Investment (SIP),1400,0.07,14.917,93.8469,92.3269,2026-08-07
Pai,122639,INF879O01027/-,Parag Parikh Flexi Cap Fund - Direct Plan - Growth,2026-01-22,Investment (SIP),1400,0.07,14.998,93.3387,92.3269,2026-08-07
Pai,122639,INF879O01027/-,Parag Parikh Flexi Cap Fund - Direct Plan - Growth,2026-01-29,Investment (SIP),1400,0.07,14.899,93.9598,92.3269,2026-08-07
Pai,122639,INF879O01027/-,Parag Parikh Flexi Cap Fund - Direct Plan - Growth,2026-02-05,Investment (SIP),1400,0.07,14.962,93.5631,92.3269,2026-08-07
Pai,122639,INF879O01027/-,Parag Parikh Flexi Cap Fund - Direct Plan - Growth,2026-02-12,Investment (SIP),1400,0.07,15.045,93.0507,92.3269,2026-08-07
Pai,122639,INF879O01027/-,Parag Parikh Flexi Cap Fund - Direct Plan - Growth,2026-02-19,Investment (SIP),1400,0.07,15.133,92.5092,92.3269,2026-08-07
Pai,122639,INF879O01027/-,Parag Parikh Flexi Cap Fund - Direct Plan - Growth,2026-02-26,Investment (SIP),1400,0.07,15.09,92.7718,92.3269,2026-08-07
Pai,122639,INF879O01027/-,Parag Parikh Flexi Cap Fund - Direct Plan - Growth,2026-03-05,Investment (SIP),1400,0.07,15.285,91.5897,92.3269,2026-08-07
Pai,122639,INF879O01027/-,Parag Parikh Flexi Cap Fund - Direct Plan - Growth,2026-03-12,Investment (SIP),1400,0.07,15.681,89.2729,92.3269,2026-08-07
Pai,122639,INF879O01027/-,Parag Parikh Flexi Cap Fund - Direct Plan - Growth,2026-03-19,Investment (SIP),1400,0.07,15.961,87.7072,92.3269,2026-08-07
Pai,122639,INF879O01027/-,Parag Parikh Flexi Cap Fund - Direct Plan - Growth,2026-03-27,Investment (SIP),1400,0.07,16.194,86.4452,92.3269,2026-08-07
Pai,122639,INF879O01027/-,Parag Parikh Flexi Cap Fund - Direct Plan - Growth,2026-04-02,Investment (SIP),1400,0.07,16.181,86.5155,92.3269,2026-08-07
Pai,122639,INF879O01027/-,Parag Parikh Flexi Cap Fund - Direct Plan - Growth,2026-04-09,Investment (SIP),1400,0.07,15.542,90.0737,92.3269,2026-08-07
Pai,122639,INF879O01027/-,Parag Parikh Flexi Cap Fund - Direct Plan - Growth,2026-04-16,Investment (SIP),1400,0.07,15.309,91.4449,92.3269,2026-08-07
Pai,122639,INF879O01027/-,Parag Parikh Flexi Cap Fund - Direct Plan - Growth,2026-04-23,Investment (SIP),1400,0.07,15.371,91.0785,92.3269,2026-08-07
Pai,122639,INF879O01027/-,Parag Parikh Flexi Cap Fund - Direct Plan - Growth,2026-04-30,Investment (SIP),1400,0.07,15.335,91.2902,92.3269,2026-08-07
Pai,122639,INF879O01027/-,Parag Parikh Flexi Cap Fund - Direct Plan - Growth,2026-05-07,Investment (SIP),1400,0.07,15.249,91.8067,92.3269,2026-08-07
Pai,122639,INF879O01027/-,Parag Parikh Flexi Cap Fund - Direct Plan - Growth,2026-05-14,Investment (SIP),1400,0.07,15.492,90.3636,92.3269,2026-08-07
Pai,122639,INF879O01027/-,Parag Parikh Flexi Cap Fund - Direct Plan - Growth,2026-05-21,Investment (SIP),1400,0.07,15.449,90.614,92.3269,2026-08-07
Pai,122639,INF879O01027/-,Parag Parikh Flexi Cap Fund - Direct Plan - Growth,2026-05-29,Investment (SIP),1400,0.07,15.545,90.0589,92.3269,2026-08-07
Pai,122639,INF879O01027/-,Parag Parikh Flexi Cap Fund - Direct Plan - Growth,2026-06-04,Investment (SIP),1400,0.07,15.614,89.6595,92.3269,2026-08-07
Pai,122639,INF879O01027/-,Parag Parikh Flexi Cap Fund - Direct Plan - Growth,2026-06-11,Investment (SIP),1400,0.07,15.821,88.484,92.3269,2026-08-07
Pai,122639,INF879O01027/-,Parag Parikh Flexi Cap Fund - Direct Plan - Growth,2026-06-18,Investment (SIP),1400,0.07,15.465,90.522,92.3269,2026-08-07
Pai,122639,INF879O01027/-,Parag Parikh Flexi Cap Fund - Direct Plan - Growth,2026-06-25,Investment (SIP),1400,0.07,15.605,89.7127,92.3269,2026-08-07
Pai,122639,INF879O01027/-,Parag Parikh Flexi Cap Fund - Direct Plan - Growth,2026-07-02,Investment (SIP),1400,0.07,15.407,90.8648,92.3269,2026-08-07
Pai,122639,INF879O01027/-,Parag Parikh Flexi Cap Fund - Direct Plan - Growth,2026-07-09,Investment (SIP),1400,0.07,15.497,90.3358,92.3269,2026-08-07
Pai,122639,INF879O01027/-,Parag Parikh Flexi Cap Fund - Direct Plan - Growth,2026-07-16,Investment (SIP),1400,0.07,15.379,91.0281,92.3269,2026-08-07
Pai,122639,INF879O01027/-,Parag Parikh Flexi Cap Fund - Direct Plan - Growth,2026-07-23,Investment (SIP),1400,0.07,15.589,89.8009,92.3269,2026-08-07
Pai,122639,INF879O01027/-,Parag Parikh Flexi Cap Fund - Direct Plan - Growth,2026-07-30,Investment (SIP),1400,0.07,15.326,91.3427,92.3269,2026-08-07
Pai,122639,INF879O01027/-,Parag Parikh Flexi Cap Fund - Direct Plan - Growth,2026-08-06,Investment (SIP),1400,0.07,15.166,92.3083,92.3269,2026-08-07
Pai,148564,INF966L01AD4/-,Quant ESG Integration Strategy Fund - Growth Option - Direct Plan,2022-01-03,Investment,25000,1.25,1268.9,19.7011,42.537,2026-08-07
Pai,148564,INF966L01AD4/-,Quant ESG Integration Strategy Fund - Growth Option - Direct Plan,2022-02-02,Investment,15000,0.75,746.324,20.0975,42.537,2026-08-07
Pai,148564,INF966L01AD4/-,Quant ESG Integration Strategy Fund - Growth Option - Direct Plan,2022-03-02,Investment,20000,1,1111.23,17.9971,42.537,2026-08-07
Pai,148564,INF966L01AD4/-,Quant ESG Integration Strategy Fund - Growth Option - Direct Plan,2022-04-01,Investment,40000,2,1885.76,21.2106,42.537,2026-08-07
Pai,148564,INF966L01AD4/-,Quant ESG Integration Strategy Fund - Growth Option - Direct Plan,2022-08-01,Investment,10000,0.5,478.768,20.8859,42.537,2026-08-07
Pai,148564,INF966L01AD4/-,Quant ESG Integration Strategy Fund - Growth Option - Direct Plan,2022-11-01,Investment,5000,0.25,219.066,22.823,42.537,2026-08-07
Pai,148564,INF966L01AD4/-,Quant ESG Integration Strategy Fund - Growth Option - Direct Plan,2022-12-05,Investment (SIP),1250,0.06,53.049,23.5618,42.537,2026-08-07
Pai,148564,INF966L01AD4/-,Quant ESG Integration Strategy Fund - Growth Option - Direct Plan,2022-12-13,Investment (SIP),1250,0.06,53.279,23.4604,42.537,2026-08-07
Pai,148564,INF966L01AD4/-,Quant ESG Integration Strategy Fund - Growth Option - Direct Plan,2022-12-19,Investment (SIP),1250,0.06,53.402,23.4063,42.537,2026-08-07
Pai,148564,INF966L01AD4/-,Quant ESG Integration Strategy Fund - Growth Option - Direct Plan,2022-12-26,Investment (SIP),1250,0.06,55.771,22.412,42.537,2026-08-07
Pai,148564,INF966L01AD4/-,Quant ESG Integration Strategy Fund - Growth Option - Direct Plan,2023-01-02,Investment (SIP),1250,0.06,54.066,23.1187,42.537,2026-08-07
Pai,148564,INF966L01AD4/-,Quant ESG Integration Strategy Fund - Growth Option - Direct Plan,2023-01-09,Investment (SIP),1250,0.06,54.181,23.0696,42.537,2026-08-07
Pai,148564,INF966L01AD4/-,Quant ESG Integration Strategy Fund - Growth Option - Direct Plan,2023-01-16,Investment (SIP),1250,0.06,55.153,22.663,42.537,2026-08-07
Pai,148564,INF966L01AD4/-,Quant ESG Integration Strategy Fund - Growth Option - Direct Plan,2023-01-23,Investment (SIP),1250,0.06,54.944,22.7493,42.537,2026-08-07
Pai,148564,INF966L01AD4/-,Quant ESG Integration Strategy Fund - Growth Option - Direct Plan,2023-01-30,Investment (SIP),1250,0.06,57.565,21.7135,42.537,2026-08-07
Pai,148564,INF966L01AD4/-,Quant ESG Integration Strategy Fund - Growth Option - Direct Plan,2023-02-06,Investment (SIP),1250,0.06,57.46,21.7531,42.537,2026-08-07
Pai,148564,INF966L01AD4/-,Quant ESG Integration Strategy Fund - Growth Option - Direct Plan,2023-02-13,Investment (SIP),1250,0.06,57.337,21.7999,42.537,2026-08-07
Pai,148564,INF966L01AD4/-,Quant ESG Integration Strategy Fund - Growth Option - Direct Plan,2023-02-20,Investment (SIP),1250,0.06,57.17,21.8637,42.537,2026-08-07
Pai,148564,INF966L01AD4/-,Quant ESG Integration Strategy Fund - Growth Option - Direct Plan,2023-02-27,Investment (SIP),1250,0.06,58.888,21.2256,42.537,2026-08-07
Pai,148564,INF966L01AD4/-,Quant ESG Integration Strategy Fund - Growth Option - Direct Plan,2023-03-06,Investment (SIP),1250,0.06,57.344,21.7974,42.537,2026-08-07
Pai,148564,INF966L01AD4/-,Quant ESG Integration Strategy Fund - Growth Option - Direct Plan,2023-03-13,Investment (SIP),1250,0.06,59.495,21.0092,42.537,2026-08-07
Pai,148564,INF966L01AD4/-,Quant ESG Integration Strategy Fund - Growth Option - Direct Plan,2023-03-20,Investment (SIP),1250,0.06,60.514,20.6553,42.537,2026-08-07
Pai,148564,INF966L01AD4/-,Quant ESG Integration Strategy Fund - Growth Option - Direct Plan,2023-03-27,Investment (SIP),1250,0.06,60.857,20.5389,42.537,2026-08-07
Pai,148564,INF966L01AD4/-,Quant ESG Integration Strategy Fund - Growth Option - Direct Plan,2023-04-05,Investment (SIP),1250,0.06,58.802,21.2567,42.537,2026-08-07
Pai,148564,INF966L01AD4/-,Quant ESG Integration Strategy Fund - Growth Option - Direct Plan,2023-04-11,Investment (SIP),2500,0.13,116.203,21.513,42.537,2026-08-07
Pai,148564,INF966L01AD4/-,Quant ESG Integration Strategy Fund - Growth Option - Direct Plan,2023-04-17,Investment (SIP),2500,0.13,115.775,21.5924,42.537,2026-08-07
Pai,148564,INF966L01AD4/-,Quant ESG Integration Strategy Fund - Growth Option - Direct Plan,2023-04-25,Investment (SIP),2500,0.13,115.327,21.6764,42.537,2026-08-07
Pai,148564,INF966L01AD4/-,Quant ESG Integration Strategy Fund - Growth Option - Direct Plan,2023-05-02,Investment (SIP),1250,0.06,56.216,22.2344,42.537,2026-08-07
Pai,148564,INF966L01AD4/-,Quant ESG Integration Strategy Fund - Growth Option - Direct Plan,2023-05-08,Investment (SIP),1250,0.06,55.82,22.3922,42.537,2026-08-07
Pai,148564,INF966L01AD4/-,Quant ESG Integration Strategy Fund - Growth Option - Direct Plan,2023-05-15,Investment (SIP),1250,0.06,55.556,22.4988,42.537,2026-08-07
Pai,148564,INF966L01AD4/-,Quant ESG Integration Strategy Fund - Growth Option - Direct Plan,2023-05-22,Investment (SIP),1250,0.06,55.993,22.323,42.537,2026-08-07
Pai,148564,INF966L01AD4/-,Quant ESG Integration Strategy Fund - Growth Option - Direct Plan,2023-05-29,Investment (SIP),1250,0.06,55.523,22.5122,42.537,2026-08-07
Pai,148564,INF966L01AD4/-,Quant ESG Integration Strategy Fund - Growth Option - Direct Plan,2023-06-07,Investment (SIP),1250,0.06,54.835,22.7946,42.537,2026-08-07
Pai,148564,INF966L01AD4/-,Quant ESG Integration Strategy Fund - Growth Option - Direct Plan,2023-06-12,Investment (SIP),1250,0.06,54.745,22.8322,42.537,2026-08-07
Pai,148564,INF966L01AD4/-,Quant ESG Integration Strategy Fund - Growth Option - Direct Plan,2023-06-19,Investment (SIP),1250,0.06,53.665,23.2915,42.537,2026-08-07
Pai,148564,INF966L01AD4/-,Quant ESG Integration Strategy Fund - Growth Option - Direct Plan,2023-06-26,Investment (SIP),1250,0.06,53.897,23.1913,42.537,2026-08-07
Pai,148564,INF966L01AD4/-,Quant ESG Integration Strategy Fund - Growth Option - Direct Plan,2023-07-03,Investment (SIP),1250,0.06,51.946,24.0622,42.537,2026-08-07
Pai,148564,INF966L01AD4/-,Quant ESG Integration Strategy Fund - Growth Option - Direct Plan,2023-07-03,Investment,70000,3.5,2908.98,24.0622,42.537,2026-08-07
Pai,148564,INF966L01AD4/-,Quant ESG Integration Strategy Fund - Growth Option - Direct Plan,2023-07-10,Investment (SIP),1250,0.06,51.854,24.1051,42.537,2026-08-07
Pai,148564,INF966L01AD4/-,Quant ESG Integration Strategy Fund - Growth Option - Direct Plan,2023-07-17,Investment (SIP),1250,0.06,50.765,24.6222,42.537,2026-08-07
Pai,148564,INF966L01AD4/-,Quant ESG Integration Strategy Fund - Growth Option - Direct Plan,2023-07-24,Investment (SIP),1250,0.06,50.116,24.9409,42.537,2026-08-07
Pai,148564,INF966L01AD4/-,Quant ESG Integration Strategy Fund - Growth Option - Direct Plan,2023-07-31,Investment (SIP),1250,0.06,48.666,25.6841,42.537,2026-08-07
Pai,148564,INF966L01AD4/-,Quant ESG Integration Strategy Fund - Growth Option - Direct Plan,2023-08-07,Investment (SIP),1250,0.06,48.441,25.8031,42.537,2026-08-07
Pai,148564,INF966L01AD4/-,Quant ESG Integration Strategy Fund - Growth Option - Direct Plan,2023-08-14,Investment (SIP),1250,0.06,48.507,25.7683,42.537,2026-08-07
Pai,148564,INF966L01AD4/-,Quant ESG Integration Strategy Fund - Growth Option - Direct Plan,2023-08-22,Investment (SIP),1250,0.06,48.654,25.6905,42.537,2026-08-07
Pai,148564,INF966L01AD4/-,Quant ESG Integration Strategy Fund - Growth Option - Direct Plan,2023-08-28,Investment (SIP),1250,0.06,49.152,25.4303,42.537,2026-08-07
Pai,148564,INF966L01AD4/-,Quant ESG Integration Strategy Fund - Growth Option - Direct Plan,2023-09-04,Investment (SIP),1250,0.06,47.931,26.0778,42.537,2026-08-07
Pai,148564,INF966L01AD4/-,Quant ESG Integration Strategy Fund - Growth Option - Direct Plan,2023-09-11,Investment (SIP),1250,0.06,46.36,26.9616,42.537,2026-08-07
Pai,148564,INF966L01AD4/-,Quant ESG Integration Strategy Fund - Growth Option - Direct Plan,2023-09-18,Investment (SIP),1250,0.06,47.15,26.5097,42.537,2026-08-07
Pai,148564,INF966L01AD4/-,Quant ESG Integration Strategy Fund - Growth Option - Direct Plan,2023-09-25,Investment (SIP),1250,0.06,48.011,26.0343,42.537,2026-08-07
Pai,148564,INF966L01AD4/-,Quant ESG Integration Strategy Fund - Growth Option - Direct Plan,2023-10-03,Investment (SIP),1250,0.06,47.613,26.2518,42.537,2026-08-07
Pai,148564,INF966L01AD4/-,Quant ESG Integration Strategy Fund - Growth Option - Direct Plan,2023-10-09,Investment (SIP),1250,0.06,48.777,25.6254,42.537,2026-08-07
Pai,148564,INF966L01AD4/-,Quant ESG Integration Strategy Fund - Growth Option - Direct Plan,2023-10-16,Investment (SIP),1250,0.06,47.231,26.4643,42.537,2026-08-07
Pai,148564,INF966L01AD4/-,Quant ESG Integration Strategy Fund - Growth Option - Direct Plan,2023-10-23,Investment (SIP),1250,0.06,49.65,25.175,42.537,2026-08-07
Pai,148564,INF966L01AD4/-,Quant ESG Integration Strategy Fund - Growth Option - Direct Plan,2023-10-30,Investment (SIP),1250,0.06,49.136,25.4385,42.537,2026-08-07
Pai,148564,INF966L01AD4/-,Quant ESG Integration Strategy Fund - Growth Option - Direct Plan,2023-11-06,Investment (SIP),1250,0.06,48.29,25.8843,42.537,2026-08-07
Pai,148564,INF966L01AD4/-,Quant ESG Integration Strategy Fund - Growth Option - Direct Plan,2023-11-13,Investment (SIP),1250,0.06,47.201,26.4812,42.537,2026-08-07
Pai,148564,INF966L01AD4/-,Quant ESG Integration Strategy Fund - Growth Option - Direct Plan,2023-11-20,Investment (SIP),1000,0.05,37.616,26.5831,42.537,2026-08-07
Pai,148564,INF966L01AD4/-,Quant ESG Integration Strategy Fund - Growth Option - Direct Plan,2023-11-28,Investment (SIP),1000,0.05,37.288,26.817,42.537,2026-08-07
Pai,148564,INF966L01AD4/-,Quant ESG Integration Strategy Fund - Growth Option - Direct Plan,2023-12-04,Investment (SIP),1000,0.05,36.232,27.5984,42.537,2026-08-07
Pai,148564,INF966L01AD4/-,Quant ESG Integration Strategy Fund - Growth Option - Direct Plan,2023-12-11,Investment (SIP),1000,0.05,35.357,28.2816,42.537,2026-08-07
Pai,148564,INF966L01AD4/-,Quant ESG Integration Strategy Fund - Growth Option - Direct Plan,2023-12-18,Investment (SIP),1000,0.05,34.422,29.0501,42.537,2026-08-07
Pai,148564,INF966L01AD4/-,Quant ESG Integration Strategy Fund - Growth Option - Direct Plan,2023-12-26,Investment (SIP),1000,0.05,34.871,28.676,42.537,2026-08-07
Pai,148564,INF966L01AD4/-,Quant ESG Integration Strategy Fund - Growth Option - Direct Plan,2024-01-01,Investment (SIP),1000,0.05,33.906,29.4918,42.537,2026-08-07
Pai,148564,INF966L01AD4/-,Quant ESG Integration Strategy Fund - Growth Option - Direct Plan,2024-01-08,Investment (SIP),1000,0.05,33.633,29.731,42.537,2026-08-07
Pai,148564,INF966L01AD4/-,Quant ESG Integration Strategy Fund - Growth Option - Direct Plan,2024-01-15,Investment (SIP),1000,0.05,32.364,30.8973,42.537,2026-08-07
Pai,148564,INF966L01AD4/-,Quant ESG Integration Strategy Fund - Growth Option - Direct Plan,2024-01-23,Investment (SIP),1000,0.05,33.767,29.6128,42.537,2026-08-07
Pai,148564,INF966L01AD4/-,Quant ESG Integration Strategy Fund - Growth Option - Direct Plan,2024-01-29,Investment (SIP),1000,0.05,32.587,30.6854,42.537,2026-08-07
Pai,148564,INF966L01AD4/-,Quant ESG Integration Strategy Fund - Growth Option - Direct Plan,2024-02-07,Investment (SIP),1000,0.05,31.081,32.1728,42.537,2026-08-07
Pai,148564,INF966L01AD4/-,Quant ESG Integration Strategy Fund - Growth Option - Direct Plan,2024-02-12,Investment (SIP),1000,0.05,31.442,31.8033,42.537,2026-08-07
Pai,148564,INF966L01AD4/-,Quant ESG Integration Strategy Fund - Growth Option - Direct Plan,2024-02-19,Investment (SIP),1000,0.05,30.437,32.8534,42.537,2026-08-07
Pai,148564,INF966L01AD4/-,Quant ESG Integration Strategy Fund - Growth Option - Direct Plan,2024-02-26,Investment (SIP),0,0,0,0,42.537,2026-08-07
Pai,148564,INF966L01AD4/-,Quant ESG Integration Strategy Fund - Growth Option - Direct Plan,2024-02-28,Investment,1000,0.05,30.517,32.7674,42.537,2026-08-07
Pai,148564,INF966L01AD4/-,Quant ESG Integration Strategy Fund - Growth Option - Direct Plan,2024-03-05,Investment,1000,0.05,30.157,33.1581,42.537,2026-08-07
Pai,148564,INF966L01AD4/-,Quant ESG Integration Strategy Fund - Growth Option - Direct Plan,2024-03-06,Investment (SIP),1000,0.05,30.186,33.126,42.537,2026-08-07
Pai,148564,INF966L01AD4/-,Quant ESG Integration Strategy Fund - Growth Option - Direct Plan,2024-03-11,Investment (SIP),0,0,0,0,42.537,2026-08-07
Pai,148564,INF966L01AD4/-,Quant ESG Integration Strategy Fund - Growth Option - Direct Plan,2024-03-18,Investment (SIP),0,0,0,0,42.537,2026-08-07
Pai,148564,INF966L01AD4/-,Quant ESG Integration Strategy Fund - Growth Option - Direct Plan,2024-03-20,Investment (SIP),1000,0.05,31.891,31.3557,42.537,2026-08-07
Pai,148564,INF966L01AD4/-,Quant ESG Integration Strategy Fund - Growth Option - Direct Plan,2024-03-27,Investment (SIP),1000,0.05,31.301,31.9463,42.537,2026-08-07
Pai,148564,INF966L01AD4/-,Quant ESG Integration Strategy Fund - Growth Option - Direct Plan,2024-04-03,Investment (SIP),1000,0.05,30.477,32.8104,42.537,2026-08-07
Pai,148564,INF966L01AD4/-,Quant ESG Integration Strategy Fund - Growth Option - Direct Plan,2024-04-10,Investment (SIP),1000,0.05,30.27,33.0347,42.537,2026-08-07
Pai,148564,INF966L01AD4/-,Quant ESG Integration Strategy Fund - Growth Option - Direct Plan,2024-04-18,Investment (SIP),1000,0.05,30.692,32.5803,42.537,2026-08-07
Pai,148564,INF966L01AD4/-,Quant ESG Integration Strategy Fund - Growth Option - Direct Plan,2024-04-24,Investment (SIP),1000,0.05,30.075,33.2486,42.537,2026-08-07
Pai,148564,INF966L01AD4/-,Quant ESG Integration Strategy Fund - Growth Option - Direct Plan,2024-05-02,Investment,1000,0.05,29.866,33.4807,42.537,2026-08-07
Pai,148564,INF966L01AD4/-,Quant ESG Integration Strategy Fund - Growth Option - Direct Plan,2024-05-07,Investment (SIP),1000,0.05,30.465,32.8231,42.537,2026-08-07
Pai,148564,INF966L01AD4/-,Quant ESG Integration Strategy Fund - Growth Option - Direct Plan,2024-05-13,Investment (SIP),1000,0.05,30.694,32.5775,42.537,2026-08-07
Pai,148564,INF966L01AD4/-,Quant ESG Integration Strategy Fund - Growth Option - Direct Plan,2024-05-21,Investment (SIP),1000,0.05,29.287,34.1429,42.537,2026-08-07
Pai,148564,INF966L01AD4/-,Quant ESG Integration Strategy Fund - Growth Option - Direct Plan,2024-05-27,Investment (SIP),1000,0.05,28.666,34.8827,42.537,2026-08-07
Pai,148564,INF966L01AD4/-,Quant ESG Integration Strategy Fund - Growth Option - Direct Plan,2024-06-04,Investment (SIP),1000,0.05,29.719,33.6471,42.537,2026-08-07
Pai,148564,INF966L01AD4/-,Quant ESG Integration Strategy Fund - Growth Option - Direct Plan,2024-06-10,Investment (SIP),1000,0.05,28.007,35.7033,42.537,2026-08-07
Pai,148564,INF966L01AD4/-,Quant ESG Integration Strategy Fund - Growth Option - Direct Plan,2024-06-18,Investment (SIP),1000,0.05,27.669,36.1399,42.537,2026-08-07
Pai,148564,INF966L01AD4/-,Quant ESG Integration Strategy Fund - Growth Option - Direct Plan,2024-06-24,Investment (SIP),1000,0.05,28.203,35.4558,42.537,2026-08-07
Pai,148564,INF966L01AD4/-,Quant ESG Integration Strategy Fund - Growth Option - Direct Plan,2024-07-02,Investment (SIP),1000,0.05,27.621,36.203,42.537,2026-08-07
Pai,148564,INF966L01AD4/-,Quant ESG Integration Strategy Fund - Growth Option - Direct Plan,2024-07-08,Investment (SIP),1000,0.05,27.073,36.9359,42.537,2026-08-07
Pai,148564,INF966L01AD4/-,Quant ESG Integration Strategy Fund - Growth Option - Direct Plan,2024-07-15,Investment (SIP),1000,0.05,26.491,37.7462,42.537,2026-08-07
Pai,148564,INF966L01AD4/-,Quant ESG Integration Strategy Fund - Growth Option - Direct Plan,2024-07-22,Investment (SIP),1000,0.05,26.32,37.9922,42.537,2026-08-07
Pai,148564,INF966L01AD4/-,Quant ESG Integration Strategy Fund - Growth Option - Direct Plan,2024-07-29,Investment (SIP),1000,0.05,25.335,39.4698,42.537,2026-08-07
Pai,148564,INF966L01AD4/-,Quant ESG Integration Strategy Fund - Growth Option - Direct Plan,2024-08-06,Investment (SIP),1000,0.05,26.019,38.432,42.537,2026-08-07
Pai,148564,INF966L01AD4/-,Quant ESG Integration Strategy Fund - Growth Option - Direct Plan,2024-08-12,Investment (SIP),1000,0.05,25.778,38.7905,42.537,2026-08-07
Pai,148564,INF966L01AD4/-,Quant ESG Integration Strategy Fund - Growth Option - Direct Plan,2024-08-19,Investment (SIP),1000,0.05,25.803,38.7539,42.537,2026-08-07
Pai,148564,INF966L01AD4/-,Quant ESG Integration Strategy Fund - Growth Option - Direct Plan,2024-08-26,Investment (SIP),1000,0.05,25.18,39.7128,42.537,2026-08-07
Pai,148564,INF966L01AD4/-,Quant ESG Integration Strategy Fund - Growth Option - Direct Plan,2024-09-02,Investment (SIP),1000,0.05,24.985,40.0218,42.537,2026-08-07
Pai,148564,INF966L01AD4/-,Quant ESG Integration Strategy Fund - Growth Option - Direct Plan,2024-09-09,Investment (SIP),1000,0.05,25.178,39.7156,42.537,2026-08-07
Pai,148564,INF966L01AD4/-,Quant ESG Integration Strategy Fund - Growth Option - Direct Plan,2024-09-16,Investment (SIP),1000,0.05,25.166,39.7339,42.537,2026-08-07
Pai,148564,INF966L01AD4/-,Quant ESG Integration Strategy Fund - Growth Option - Direct Plan,2024-09-23,Investment (SIP),1000,0.05,25.069,39.8875,42.537,2026-08-07
Pai,148564,INF966L01AD4/-,Quant ESG Integration Strategy Fund - Growth Option - Direct Plan,2024-09-30,Investment (SIP),1000,0.05,25.228,39.6364,42.537,2026-08-07
Pai,148564,INF966L01AD4/-,Quant ESG Integration Strategy Fund - Growth Option - Direct Plan,2024-10-08,Investment (SIP),1250,0.06,32.385,38.5968,42.537,2026-08-07
Pai,148564,INF966L01AD4/-,Quant ESG Integration Strategy Fund - Growth Option - Direct Plan,2024-10-14,Investment (SIP),1250,0.06,32.076,38.9686,42.537,2026-08-07
Pai,148564,INF966L01AD4/-,Quant ESG Integration Strategy Fund - Growth Option - Direct Plan,2024-10-21,Investment (SIP),1250,0.06,33.171,37.6814,42.537,2026-08-07
Pai,148564,INF966L01AD4/-,Quant ESG Integration Strategy Fund - Growth Option - Direct Plan,2024-10-28,Investment (SIP),1250,0.06,34.235,36.5111,42.537,2026-08-07
Pai,148564,INF966L01AD4/-,Quant ESG Integration Strategy Fund - Growth Option - Direct Plan,2024-11-05,Investment (SIP),1250,0.06,33.913,36.857,42.537,2026-08-07
Pai,148564,INF966L01AD4/-,Quant ESG Integration Strategy Fund - Growth Option - Direct Plan,2024-11-11,Investment (SIP),1250,0.06,34.339,36.4003,42.537,2026-08-07
Pai,148564,INF966L01AD4/-,Quant ESG Integration Strategy Fund - Growth Option - Direct Plan,2024-11-18,Investment (SIP),1250,0.06,35.151,35.5591,42.537,2026-08-07
Pai,148564,INF966L01AD4/-,Quant ESG Integration Strategy Fund - Growth Option - Direct Plan,2024-11-25,Investment (SIP),1250,0.06,34.725,35.995,42.537,2026-08-07
Pai,148564,INF966L01AD4/-,Quant ESG Integration Strategy Fund - Growth Option - Direct Plan,2024-12-02,Investment (SIP),1250,0.06,33.953,36.8139,42.537,2026-08-07
Pai,148564,INF966L01AD4/-,Quant ESG Integration Strategy Fund - Growth Option - Direct Plan,2024-12-09,Investment (SIP),1250,0.06,34.25,36.4943,42.537,2026-08-07
Pai,148564,INF966L01AD4/-,Quant ESG Integration Strategy Fund - Growth Option - Direct Plan,2024-12-16,Investment (SIP),1250,0.06,34.463,36.2693,42.537,2026-08-07
Pai,148564,INF966L01AD4/-,Quant ESG Integration Strategy Fund - Growth Option - Direct Plan,2025-04-07,Redemption,-167533,0,-5490.98,30.5106,42.537,2026-08-07
Pai,120833,INF966L01721/-,Quant Infrastructure Fund - Growth Option-Direct Plan,2022-01-03,Investment,25000,1.25,1125.92,22.203,46.2448,2026-08-07
Pai,120833,INF966L01721/-,Quant Infrastructure Fund - Growth Option-Direct Plan,2022-02-02,Investment,15000,0.75,650.115,23.0717,46.2448,2026-08-07
Pai,120833,INF966L01721/-,Quant Infrastructure Fund - Growth Option-Direct Plan,2022-03-02,Investment,25000,1.25,1200.17,20.8294,46.2448,2026-08-07
Pai,120833,INF966L01721/-,Quant Infrastructure Fund - Growth Option-Direct Plan,2022-05-02,Investment,40000,2,1765.43,22.6562,46.2448,2026-08-07
Pai,120833,INF966L01721/-,Quant Infrastructure Fund - Growth Option-Direct Plan,2022-08-01,Investment,10000,0.5,441.347,22.6568,46.2448,2026-08-07
Pai,120833,INF966L01721/-,Quant Infrastructure Fund - Growth Option-Direct Plan,2023-04-03,Investment,81000,4.05,3474.16,23.3138,46.2448,2026-08-07
Pai,120833,INF966L01721/-,Quant Infrastructure Fund - Growth Option-Direct Plan,2023-04-10,Investment (SIP),2500,0.13,105.665,23.6584,46.2448,2026-08-07
Pai,120833,INF966L01721/-,Quant Infrastructure Fund - Growth Option-Direct Plan,2023-04-17,Investment (SIP),2500,0.13,105.347,23.7299,46.2448,2026-08-07
Pai,120833,INF966L01721/-,Quant Infrastructure Fund - Growth Option-Direct Plan,2023-04-25,Investment (SIP),2500,0.13,105.097,23.7863,46.2448,2026-08-07
Pai,120833,INF966L01721/-,Quant Infrastructure Fund - Growth Option-Direct Plan,2023-05-02,Investment (SIP),1250,0.06,50.906,24.5539,46.2448,2026-08-07
Pai,120833,INF966L01721/-,Quant Infrastructure Fund - Growth Option-Direct Plan,2023-05-08,Investment (SIP),1250,0.06,50.936,24.5396,46.2448,2026-08-07
Pai,120833,INF966L01721/-,Quant Infrastructure Fund - Growth Option-Direct Plan,2023-05-15,Investment (SIP),1250,0.06,51.032,24.4931,46.2448,2026-08-07
Pai,120833,INF966L01721/-,Quant Infrastructure Fund - Growth Option-Direct Plan,2023-05-22,Investment (SIP),1250,0.06,51.286,24.3721,46.2448,2026-08-07
Pai,120833,INF966L01721/-,Quant Infrastructure Fund - Growth Option-Direct Plan,2023-05-29,Investment (SIP),1250,0.06,50.888,24.5625,46.2448,2026-08-07
Pai,120833,INF966L01721/-,Quant Infrastructure Fund - Growth Option-Direct Plan,2023-06-07,Investment (SIP),1250,0.06,50.046,24.9758,46.2448,2026-08-07
Pai,120833,INF966L01721/-,Quant Infrastructure Fund - Growth Option-Direct Plan,2023-06-12,Investment (SIP),1250,0.06,49.88,25.0588,46.2448,2026-08-07
Pai,120833,INF966L01721/-,Quant Infrastructure Fund - Growth Option-Direct Plan,2023-06-19,Investment (SIP),1250,0.06,49.49,25.2565,46.2448,2026-08-07
Pai,120833,INF966L01721/-,Quant Infrastructure Fund - Growth Option-Direct Plan,2023-06-26,Investment (SIP),1250,0.06,50.036,24.9807,46.2448,2026-08-07
Pai,120833,INF966L01721/-,Quant Infrastructure Fund - Growth Option-Direct Plan,2023-07-03,Investment (SIP),1250,0.06,48.667,25.6835,46.2448,2026-08-07
Pai,120833,INF966L01721/-,Quant Infrastructure Fund - Growth Option-Direct Plan,2023-07-10,Investment (SIP),1250,0.06,48.03,26.0239,46.2448,2026-08-07
Pai,120833,INF966L01721/-,Quant Infrastructure Fund - Growth Option-Direct Plan,2023-07-17,Investment (SIP),1250,0.06,47.406,26.3665,46.2448,2026-08-07
Pai,120833,INF966L01721/-,Quant Infrastructure Fund - Growth Option-Direct Plan,2023-07-24,Investment (SIP),1250,0.06,47.384,26.3787,46.2448,2026-08-07
Pai,120833,INF966L01721/-,Quant Infrastructure Fund - Growth Option-Direct Plan,2023-07-31,Investment (SIP),1250,0.06,45.817,27.2811,46.2448,2026-08-07
Pai,120833,INF966L01721/-,Quant Infrastructure Fund - Growth Option-Direct Plan,2023-08-07,Investment (SIP),1250,0.06,46.396,26.9408,46.2448,2026-08-07
Pai,120833,INF966L01721/-,Quant Infrastructure Fund - Growth Option-Direct Plan,2023-08-14,Investment (SIP),1250,0.06,46.946,26.6249,46.2448,2026-08-07
Pai,120833,INF966L01721/-,Quant Infrastructure Fund - Growth Option-Direct Plan,2023-08-22,Investment (SIP),1250,0.06,46.288,27.0034,46.2448,2026-08-07
Pai,120833,INF966L01721/-,Quant Infrastructure Fund - Growth Option-Direct Plan,2023-08-28,Investment (SIP),1250,0.06,46.524,26.8666,46.2448,2026-08-07
Pai,120833,INF966L01721/-,Quant Infrastructure Fund - Growth Option-Direct Plan,2023-09-04,Investment (SIP),1250,0.06,44.202,28.2781,46.2448,2026-08-07
Pai,120833,INF966L01721/-,Quant Infrastructure Fund - Growth Option-Direct Plan,2023-09-11,Investment (SIP),1250,0.06,43.09,29.0079,46.2448,2026-08-07
Pai,120833,INF966L01721/-,Quant Infrastructure Fund - Growth Option-Direct Plan,2023-09-18,Investment (SIP),1250,0.06,44.32,28.2026,46.2448,2026-08-07
Pai,120833,INF966L01721/-,Quant Infrastructure Fund - Growth Option-Direct Plan,2023-09-25,Investment (SIP),1250,0.06,44.941,27.813,46.2448,2026-08-07
Pai,120833,INF966L01721/-,Quant Infrastructure Fund - Growth Option-Direct Plan,2023-10-03,Investment (SIP),1250,0.06,44.443,28.1244,46.2448,2026-08-07
Pai,120833,INF966L01721/-,Quant Infrastructure Fund - Growth Option-Direct Plan,2023-10-09,Investment (SIP),1250,0.06,45.305,27.5896,46.2448,2026-08-07
Pai,120833,INF966L01721/-,Quant Infrastructure Fund - Growth Option-Direct Plan,2023-10-16,Investment (SIP),1250,0.06,44.015,28.3981,46.2448,2026-08-07
Pai,120833,INF966L01721/-,Quant Infrastructure Fund - Growth Option-Direct Plan,2023-10-23,Investment (SIP),1250,0.06,46.454,26.907,46.2448,2026-08-07
Pai,120833,INF966L01721/-,Quant Infrastructure Fund - Growth Option-Direct Plan,2023-10-30,Investment (SIP),1250,0.06,44.976,27.7913,46.2448,2026-08-07
Pai,120833,INF966L01721/-,Quant Infrastructure Fund - Growth Option-Direct Plan,2023-11-06,Investment (SIP),1250,0.06,43.97,28.4272,46.2448,2026-08-07
Pai,120833,INF966L01721/-,Quant Infrastructure Fund - Growth Option-Direct Plan,2023-11-13,Investment (SIP),1250,0.06,42.28,29.5636,46.2448,2026-08-07
Pai,120833,INF966L01721/-,Quant Infrastructure Fund - Growth Option-Direct Plan,2023-11-20,Investment (SIP),1000,0.05,33.543,29.8108,46.2448,2026-08-07
Pai,120833,INF966L01721/-,Quant Infrastructure Fund - Growth Option-Direct Plan,2023-11-28,Investment (SIP),1000,0.05,32.655,30.6218,46.2448,2026-08-07
Pai,120833,INF966L01721/-,Quant Infrastructure Fund - Growth Option-Direct Plan,2023-12-04,Investment (SIP),1000,0.05,31.856,31.3901,46.2448,2026-08-07
Pai,120833,INF966L01721/-,Quant Infrastructure Fund - Growth Option-Direct Plan,2023-12-11,Investment (SIP),1000,0.05,30.848,32.4156,46.2448,2026-08-07
Pai,120833,INF966L01721/-,Quant Infrastructure Fund - Growth Option-Direct Plan,2023-12-18,Investment (SIP),1000,0.05,29.931,33.409,46.2448,2026-08-07
Pai,120833,INF966L01721/-,Quant Infrastructure Fund - Growth Option-Direct Plan,2023-12-26,Investment (SIP),1000,0.05,29.978,33.3558,46.2448,2026-08-07
Pai,120833,INF966L01721/-,Quant Infrastructure Fund - Growth Option-Direct Plan,2024-01-01,Investment (SIP),1000,0.05,29.056,34.4142,46.2448,2026-08-07
Pai,120833,INF966L01721/-,Quant Infrastructure Fund - Growth Option-Direct Plan,2024-01-15,Investment (SIP),1000,0.05,27.997,35.7169,46.2448,2026-08-07
Pai,120833,INF966L01721/-,Quant Infrastructure Fund - Growth Option-Direct Plan,2024-01-23,Investment (SIP),1000,0.05,28.736,34.7975,46.2448,2026-08-07
Pai,120833,INF966L01721/-,Quant Infrastructure Fund - Growth Option-Direct Plan,2024-01-29,Investment (SIP),1000,0.05,26.361,37.9334,46.2448,2026-08-07
Pai,120833,INF966L01721/-,Quant Infrastructure Fund - Growth Option-Direct Plan,2024-02-07,Investment (SIP),1000,0.05,24.493,40.8261,46.2448,2026-08-07
Pai,120833,INF966L01721/-,Quant Infrastructure Fund - Growth Option-Direct Plan,2024-02-12,Investment (SIP),1000,0.05,25.379,39.401,46.2448,2026-08-07
Pai,120833,INF966L01721/-,Quant Infrastructure Fund - Growth Option-Direct Plan,2024-02-19,Investment (SIP),0,0,0,0,46.2448,2026-08-07
Pai,120833,INF966L01721/-,Quant Infrastructure Fund - Growth Option-Direct Plan,2024-02-26,Investment (SIP),0,0,0,0,46.2448,2026-08-07
Pai,120833,INF966L01721/-,Quant Infrastructure Fund - Growth Option-Direct Plan,2024-02-28,Investment,2000,0.1,49.396,40.4868,46.2448,2026-08-07
Pai,120833,INF966L01721/-,Quant Infrastructure Fund - Growth Option-Direct Plan,2024-03-05,Investment,1000,0.05,23.778,42.0543,46.2448,2026-08-07
Pai,120833,INF966L01721/-,Quant Infrastructure Fund - Growth Option-Direct Plan,2024-03-06,Investment (SIP),1000,0.05,23.934,41.7797,46.2448,2026-08-07
Pai,120833,INF966L01721/-,Quant Infrastructure Fund - Growth Option-Direct Plan,2024-03-11,Investment (SIP),0,0,0,0,46.2448,2026-08-07
Pai,120833,INF966L01721/-,Quant Infrastructure Fund - Growth Option-Direct Plan,2024-03-18,Investment (SIP),0,0,0,0,46.2448,2026-08-07
Pai,120833,INF966L01721/-,Quant Infrastructure Fund - Growth Option-Direct Plan,2024-03-20,Investment (SIP),1000,0.05,25.841,38.6956,46.2448,2026-08-07
Pai,120833,INF966L01721/-,Quant Infrastructure Fund - Growth Option-Direct Plan,2024-03-27,Investment (SIP),1000,0.05,24.75,40.4013,46.2448,2026-08-07
Pai,120833,INF966L01721/-,Quant Infrastructure Fund - Growth Option-Direct Plan,2024-04-03,Investment (SIP),1000,0.05,23.389,42.7527,46.2448,2026-08-07
Pai,120833,INF966L01721/-,Quant Infrastructure Fund - Growth Option-Direct Plan,2024-04-10,Investment (SIP),1000,0.05,22.887,43.6899,46.2448,2026-08-07
Pai,120833,INF966L01721/-,Quant Infrastructure Fund - Growth Option-Direct Plan,2024-04-18,Investment (SIP),1000,0.05,23.423,42.6901,46.2448,2026-08-07
Pai,120833,INF966L01721/-,Quant Infrastructure Fund - Growth Option-Direct Plan,2024-04-24,Investment (SIP),1000,0.05,22.949,43.5732,46.2448,2026-08-07
Pai,120833,INF966L01721/-,Quant Infrastructure Fund - Growth Option-Direct Plan,2024-05-02,Investment,1000,0.05,22.719,44.013,46.2448,2026-08-07
Pai,120833,INF966L01721/-,Quant Infrastructure Fund - Growth Option-Direct Plan,2024-05-07,Investment (SIP),1000,0.05,23.528,42.5005,46.2448,2026-08-07
Pai,120833,INF966L01721/-,Quant Infrastructure Fund - Growth Option-Direct Plan,2024-05-13,Investment (SIP),1000,0.05,23.735,42.1293,46.2448,2026-08-07
Pai,120833,INF966L01721/-,Quant Infrastructure Fund - Growth Option-Direct Plan,2024-05-21,Investment (SIP),1000,0.05,22.137,45.171,46.2448,2026-08-07
Pai,120833,INF966L01721/-,Quant Infrastructure Fund - Growth Option-Direct Plan,2024-05-27,Investment (SIP),1000,0.05,21.998,45.4556,46.2448,2026-08-07
Pai,120833,INF966L01721/-,Quant Infrastructure Fund - Growth Option-Direct Plan,2024-06-04,Investment (SIP),1000,0.05,23.706,42.1814,46.2448,2026-08-07
Pai,120833,INF966L01721/-,Quant Infrastructure Fund - Growth Option-Direct Plan,2024-06-10,Investment (SIP),1000,0.05,22.024,45.4023,46.2448,2026-08-07
Pai,120833,INF966L01721/-,Quant Infrastructure Fund - Growth Option-Direct Plan,2024-06-18,Investment (SIP),1000,0.05,21.434,46.6516,46.2448,2026-08-07
Pai,120833,INF966L01721/-,Quant Infrastructure Fund - Growth Option-Direct Plan,2024-06-24,Investment (SIP),1000,0.05,21.657,46.1719,46.2448,2026-08-07
Pai,120833,INF966L01721/-,Quant Infrastructure Fund - Growth Option-Direct Plan,2024-07-02,Investment (SIP),1000,0.05,21.28,46.9902,46.2448,2026-08-07
Pai,120833,INF966L01721/-,Quant Infrastructure Fund - Growth Option-Direct Plan,2024-07-08,Investment (SIP),1000,0.05,20.941,47.7508,46.2448,2026-08-07
Pai,120833,INF966L01721/-,Quant Infrastructure Fund - Growth Option-Direct Plan,2024-07-15,Investment (SIP),1000,0.05,20.943,47.7457,46.2448,2026-08-07
Pai,120833,INF966L01721/-,Quant Infrastructure Fund - Growth Option-Direct Plan,2024-07-22,Investment (SIP),1000,0.05,21.488,46.5363,46.2448,2026-08-07
Pai,120833,INF966L01721/-,Quant Infrastructure Fund - Growth Option-Direct Plan,2024-07-29,Investment (SIP),1000,0.05,20.944,47.7442,46.2448,2026-08-07
Pai,120833,INF966L01721/-,Quant Infrastructure Fund - Growth Option-Direct Plan,2024-08-05,Investment (SIP),1000,0.05,21.953,45.5495,46.2448,2026-08-07
Pai,120833,INF966L01721/-,Quant Infrastructure Fund - Growth Option-Direct Plan,2024-08-12,Investment (SIP),1000,0.05,21.852,45.7602,46.2448,2026-08-07
Pai,120833,INF966L01721/-,Quant Infrastructure Fund - Growth Option-Direct Plan,2024-08-19,Investment (SIP),1000,0.05,21.802,45.8655,46.2448,2026-08-07
Pai,120833,INF966L01721/-,Quant Infrastructure Fund - Growth Option-Direct Plan,2024-08-26,Investment (SIP),1000,0.05,21.645,46.1986,46.2448,2026-08-07
Pai,120833,INF966L01721/-,Quant Infrastructure Fund - Growth Option-Direct Plan,2024-09-02,Investment (SIP),1000,0.05,21.629,46.2311,46.2448,2026-08-07
Pai,120833,INF966L01721/-,Quant Infrastructure Fund - Growth Option-Direct Plan,2024-09-09,Investment (SIP),1000,0.05,22.108,45.231,46.2448,2026-08-07
Pai,120833,INF966L01721/-,Quant Infrastructure Fund - Growth Option-Direct Plan,2024-09-16,Investment (SIP),1000,0.05,21.729,46.0198,46.2448,2026-08-07
Pai,120833,INF966L01721/-,Quant Infrastructure Fund - Growth Option-Direct Plan,2024-09-23,Investment (SIP),1000,0.05,21.469,46.5775,46.2448,2026-08-07
Pai,120833,INF966L01721/-,Quant Infrastructure Fund - Growth Option-Direct Plan,2024-09-30,Investment (SIP),1000,0.05,21.403,46.7205,46.2448,2026-08-07
Pai,120833,INF966L01721/-,Quant Infrastructure Fund - Growth Option-Direct Plan,2024-10-08,Investment (SIP),1250,0.06,27.776,45.0007,46.2448,2026-08-07
Pai,120833,INF966L01721/-,Quant Infrastructure Fund - Growth Option-Direct Plan,2024-10-14,Investment (SIP),1250,0.06,27.707,45.1134,46.2448,2026-08-07
Pai,120833,INF966L01721/-,Quant Infrastructure Fund - Growth Option-Direct Plan,2024-10-21,Investment (SIP),1250,0.06,28.209,44.3107,46.2448,2026-08-07
Pai,120833,INF966L01721/-,Quant Infrastructure Fund - Growth Option-Direct Plan,2024-10-28,Investment (SIP),1250,0.06,29.263,42.7144,46.2448,2026-08-07
Pai,120833,INF966L01721/-,Quant Infrastructure Fund - Growth Option-Direct Plan,2024-11-05,Investment (SIP),1250,0.06,28.655,43.6196,46.2448,2026-08-07
Pai,120833,INF966L01721/-,Quant Infrastructure Fund - Growth Option-Direct Plan,2024-11-11,Investment (SIP),1250,0.06,29.205,42.7994,46.2448,2026-08-07
Pai,120833,INF966L01721/-,Quant Infrastructure Fund - Growth Option-Direct Plan,2024-11-18,Investment (SIP),1250,0.06,30.501,40.9806,46.2448,2026-08-07
Pai,120833,INF966L01721/-,Quant Infrastructure Fund - Growth Option-Direct Plan,2024-11-25,Investment (SIP),1250,0.06,29.864,41.8545,46.2448,2026-08-07
Pai,120833,INF966L01721/-,Quant Infrastructure Fund - Growth Option-Direct Plan,2024-12-02,Investment (SIP),1250,0.06,28.882,43.2778,46.2448,2026-08-07
Pai,120833,INF966L01721/-,Quant Infrastructure Fund - Growth Option-Direct Plan,2024-12-09,Investment (SIP),1250,0.06,28.216,44.2986,46.2448,2026-08-07
Pai,120833,INF966L01721/-,Quant Infrastructure Fund - Growth Option-Direct Plan,2024-12-16,Investment (SIP),1250,0.06,28.337,44.11,46.2448,2026-08-07
Pai,120833,INF966L01721/-,Quant Infrastructure Fund - Growth Option-Direct Plan,2026-04-02,Redemption,-189482,0,-5182.98,36.5585,46.2448,2026-08-07
Pai,120826,INF966L01648/-,Quant Large & Mid Cap Fund - Growth Option-Direct Plan,2022-09-01,Investment,30000,1.5,403.058,74.4272,,
Pai,120826,INF966L01648/-,Quant Large & Mid Cap Fund - Growth Option-Direct Plan,2022-10-03,Investment,20000,1,275.809,72.5103,,
Pai,120826,INF966L01648/-,Quant Large & Mid Cap Fund - Growth Option-Direct Plan,2023-11-28,Redemption,-65467.9,0,-678.867,96.437,,
Pai,120823,INF966L01614/-,Quant Multi Cap Fund-GROWTH OPTION-Direct Plan,2021-06-02,Investment,20000,1,54.4951,366.987,,
Pai,120823,INF966L01614/-,Quant Multi Cap Fund-GROWTH OPTION-Direct Plan,2021-08-02,Investment,10000,0.5,24.692,404.976,,
Pai,120823,INF966L01614/-,Quant Multi Cap Fund-GROWTH OPTION-Direct Plan,2021-10-01,Investment,10000,0.5,23.785,420.412,,
Pai,120823,INF966L01614/-,Quant Multi Cap Fund-GROWTH OPTION-Direct Plan,2021-11-01,Investment,5000,0.25,11.65,429.15,,
Pai,120823,INF966L01614/-,Quant Multi Cap Fund-GROWTH OPTION-Direct Plan,2021-12-01,Investment,5000,0.25,11.557,432.622,,
Pai,120823,INF966L01614/-,Quant Multi Cap Fund-GROWTH OPTION-Direct Plan,2022-03-02,Investment,25000,1.25,61.09,409.213,,
Pai,120823,INF966L01614/-,Quant Multi Cap Fund-GROWTH OPTION-Direct Plan,2022-04-01,Investment,30000,1.5,65.985,454.627,,
Pai,120823,INF966L01614/-,Quant Multi Cap Fund-GROWTH OPTION-Direct Plan,2022-07-01,Investment,10000,0.5,25.506,392.05,,
Pai,120823,INF966L01614/-,Quant Multi Cap Fund-GROWTH OPTION-Direct Plan,2023-07-03,Redemption,-139088,0,-278.76,498.951,,
Pai,120828,INF966L01689/-,Quant Small Cap Fund - Growth Option - Direct Plan,2021-05-10,Investment,30000,1.5,278.557,107.692,315.584,2026-08-07
Pai,120828,INF966L01689/-,Quant Small Cap Fund - Growth Option - Direct Plan,2021-06-02,Investment,5000,0.25,45.5859,109.678,315.584,2026-08-07
Pai,120828,INF966L01689/-,Quant Small Cap Fund - Growth Option - Direct Plan,2021-07-01,Investment,15000,0.75,125.24,119.764,315.584,2026-08-07
Pai,120828,INF966L01689/-,Quant Small Cap Fund - Growth Option - Direct Plan,2021-08-02,Investment,10000,0.5,74.812,133.662,315.584,2026-08-07
Pai,120828,INF966L01689/-,Quant Small Cap Fund - Growth Option - Direct Plan,2021-11-01,Investment,10000,0.5,72.288,138.329,315.584,2026-08-07
Pai,120828,INF966L01689/-,Quant Small Cap Fund - Growth Option - Direct Plan,2021-12-01,Investment,5000,0.25,37.482,133.392,315.584,2026-08-07
Pai,120828,INF966L01689/-,Quant Small Cap Fund - Growth Option - Direct Plan,2022-03-02,Investment,25000,1.25,192.835,129.638,315.584,2026-08-07
Pai,120828,INF966L01689/-,Quant Small Cap Fund - Growth Option - Direct Plan,2022-06-01,Investment,10000,0.5,78.173,127.915,315.584,2026-08-07
Pai,120828,INF966L01689/-,Quant Small Cap Fund - Growth Option - Direct Plan,2022-08-01,Investment,10000,0.5,75.55,132.356,315.584,2026-08-07
Pai,120828,INF966L01689/-,Quant Small Cap Fund - Growth Option - Direct Plan,2022-10-27,Investment,5000,0.25,34.684,144.151,315.584,2026-08-07
Pai,120828,INF966L01689/-,Quant Small Cap Fund - Growth Option - Direct Plan,2022-12-05,Investment (SIP),1250,0.06,8.16,153.184,315.584,2026-08-07
Pai,120828,INF966L01689/-,Quant Small Cap Fund - Growth Option - Direct Plan,2022-12-13,Investment (SIP),1250,0.06,7.981,156.621,315.584,2026-08-07
Pai,120828,INF966L01689/-,Quant Small Cap Fund - Growth Option - Direct Plan,2022-12-19,Investment (SIP),1250,0.06,8.036,155.545,315.584,2026-08-07
Pai,120828,INF966L01689/-,Quant Small Cap Fund - Growth Option - Direct Plan,2022-12-26,Investment (SIP),1250,0.06,8.486,147.292,315.584,2026-08-07
Pai,120828,INF966L01689/-,Quant Small Cap Fund - Growth Option - Direct Plan,2023-01-02,Investment (SIP),1250,0.06,8.008,156.079,315.584,2026-08-07
Pai,120828,INF966L01689/-,Quant Small Cap Fund - Growth Option - Direct Plan,2023-01-09,Investment (SIP),1250,0.06,8.064,155.01,315.584,2026-08-07
Pai,120828,INF966L01689/-,Quant Small Cap Fund - Growth Option - Direct Plan,2023-01-16,Investment (SIP),1250,0.06,8.009,156.061,315.584,2026-08-07
Pai,120828,INF966L01689/-,Quant Small Cap Fund - Growth Option - Direct Plan,2023-01-23,Investment (SIP),1250,0.06,8.052,155.243,315.584,2026-08-07
Pai,120828,INF966L01689/-,Quant Small Cap Fund - Growth Option - Direct Plan,2023-01-30,Investment (SIP),1250,0.06,8.457,147.806,315.584,2026-08-07
Pai,120828,INF966L01689/-,Quant Small Cap Fund - Growth Option - Direct Plan,2023-02-06,Investment (SIP),1250,0.06,8.328,150.098,315.584,2026-08-07
Pai,120828,INF966L01689/-,Quant Small Cap Fund - Growth Option - Direct Plan,2023-02-13,Investment (SIP),1250,0.06,8.308,150.449,315.584,2026-08-07
Pai,120828,INF966L01689/-,Quant Small Cap Fund - Growth Option - Direct Plan,2023-02-20,Investment (SIP),1250,0.06,8.314,150.345,315.584,2026-08-07
Pai,120828,INF966L01689/-,Quant Small Cap Fund - Growth Option - Direct Plan,2023-02-27,Investment (SIP),1250,0.06,8.566,145.915,315.584,2026-08-07
Pai,120828,INF966L01689/-,Quant Small Cap Fund - Growth Option - Direct Plan,2023-03-06,Investment (SIP),1250,0.06,8.2,152.432,315.584,2026-08-07
Pai,120828,INF966L01689/-,Quant Small Cap Fund - Growth Option - Direct Plan,2023-03-13,Investment (SIP),1250,0.06,8.416,148.514,315.584,2026-08-07
Pai,120828,INF966L01689/-,Quant Small Cap Fund - Growth Option - Direct Plan,2023-03-20,Investment (SIP),1250,0.06,8.651,144.482,315.584,2026-08-07
Pai,120828,INF966L01689/-,Quant Small Cap Fund - Growth Option - Direct Plan,2023-03-27,Investment (SIP),1250,0.06,8.737,143.059,315.584,2026-08-07
Pai,120828,INF966L01689/-,Quant Small Cap Fund - Growth Option - Direct Plan,2023-04-05,Investment (SIP),1250,0.06,8.374,149.264,315.584,2026-08-07
Pai,120828,INF966L01689/-,Quant Small Cap Fund - Growth Option - Direct Plan,2023-04-11,Investment (SIP),2500,0.13,16.586,150.725,315.584,2026-08-07
Pai,120828,INF966L01689/-,Quant Small Cap Fund - Growth Option - Direct Plan,2023-04-17,Investment (SIP),2500,0.13,16.384,152.577,315.584,2026-08-07
Pai,120828,INF966L01689/-,Quant Small Cap Fund - Growth Option - Direct Plan,2023-04-25,Investment (SIP),2500,0.13,16.303,153.338,315.584,2026-08-07
Pai,120828,INF966L01689/-,Quant Small Cap Fund - Growth Option - Direct Plan,2023-05-02,Investment (SIP),1250,0.06,7.915,157.92,315.584,2026-08-07
Pai,120828,INF966L01689/-,Quant Small Cap Fund - Growth Option - Direct Plan,2023-05-08,Investment (SIP),1250,0.06,7.864,158.938,315.584,2026-08-07
Pai,120828,INF966L01689/-,Quant Small Cap Fund - Growth Option - Direct Plan,2023-05-15,Investment (SIP),1250,0.06,7.772,160.817,315.584,2026-08-07
Pai,120828,INF966L01689/-,Quant Small Cap Fund - Growth Option - Direct Plan,2023-05-22,Investment (SIP),1250,0.06,7.8,160.239,315.584,2026-08-07
Pai,120828,INF966L01689/-,Quant Small Cap Fund - Growth Option - Direct Plan,2023-05-29,Investment (SIP),1250,0.06,7.748,161.317,315.584,2026-08-07
Pai,120828,INF966L01689/-,Quant Small Cap Fund - Growth Option - Direct Plan,2023-06-07,Investment (SIP),1250,0.06,7.489,166.903,315.584,2026-08-07
Pai,120828,INF966L01689/-,Quant Small Cap Fund - Growth Option - Direct Plan,2023-06-12,Investment (SIP),1250,0.06,7.442,167.952,315.584,2026-08-07
Pai,120828,INF966L01689/-,Quant Small Cap Fund - Growth Option - Direct Plan,2023-06-19,Investment (SIP),1250,0.06,7.329,170.539,315.584,2026-08-07
Pai,120828,INF966L01689/-,Quant Small Cap Fund - Growth Option - Direct Plan,2023-06-26,Investment (SIP),1250,0.06,7.357,169.892,315.584,2026-08-07
Pai,120828,INF966L01689/-,Quant Small Cap Fund - Growth Option - Direct Plan,2023-07-03,Investment (SIP),1250,0.06,7.227,172.962,315.584,2026-08-07
Pai,120828,INF966L01689/-,Quant Small Cap Fund - Growth Option - Direct Plan,2023-07-03,Investment,70000,3.5,404.693,172.962,315.584,2026-08-07
Pai,120828,INF966L01689/-,Quant Small Cap Fund - Growth Option - Direct Plan,2023-07-10,Investment (SIP),1250,0.06,7.184,173.981,315.584,2026-08-07
Pai,120828,INF966L01689/-,Quant Small Cap Fund - Growth Option - Direct Plan,2023-07-17,Investment (SIP),1250,0.06,7.004,178.463,315.584,2026-08-07
Pai,120828,INF966L01689/-,Quant Small Cap Fund - Growth Option - Direct Plan,2023-07-24,Investment (SIP),1250,0.06,6.939,180.121,315.584,2026-08-07
Pai,120828,INF966L01689/-,Quant Small Cap Fund - Growth Option - Direct Plan,2023-07-31,Investment (SIP),1250,0.06,6.738,185.51,315.584,2026-08-07
Pai,120828,INF966L01689/-,Quant Small Cap Fund - Growth Option - Direct Plan,2023-08-07,Investment (SIP),1250,0.06,6.723,185.925,315.584,2026-08-07
Pai,120828,INF966L01689/-,Quant Small Cap Fund - Growth Option - Direct Plan,2023-08-14,Investment (SIP),1250,0.06,6.709,186.298,315.584,2026-08-07
Pai,120828,INF966L01689/-,Quant Small Cap Fund - Growth Option - Direct Plan,2023-08-22,Investment (SIP),1250,0.06,6.604,189.258,315.584,2026-08-07
Pai,120828,INF966L01689/-,Quant Small Cap Fund - Growth Option - Direct Plan,2023-08-28,Investment (SIP),1250,0.06,6.574,190.144,315.584,2026-08-07
Pai,120828,INF966L01689/-,Quant Small Cap Fund - Growth Option - Direct Plan,2023-09-04,Investment (SIP),1250,0.06,6.348,196.917,315.584,2026-08-07
Pai,120828,INF966L01689/-,Quant Small Cap Fund - Growth Option - Direct Plan,2023-09-11,Investment (SIP),1250,0.06,6.203,201.509,315.584,2026-08-07
Pai,120828,INF966L01689/-,Quant Small Cap Fund - Growth Option - Direct Plan,2023-09-18,Investment (SIP),1250,0.06,6.381,195.879,315.584,2026-08-07
Pai,120828,INF966L01689/-,Quant Small Cap Fund - Growth Option - Direct Plan,2023-09-25,Investment (SIP),1250,0.06,6.45,193.799,315.584,2026-08-07
Pai,120828,INF966L01689/-,Quant Small Cap Fund - Growth Option - Direct Plan,2023-10-03,Investment (SIP),1250,0.06,6.357,196.628,315.584,2026-08-07
Pai,120828,INF966L01689/-,Quant Small Cap Fund - Growth Option - Direct Plan,2023-10-09,Investment (SIP),1250,0.06,6.488,192.668,315.584,2026-08-07
Pai,120828,INF966L01689/-,Quant Small Cap Fund - Growth Option - Direct Plan,2023-10-16,Investment (SIP),1250,0.06,6.324,197.643,315.584,2026-08-07
Pai,120828,INF966L01689/-,Quant Small Cap Fund - Growth Option - Direct Plan,2023-10-23,Investment (SIP),1250,0.06,6.681,187.092,315.584,2026-08-07
Pai,120828,INF966L01689/-,Quant Small Cap Fund - Growth Option - Direct Plan,2023-10-30,Investment (SIP),1250,0.06,6.575,190.118,315.584,2026-08-07
Pai,120828,INF966L01689/-,Quant Small Cap Fund - Growth Option - Direct Plan,2023-11-06,Investment (SIP),1250,0.06,6.435,194.238,315.584,2026-08-07
Pai,120828,INF966L01689/-,Quant Small Cap Fund - Growth Option - Direct Plan,2023-11-13,Investment (SIP),1250,0.06,6.225,200.801,315.584,2026-08-07
Pai,120828,INF966L01689/-,Quant Small Cap Fund - Growth Option - Direct Plan,2023-11-20,Investment (SIP),1000,0.05,4.938,202.501,315.584,2026-08-07
Pai,120828,INF966L01689/-,Quant Small Cap Fund - Growth Option - Direct Plan,2023-11-28,Investment (SIP),1000,0.05,4.83,207.039,315.584,2026-08-07
Pai,120828,INF966L01689/-,Quant Small Cap Fund - Growth Option - Direct Plan,2023-12-04,Investment (SIP),1000,0.05,4.657,214.72,315.584,2026-08-07
Pai,120828,INF966L01689/-,Quant Small Cap Fund - Growth Option - Direct Plan,2023-12-11,Investment (SIP),1000,0.05,4.593,217.729,315.584,2026-08-07
Pai,120828,INF966L01689/-,Quant Small Cap Fund - Growth Option - Direct Plan,2023-12-18,Investment (SIP),1000,0.05,4.486,222.9,315.584,2026-08-07
Pai,120828,INF966L01689/-,Quant Small Cap Fund - Growth Option - Direct Plan,2023-12-26,Investment (SIP),1000,0.05,4.462,224.127,315.584,2026-08-07
Pai,120828,INF966L01689/-,Quant Small Cap Fund - Growth Option - Direct Plan,2024-01-01,Investment (SIP),1000,0.05,4.38,228.276,315.584,2026-08-07
Pai,120828,INF966L01689/-,Quant Small Cap Fund - Growth Option - Direct Plan,2024-01-08,Investment (SIP),1000,0.05,4.3,232.545,315.584,2026-08-07
Pai,120828,INF966L01689/-,Quant Small Cap Fund - Growth Option - Direct Plan,2024-01-15,Investment (SIP),1000,0.05,4.167,239.954,315.584,2026-08-07
Pai,120828,INF966L01689/-,Quant Small Cap Fund - Growth Option - Direct Plan,2024-01-23,Investment (SIP),1000,0.05,4.243,235.664,315.584,2026-08-07
Pai,120828,INF966L01689/-,Quant Small Cap Fund - Growth Option - Direct Plan,2024-01-29,Investment (SIP),1000,0.05,4.021,248.668,315.584,2026-08-07
Pai,120828,INF966L01689/-,Quant Small Cap Fund - Growth Option - Direct Plan,2024-02-07,Investment (SIP),1000,0.05,3.88,257.701,315.584,2026-08-07
Pai,120828,INF966L01689/-,Quant Small Cap Fund - Growth Option - Direct Plan,2024-02-12,Investment (SIP),1000,0.05,4.083,244.883,315.584,2026-08-07
Pai,120828,INF966L01689/-,Quant Small Cap Fund - Growth Option - Direct Plan,2024-02-19,Investment (SIP),1000,0.05,3.891,257.011,315.584,2026-08-07
Pai,120828,INF966L01689/-,Quant Small Cap Fund - Growth Option - Direct Plan,2024-02-26,Investment (SIP),0,0,0,0,315.584,2026-08-07
Pai,120828,INF966L01689/-,Quant Small Cap Fund - Growth Option - Direct Plan,2024-02-28,Investment,1000,0.05,3.954,252.867,315.584,2026-08-07
Pai,120828,INF966L01689/-,Quant Small Cap Fund - Growth Option - Direct Plan,2024-03-05,Investment,1000,0.05,3.884,257.465,315.584,2026-08-07
Pai,120828,INF966L01689/-,Quant Small Cap Fund - Growth Option - Direct Plan,2024-03-06,Investment (SIP),1000,0.05,3.937,253.977,315.584,2026-08-07
Pai,120828,INF966L01689/-,Quant Small Cap Fund - Growth Option - Direct Plan,2024-03-11,Investment (SIP),0,0,0,0,315.584,2026-08-07
Pai,120828,INF966L01689/-,Quant Small Cap Fund - Growth Option - Direct Plan,2024-03-18,Investment (SIP),0,0,0,0,315.584,2026-08-07
Pai,120828,INF966L01689/-,Quant Small Cap Fund - Growth Option - Direct Plan,2024-03-20,Investment (SIP),1000,0.05,4.216,237.194,315.584,2026-08-07
Pai,120828,INF966L01689/-,Quant Small Cap Fund - Growth Option - Direct Plan,2024-03-27,Investment (SIP),1000,0.05,4.068,245.807,315.584,2026-08-07
Pai,120828,INF966L01689/-,Quant Small Cap Fund - Growth Option - Direct Plan,2024-04-03,Investment (SIP),1000,0.05,3.87,258.373,315.584,2026-08-07
Pai,120828,INF966L01689/-,Quant Small Cap Fund - Growth Option - Direct Plan,2024-04-10,Investment (SIP),1000,0.05,3.775,264.857,315.584,2026-08-07
Pai,120828,INF966L01689/-,Quant Small Cap Fund - Growth Option - Direct Plan,2024-04-18,Investment (SIP),1000,0.05,3.826,261.36,315.584,2026-08-07
Pai,120828,INF966L01689/-,Quant Small Cap Fund - Growth Option - Direct Plan,2024-04-24,Investment (SIP),1000,0.05,3.742,267.217,315.584,2026-08-07
Pai,120828,INF966L01689/-,Quant Small Cap Fund - Growth Option - Direct Plan,2024-05-02,Investment,1000,0.05,3.685,271.351,315.584,2026-08-07
Pai,120828,INF966L01689/-,Quant Small Cap Fund - Growth Option - Direct Plan,2024-05-07,Investment (SIP),1000,0.05,3.831,260.992,315.584,2026-08-07
Pai,120828,INF966L01689/-,Quant Small Cap Fund - Growth Option - Direct Plan,2024-05-13,Investment (SIP),1000,0.05,3.871,258.316,315.584,2026-08-07
Pai,120828,INF966L01689/-,Quant Small Cap Fund - Growth Option - Direct Plan,2024-05-21,Investment (SIP),1000,0.05,3.684,271.396,315.584,2026-08-07
Pai,120828,INF966L01689/-,Quant Small Cap Fund - Growth Option - Direct Plan,2024-05-27,Investment (SIP),1000,0.05,3.659,273.308,315.584,2026-08-07
Pai,120828,INF966L01689/-,Quant Small Cap Fund - Growth Option - Direct Plan,2024-06-04,Investment (SIP),1000,0.05,3.934,254.175,315.584,2026-08-07
Pai,120828,INF966L01689/-,Quant Small Cap Fund - Growth Option - Direct Plan,2024-06-10,Investment (SIP),1000,0.05,3.617,276.433,315.584,2026-08-07
Pai,120828,INF966L01689/-,Quant Small Cap Fund - Growth Option - Direct Plan,2024-06-18,Investment (SIP),1000,0.05,3.487,286.778,315.584,2026-08-07
Pai,120828,INF966L01689/-,Quant Small Cap Fund - Growth Option - Direct Plan,2024-06-24,Investment (SIP),1000,0.05,3.501,285.615,315.584,2026-08-07
Pai,120828,INF966L01689/-,Quant Small Cap Fund - Growth Option - Direct Plan,2024-07-02,Investment (SIP),1000,0.05,3.46,289.034,315.584,2026-08-07
Pai,120828,INF966L01689/-,Quant Small Cap Fund - Growth Option - Direct Plan,2024-07-08,Investment (SIP),1000,0.05,3.386,295.346,315.584,2026-08-07
Pai,120828,INF966L01689/-,Quant Small Cap Fund - Growth Option - Direct Plan,2024-07-15,Investment (SIP),1000,0.05,3.373,296.477,315.584,2026-08-07
Pai,120828,INF966L01689/-,Quant Small Cap Fund - Growth Option - Direct Plan,2024-07-22,Investment (SIP),1000,0.05,3.437,290.955,315.584,2026-08-07
Pai,120828,INF966L01689/-,Quant Small Cap Fund - Growth Option - Direct Plan,2024-07-29,Investment (SIP),1000,0.05,3.363,297.332,315.584,2026-08-07
Pai,120828,INF966L01689/-,Quant Small Cap Fund - Growth Option - Direct Plan,2024-08-05,Investment (SIP),1000,0.05,3.5,285.674,315.584,2026-08-07
Pai,120828,INF966L01689/-,Quant Small Cap Fund - Growth Option - Direct Plan,2024-08-12,Investment (SIP),1000,0.05,3.404,293.782,315.584,2026-08-07
Pai,120828,INF966L01689/-,Quant Small Cap Fund - Growth Option - Direct Plan,2024-08-19,Investment (SIP),1000,0.05,3.388,295.181,315.584,2026-08-07
Pai,120828,INF966L01689/-,Quant Small Cap Fund - Growth Option - Direct Plan,2024-08-26,Investment (SIP),1000,0.05,3.326,300.636,315.584,2026-08-07
Pai,120828,INF966L01689/-,Quant Small Cap Fund - Growth Option - Direct Plan,2024-09-02,Investment (SIP),1000,0.05,3.308,302.293,315.584,2026-08-07
Pai,120828,INF966L01689/-,Quant Small Cap Fund - Growth Option - Direct Plan,2024-09-09,Investment (SIP),1000,0.05,3.317,301.497,315.584,2026-08-07
Pai,120828,INF966L01689/-,Quant Small Cap Fund - Growth Option - Direct Plan,2024-09-16,Investment (SIP),1000,0.05,3.282,304.64,315.584,2026-08-07
Pai,120828,INF966L01689/-,Quant Small Cap Fund - Growth Option - Direct Plan,2024-09-23,Investment (SIP),1000,0.05,3.265,306.287,315.584,2026-08-07
Pai,120828,INF966L01689/-,Quant Small Cap Fund - Growth Option - Direct Plan,2024-09-30,Investment (SIP),1000,0.05,3.284,304.481,315.584,2026-08-07
Pai,120828,INF966L01689/-,Quant Small Cap Fund - Growth Option - Direct Plan,2024-10-08,Investment (SIP),1250,0.06,4.231,295.404,315.584,2026-08-07
Pai,120828,INF966L01689/-,Quant Small Cap Fund - Growth Option - Direct Plan,2024-10-14,Investment (SIP),1250,0.06,4.19,298.28,315.584,2026-08-07
Pai,120828,INF966L01689/-,Quant Small Cap Fund - Growth Option - Direct Plan,2024-10-21,Investment (SIP),1250,0.06,4.269,292.825,315.584,2026-08-07
Pai,120828,INF966L01689/-,Quant Small Cap Fund - Growth Option - Direct Plan,2024-10-28,Investment (SIP),1250,0.06,4.404,283.833,315.584,2026-08-07
Pai,120828,INF966L01689/-,Quant Small Cap Fund - Growth Option - Direct Plan,2024-11-05,Investment (SIP),1250,0.06,4.269,292.804,315.584,2026-08-07
Pai,120828,INF966L01689/-,Quant Small Cap Fund - Growth Option - Direct Plan,2024-11-11,Investment (SIP),1250,0.06,4.355,287.002,315.584,2026-08-07
Pai,120828,INF966L01689/-,Quant Small Cap Fund - Growth Option - Direct Plan,2024-11-18,Investment (SIP),1250,0.06,4.482,278.861,315.584,2026-08-07
Pai,120828,INF966L01689/-,Quant Small Cap Fund - Growth Option - Direct Plan,2024-11-25,Investment (SIP),1250,0.06,4.411,283.393,315.584,2026-08-07
Pai,120828,INF966L01689/-,Quant Small Cap Fund - Growth Option - Direct Plan,2024-12-02,Investment (SIP),1250,0.06,4.276,292.304,315.584,2026-08-07
Pai,120828,INF966L01689/-,Quant Small Cap Fund - Growth Option - Direct Plan,2024-12-09,Investment (SIP),1250,0.06,4.229,295.546,315.584,2026-08-07
Pai,120828,INF966L01689/-,Quant Small Cap Fund - Growth Option - Direct Plan,2024-12-16,Investment (SIP),1250,0.06,4.268,292.893,315.584,2026-08-07
Pai,120828,INF966L01689/-,Quant Small Cap Fund - Growth Option - Direct Plan,2024-12-23,Investment (SIP),1400,0.07,5.025,278.591,315.584,2026-08-07
Pai,120828,INF966L01689/-,Quant Small Cap Fund - Growth Option - Direct Plan,2024-12-30,Investment (SIP),1400,0.07,5.005,279.703,315.584,2026-08-07
Pai,120828,INF966L01689/-,Quant Small Cap Fund - Growth Option - Direct Plan,2025-01-06,Investment (SIP),1400,0.07,5.033,278.174,315.584,2026-08-07
Pai,120828,INF966L01689/-,Quant Small Cap Fund - Growth Option - Direct Plan,2025-01-13,Investment (SIP),1400,0.07,5.321,263.083,315.584,2026-08-07
Pai,120828,INF966L01689/-,Quant Small Cap Fund - Growth Option - Direct Plan,2025-01-20,Investment (SIP),1400,0.07,5.128,273.014,315.584,2026-08-07
Pai,120828,INF966L01689/-,Quant Small Cap Fund - Growth Option - Direct Plan,2025-01-27,Investment (SIP),1400,0.07,5.547,252.384,315.584,2026-08-07
Pai,120828,INF966L01689/-,Quant Small Cap Fund - Growth Option - Direct Plan,2025-02-03,Investment (SIP),1400,0.07,5.443,257.207,315.584,2026-08-07
Pai,120828,INF966L01689/-,Quant Small Cap Fund - Growth Option - Direct Plan,2025-02-10,Investment (SIP),1400,0.07,5.461,256.359,315.584,2026-08-07
Pai,120828,INF966L01689/-,Quant Small Cap Fund - Growth Option - Direct Plan,2025-02-17,Investment (SIP),1400,0.07,5.86,238.911,315.584,2026-08-07
Pai,120828,INF966L01689/-,Quant Small Cap Fund - Growth Option - Direct Plan,2025-02-24,Investment (SIP),1400,0.07,5.816,240.708,315.584,2026-08-07
Pai,120828,INF966L01689/-,Quant Small Cap Fund - Growth Option - Direct Plan,2025-03-03,Investment (SIP),1400,0.07,6.043,231.672,315.584,2026-08-07
Pai,120828,INF966L01689/-,Quant Small Cap Fund - Growth Option - Direct Plan,2025-03-10,Investment (SIP),1400,0.07,5.825,240.347,315.584,2026-08-07
Pai,120828,INF966L01689/-,Quant Small Cap Fund - Growth Option - Direct Plan,2025-03-17,Investment (SIP),1400,0.07,5.88,238.073,315.584,2026-08-07
Pai,120828,INF966L01689/-,Quant Small Cap Fund - Growth Option - Direct Plan,2025-03-24,Investment (SIP),1400,0.07,5.524,253.407,315.584,2026-08-07
Pai,120828,INF966L01689/-,Quant Small Cap Fund - Growth Option - Direct Plan,2025-04-01,Investment (SIP),1400,0.07,5.634,248.461,315.584,2026-08-07
Pai,120828,INF966L01689/-,Quant Small Cap Fund - Growth Option - Direct Plan,2025-04-08,Investment (SIP),1400,0.07,5.808,241.022,315.584,2026-08-07
Pai,120828,INF966L01689/-,Quant Small Cap Fund - Growth Option - Direct Plan,2025-04-15,Investment (SIP),1400,0.07,5.578,250.984,315.584,2026-08-07
Pai,120828,INF966L01689/-,Quant Small Cap Fund - Growth Option - Direct Plan,2025-04-22,Investment (SIP),1400,0.07,5.396,259.415,315.584,2026-08-07
Pai,120828,INF966L01689/-,Quant Small Cap Fund - Growth Option - Direct Plan,2025-04-29,Investment (SIP),1400,0.07,5.395,259.487,315.584,2026-08-07
Pai,120828,INF966L01689/-,Quant Small Cap Fund - Growth Option - Direct Plan,2025-05-06,Investment (SIP),1400,0.07,5.471,255.891,315.584,2026-08-07
Pai,120828,INF966L01689/-,Quant Small Cap Fund - Growth Option - Direct Plan,2025-05-13,Investment (SIP),1400,0.07,5.307,263.772,315.584,2026-08-07
Pai,120828,INF966L01689/-,Quant Small Cap Fund - Growth Option - Direct Plan,2025-05-20,Investment (SIP),1400,0.07,5.173,270.637,315.584,2026-08-07
Pai,120828,INF966L01689/-,Quant Small Cap Fund - Growth Option - Direct Plan,2025-05-27,Investment (SIP),1400,0.07,5.142,272.242,315.584,2026-08-07
Pai,120828,INF966L01689/-,Quant Small Cap Fund - Growth Option - Direct Plan,2025-06-03,Investment (SIP),1400,0.07,5.155,271.561,315.584,2026-08-07
Pai,120828,INF966L01689/-,Quant Small Cap Fund - Growth Option - Direct Plan,2025-06-10,Investment (SIP),1400,0.07,5.029,278.356,315.584,2026-08-07
Pai,120828,INF966L01689/-,Quant Small Cap Fund - Growth Option - Direct Plan,2025-06-17,Investment (SIP),1400,0.07,5.11,273.955,315.584,2026-08-07
Pai,120828,INF966L01689/-,Quant Small Cap Fund - Growth Option - Direct Plan,2025-06-24,Investment (SIP),1400,0.07,5.12,273.43,315.584,2026-08-07
Pai,120828,INF966L01689/-,Quant Small Cap Fund - Growth Option - Direct Plan,2025-07-01,Investment (SIP),1400,0.07,4.921,284.481,315.584,2026-08-07
Pai,120828,INF966L01689/-,Quant Small Cap Fund - Growth Option - Direct Plan,2025-07-08,Investment (SIP),1400,0.07,4.908,285.257,315.584,2026-08-07
Pai,120828,INF966L01689/-,Quant Small Cap Fund - Growth Option - Direct Plan,2025-07-15,Investment (SIP),1400,0.07,4.885,286.573,315.584,2026-08-07
Pai,120828,INF966L01689/-,Quant Small Cap Fund - Growth Option - Direct Plan,2025-07-22,Investment (SIP),1400,0.07,4.938,283.49,315.584,2026-08-07
Pai,120828,INF966L01689/-,Quant Small Cap Fund - Growth Option - Direct Plan,2025-07-29,Investment (SIP),1400,0.07,4.993,280.384,315.584,2026-08-07
Pai,120828,INF966L01689/-,Quant Small Cap Fund - Growth Option - Direct Plan,2025-08-05,Investment (SIP),1400,0.07,5.082,275.475,315.584,2026-08-07
Pai,120828,INF966L01689/-,Quant Small Cap Fund - Growth Option - Direct Plan,2025-08-12,Investment (SIP),1400,0.07,5.182,270.15,315.584,2026-08-07
Pai,120828,INF966L01689/-,Quant Small Cap Fund - Growth Option - Direct Plan,2025-08-19,Investment (SIP),1400,0.07,5.049,277.282,315.584,2026-08-07
Pai,120828,INF966L01689/-,Quant Small Cap Fund - Growth Option - Direct Plan,2025-08-26,Investment (SIP),1400,0.07,5.142,272.263,315.584,2026-08-07
Pai,120828,INF966L01689/-,Quant Small Cap Fund - Growth Option - Direct Plan,2025-09-02,Investment (SIP),1400,0.07,5.128,272.988,315.584,2026-08-07
Pai,120828,INF966L01689/-,Quant Small Cap Fund - Growth Option - Direct Plan,2025-09-09,Investment (SIP),1400,0.07,5.086,275.26,315.584,2026-08-07
Pai,120828,INF966L01689/-,Quant Small Cap Fund - Growth Option - Direct Plan,2025-09-16,Investment (SIP),1400,0.07,4.982,280.98,315.584,2026-08-07
Pai,120828,INF966L01689/-,Quant Small Cap Fund - Growth Option - Direct Plan,2025-09-23,Investment (SIP),1400,0.07,4.961,282.193,315.584,2026-08-07
Pai,120828,INF966L01689/-,Quant Small Cap Fund - Growth Option - Direct Plan,2025-09-30,Investment (SIP),1400,0.07,5.138,272.461,315.584,2026-08-07
Pai,120828,INF966L01689/-,Quant Small Cap Fund - Growth Option - Direct Plan,2025-10-07,Investment (SIP),1400,0.07,5.01,279.42,315.584,2026-08-07
Pai,120828,INF966L01689/-,Quant Small Cap Fund - Growth Option - Direct Plan,2025-10-14,Investment (SIP),1400,0.07,5.028,278.452,315.584,2026-08-07
Pai,120828,INF966L01689/-,Quant Small Cap Fund - Growth Option - Direct Plan,2025-10-23,Investment (SIP),1400,0.07,4.923,284.378,315.584,2026-08-07
Pai,120828,INF966L01689/-,Quant Small Cap Fund - Growth Option - Direct Plan,2025-10-28,Investment (SIP),1400,0.07,4.911,285.043,315.584,2026-08-07
Pai,120828,INF966L01689/-,Quant Small Cap Fund - Growth Option - Direct Plan,2025-11-04,Investment (SIP),1400,0.07,4.936,283.607,315.584,2026-08-07
Pai,120828,INF966L01689/-,Quant Small Cap Fund - Growth Option - Direct Plan,2025-11-11,Investment (SIP),1400,0.07,4.964,282.024,315.584,2026-08-07
Pai,120828,INF966L01689/-,Quant Small Cap Fund - Growth Option - Direct Plan,2025-11-18,Investment (SIP),1400,0.07,4.932,283.858,315.584,2026-08-07
Pai,120828,INF966L01689/-,Quant Small Cap Fund - Growth Option - Direct Plan,2025-11-25,Investment (SIP),1400,0.07,5.022,278.748,315.584,2026-08-07
Pai,120828,INF966L01689/-,Quant Small Cap Fund - Growth Option - Direct Plan,2025-12-02,Investment (SIP),1400,0.07,5.021,278.808,315.584,2026-08-07
Pai,120828,INF966L01689/-,Quant Small Cap Fund - Growth Option - Direct Plan,2025-12-09,Investment (SIP),1400,0.07,5.136,272.57,315.584,2026-08-07
Pai,120828,INF966L01689/-,Quant Small Cap Fund - Growth Option - Direct Plan,2025-12-16,Investment (SIP),1400,0.07,5.114,273.757,315.584,2026-08-07
Pai,120828,INF966L01689/-,Quant Small Cap Fund - Growth Option - Direct Plan,2025-12-23,Investment (SIP),1400,0.07,5.078,275.701,315.584,2026-08-07
Pai,120828,INF966L01689/-,Quant Small Cap Fund - Growth Option - Direct Plan,2025-12-30,Investment (SIP),1400,0.07,5.129,272.964,315.584,2026-08-07
Pai,120828,INF966L01689/-,Quant Small Cap Fund - Growth Option - Direct Plan,2026-01-08,Investment (SIP),1400,0.07,5.153,271.664,315.584,2026-08-07
Pai,120828,INF966L01689/-,Quant Small Cap Fund - Growth Option - Direct Plan,2026-01-16,Investment (SIP),1400,0.07,5.279,265.165,315.584,2026-08-07
Pai,120828,INF966L01689/-,Quant Small Cap Fund - Growth Option - Direct Plan,2026-01-22,Investment (SIP),1400,0.07,5.455,256.611,315.584,2026-08-07
Pai,120828,INF966L01689/-,Quant Small Cap Fund - Growth Option - Direct Plan,2026-01-29,Investment (SIP),1400,0.07,5.52,253.63,315.584,2026-08-07
Pai,120828,INF966L01689/-,Quant Small Cap Fund - Growth Option - Direct Plan,2026-02-05,Investment (SIP),1400,0.07,5.319,263.185,315.584,2026-08-07
Pai,120828,INF966L01689/-,Quant Small Cap Fund - Growth Option - Direct Plan,2026-02-12,Investment (SIP),1400,0.07,5.231,267.637,315.584,2026-08-07
Pai,120828,INF966L01689/-,Quant Small Cap Fund - Growth Option - Direct Plan,2026-02-19,Investment (SIP),1400,0.07,5.354,261.485,315.584,2026-08-07
Pai,120828,INF966L01689/-,Quant Small Cap Fund - Growth Option - Direct Plan,2026-02-26,Investment (SIP),1400,0.07,5.368,260.793,315.584,2026-08-07
Pai,120828,INF966L01689/-,Quant Small Cap Fund - Growth Option - Direct Plan,2026-03-05,Investment (SIP),1400,0.07,5.53,253.172,315.584,2026-08-07
Pai,120828,INF966L01689/-,Quant Small Cap Fund - Growth Option - Direct Plan,2026-03-12,Investment (SIP),1400,0.07,5.561,251.761,315.584,2026-08-07
Pai,120828,INF966L01689/-,Quant Small Cap Fund - Growth Option - Direct Plan,2026-03-19,Investment (SIP),1400,0.07,5.667,247.037,315.584,2026-08-07
Pai,120828,INF966L01689/-,Quant Small Cap Fund - Growth Option - Direct Plan,2026-03-27,Investment (SIP),1400,0.07,5.71,245.171,315.584,2026-08-07
Pai,120828,INF966L01689/-,Quant Small Cap Fund - Growth Option - Direct Plan,2026-04-02,Investment (SIP),1400,0.07,5.645,247.995,315.584,2026-08-07
Pai,120828,INF966L01689/-,Quant Small Cap Fund - Growth Option - Direct Plan,2026-04-09,Investment (SIP),1400,0.07,5.396,259.441,315.584,2026-08-07
Pai,120828,INF966L01689/-,Quant Small Cap Fund - Growth Option - Direct Plan,2026-04-16,Investment (SIP),1400,0.07,5.199,269.249,315.584,2026-08-07
Pai,120828,INF966L01689/-,Quant Small Cap Fund - Growth Option - Direct Plan,2026-04-23,Investment (SIP),1400,0.07,5.083,275.432,315.584,2026-08-07
Pai,120828,INF966L01689/-,Quant Small Cap Fund - Growth Option - Direct Plan,2026-04-30,Investment (SIP),1400,0.07,4.991,280.482,315.584,2026-08-07
Pai,120828,INF966L01689/-,Quant Small Cap Fund - Growth Option - Direct Plan,2026-05-07,Investment (SIP),1400,0.07,4.781,292.838,315.584,2026-08-07
Pai,120828,INF966L01689/-,Quant Small Cap Fund - Growth Option - Direct Plan,2026-05-14,Investment (SIP),1400,0.07,4.879,286.909,315.584,2026-08-07
Pai,120828,INF966L01689/-,Quant Small Cap Fund - Growth Option - Direct Plan,2026-05-21,Investment (SIP),1400,0.07,4.877,287.055,315.584,2026-08-07
Pai,120828,INF966L01689/-,Quant Small Cap Fund - Growth Option - Direct Plan,2026-05-29,Investment (SIP),1400,0.07,4.779,292.927,315.584,2026-08-07
Pai,120828,INF966L01689/-,Quant Small Cap Fund - Growth Option - Direct Plan,2026-06-04,Investment (SIP),1400,0.07,4.76,294.08,315.584,2026-08-07
Pai,120828,INF966L01689/-,Quant Small Cap Fund - Growth Option - Direct Plan,2026-06-11,Investment (SIP),1400,0.07,4.839,289.277,315.584,2026-08-07
Pai,120828,INF966L01689/-,Quant Small Cap Fund - Growth Option - Direct Plan,2026-06-18,Investment (SIP),2800,0.14,9.232,303.275,315.584,2026-08-07
Pai,120828,INF966L01689/-,Quant Small Cap Fund - Growth Option - Direct Plan,2026-06-25,Investment (SIP),2800,0.14,9.117,307.093,315.584,2026-08-07
Pai,120828,INF966L01689/-,Quant Small Cap Fund - Growth Option - Direct Plan,2026-07-02,Investment (SIP),2800,0.14,8.974,312.003,315.584,2026-08-07
Pai,120828,INF966L01689/-,Quant Small Cap Fund - Growth Option - Direct Plan,2026-07-09,Investment (SIP),2800,0.14,9.014,310.623,315.584,2026-08-07
Pai,120828,INF966L01689/-,Quant Small Cap Fund - Growth Option - Direct Plan,2026-07-16,Investment (SIP),2800,0.14,8.885,315.121,315.584,2026-08-07
Pai,120828,INF966L01689/-,Quant Small Cap Fund - Growth Option - Direct Plan,2026-07-23,Investment (SIP),2800,0.14,9.122,306.941,315.584,2026-08-07
Pai,120828,INF966L01689/-,Quant Small Cap Fund - Growth Option - Direct Plan,2026-07-30,Investment (SIP),2800,0.14,9.123,306.889,315.584,2026-08-07
Pai,120828,INF966L01689/-,Quant Small Cap Fund - Growth Option - Direct Plan,2026-08-06,Investment (SIP),2800,0.14,8.901,314.555,315.584,2026-08-07
Pai,135800,INF277K01Z77/-,Tata Digital India Fund-Direct Plan-Growth,2020-05-04,Investment,20000,0,1429.96,13.9864,50.3431,2026-08-07
Pai,135800,INF277K01Z77/-,Tata Digital India Fund-Direct Plan-Growth,2020-06-02,Investment,3000,0,201.521,14.8868,50.3431,2026-08-07
Pai,135800,INF277K01Z77/-,Tata Digital India Fund-Direct Plan-Growth,2020-07-01,Investment,12000,0.6,783.721,15.3108,50.3431,2026-08-07
Pai,135800,INF277K01Z77/-,Tata Digital India Fund-Direct Plan-Growth,2020-08-03,Investment,10000,0.5,538.636,18.5645,50.3431,2026-08-07
Pai,135800,INF277K01Z77/-,Tata Digital India Fund-Direct Plan-Growth,2020-10-01,Investment,10000,0.5,473.903,21.1003,50.3431,2026-08-07
Pai,135800,INF277K01Z77/-,Tata Digital India Fund-Direct Plan-Growth,2020-11-02,Investment,20000,1,930.931,21.4828,50.3431,2026-08-07
Pai,135800,INF277K01Z77/-,Tata Digital India Fund-Direct Plan-Growth,2021-09-01,Investment,10000,0.5,258.46,38.6888,50.3431,2026-08-07
Pai,135800,INF277K01Z77/-,Tata Digital India Fund-Direct Plan-Growth,2021-10-01,Investment,10000,0.5,246.394,40.5833,50.3431,2026-08-07
Pai,135800,INF277K01Z77/-,Tata Digital India Fund-Direct Plan-Growth,2021-11-01,Investment,10000,0.5,239.739,41.71,50.3431,2026-08-07
Pai,135800,INF277K01Z77/-,Tata Digital India Fund-Direct Plan-Growth,2021-12-01,Investment,5000,0.25,119.209,41.9412,50.3431,2026-08-07
Pai,135800,INF277K01Z77/-,Tata Digital India Fund-Direct Plan-Growth,2022-02-01,Investment,15000,0.75,359.113,41.7675,50.3431,2026-08-07
Pai,135800,INF277K01Z77/-,Tata Digital India Fund-Direct Plan-Growth,2022-03-02,Investment,25000,1.25,631.985,39.5559,50.3431,2026-08-07
Pai,135800,INF277K01Z77/-,Tata Digital India Fund-Direct Plan-Growth,2022-06-01,Investment,10000,0.5,283.372,35.2875,50.3431,2026-08-07
Pai,135800,INF277K01Z77/-,Tata Digital India Fund-Direct Plan-Growth,2022-11-01,Investment,5000,0.25,137.488,36.3651,50.3431,2026-08-07
Pai,135800,INF277K01Z77/-,Tata Digital India Fund-Direct Plan-Growth,2022-12-05,Investment (SIP),1250,0.06,33.071,37.7956,50.3431,2026-08-07
Pai,135800,INF277K01Z77/-,Tata Digital India Fund-Direct Plan-Growth,2022-12-13,Investment (SIP),1250,0.06,34.446,36.2865,50.3431,2026-08-07
Pai,135800,INF277K01Z77/-,Tata Digital India Fund-Direct Plan-Growth,2022-12-19,Investment (SIP),1250,0.06,35.253,35.4561,50.3431,2026-08-07
Pai,135800,INF277K01Z77/-,Tata Digital India Fund-Direct Plan-Growth,2022-12-26,Investment (SIP),1250,0.06,35.644,35.0673,50.3431,2026-08-07
Pai,135800,INF277K01Z77/-,Tata Digital India Fund-Direct Plan-Growth,2023-01-02,Investment (SIP),1250,0.06,35.342,35.3671,50.3431,2026-08-07
Pai,135800,INF277K01Z77/-,Tata Digital India Fund-Direct Plan-Growth,2023-01-09,Investment (SIP),1250,0.06,35.394,35.3149,50.3431,2026-08-07
Pai,135800,INF277K01Z77/-,Tata Digital India Fund-Direct Plan-Growth,2023-01-16,Investment (SIP),1250,0.06,34.95,35.7635,50.3431,2026-08-07
Pai,135800,INF277K01Z77/-,Tata Digital India Fund-Direct Plan-Growth,2023-01-23,Investment (SIP),1250,0.06,34.291,36.4509,50.3431,2026-08-07
Pai,135800,INF277K01Z77/-,Tata Digital India Fund-Direct Plan-Growth,2023-01-30,Investment (SIP),1250,0.06,34.326,36.4142,50.3431,2026-08-07
Pai,135800,INF277K01Z77/-,Tata Digital India Fund-Direct Plan-Growth,2023-02-06,Investment (SIP),1250,0.06,33.704,37.086,50.3431,2026-08-07
Pai,135800,INF277K01Z77/-,Tata Digital India Fund-Direct Plan-Growth,2023-02-13,Investment (SIP),1250,0.06,33.855,36.9206,50.3431,2026-08-07
Pai,135800,INF277K01Z77/-,Tata Digital India Fund-Direct Plan-Growth,2023-02-20,Investment (SIP),1250,0.06,33.221,37.6246,50.3431,2026-08-07
Pai,135800,INF277K01Z77/-,Tata Digital India Fund-Direct Plan-Growth,2023-02-27,Investment (SIP),1250,0.06,34.459,36.2733,50.3431,2026-08-07
Pai,135800,INF277K01Z77/-,Tata Digital India Fund-Direct Plan-Growth,2023-03-06,Investment (SIP),1250,0.06,34.115,36.6388,50.3431,2026-08-07
Pai,135800,INF277K01Z77/-,Tata Digital India Fund-Direct Plan-Growth,2023-03-13,Investment (SIP),1250,0.06,35.151,35.5593,50.3431,2026-08-07
Pai,135800,INF277K01Z77/-,Tata Digital India Fund-Direct Plan-Growth,2023-03-20,Investment (SIP),1250,0.06,35.699,35.013,50.3431,2026-08-07
Pai,135800,INF277K01Z77/-,Tata Digital India Fund-Direct Plan-Growth,2023-03-27,Investment (SIP),1250,0.06,35.995,34.7249,50.3431,2026-08-07
Pai,135800,INF277K01Z77/-,Tata Digital India Fund-Direct Plan-Growth,2023-04-05,Investment (SIP),1250,0.06,34.897,35.8183,50.3431,2026-08-07
Pai,135800,INF277K01Z77/-,Tata Digital India Fund-Direct Plan-Growth,2023-04-11,Investment (SIP),2500,0.13,70.205,35.6081,50.3431,2026-08-07
Pai,135800,INF277K01Z77/-,Tata Digital India Fund-Direct Plan-Growth,2023-04-17,Investment (SIP),2500,0.13,73.878,33.8378,50.3431,2026-08-07
Pai,135800,INF277K01Z77/-,Tata Digital India Fund-Direct Plan-Growth,2023-04-25,Investment (SIP),2500,0.13,73.982,33.7903,50.3431,2026-08-07
Pai,135800,INF277K01Z77/-,Tata Digital India Fund-Direct Plan-Growth,2023-05-02,Investment (SIP),1250,0.06,35.686,35.0262,50.3431,2026-08-07
Pai,135800,INF277K01Z77/-,Tata Digital India Fund-Direct Plan-Growth,2023-05-08,Investment (SIP),1250,0.06,35.641,35.0698,50.3431,2026-08-07
Pai,135800,INF277K01Z77/-,Tata Digital India Fund-Direct Plan-Growth,2023-05-15,Investment (SIP),1250,0.06,35.19,35.5197,50.3431,2026-08-07
Pai,135800,INF277K01Z77/-,Tata Digital India Fund-Direct Plan-Growth,2023-05-22,Investment (SIP),1250,0.06,34.321,36.4196,50.3431,2026-08-07
Pai,135800,INF277K01Z77/-,Tata Digital India Fund-Direct Plan-Growth,2023-05-29,Investment (SIP),1250,0.06,33.951,36.8156,50.3431,2026-08-07
Pai,135800,INF277K01Z77/-,Tata Digital India Fund-Direct Plan-Growth,2023-06-07,Investment (SIP),1250,0.06,33.812,36.9673,50.3431,2026-08-07
Pai,135800,INF277K01Z77/-,Tata Digital India Fund-Direct Plan-Growth,2023-06-12,Investment (SIP),1250,0.06,33.851,36.9243,50.3431,2026-08-07
Pai,135800,INF277K01Z77/-,Tata Digital India Fund-Direct Plan-Growth,2023-06-19,Investment (SIP),1250,0.06,33.573,37.2308,50.3431,2026-08-07
Pai,135800,INF277K01Z77/-,Tata Digital India Fund-Direct Plan-Growth,2023-06-26,Investment (SIP),1250,0.06,33.644,37.1518,50.3431,2026-08-07
Pai,135800,INF277K01Z77/-,Tata Digital India Fund-Direct Plan-Growth,2023-07-03,Investment (SIP),1250,0.06,32.814,38.0913,50.3431,2026-08-07
Pai,135800,INF277K01Z77/-,Tata Digital India Fund-Direct Plan-Growth,2023-07-10,Investment (SIP),1250,0.06,33.075,37.791,50.3431,2026-08-07
Pai,135800,INF277K01Z77/-,Tata Digital India Fund-Direct Plan-Growth,2023-07-17,Investment (SIP),1250,0.06,31.492,39.691,50.3431,2026-08-07
Pai,135800,INF277K01Z77/-,Tata Digital India Fund-Direct Plan-Growth,2023-07-24,Investment (SIP),1250,0.06,32.42,38.5545,50.3431,2026-08-07
Pai,135800,INF277K01Z77/-,Tata Digital India Fund-Direct Plan-Growth,2023-07-31,Investment (SIP),1250,0.06,32.124,38.9098,50.3431,2026-08-07
Pai,135800,INF277K01Z77/-,Tata Digital India Fund-Direct Plan-Growth,2023-08-07,Investment (SIP),1250,0.06,31.278,39.9629,50.3431,2026-08-07
Pai,135800,INF277K01Z77/-,Tata Digital India Fund-Direct Plan-Growth,2023-08-14,Investment (SIP),1250,0.06,31.353,39.867,50.3431,2026-08-07
Pai,135800,INF277K01Z77/-,Tata Digital India Fund-Direct Plan-Growth,2023-08-22,Investment (SIP),1250,0.06,31.414,39.7893,50.3431,2026-08-07
Pai,135800,INF277K01Z77/-,Tata Digital India Fund-Direct Plan-Growth,2023-08-28,Investment (SIP),1250,0.06,31.43,39.7687,50.3431,2026-08-07
Pai,135800,INF277K01Z77/-,Tata Digital India Fund-Direct Plan-Growth,2023-09-04,Investment (SIP),1250,0.06,30.204,41.3837,50.3431,2026-08-07
Pai,135800,INF277K01Z77/-,Tata Digital India Fund-Direct Plan-Growth,2023-09-11,Investment (SIP),1250,0.06,29.596,42.2338,50.3431,2026-08-07
Pai,135800,INF277K01Z77/-,Tata Digital India Fund-Direct Plan-Growth,2023-09-18,Investment (SIP),1250,0.06,29.518,42.3448,50.3431,2026-08-07
Pai,135800,INF277K01Z77/-,Tata Digital India Fund-Direct Plan-Growth,2023-09-25,Investment (SIP),1250,0.06,29.922,41.7733,50.3431,2026-08-07
Pai,135800,INF277K01Z77/-,Tata Digital India Fund-Direct Plan-Growth,2023-10-03,Investment (SIP),1250,0.06,30.465,41.0293,50.3431,2026-08-07
Pai,135800,INF277K01Z77/-,Tata Digital India Fund-Direct Plan-Growth,2023-10-09,Investment (SIP),1250,0.06,30.146,41.4628,50.3431,2026-08-07
Pai,135800,INF277K01Z77/-,Tata Digital India Fund-Direct Plan-Growth,2023-10-16,Investment (SIP),1250,0.06,30.264,41.3012,50.3431,2026-08-07
Pai,135800,INF277K01Z77/-,Tata Digital India Fund-Direct Plan-Growth,2023-10-23,Investment (SIP),1250,0.06,30.992,40.3317,50.3431,2026-08-07
Pai,135800,INF277K01Z77/-,Tata Digital India Fund-Direct Plan-Growth,2023-10-30,Investment (SIP),1250,0.06,31.033,40.2776,50.3431,2026-08-07
Pai,135800,INF277K01Z77/-,Tata Digital India Fund-Direct Plan-Growth,2023-11-06,Investment (SIP),1250,0.06,30.319,41.2262,50.3431,2026-08-07
Pai,135800,INF277K01Z77/-,Tata Digital India Fund-Direct Plan-Growth,2023-11-13,Investment (SIP),1250,0.06,30.343,41.1936,50.3431,2026-08-07
Pai,135800,INF277K01Z77/-,Tata Digital India Fund-Direct Plan-Growth,2023-11-20,Investment (SIP),1000,0.05,23.106,43.2767,50.3431,2026-08-07
Pai,135800,INF277K01Z77/-,Tata Digital India Fund-Direct Plan-Growth,2023-11-28,Investment (SIP),1000,0.05,23.257,42.9963,50.3431,2026-08-07
Pai,135800,INF277K01Z77/-,Tata Digital India Fund-Direct Plan-Growth,2023-12-04,Investment (SIP),1000,0.05,22.679,44.0919,50.3431,2026-08-07
Pai,135800,INF277K01Z77/-,Tata Digital India Fund-Direct Plan-Growth,2023-12-11,Investment (SIP),1000,0.05,22.353,44.7336,50.3431,2026-08-07
Pai,135800,INF277K01Z77/-,Tata Digital India Fund-Direct Plan-Growth,2023-12-18,Investment (SIP),1000,0.05,21.129,47.3265,50.3431,2026-08-07
Pai,135800,INF277K01Z77/-,Tata Digital India Fund-Direct Plan-Growth,2023-12-26,Investment (SIP),1000,0.05,21.22,47.1235,50.3431,2026-08-07
Pai,135800,INF277K01Z77/-,Tata Digital India Fund-Direct Plan-Growth,2024-01-01,Investment (SIP),1000,0.05,21.132,47.3187,50.3431,2026-08-07
Pai,135800,INF277K01Z77/-,Tata Digital India Fund-Direct Plan-Growth,2024-01-08,Investment (SIP),1000,0.05,21.622,46.2478,50.3431,2026-08-07
Pai,135800,INF277K01Z77/-,Tata Digital India Fund-Direct Plan-Growth,2024-01-15,Investment (SIP),1000,0.05,20.248,49.3863,50.3431,2026-08-07
Pai,135800,INF277K01Z77/-,Tata Digital India Fund-Direct Plan-Growth,2024-01-23,Investment (SIP),1000,0.05,20.699,48.3087,50.3431,2026-08-07
Pai,135800,INF277K01Z77/-,Tata Digital India Fund-Direct Plan-Growth,2024-01-29,Investment (SIP),1000,0.05,20.631,48.4694,50.3431,2026-08-07
Pai,135800,INF277K01Z77/-,Tata Digital India Fund-Direct Plan-Growth,2024-02-07,Investment (SIP),1000,0.05,19.94,50.1467,50.3431,2026-08-07
Pai,135800,INF277K01Z77/-,Tata Digital India Fund-Direct Plan-Growth,2024-02-12,Investment (SIP),1000,0.05,19.913,50.2151,50.3431,2026-08-07
Pai,135800,INF277K01Z77/-,Tata Digital India Fund-Direct Plan-Growth,2024-02-19,Investment (SIP),1000,0.05,19.691,50.7817,50.3431,2026-08-07
Pai,135800,INF277K01Z77/-,Tata Digital India Fund-Direct Plan-Growth,2024-02-26,Investment (SIP),0,0,0,0,50.3431,2026-08-07
Pai,135800,INF277K01Z77/-,Tata Digital India Fund-Direct Plan-Growth,2024-02-28,Investment,1000,0.05,19.802,50.4984,50.3431,2026-08-07
Pai,135800,INF277K01Z77/-,Tata Digital India Fund-Direct Plan-Growth,2024-03-05,Investment,1000,0.05,20.161,49.5977,50.3431,2026-08-07
Pai,135800,INF277K01Z77/-,Tata Digital India Fund-Direct Plan-Growth,2024-03-06,Investment (SIP),1000,0.05,20.116,49.7091,50.3431,2026-08-07
Pai,135800,INF277K01Z77/-,Tata Digital India Fund-Direct Plan-Growth,2024-03-11,Investment (SIP),0,0,0,0,50.3431,2026-08-07
Pai,135800,INF277K01Z77/-,Tata Digital India Fund-Direct Plan-Growth,2024-03-18,Investment (SIP),0,0,0,0,50.3431,2026-08-07
Pai,135800,INF277K01Z77/-,Tata Digital India Fund-Direct Plan-Growth,2024-03-20,Investment (SIP),1000,0.05,20.666,48.387,50.3431,2026-08-07
Pai,135800,INF277K01Z77/-,Tata Digital India Fund-Direct Plan-Growth,2024-03-27,Investment (SIP),1000,0.05,20.752,48.186,50.3431,2026-08-07
Pai,135800,INF277K01Z77/-,Tata Digital India Fund-Direct Plan-Growth,2024-04-03,Investment (SIP),1000,0.05,20.449,48.9007,50.3431,2026-08-07
Pai,135800,INF277K01Z77/-,Tata Digital India Fund-Direct Plan-Growth,2024-04-10,Investment (SIP),1000,0.05,20.182,49.5478,50.3431,2026-08-07
Pai,135800,INF277K01Z77/-,Tata Digital India Fund-Direct Plan-Growth,2024-04-18,Investment (SIP),1000,0.05,21.159,47.258,50.3431,2026-08-07
Pai,135800,INF277K01Z77/-,Tata Digital India Fund-Direct Plan-Growth,2024-04-24,Investment (SIP),1000,0.05,21.123,47.3402,50.3431,2026-08-07
Pai,135800,INF277K01Z77/-,Tata Digital India Fund-Direct Plan-Growth,2024-05-02,Investment,1000,0.05,21.031,47.5466,50.3431,2026-08-07
Pai,135800,INF277K01Z77/-,Tata Digital India Fund-Direct Plan-Growth,2024-05-07,Investment (SIP),1000,0.05,20.999,47.6196,50.3431,2026-08-07
Pai,135800,INF277K01Z77/-,Tata Digital India Fund-Direct Plan-Growth,2024-05-13,Investment (SIP),1000,0.05,21.33,46.8797,50.3431,2026-08-07
Pai,135800,INF277K01Z77/-,Tata Digital India Fund-Direct Plan-Growth,2024-05-21,Investment (SIP),1000,0.05,20.905,47.8339,50.3431,2026-08-07
Pai,135800,INF277K01Z77/-,Tata Digital India Fund-Direct Plan-Growth,2024-05-27,Investment (SIP),1000,0.05,20.71,48.2838,50.3431,2026-08-07
Pai,135800,INF277K01Z77/-,Tata Digital India Fund-Direct Plan-Growth,2024-06-04,Investment (SIP),1000,0.05,21.805,45.8578,50.3431,2026-08-07
Pai,135800,INF277K01Z77/-,Tata Digital India Fund-Direct Plan-Growth,2024-06-10,Investment (SIP),1000,0.05,20.25,49.3801,50.3431,2026-08-07
Pai,135800,INF277K01Z77/-,Tata Digital India Fund-Direct Plan-Growth,2024-06-18,Investment (SIP),1000,0.05,19.939,50.1497,50.3431,2026-08-07
Pai,135800,INF277K01Z77/-,Tata Digital India Fund-Direct Plan-Growth,2024-06-24,Investment (SIP),1000,0.05,19.689,50.7862,50.3431,2026-08-07
Pai,135800,INF277K01Z77/-,Tata Digital India Fund-Direct Plan-Growth,2024-07-02,Investment (SIP),1000,0.05,18.757,53.3117,50.3431,2026-08-07
Pai,135800,INF277K01Z77/-,Tata Digital India Fund-Direct Plan-Growth,2024-07-08,Investment (SIP),1000,0.05,18.62,53.7019,50.3431,2026-08-07
Pai,135800,INF277K01Z77/-,Tata Digital India Fund-Direct Plan-Growth,2024-07-15,Investment (SIP),1000,0.05,18.05,55.398,50.3431,2026-08-07
Pai,135800,INF277K01Z77/-,Tata Digital India Fund-Direct Plan-Growth,2024-07-22,Investment (SIP),1000,0.05,17.891,55.8914,50.3431,2026-08-07
Pai,135800,INF277K01Z77/-,Tata Digital India Fund-Direct Plan-Growth,2024-07-29,Investment (SIP),1000,0.05,17.421,57.3997,50.3431,2026-08-07
Pai,135800,INF277K01Z77/-,Tata Digital India Fund-Direct Plan-Growth,2024-08-05,Investment (SIP),1000,0.05,18.235,54.8354,50.3431,2026-08-07
Pai,135800,INF277K01Z77/-,Tata Digital India Fund-Direct Plan-Growth,2024-08-12,Investment (SIP),1000,0.05,17.892,55.8896,50.3431,2026-08-07
Pai,135800,INF277K01Z77/-,Tata Digital India Fund-Direct Plan-Growth,2024-08-19,Investment (SIP),1000,0.05,17.07,58.5804,50.3431,2026-08-07
Pai,135800,INF277K01Z77/-,Tata Digital India Fund-Direct Plan-Growth,2024-08-26,Investment (SIP),1000,0.05,16.849,59.3466,50.3431,2026-08-07
Pai,135800,INF277K01Z77/-,Tata Digital India Fund-Direct Plan-Growth,2024-09-02,Investment (SIP),1000,0.05,16.519,60.5326,50.3431,2026-08-07
Pai,135800,INF277K01Z77/-,Tata Digital India Fund-Direct Plan-Growth,2024-09-09,Investment (SIP),1000,0.05,16.852,59.3381,50.3431,2026-08-07
Pai,135800,INF277K01Z77/-,Tata Digital India Fund-Direct Plan-Growth,2024-09-16,Investment (SIP),1000,0.05,16.235,61.5929,50.3431,2026-08-07
Pai,135800,INF277K01Z77/-,Tata Digital India Fund-Direct Plan-Growth,2024-09-23,Investment (SIP),1000,0.05,16.431,60.8582,50.3431,2026-08-07
Pai,135800,INF277K01Z77/-,Tata Digital India Fund-Direct Plan-Growth,2024-09-30,Investment (SIP),1000,0.05,16.671,59.9808,50.3431,2026-08-07
Pai,135800,INF277K01Z77/-,Tata Digital India Fund-Direct Plan-Growth,2024-10-08,Investment (SIP),1250,0.06,20.721,60.3226,50.3431,2026-08-07
Pai,135800,INF277K01Z77/-,Tata Digital India Fund-Direct Plan-Growth,2024-10-14,Investment (SIP),1250,0.06,20.313,61.5346,50.3431,2026-08-07
Pai,135800,INF277K01Z77/-,Tata Digital India Fund-Direct Plan-Growth,2024-10-21,Investment (SIP),1250,0.06,20.844,59.9677,50.3431,2026-08-07
Pai,135800,INF277K01Z77/-,Tata Digital India Fund-Direct Plan-Growth,2024-10-28,Investment (SIP),1250,0.06,20.881,59.86,50.3431,2026-08-07
Pai,135800,INF277K01Z77/-,Tata Digital India Fund-Direct Plan-Growth,2024-11-05,Investment (SIP),1250,0.06,21.373,58.4812,50.3431,2026-08-07
Pai,135800,INF277K01Z77/-,Tata Digital India Fund-Direct Plan-Growth,2024-11-11,Investment (SIP),1250,0.06,20.569,60.7692,50.3431,2026-08-07
Pai,135800,INF277K01Z77/-,Tata Digital India Fund-Direct Plan-Growth,2024-11-18,Investment (SIP),1250,0.06,21.122,59.176,50.3431,2026-08-07
Pai,135800,INF277K01Z77/-,Tata Digital India Fund-Direct Plan-Growth,2024-11-25,Investment (SIP),1250,0.06,20.268,61.6715,50.3431,2026-08-07
Pai,135800,INF277K01Z77/-,Tata Digital India Fund-Direct Plan-Growth,2024-12-02,Investment (SIP),1250,0.06,20.03,62.4024,50.3431,2026-08-07
Pai,135800,INF277K01Z77/-,Tata Digital India Fund-Direct Plan-Growth,2024-12-09,Investment (SIP),1250,0.06,19.342,64.6232,50.3431,2026-08-07
Pai,135800,INF277K01Z77/-,Tata Digital India Fund-Direct Plan-Growth,2024-12-16,Investment (SIP),1250,0.06,19.032,65.6766,50.3431,2026-08-07
Pai,135800,INF277K01Z77/-,Tata Digital India Fund-Direct Plan-Growth,2024-12-23,Investment (SIP),1400,0.07,22.271,62.8589,50.3431,2026-08-07
Pai,135800,INF277K01Z77/-,Tata Digital India Fund-Direct Plan-Growth,2024-12-30,Investment (SIP),1400,0.07,22.222,62.9963,50.3431,2026-08-07
Pai,135800,INF277K01Z77/-,Tata Digital India Fund-Direct Plan-Growth,2025-01-06,Investment (SIP),1400,0.07,22.444,62.3757,50.3431,2026-08-07
Pai,135800,INF277K01Z77/-,Tata Digital India Fund-Direct Plan-Growth,2025-01-13,Investment (SIP),1400,0.07,22.901,61.1286,50.3431,2026-08-07
Pai,135800,INF277K01Z77/-,Tata Digital India Fund-Direct Plan-Growth,2025-01-20,Investment (SIP),1400,0.07,23.178,60.3999,50.3431,2026-08-07
Pai,135800,INF277K01Z77/-,Tata Digital India Fund-Direct Plan-Growth,2025-01-27,Investment (SIP),1400,0.07,24.064,58.1747,50.3431,2026-08-07
Pai,135800,INF277K01Z77/-,Tata Digital India Fund-Direct Plan-Growth,2025-02-03,Investment (SIP),1400,0.07,23.661,59.1667,50.3431,2026-08-07
Pai,135800,INF277K01Z77/-,Tata Digital India Fund-Direct Plan-Growth,2025-02-10,Investment (SIP),1400,0.07,23.56,59.4198,50.3431,2026-08-07
Pai,135800,INF277K01Z77/-,Tata Digital India Fund-Direct Plan-Growth,2025-02-17,Investment (SIP),1400,0.07,24.544,57.0387,50.3431,2026-08-07
Pai,135800,INF277K01Z77/-,Tata Digital India Fund-Direct Plan-Growth,2025-02-24,Investment (SIP),1400,0.07,25.217,55.5153,50.3431,2026-08-07
Pai,135800,INF277K01Z77/-,Tata Digital India Fund-Direct Plan-Growth,2025-03-03,Investment (SIP),1400,0.07,26.51,52.8081,50.3431,2026-08-07
Pai,135800,INF277K01Z77/-,Tata Digital India Fund-Direct Plan-Growth,2025-03-10,Investment (SIP),1400,0.07,26.597,52.6348,50.3431,2026-08-07
Pai,135800,INF277K01Z77/-,Tata Digital India Fund-Direct Plan-Growth,2025-03-17,Investment (SIP),1400,0.07,27.798,50.3611,50.3431,2026-08-07
Pai,135800,INF277K01Z77/-,Tata Digital India Fund-Direct Plan-Growth,2025-03-24,Investment (SIP),1400,0.07,26.544,52.739,50.3431,2026-08-07
Pai,135800,INF277K01Z77/-,Tata Digital India Fund-Direct Plan-Growth,2025-04-01,Investment (SIP),1400,0.07,27.471,50.9594,50.3431,2026-08-07
Pai,135800,INF277K01Z77/-,Tata Digital India Fund-Direct Plan-Growth,2025-04-08,Investment (SIP),1400,0.07,29.048,48.193,50.3431,2026-08-07
Pai,135800,INF277K01Z77/-,Tata Digital India Fund-Direct Plan-Growth,2025-04-15,Investment (SIP),1400,0.07,28.661,48.8451,50.3431,2026-08-07
Pai,135800,INF277K01Z77/-,Tata Digital India Fund-Direct Plan-Growth,2025-04-22,Investment (SIP),1400,0.07,28.102,49.8167,50.3431,2026-08-07
Pai,135800,INF277K01Z77/-,Tata Digital India Fund-Direct Plan-Growth,2025-04-29,Investment (SIP),1400,0.07,26.995,51.8583,50.3431,2026-08-07
Pai,135800,INF277K01Z77/-,Tata Digital India Fund-Direct Plan-Growth,2025-05-06,Investment (SIP),1400,0.07,27.122,51.6169,50.3431,2026-08-07
Pai,135800,INF277K01Z77/-,Tata Digital India Fund-Direct Plan-Growth,2025-05-13,Investment (SIP),1400,0.07,25.997,53.8501,50.3431,2026-08-07
Pai,135800,INF277K01Z77/-,Tata Digital India Fund-Direct Plan-Growth,2025-05-20,Investment (SIP),1400,0.07,25.837,54.1829,50.3431,2026-08-07
Pai,135800,INF277K01Z77/-,Tata Digital India Fund-Direct Plan-Growth,2025-05-27,Investment (SIP),1400,0.07,25.662,54.552,50.3431,2026-08-07
Pai,135800,INF277K01Z77/-,Tata Digital India Fund-Direct Plan-Growth,2025-06-03,Investment (SIP),1400,0.07,25.801,54.2587,50.3431,2026-08-07
Pai,135800,INF277K01Z77/-,Tata Digital India Fund-Direct Plan-Growth,2025-06-10,Investment (SIP),1400,0.07,24.841,56.3562,50.3431,2026-08-07
Pai,135800,INF277K01Z77/-,Tata Digital India Fund-Direct Plan-Growth,2025-06-17,Investment (SIP),1400,0.07,24.482,57.182,50.3431,2026-08-07
Pai,135800,INF277K01Z77/-,Tata Digital India Fund-Direct Plan-Growth,2025-06-24,Investment (SIP),1400,0.07,24.902,56.2175,50.3431,2026-08-07
Pai,135800,INF277K01Z77/-,Tata Digital India Fund-Direct Plan-Growth,2025-07-01,Investment (SIP),1400,0.07,24.715,56.6421,50.3431,2026-08-07
Pai,135800,INF277K01Z77/-,Tata Digital India Fund-Direct Plan-Growth,2025-07-08,Investment (SIP),1400,0.07,24.617,56.8675,50.3431,2026-08-07
Pai,135800,INF277K01Z77/-,Tata Digital India Fund-Direct Plan-Growth,2025-07-15,Investment (SIP),1400,0.07,25.325,55.2775,50.3431,2026-08-07
Pai,135800,INF277K01Z77/-,Tata Digital India Fund-Direct Plan-Growth,2025-07-22,Investment (SIP),1400,0.07,25.36,55.2025,50.3431,2026-08-07
Pai,135800,INF277K01Z77/-,Tata Digital India Fund-Direct Plan-Growth,2025-07-29,Investment (SIP),1400,0.07,26.091,53.6554,50.3431,2026-08-07
Pai,135800,INF277K01Z77/-,Tata Digital India Fund-Direct Plan-Growth,2025-08-05,Investment (SIP),1400,0.07,26.258,53.3154,50.3431,2026-08-07
Pai,135800,INF277K01Z77/-,Tata Digital India Fund-Direct Plan-Growth,2025-08-12,Investment (SIP),1400,0.07,26.357,53.1146,50.3431,2026-08-07
Pai,135800,INF277K01Z77/-,Tata Digital India Fund-Direct Plan-Growth,2025-08-19,Investment (SIP),1400,0.07,26.123,53.5897,50.3431,2026-08-07
Pai,135800,INF277K01Z77/-,Tata Digital India Fund-Direct Plan-Growth,2025-08-26,Investment (SIP),1400,0.07,25.633,54.6138,50.3431,2026-08-07
Pai,135800,INF277K01Z77/-,Tata Digital India Fund-Direct Plan-Growth,2025-09-02,Investment (SIP),1400,0.07,25.707,54.4577,50.3431,2026-08-07
Pai,135800,INF277K01Z77/-,Tata Digital India Fund-Direct Plan-Growth,2025-09-09,Investment (SIP),1400,0.07,25.786,54.2895,50.3431,2026-08-07
Pai,135800,INF277K01Z77/-,Tata Digital India Fund-Direct Plan-Growth,2025-09-16,Investment (SIP),1400,0.07,25.298,55.3366,50.3431,2026-08-07
Pai,135800,INF277K01Z77/-,Tata Digital India Fund-Direct Plan-Growth,2025-09-23,Investment (SIP),1400,0.07,25.707,54.4578,50.3431,2026-08-07
Pai,135800,INF277K01Z77/-,Tata Digital India Fund-Direct Plan-Growth,2025-09-30,Investment (SIP),1400,0.07,26.893,52.0553,50.3431,2026-08-07
Pai,135800,INF277K01Z77/-,Tata Digital India Fund-Direct Plan-Growth,2025-10-07,Investment (SIP),1400,0.07,26.189,53.4558,50.3431,2026-08-07
Pai,135800,INF277K01Z77/-,Tata Digital India Fund-Direct Plan-Growth,2025-10-14,Investment (SIP),1400,0.07,25.922,54.0053,50.3431,2026-08-07
Pai,135800,INF277K01Z77/-,Tata Digital India Fund-Direct Plan-Growth,2025-10-23,Investment (SIP),1400,0.07,25.499,54.9019,50.3431,2026-08-07
Pai,135800,INF277K01Z77/-,Tata Digital India Fund-Direct Plan-Growth,2025-10-28,Investment (SIP),1400,0.07,25.246,55.451,50.3431,2026-08-07
Pai,135800,INF277K01Z77/-,Tata Digital India Fund-Direct Plan-Growth,2025-11-04,Investment (SIP),1400,0.07,25.715,54.44,50.3431,2026-08-07
Pai,135800,INF277K01Z77/-,Tata Digital India Fund-Direct Plan-Growth,2025-11-11,Investment (SIP),1400,0.07,25.461,54.9841,50.3431,2026-08-07
Pai,135800,INF277K01Z77/-,Tata Digital India Fund-Direct Plan-Growth,2025-11-18,Investment (SIP),1400,0.07,25.392,55.1338,50.3431,2026-08-07
Pai,135800,INF277K01Z77/-,Tata Digital India Fund-Direct Plan-Growth,2025-11-25,Investment (SIP),1400,0.07,25.116,55.7389,50.3431,2026-08-07
Pai,135800,INF277K01Z77/-,Tata Digital India Fund-Direct Plan-Growth,2025-12-02,Investment (SIP),1400,0.07,24.67,56.7463,50.3431,2026-08-07
Pai,135800,INF277K01Z77/-,Tata Digital India Fund-Direct Plan-Growth,2025-12-09,Investment (SIP),1400,0.07,24.49,57.1634,50.3431,2026-08-07
Pai,135800,INF277K01Z77/-,Tata Digital India Fund-Direct Plan-Growth,2025-12-16,Investment (SIP),1400,0.07,24.553,57.0162,50.3431,2026-08-07
Pai,135800,INF277K01Z77/-,Tata Digital India Fund-Direct Plan-Growth,2025-12-23,Investment (SIP),1400,0.07,23.876,58.6342,50.3431,2026-08-07
Pai,135800,INF277K01Z77/-,Tata Digital India Fund-Direct Plan-Growth,2025-12-30,Investment (SIP),1400,0.07,24.546,57.033,50.3431,2026-08-07
Pai,135800,INF277K01Z77/-,Tata Digital India Fund-Direct Plan-Growth,2026-01-08,Investment (SIP),1400,0.07,24.658,56.7746,50.3431,2026-08-07
Pai,135800,INF277K01Z77/-,Tata Digital India Fund-Direct Plan-Growth,2026-01-16,Investment (SIP),1400,0.07,24.287,57.642,50.3431,2026-08-07
Pai,135800,INF277K01Z77/-,Tata Digital India Fund-Direct Plan-Growth,2026-01-22,Investment (SIP),1400,0.07,24.859,56.3147,50.3431,2026-08-07
Pai,135800,INF277K01Z77/-,Tata Digital India Fund-Direct Plan-Growth,2026-01-29,Investment (SIP),1400,0.07,24.905,56.2104,50.3431,2026-08-07
Pai,135800,INF277K01Z77/-,Tata Digital India Fund-Direct Plan-Growth,2026-02-05,Investment (SIP),1400,0.07,25.869,54.1165,50.3431,2026-08-07
Pai,135800,INF277K01Z77/-,Tata Digital India Fund-Direct Plan-Growth,2026-02-12,Investment (SIP),1400,0.07,27.441,51.0163,50.3431,2026-08-07
Pai,135800,INF277K01Z77/-,Tata Digital India Fund-Direct Plan-Growth,2026-02-19,Investment (SIP),1400,0.07,28.27,49.52,50.3431,2026-08-07
Pai,135800,INF277K01Z77/-,Tata Digital India Fund-Direct Plan-Growth,2026-02-26,Investment (SIP),1400,0.07,29.822,46.9423,50.3431,2026-08-07
Pai,135800,INF277K01Z77/-,Tata Digital India Fund-Direct Plan-Growth,2026-03-05,Investment (SIP),1400,0.07,30.394,46.0589,50.3431,2026-08-07
Pai,135800,INF277K01Z77/-,Tata Digital India Fund-Direct Plan-Growth,2026-03-12,Investment (SIP),1400,0.07,30.968,45.2051,50.3431,2026-08-07
Pai,135800,INF277K01Z77/-,Tata Digital India Fund-Direct Plan-Growth,2026-03-19,Investment (SIP),1400,0.07,31.749,44.0935,50.3431,2026-08-07
Pai,135800,INF277K01Z77/-,Tata Digital India Fund-Direct Plan-Growth,2026-03-27,Investment (SIP),1400,0.07,31.296,44.7317,50.3431,2026-08-07
Pai,135800,INF277K01Z77/-,Tata Digital India Fund-Direct Plan-Growth,2026-04-02,Investment (SIP),1400,0.07,30.728,45.5585,50.3431,2026-08-07
Pai,135800,INF277K01Z77/-,Tata Digital India Fund-Direct Plan-Growth,2026-04-09,Investment (SIP),1400,0.07,29.632,47.2434,50.3431,2026-08-07
Pai,135800,INF277K01Z77/-,Tata Digital India Fund-Direct Plan-Growth,2026-04-16,Investment (SIP),1400,0.07,29.019,48.2414,50.3431,2026-08-07
Pai,135800,INF277K01Z77/-,Tata Digital India Fund-Direct Plan-Growth,2026-04-23,Investment (SIP),1400,0.07,29.869,46.8694,50.3431,2026-08-07
Pai,135800,INF277K01Z77/-,Tata Digital India Fund-Direct Plan-Growth,2026-04-30,Investment (SIP),1400,0.07,30.444,45.984,50.3431,2026-08-07
Pai,135800,INF277K01Z77/-,Tata Digital India Fund-Direct Plan-Growth,2026-05-07,Investment (SIP),1400,0.07,30.392,46.0617,50.3431,2026-08-07
Pai,135800,INF277K01Z77/-,Tata Digital India Fund-Direct Plan-Growth,2026-05-14,Investment (SIP),1400,0.07,31.73,44.1205,50.3431,2026-08-07
Pai,135800,INF277K01Z77/-,Tata Digital India Fund-Direct Plan-Growth,2026-05-21,Investment (SIP),1400,0.07,30.56,45.8085,50.3431,2026-08-07
Pai,135800,INF277K01Z77/-,Tata Digital India Fund-Direct Plan-Growth,2026-05-29,Investment (SIP),1400,0.07,30.33,46.1559,50.3431,2026-08-07
Pai,135800,INF277K01Z77/-,Tata Digital India Fund-Direct Plan-Growth,2026-06-04,Investment (SIP),1400,0.07,30.219,46.3264,50.3431,2026-08-07
Pai,135800,INF277K01Z77/-,Tata Digital India Fund-Direct Plan-Growth,2026-06-11,Investment (SIP),1400,0.07,31.388,44.6014,50.3431,2026-08-07
Pai,132756,INF277K01I86/-,Tata ELSS Fund-Growth-Direct Plan,2020-04-13,Investment,10000,0,646.07,15.4782,,
Pai,132756,INF277K01I86/-,Tata ELSS Fund-Growth-Direct Plan,2023-05-02,Redemption,-21083.4,0,-646.07,32.6333,,
